date,symbol,pnl,carry,execution,units_before,units_after
2023-02-07,sh688037,-5233.1910160089046,-0,-5233.1910160089046,0,5486.4457223124537
2023-02-07,sh688041,12356.943737535952,0,12356.943737535952,0,10299.960285111096
2023-02-07,sh688256,30157.82643750203,0,30157.82643750203,0,10442.625928455564
2023-02-07,sz002281,11812.05977735677,0,11812.05977735677,0,25889.06581740977
2023-02-08,sh688037,-6369.7634836047664,-6369.7634836047664,0,5486.4457223124537,5486.4457223124537
2023-02-08,sh688041,-25028.903492819962,-25028.903492819962,0,10299.960285111096,10299.960285111096
2023-02-08,sh688256,-6307.3460607871521,-6307.3460607871521,0,10442.625928455564,10442.625928455564
2023-02-08,sz002281,-21487.924628450157,-21487.924628450157,0,25889.06581740977,25889.06581740977
2023-02-09,sh688037,19614.043457267038,19614.043457267038,0,5486.4457223124537,5486.4457223124537
2023-02-09,sh688041,64683.750590497693,64683.750590497693,0,10299.960285111096,10299.960285111096
2023-02-09,sh688256,29918.123285025209,29918.123285025209,0,10442.625928455564,10442.625928455564
2023-02-09,sz002281,30807.988322717658,30807.988322717658,0,25889.06581740977,25889.06581740977
2023-02-10,sh688037,-3862.457788507932,-3862.457788507932,0,5486.4457223124537,5486.4457223124537
2023-02-10,sh688041,-30075.884032524416,-30075.884032524416,0,10299.960285111096,10299.960285111096
2023-02-10,sh688256,281.95090006831089,281.95090006831089,0,10442.625928455564,10442.625928455564
2023-02-10,sz002281,52813.694267515908,52813.694267515908,0,25889.06581740977,25889.06581740977
2023-02-13,sh688037,24475.034367235847,24475.034367235847,0,5486.4457223124537,5486.4457223124537
2023-02-13,sh688041,19878.923350264413,19878.923350264413,0,10299.960285111096,10299.960285111096
2023-02-13,sh688256,58802.426603133281,58802.426603133281,0,10442.625928455564,10442.625928455564
2023-02-13,sz002281,26406.847133757954,26406.847133757954,0,25889.06581740977,25889.06581740977
2023-02-14,sh688037,-5524.8508423686681,-5524.8508423686681,0,5486.4457223124537,5486.4457223124537
2023-02-14,sh688041,6694.9741853221976,6694.9741853221976,0,10299.960285111096,10299.960285111096
2023-02-14,sh688256,-14160.200758985762,-14160.200758985762,0,10442.625928455564,10442.625928455564
2023-02-14,sz002281,-5695.5944798301198,-5695.5944798301198,0,25889.06581740977,25889.06581740977
2023-02-15,sh688037,29994.398763882178,29994.398763882178,0,5486.4457223124537,5486.4457223124537
2023-02-15,sh688041,31311.879266737797,31311.879266737797,0,10299.960285111096,10299.960285111096
2023-02-15,sh688256,25375.581006147015,25375.581006147015,0,10442.625928455564,10442.625928455564
2023-02-15,sz002281,16051.220806794083,16051.220806794083,0,25889.06581740977,25889.06581740977
2023-02-16,sh688037,10155.411032000347,10155.411032000347,0,5486.4457223124537,5486.4457223124537
2023-02-16,sh688041,-48512.812942873272,-48512.812942873272,0,10299.960285111096,10299.960285111096
2023-02-16,sh688256,-60274.836859045499,-60274.836859045499,0,10442.625928455564,10442.625928455564
2023-02-16,sz002281,-41163.614649681527,-41163.614649681527,0,25889.06581740977,25889.06581740977
2023-02-17,sh688037,-25703.998209033856,-25703.998209033856,0,5486.4457223124537,5486.4457223124537
2023-02-17,sh688041,-4268.1475218536507,-31620.878075291068,27352.730553437417,10299.960285111096,0
2023-02-17,sh688256,916.56794163695304,-3498.2796860326225,4414.8476276695756,10442.625928455564,0
2023-02-17,sz002281,-32102.441613588166,-32102.441613588166,0,25889.06581740977,25889.06581740977
2023-02-20,sh688037,104.24246872396655,104.24246872396655,0,5486.4457223124537,5486.4457223124537
2023-02-20,sh688072,6869.1998217667042,0,6869.1998217667042,0,4675.6564726739625
2023-02-20,sz002281,20711.252653927833,20711.252653927833,0,25889.06581740977,25889.06581740977
2023-02-20,sz300776,-99.176395676148672,-0,-99.176395676148672,0,6178.8511749347263
2023-02-21,sh688037,-6441.0872779947786,-6441.0872779947786,0,5486.4457223124537,5486.4457223124537
2023-02-21,sh688072,16448.959470867005,16448.959470867005,0,4675.6564726739625,4675.6564726739625
2023-02-21,sz002281,-7248.9384288747651,-7248.9384288747651,0,25889.06581740977,25889.06581740977
2023-02-21,sz300776,-10658.518276762456,-10658.518276762456,0,6178.8511749347263,6178.8511749347263
2023-02-22,sh688037,12503.609801150062,12503.609801150062,0,5486.4457223124537,5486.4457223124537
2023-02-22,sh688072,18202.33064811974,18202.33064811974,0,4675.6564726739625,4675.6564726739625
2023-02-22,sz002281,776.67197452232256,776.67197452232256,0,25889.06581740977,25889.06581740977
2023-02-22,sz300776,-4170.7245430809226,-4170.7245430809226,0,6178.8511749347263,6178.8511749347263
2023-02-23,sh688037,-2249.4427461480873,-2249.4427461480873,0,5486.4457223124537,5486.4457223124537
2023-02-23,sh688072,-34800.911126112296,-34800.911126112296,0,4675.6564726739625,4675.6564726739625
2023-02-23,sz002281,5177.8131634819356,5177.8131634819356,0,25889.06581740977,25889.06581740977
2023-02-23,sz300776,13476.074412532622,13476.074412532622,0,6178.8511749347263,6178.8511749347263
2023-02-24,sh688037,-4016.0782687327901,-4016.0782687327901,0,5486.4457223124537,5486.4457223124537
2023-02-24,sh688072,-748.10503562788449,-748.10503562788449,0,4675.6564726739625,4675.6564726739625
2023-02-24,sz002281,9320.0636942675937,9320.0636942675937,0,25889.06581740977,25889.06581740977
2023-02-24,sz300776,-4170.7245430809226,-4170.7245430809226,0,6178.8511749347263,6178.8511749347263
2023-02-27,sh688037,-8975.82520170315,-8975.82520170315,0,5486.4457223124537,5486.4457223124537
2023-02-27,sh688072,-3417.904881524641,-3417.904881524641,0,4675.6564726739625,4675.6564726739625
2023-02-27,sz002281,-5954.4851380042583,-5954.4851380042583,0,25889.06581740977,25889.06581740977
2023-02-27,sz300776,12746.969973890355,12746.969973890355,0,6178.8511749347263,6178.8511749347263
2023-02-28,sh688037,7927.9140687415356,7927.9140687415356,0,5486.4457223124537,5486.4457223124537
2023-02-28,sh688072,-7476.374699805684,-7476.374699805684,0,4675.6564726739625,4675.6564726739625
2023-02-28,sz002281,12167.860934182563,12167.860934182563,0,25889.06581740977,25889.06581740977
2023-02-28,sz300776,-3361.2950391644722,-3361.2950391644722,0,6178.8511749347263,6178.8511749347263
2023-03-01,sh688037,-1102.775590184845,-1102.775590184845,0,5486.4457223124537,5486.4457223124537
2023-03-01,sh688072,832.2668521359526,832.2668521359526,0,4675.6564726739625,4675.6564726739625
2023-03-01,sz002281,11908.970276008517,11908.970276008517,0,25889.06581740977,25889.06581740977
2023-03-01,sz300776,-11739.817232376015,-11739.817232376015,0,6178.8511749347263,6178.8511749347263
2023-03-02,sh688037,-2655.4397295991985,-2655.4397295991985,0,5486.4457223124537,5486.4457223124537
2023-03-02,sh688072,12025.788447717445,12025.788447717445,0,4675.6564726739625,4675.6564726739625
2023-03-02,sz002281,9061.1730360933634,9061.1730360933634,0,25889.06581740977,25889.06581740977
2023-03-02,sz300776,-16528.426892950374,-16528.426892950374,0,6178.8511749347263,6178.8511749347263
2023-03-03,sh688037,21402.624762740863,21402.624762740863,0,5486.4457223124537,5486.4457223124537
2023-03-03,sh688072,13629.53861784463,13629.53861784463,0,4675.6564726739625,4675.6564726739625
2023-03-03,sz002281,-9578.9543524415494,-9578.9543524415494,0,25889.06581740977,25889.06581740977
2023-03-03,sz300776,2045.1997389034134,2045.1997389034134,0,6178.8511749347263,6178.8511749347263
2023-03-06,sh688037,33878.802335279383,33878.802335279383,0,5486.4457223124537,5486.4457223124537
2023-03-06,sh688072,41594.639980907508,41594.639980907508,0,4675.6564726739625,4675.6564726739625
2023-03-06,sz002281,12685.642250530747,12685.642250530747,0,25889.06581740977,25889.06581740977
2023-03-06,sz300776,-5213.7048577129872,43.251958224486188,-5256.956815937473,6178.8511749347263,0
2023-03-07,sh688037,-28381.383721522332,-28381.383721522332,0,5486.4457223124537,5486.4457223124537
2023-03-07,sh688072,-27534.940967576946,-27534.940967576946,0,4675.6564726739625,4675.6564726739625
2023-03-07,sh688256,-18943.218401522969,-0,-18943.218401522969,0,8730.8006059899781
2023-03-07,sz002281,-27183.519108280278,-27183.519108280278,0,25889.06581740977,25889.06581740977
2023-03-08,sh688037,10100.546574777272,10100.546574777272,0,5486.4457223124537,5486.4457223124537
2023-03-08,sh688072,9248.4485029491389,9248.4485029491389,0,4675.6564726739625,4675.6564726739625
2023-03-08,sh688256,12485.044866565666,12485.044866565666,0,8730.8006059899781,8730.8006059899781
2023-03-08,sz002281,20193.471337579649,20193.471337579649,0,25889.06581740977,25889.06581740977
2023-03-09,sh688037,30043.77677538299,30043.77677538299,0,5486.4457223124537,5486.4457223124537
2023-03-09,sh688072,30527.36111008835,30527.36111008835,0,4675.6564726739625,4675.6564726739625
2023-03-09,sh688256,3457.3970399720383,3457.3970399720383,0,8730.8006059899781,8730.8006059899781
2023-03-09,sz002281,-6213.3757961783958,-6213.3757961783958,0,25889.06581740977,25889.06581740977
2023-03-10,sh688037,6523.3839638294685,6523.3839638294685,0,5486.4457223124537,5486.4457223124537
2023-03-10,sh688072,19759.324253520161,19759.324253520161,0,4675.6564726739625,4675.6564726739625
2023-03-10,sh688256,8084.7213611467369,8084.7213611467369,0,8730.8006059899781,8730.8006059899781
2023-03-10,sz002281,-8025.6104033969959,-8025.6104033969959,0,25889.06581740977,25889.06581740977
2023-03-13,sh688037,-7927.9140687414583,-7927.9140687414583,0,5486.4457223124537,5486.4457223124537
2023-03-13,sh688072,10445.416559953541,10445.416559953541,0,4675.6564726739625,4675.6564726739625
2023-03-13,sh688256,22263.54154527442,22263.54154527442,0,8730.8006059899781,8730.8006059899781
2023-03-13,sz002281,18122.346072186821,18122.346072186821,0,25889.06581740977,25889.06581740977
2023-03-14,sh688037,2046.4442544225708,2046.4442544225708,0,5486.4457223124537,5486.4457223124537
2023-03-14,sh688072,18711.977203641243,18711.977203641243,0,4675.6564726739625,4675.6564726739625
2023-03-14,sh688256,41663.380491784163,41663.380491784163,0,8730.8006059899781,8730.8006059899781
2023-03-14,sz002281,-11650.079617834377,-11650.079617834377,0,25889.06581740977,25889.06581740977
2023-03-15,sh688037,-27415.76927439533,-27415.76927439533,0,5486.4457223124537,5486.4457223124537
2023-03-15,sh688072,-28624.368925710063,-28624.368925710063,0,4675.6564726739625,4675.6564726739625
2023-03-15,sh688256,6390.9460435846577,6390.9460435846577,0,8730.8006059899781,8730.8006059899781
2023-03-15,sz002281,-11132.298301486193,-11132.298301486193,0,25889.06581740977,25889.06581740977
2023-03-16,sh688037,-21194.139825293005,-21194.139825293005,0,5486.4457223124537,5486.4457223124537
2023-03-16,sh688072,-35203.017582762244,-35203.017582762244,0,4675.6564726739625,4675.6564726739625
2023-03-16,sh688256,-9027.6478265935657,-9027.6478265935657,0,8730.8006059899781,8730.8006059899781
2023-03-16,sz002281,-5695.5944798301198,-5695.5944798301198,0,25889.06581740977,25889.06581740977
2023-03-17,sh688037,1174.0993845748576,1174.0993845748576,0,5486.4457223124537,5486.4457223124537
2023-03-17,sh688072,13091.838123487149,13091.838123487149,0,4675.6564726739625,4675.6564726739625
2023-03-17,sh688256,120065.96993357413,120065.96993357413,0,8730.8006059899781,8730.8006059899781
2023-03-17,sz002281,24853.50318471331,24853.50318471331,0,25889.06581740977,25889.06581740977
2023-03-20,sh688037,49.378011500813955,49.378011500813955,0,5486.4457223124537,5486.4457223124537
2023-03-20,sh688072,-16107.636548361768,-16107.636548361768,0,4675.6564726739625,4675.6564726739625
2023-03-20,sh688256,70719.484908518774,70719.484908518774,0,8730.8006059899781,8730.8006059899781
2023-03-20,sz002281,5436.7038216560741,5436.7038216560741,0,25889.06581740977,25889.06581740977
2023-03-21,sh688037,-13321.0902137747,-13321.0902137747,0,5486.4457223124537,5486.4457223124537
2023-03-21,sh688072,8374.1007425590524,8374.1007425590524,0,4675.6564726739625,4675.6564726739625
2023-03-21,sh688256,10546.807132036003,10546.807132036003,0,8730.8006059899781,8730.8006059899781
2023-03-21,sz002281,776.67197452232256,776.67197452232256,0,25889.06581740977,25889.06581740977
2023-03-22,sh688037,-11965.938120363448,-11965.938120363448,0,5486.4457223124537,5486.4457223124537
2023-03-22,sh688072,-25056.843037059807,-25056.843037059807,0,4675.6564726739625,4675.6564726739625
2023-03-22,sh688256,136829.10709707491,136829.10709707491,0,8730.8006059899781,8730.8006059899781
2023-03-22,sz002281,60062.632696390676,60062.632696390676,0,25889.06581740977,25889.06581740977
2023-03-23,sh688037,10023.736334664844,10023.736334664844,0,5486.4457223124537,5486.4457223124537
2023-03-23,sh688072,-3843.3896205380101,-3843.3896205380101,0,4675.6564726739625,4675.6564726739625
2023-03-23,sh688256,40135.49038573588,40135.49038573588,0,8730.8006059899781,8730.8006059899781
2023-03-23,sz002281,5954.4851380042583,5954.4851380042583,0,25889.06581740977,25889.06581740977
2023-03-24,sh688037,-26878.097593608716,-26878.097593608716,0,5486.4457223124537,5486.4457223124537
2023-03-24,sh688072,-24547.196481538303,-24547.196481538303,0,4675.6564726739625,4675.6564726739625
2023-03-24,sh688256,93751.336907120378,93751.336907120378,0,8730.8006059899781,8730.8006059899781
2023-03-24,sz002281,9320.0636942675028,9320.0636942675028,0,25889.06581740977,25889.06581740977
2023-03-27,sh688037,27.432228611615287,27.432228611615287,0,5486.4457223124537,5486.4457223124537
2023-03-27,sh688072,-4591.494656165828,-4591.494656165828,0,4675.6564726739625,4675.6564726739625
2023-03-27,sh688256,19862.57137862725,19862.57137862725,0,8730.8006059899781,8730.8006059899781
2023-03-27,sz002281,34432.457537154951,34432.457537154951,0,25889.06581740977,25889.06581740977
2023-03-28,sh688037,-21737.29795180196,-21737.29795180196,0,5486.4457223124537,5486.4457223124537
2023-03-28,sh688072,-21489.317148409482,-21489.317148409482,0,4675.6564726739625,4675.6564726739625
2023-03-28,sh688256,-84313.341452045192,-84313.341452045192,0,8730.8006059899781,8730.8006059899781
2023-03-28,sz002281,-46082.537154989324,-46082.537154989324,0,25889.06581740977,25889.06581740977
2023-03-29,sh688037,43474.59590360392,43474.59590360392,0,5486.4457223124537,5486.4457223124537
2023-03-29,sh688072,55860.067879035778,55860.067879035778,0,4675.6564726739625,4675.6564726739625
2023-03-29,sh688256,0,0,0,8730.8006059899781,8730.8006059899781
2023-03-29,sz002281,11908.970276008424,11908.970276008424,0,25889.06581740977,25889.06581740977
2023-03-30,sh688037,-9897.5480830516772,-9897.5480830516772,0,5486.4457223124537,5486.4457223124537
2023-03-30,sh688072,-8434.8842767038386,-8434.8842767038386,0,4675.6564726739625,4675.6564726739625
2023-03-30,sh688256,24018.432467078346,24018.432467078346,0,8730.8006059899781,8730.8006059899781
2023-03-30,sz002281,-15015.658174097622,-15015.658174097622,0,25889.06581740977,25889.06581740977
2023-03-31,sh688037,44111.023607392082,44111.023607392082,0,5486.4457223124537,5486.4457223124537
2023-03-31,sh688072,14845.209300739883,14845.209300739883,0,4675.6564726739625,4675.6564726739625
2023-03-31,sh688256,57719.32280619978,57719.32280619978,0,8730.8006059899781,8730.8006059899781
2023-03-31,sz002281,10873.407643312055,10873.407643312055,0,25889.06581740977,25889.06581740977
2023-04-03,sh688037,48275.235910627314,48275.235910627314,0,5486.4457223124537,5486.4457223124537
2023-04-03,sh688072,57314.197042037478,57314.197042037478,0,4675.6564726739625,4675.6564726739625
2023-04-03,sh688256,146782.21978790362,146782.21978790362,0,8730.8006059899781,8730.8006059899781
2023-04-03,sz002281,50742.569002123171,50742.569002123171,0,25889.06581740977,25889.06581740977
2023-04-04,sh688037,-21885.4319863044,-21885.4319863044,0,5486.4457223124537,5486.4457223124537
2023-04-04,sh688072,-18758.73376836794,-18758.73376836794,0,4675.6564726739625,4675.6564726739625
2023-04-04,sh688256,26428.13343433155,26428.13343433155,0,8730.8006059899781,8730.8006059899781
2023-04-04,sz002281,-3365.5785562632445,-3365.5785562632445,0,25889.06581740977,25889.06581740977
2023-04-06,sh688037,96660.200735700782,96660.200735700782,0,5486.4457223124537,5486.4457223124537
2023-04-06,sh688072,-6037.2543181486981,84895.894574341059,-90933.148892489757,4675.6564726739625,0
2023-04-06,sh688256,-44003.235054189419,-44003.235054189419,0,8730.8006059899781,8730.8006059899781
2023-04-06,sz002281,17604.564755838637,17604.564755838637,0,25889.06581740977,25889.06581740977
2023-04-07,sh688037,-7697.4833484043265,-7697.4833484043265,0,5486.4457223124537,5486.4457223124537
2023-04-07,sh688256,102543.25311735233,102543.25311735233,0,8730.8006059899781,8730.8006059899781
2023-04-07,sh688498,24636.100544788875,0,24636.100544788875,0,5163.5288141703122
2023-04-07,sz002281,-2588.9065817410137,-2588.9065817410137,0,25889.06581740977,25889.06581740977
2023-04-10,sh688037,-51172.079252008247,-51172.079252008247,0,5486.4457223124537,5486.4457223124537
2023-04-10,sh688256,-104952.95408460566,-104952.95408460566,0,8730.8006059899781,8730.8006059899781
2023-04-10,sh688498,74602.664307132713,74602.664307132713,0,5163.5288141703122,5163.5288141703122
2023-04-10,sz002281,-25112.393842887446,-25112.393842887446,0,25889.06581740977,25889.06581740977
2023-04-11,sh688037,-2759.6821983231648,-2759.6821983231648,0,5486.4457223124537,5486.4457223124537
2023-04-11,sh688256,-35682.782076680945,-35682.782076680945,0,8730.8006059899781,8730.8006059899781
2023-04-11,sh688498,-29328.843664487409,-29328.843664487409,0,5163.5288141703122,5163.5288141703122
2023-04-11,sz002281,-13980.095541401253,-13980.095541401253,0,25889.06581740977,25889.06581740977
2023-04-12,sh688037,6007.6580659321307,6007.6580659321307,0,5486.4457223124537,5486.4457223124537
2023-04-12,sh688256,26367.017830089575,26367.017830089575,0,8730.8006059899781,8730.8006059899781
2023-04-12,sh688498,-27423.501532058566,-27423.501532058566,0,5163.5288141703122,5163.5288141703122
2023-04-12,sz002281,24594.612526539262,24594.612526539262,0,25889.06581740977,25889.06581740977
2023-04-13,sh688037,-3193.1114103858908,-3193.1114103858908,0,5486.4457223124537,5486.4457223124537
2023-04-13,sh688256,-105468.07132035879,-105468.07132035879,0,8730.8006059899781,8730.8006059899781
2023-04-13,sh688498,-17824.501466515907,-17824.501466515907,0,5163.5288141703122,5163.5288141703122
2023-04-13,sz002281,-42199.177282377896,-42199.177282377896,0,25889.06581740977,25889.06581740977
2023-04-14,sh688037,117623.90984065665,117623.90984065665,0,5486.4457223124537,5486.4457223124537
2023-04-14,sh688256,9282.8577841968217,41017.30124694098,-31734.443462744159,8730.8006059899781,0
2023-04-14,sh688498,-25456.1970538596,-25456.1970538596,0,5163.5288141703122,5163.5288141703122
2023-04-14,sz002281,3365.5785562632445,3365.5785562632445,0,25889.06581740977,25889.06581740977
2023-04-17,sh688037,-9716.4953742152811,-9716.4953742152811,0,5486.4457223124537,5486.4457223124537
2023-04-17,sh688072,29043.723793600664,0,29043.723793600664,0,5551.0022900840368
2023-04-17,sh688498,-2091.2291697389824,-2091.2291697389824,0,5163.5288141703122,5163.5288141703122
2023-04-17,sz002281,-12685.642250530747,-12685.642250530747,0,25889.06581740977,25889.06581740977
2023-04-18,sh688037,-18280.83714674506,-18280.83714674506,0,5486.4457223124537,5486.4457223124537
2023-04-18,sh688072,-35504.210647377586,-35504.210647377586,0,5551.0022900840368,5551.0022900840368
2023-04-18,sh688498,39134.384882596765,39134.384882596765,0,5163.5288141703122,5163.5288141703122
2023-04-18,sz002281,30290.207006369383,30290.207006369383,0,25889.06581740977,25889.06581740977
2023-04-19,sh688037,30554.01622755799,30554.01622755799,0,5486.4457223124537,5486.4457223124537
2023-04-19,sh688072,53539.417087860595,53539.417087860595,0,5551.0022900840368,5551.0022900840368
2023-04-19,sh688498,-6593.8262956954941,-6593.8262956954941,0,5163.5288141703122,5163.5288141703122
2023-04-19,sz002281,43752.521231422543,43752.521231422543,0,25889.06581740977,25889.06581740977
2023-04-20,sh688037,42964.356451428917,42964.356451428917,0,5486.4457223124537,5486.4457223124537
2023-04-20,sh688072,-38068.77370539635,-38068.77370539635,0,5551.0022900840368,5551.0022900840368
2023-04-20,sh688498,80303.200117976725,80303.200117976725,0,5163.5288141703122,5163.5288141703122
2023-04-20,sz002281,33914.676220806767,33914.676220806767,0,25889.06581740977,25889.06581740977
2023-04-21,sh688037,-54211.570182169358,-54211.570182169358,0,5486.4457223124537,5486.4457223124537
2023-04-21,sh688072,-78874.191539804102,-78874.191539804102,0,5551.0022900840368,5551.0022900840368
2023-04-21,sh688498,-59019.134345966704,-59019.134345966704,0,5163.5288141703122,5163.5288141703122
2023-04-21,sz002281,-43752.521231422455,-43752.521231422455,0,25889.06581740977,25889.06581740977
2023-04-24,sh688037,-1585.5828137483852,-1585.5828137483852,0,5486.4457223124537,5486.4457223124537
2023-04-24,sh688072,-7554.9141168043188,-7554.9141168043188,0,5551.0022900840368,5551.0022900840368
2023-04-24,sh688498,-51.635288141656162,-51.635288141656162,0,5163.5288141703122,5163.5288141703122
2023-04-24,sz002281,8025.6104033969959,8025.6104033969959,0,25889.06581740977,25889.06581740977
2023-04-25,sh688037,10023.736334664844,10023.736334664844,0,5486.4457223124537,5486.4457223124537
2023-04-25,sh688072,-20288.91337025716,-20288.91337025716,0,5551.0022900840368,5551.0022900840368
2023-04-25,sh688498,-55580.224155729295,-55580.224155729295,0,5163.5288141703122,5163.5288141703122
2023-04-25,sz002281,-23041.268577494709,-23041.268577494709,0,25889.06581740977,25889.06581740977
2023-04-26,sh688037,-53213.037060708477,-53213.037060708477,0,5486.4457223124537,5486.4457223124537
2023-04-26,sh688072,-22320.580208427997,-22320.580208427997,0,5551.0022900840368,5551.0022900840368
2023-04-26,sh688498,-35633.457546780788,-43513.057317013183,7879.5997702323975,5163.5288141703122,0
2023-04-26,sz002281,-71971.602972399196,-71971.602972399196,0,25889.06581740977,25889.06581740977
2023-04-27,sh688037,20201.093149554465,20201.093149554465,0,5486.4457223124537,5486.4457223124537
2023-04-27,sh688072,22242.866176366762,22242.866176366762,0,5551.0022900840368,5551.0022900840368
2023-04-27,sz002281,-32676.580681979784,-46600.318471337509,13923.737789357725,25889.06581740977,0
2023-04-28,sh688037,11916.560108862634,11916.560108862634,0,5486.4457223124537,5486.4457223124537
2023-04-28,sh688072,36775.390171806743,36775.390171806743,0,5551.0022900840368,5551.0022900840368
2023-05-04,sh688037,-40533.86099644436,-40533.86099644436,0,5486.4457223124537,5486.4457223124537
2023-05-04,sh688072,-11390.656699252402,-11390.656699252402,0,5551.0022900840368,5551.0022900840368
2023-05-04,sh688205,-38706.121276953018,-0,-38706.121276953018,0,12317.736931576708
2023-05-04,sh688256,-28737.964354628326,-0,-28737.964354628326,0,3566.5963565458928
2023-05-05,sh688037,-15164.535976471676,-15164.535976471676,0,5486.4457223124537,5486.4457223124537
2023-05-05,sh688072,-40577.82674051432,-40577.82674051432,0,5551.0022900840368,5551.0022900840368
2023-05-05,sh688205,-8781.8502815155298,-46351.64407352313,37569.7937920076,12317.736931576708,0
2023-05-05,sh688256,-59412.362107341542,-59412.362107341542,0,3566.5963565458928,3566.5963565458928
2023-05-08,sh688037,-1684.3388367499351,-1684.3388367499351,0,5486.4457223124537,5486.4457223124537
2023-05-08,sh688072,22825.72141682553,22825.72141682553,0,5551.0022900840368,5551.0022900840368
2023-05-08,sh688256,-13009.020057173951,980.81399805014075,-13989.834055224092,3566.5963565458928,0
2023-05-09,sh688037,-34136.665284228053,-34136.665284228053,0,5486.4457223124537,5486.4457223124537
2023-05-09,sh688072,-65940.356203908217,-65940.356203908217,0,5551.0022900840368,5551.0022900840368
2023-05-09,sz002409,10348.993931146788,0,10348.993931146788,0,15530.128108515448
2023-05-10,sh688037,-7368.2966050656441,-7368.2966050656441,0,5486.4457223124537,5486.4457223124537
2023-05-10,sh688072,-26067.506754234626,-26067.506754234626,0,5551.0022900840368,5551.0022900840368
2023-05-10,sz002409,-44416.16639035417,-44416.16639035417,0,15530.128108515448,15530.128108515448
2023-05-11,sh688037,1739.2032939730877,1739.2032939730877,0,5486.4457223124537,5486.4457223124537
2023-05-11,sh688072,34993.518436689781,34993.518436689781,0,5551.0022900840368,5551.0022900840368
2023-05-11,sz002409,24537.60241145438,24537.60241145438,0,15530.128108515448,15530.128108515448
2023-05-12,sh688037,-8871.582732979261,-8871.582732979261,0,5486.4457223124537,5486.4457223124537
2023-05-12,sh688072,6294.8365969552206,6294.8365969552206,0,5551.0022900840368,5551.0022900840368
2023-05-12,sz002409,-44416.166390354061,-44416.166390354061,0,15530.128108515448,15530.128108515448
2023-05-15,sh688037,25544.891283086818,25544.891283086818,0,5486.4457223124537,5486.4457223124537
2023-05-15,sh688072,32967.402600809059,32967.402600809059,0,5551.0022900840368,5551.0022900840368
2023-05-15,sz002409,-10871.089675960857,-10871.089675960857,0,15530.128108515448,15530.128108515448
2023-05-16,sh688037,26801.287353496286,26801.287353496286,0,5486.4457223124537,5486.4457223124537
2023-05-16,sh688072,47882.945754264925,47882.945754264925,0,5551.0022900840368,5551.0022900840368
2023-05-16,sz002409,13200.608892238153,13200.608892238153,0,15530.128108515448,15530.128108515448
2023-05-17,sh688037,894.29065273698984,894.29065273698984,0,5486.4457223124537,5486.4457223124537
2023-05-17,sh688072,-4768.3109671820794,-4768.3109671820794,0,5551.0022900840368,5551.0022900840368
2023-05-17,sz002409,1242.4102486812094,1242.4102486812094,0,15530.128108515448,15530.128108515448
2023-05-18,sh688037,23498.447028664166,23498.447028664166,0,5486.4457223124537,5486.4457223124537
2023-05-18,sh688072,4490.7608526779723,4490.7608526779723,0,5551.0022900840368,5551.0022900840368
2023-05-18,sz002409,-6522.653805576404,-6522.653805576404,0,15530.128108515448,15530.128108515448
2023-05-19,sh688037,-6419.1414951055021,-6419.1414951055021,0,5486.4457223124537,5486.4457223124537
2023-05-19,sh688072,-4490.7608526779723,-4490.7608526779723,0,5551.0022900840368,5551.0022900840368
2023-05-19,sz002409,85260.403315749834,85260.403315749834,0,15530.128108515448,15530.128108515448
2023-05-22,sh688037,-7823.6716000175693,-7823.6716000175693,0,5486.4457223124537,5486.4457223124537
2023-05-22,sh688072,-25362.529463394058,-25362.529463394058,0,5551.0022900840368,5551.0022900840368
2023-05-22,sz002409,-5901.4486812360201,-5901.4486812360201,0,15530.128108515448,15530.128108515448
2023-05-23,sh688037,-28946.487630920561,-28946.487630920561,0,5486.4457223124537,5486.4457223124537
2023-05-23,sh688072,-35504.210647377426,-35504.210647377426,0,5551.0022900840368,5551.0022900840368
2023-05-23,sz002409,9007.4743029389338,9007.4743029389338,0,15530.128108515448,15530.128108515448
2023-05-24,sh688037,22477.968124314168,22477.968124314168,0,5486.4457223124537,5486.4457223124537
2023-05-24,sh688072,12323.225083986556,12323.225083986556,0,5551.0022900840368,5551.0022900840368
2023-05-24,sz002409,30283.749811605168,30283.749811605168,0,15530.128108515448,15530.128108515448
2023-05-25,sh688037,2046.4442544225708,2046.4442544225708,0,5486.4457223124537,5486.4457223124537
2023-05-25,sh688072,2636.7260877898857,2636.7260877898857,0,5551.0022900840368,5551.0022900840368
2023-05-25,sz002409,-6833.2563677467615,-6833.2563677467615,0,15530.128108515448,15530.128108515448
2023-05-26,sh688037,13650.276957113383,13650.276957113383,0,5486.4457223124537,5486.4457223124537
2023-05-26,sh688072,36342.411993180169,36342.411993180169,0,5551.0022900840368,5551.0022900840368
2023-05-26,sz002409,15374.826827430214,15374.826827430214,0,15530.128108515448,15530.128108515448
2023-05-29,sh688037,25857.618689258481,25857.618689258481,0,5486.4457223124537,5486.4457223124537
2023-05-29,sh688072,26833.545070266253,26833.545070266253,0,5551.0022900840368,5551.0022900840368
2023-05-29,sz002409,8230.9678975132047,8230.9678975132047,0,15530.128108515448,15530.128108515448
2023-05-30,sh688037,-7467.0526280671947,-7467.0526280671947,0,5486.4457223124537,5486.4457223124537
2023-05-30,sh688072,9281.2758290204929,9281.2758290204929,0,5551.0022900840368,5551.0022900840368
2023-05-30,sz002409,11181.692238131105,11181.692238131105,0,15530.128108515448,15530.128108515448
2023-05-31,sh688037,608.99547517662745,608.99547517662745,0,5486.4457223124537,5486.4457223124537
2023-05-31,sh688072,-24524.328117591311,-24524.328117591311,0,5551.0022900840368,5551.0022900840368
2023-05-31,sz002409,-8541.570459683453,-8541.570459683453,0,15530.128108515448,15530.128108515448
2023-06-01,sh688037,-23728.877749001298,-23728.877749001298,0,5486.4457223124537,5486.4457223124537
2023-06-01,sh688072,1903.993785498923,1903.993785498923,0,5551.0022900840368,5551.0022900840368
2023-06-01,sz002409,-40844.236925395555,-40844.236925395555,0,15530.128108515448,15530.128108515448
2023-06-02,sh688037,6649.5722154427121,6649.5722154427121,0,5486.4457223124537,5486.4457223124537
2023-06-02,sh688072,14327.136910706837,14327.136910706837,0,5551.0022900840368,5551.0022900840368
2023-06-02,sz002409,-6988.5576488319957,-6988.5576488319957,0,15530.128108515448,15530.128108515448
2023-06-05,sh688037,41960.336884245706,41960.336884245706,0,5486.4457223124537,5486.4457223124537
2023-06-05,sh688072,48871.02416189987,48871.02416189987,0,5551.0022900840368,5551.0022900840368
2023-06-05,sz002409,-3882.532027128862,-3882.532027128862,0,15530.128108515448,15530.128108515448
2023-06-06,sh688037,-7412.1881708441197,-7412.1881708441197,0,5486.4457223124537,5486.4457223124537
2023-06-06,sh688072,-26550.443953472033,-26550.443953472033,0,5551.0022900840368,5551.0022900840368
2023-06-06,sz002409,-38359.416428033139,-38359.416428033139,0,15530.128108515448,15530.128108515448
2023-06-07,sh688037,-18286.323592467401,-18286.323592467401,0,5486.4457223124537,5486.4457223124537
2023-06-07,sh688072,-30586.022618362993,-30586.022618362993,0,5551.0022900840368,5551.0022900840368
2023-06-07,sz002409,-11958.198643556832,-11958.198643556832,0,15530.128108515448,15530.128108515448
2023-06-08,sh688037,-8026.6700917432418,-8026.6700917432418,0,5486.4457223124537,5486.4457223124537
2023-06-08,sh688072,910.3643755738691,910.3643755738691,0,5551.0022900840368,5551.0022900840368
2023-06-08,sz002409,-16461.935795026409,-16461.935795026409,0,15530.128108515448,15530.128108515448
2023-06-09,sh688037,25034.651830911818,25034.651830911818,0,5486.4457223124537,5486.4457223124537
2023-06-09,sh688072,37258.327371043997,37258.327371043997,0,5551.0022900840368,5551.0022900840368
2023-06-09,sz002409,50938.82019593069,50938.82019593069,0,15530.128108515448,15530.128108515448
2023-06-12,sh688037,-19948.716646328059,-19948.716646328059,0,5486.4457223124537,5486.4457223124537
2023-06-12,sh688072,-27871.582498511874,-27871.582498511874,0,5551.0022900840368,5551.0022900840368
2023-06-12,sz002409,4193.1345892991094,4193.1345892991094,0,15530.128108515448,15530.128108515448
2023-06-13,sh688037,9848.170071550785,9848.170071550785,0,5486.4457223124537,5486.4457223124537
2023-06-13,sh688072,19145.406898499754,19145.406898499754,0,5551.0022900840368,5551.0022900840368
2023-06-13,sz002409,38670.018990203389,38670.018990203389,0,15530.128108515448,15530.128108515448
2023-06-14,sh688037,24573.790390237555,24573.790390237555,0,5486.4457223124537,5486.4457223124537
2023-06-14,sh688072,26733.627029044736,26733.627029044736,0,5551.0022900840368,5551.0022900840368
2023-06-14,sz002409,-2018.9166541069376,-2018.9166541069376,0,15530.128108515448,15530.128108515448
2023-06-15,sh688037,-40824.642619726983,-40824.642619726983,0,5486.4457223124537,5486.4457223124537
2023-06-15,sh688072,-43342.225880976119,-43342.225880976119,0,5551.0022900840368,5551.0022900840368
2023-06-15,sz002409,-20344.467822155271,-20344.467822155271,0,15530.128108515448,15530.128108515448
2023-06-16,sh688037,13924.599243228911,13924.599243228911,0,5486.4457223124537,5486.4457223124537
2023-06-16,sh688072,20288.91337025716,20288.91337025716,0,5551.0022900840368,5551.0022900840368
2023-06-16,sz002409,4659.0384325548112,4659.0384325548112,0,15530.128108515448,15530.128108515448
2023-06-19,sh688037,-13205.874853605979,-13205.874853605979,0,5486.4457223124537,5486.4457223124537
2023-06-19,sh688072,-23436.331668734849,-23436.331668734849,0,5551.0022900840368,5551.0022900840368
2023-06-19,sz002409,29196.640844008973,29196.640844008973,0,15530.128108515448,15530.128108515448
2023-06-20,sh688037,-16651.362767218357,-16651.362767218357,0,5486.4457223124537,5486.4457223124537
2023-06-20,sh688072,-16608.598851931383,-16608.598851931383,0,5551.0022900840368,5551.0022900840368
2023-06-20,sz002409,3106.0256217031338,3106.0256217031338,0,15530.128108515448,15530.128108515448
2023-06-21,sh688037,-33308.211980158892,-33308.211980158892,0,5486.4457223124537,5486.4457223124537
2023-06-21,sh688072,-22398.294240489071,-22398.294240489071,0,5551.0022900840368,5551.0022900840368
2023-06-21,sz002409,-61809.909871891541,-61809.909871891541,0,15530.128108515448,15530.128108515448
2023-06-26,sh688037,7307.9457021201533,7307.9457021201533,0,5486.4457223124537,5486.4457223124537
2023-06-26,sh688072,13544.445587805038,13544.445587805038,0,5551.0022900840368,5551.0022900840368
2023-06-26,sz002409,7920.3653353429581,7920.3653353429581,0,15530.128108515448,15530.128108515448
2023-06-27,sh688037,-5192.3008484388502,-16124.663977876262,10932.363129437412,5486.4457223124537,0
2023-06-27,sh688072,-15137.58324505919,-15137.58324505919,0,5551.0022900840368,5551.0022900840368
2023-06-27,sz002409,-23916.397287113887,-23916.397287113887,0,15530.128108515448,15530.128108515448
2023-06-28,sh688072,28504.396759581479,28504.396759581479,0,5551.0022900840368,5551.0022900840368
2023-06-28,sz002409,36340.499773926203,36340.499773926203,0,15530.128108515448,15530.128108515448
2023-06-29,sh688072,-5045.8610816863438,-5045.8610816863438,0,5551.0022900840368,5551.0022900840368
2023-06-29,sh688120,-2279.0728100550946,-0,-2279.0728100550946,0,4280.8302492300518
2023-06-29,sz002409,-18170.249886963102,-18170.249886963102,0,15530.128108515448,15530.128108515448
2023-06-30,sh688072,35426.496615316348,35426.496615316348,0,5551.0022900840368,5551.0022900840368
2023-06-30,sh688120,15732.051165920428,15732.051165920428,0,4280.8302492300518,4280.8302492300518
2023-06-30,sz002409,64294.730369253964,64294.730369253964,0,15530.128108515448,15530.128108515448
2023-07-03,sh688072,-15137.58324505919,-15137.58324505919,0,5551.0022900840368,5551.0022900840368
2023-07-03,sh688120,-2196.0659178550391,-2196.0659178550391,0,4280.8302492300518,4280.8302492300518
2023-07-03,sz002371,-19665.261757189426,-0,-19665.261757189426,0,1363.9934118839478
2023-07-03,sz002409,-30283.749811605168,-30283.749811605168,0,15530.128108515448,15530.128108515448
2023-07-04,sh688072,-27921.541519122711,-27921.541519122711,0,5551.0022900840368,5551.0022900840368
2023-07-04,sh688120,-2799.6629829964381,-2799.6629829964381,0,4280.8302492300518,4280.8302492300518
2023-07-04,sz002371,2647.5112124667462,2647.5112124667462,0,1363.9934118839478,1363.9934118839478
2023-07-04,sz002409,-3416.6281838733807,-3416.6281838733807,0,15530.128108515448,15530.128108515448
2023-07-05,sh688072,-129321.70035208779,-129321.70035208779,0,5551.0022900840368,5551.0022900840368
2023-07-05,sh688120,-14392.151297911412,-14392.151297911412,0,4280.8302492300518,4280.8302492300518
2023-07-05,sz002371,-11659.415684783988,-11659.415684783988,0,1363.9934118839478,1363.9934118839478
2023-07-05,sz002409,-16306.634513941177,-16306.634513941177,0,15530.128108515448,15530.128108515448
2023-07-06,sh688072,-17241.919427469289,-17241.413113001145,-0.5063144681457743,5551.0022900840368,0
2023-07-06,sh688120,-7688.3711276172007,-7688.3711276172007,0,4280.8302492300518,4280.8302492300518
2023-07-06,sz002371,-5061.7795515013086,-5061.7795515013086,0,1363.9934118839478,1363.9934118839478
2023-07-06,sz002409,71438.58929917097,71438.58929917097,0,15530.128108515448,15530.128108515448
2023-07-07,sh688120,4349.3235332177555,4349.3235332177555,0,4280.8302492300518,4280.8302492300518
2023-07-07,sz002371,-2549.9908535976597,-4900.8283288990488,2350.8374753013891,1363.9934118839478,0
2023-07-07,sz002409,-14908.922984174733,-14908.922984174733,0,15530.128108515448,15530.128108515448
2023-07-10,sh600206,-8890.6401059293203,-0,-8890.6401059293203,0,42865.209208049804
2023-07-10,sh688120,-6181.5188798882064,-6181.5188798882064,0,4280.8302492300518,4280.8302492300518
2023-07-10,sh688535,-31522.130466857398,-0,-31522.130466857398,0,12610.617774721735
2023-07-10,sz002409,-20189.166541070037,-20189.166541070037,0,15530.128108515448,15530.128108515448
2023-07-11,sh600206,-2571.9125524830097,-2571.9125524830097,0,42865.209208049804,42865.209208049804
2023-07-11,sh688120,-4524.8375734361744,-4524.8375734361744,0,4280.8302492300518,4280.8302492300518
2023-07-11,sh688535,112398.43622609478,112398.43622609478,0,12610.617774721735,12610.617774721735
2023-07-11,sz002409,75476.422607385073,75476.422607385073,0,15530.128108515448,15530.128108515448
2023-07-12,sh600206,-6858.4334732879752,-6858.4334732879752,0,42865.209208049804,42865.209208049804
2023-07-12,sh688120,-7645.5628251248781,-7645.5628251248781,0,4280.8302492300518,4280.8302492300518
2023-07-12,sh688535,114466.57754114925,114466.57754114925,0,12610.617774721735,12610.617774721735
2023-07-12,sz002409,-20344.467822155271,-20344.467822155271,0,15530.128108515448,15530.128108515448
2023-07-13,sh600206,4286.5209208049655,4286.5209208049655,0,42865.209208049804,42865.209208049804
2023-07-13,sh688120,4456.3442894484706,4456.3442894484706,0,4280.8302492300518,4280.8302492300518
2023-07-13,sh688535,157771.43897954357,157771.43897954357,0,12610.617774721735,12610.617774721735
2023-07-13,sz002409,117407.76850037683,117407.76850037683,0,15530.128108515448,15530.128108515448
2023-07-14,sh600206,-6001.1292891269204,-6001.1292891269204,0,42865.209208049804,42865.209208049804
2023-07-14,sh688120,607.87789539071071,607.87789539071071,0,4280.8302492300518,4280.8302492300518
2023-07-14,sh688535,25586.943464910353,25586.943464910353,0,12610.617774721735,12610.617774721735
2023-07-14,sz002409,19723.262697814556,19723.262697814556,0,15530.128108515448,15530.128108515448
2023-07-17,sh600206,-20575.300419863925,-20575.300419863925,0,42865.209208049804,42865.209208049804
2023-07-17,sh688120,-13728.62260928081,-13728.62260928081,0,4280.8302492300518,4280.8302492300518
2023-07-17,sh688535,-38802.870892818755,-38802.870892818755,0,12610.617774721735,12610.617774721735
2023-07-17,sz002409,-21586.878070836483,-21586.878070836483,0,15530.128108515448,15530.128108515448
2023-07-18,sh600206,-857.3041841609778,-857.3041841609778,0,42865.209208049804,42865.209208049804
2023-07-18,sh688120,-1947.5425168801194,-8831.3528041616064,6883.810287281487,4280.8302492300518,0
2023-07-18,sh688535,-37945.348884137704,-37945.348884137704,0,12610.617774721735,12610.617774721735
2023-07-18,sz002409,-68953.768801808546,-68953.768801808546,0,15530.128108515448,15530.128108515448
2023-07-19,sh600206,1285.9562762414666,1285.9562762414666,0,42865.209208049804,42865.209208049804
2023-07-19,sh688498,-10203.603338052173,-0,-10203.603338052173,0,1651.0013717421125
2023-07-19,sh688535,98589.809762774501,98589.809762774501,0,12610.617774721735,12610.617774721735
2023-07-19,sz002409,-36651.102336096446,-36651.102336096446,0,15530.128108515448,15530.128108515448
2023-07-20,sh600206,-9001.6939336904961,-9001.6939336904961,0,42865.209208049804,42865.209208049804
2023-07-20,sh688498,-18555.60441700961,-18555.60441700961,0,1651.0013717421125,1651.0013717421125
2023-07-20,sh688535,-107291.13602733247,-107291.13602733247,0,12610.617774721735,12610.617774721735
2023-07-20,sz002409,-26556.519065561541,-26556.519065561541,0,15530.128108515448,15530.128108515448
2023-07-21,sh600206,-800.39828535526613,-1285.9562762414666,485.55799088620051,42865.209208049804,0
2023-07-21,sh688498,-13676.895363511647,-13676.895363511647,0,1651.0013717421125,1651.0013717421125
2023-07-21,sh688535,-1826.0756058780171,-45032.516073531289,43206.440467653272,12610.617774721735,0
2023-07-21,sz002409,-19412.66013564431,-19412.66013564431,0,15530.128108515448,15530.128108515448
2023-07-24,sh688498,6816.9846639231673,6816.9846639231673,0,1651.0013717421125,1651.0013717421125
2023-07-24,sz002409,-4193.1345892991094,-4193.1345892991094,0,15530.128108515448,15530.128108515448
2023-07-25,sh688498,-12286.752208504766,-12286.752208504766,0,1651.0013717421125,1651.0013717421125
2023-07-25,sz002409,-15064.224265259967,-15064.224265259967,0,15530.128108515448,15530.128108515448
2023-07-26,sh688498,-15522.714897119367,-15522.714897119367,0,1651.0013717421125,1651.0013717421125
2023-07-26,sz002409,-8541.570459683453,-8541.570459683453,0,15530.128108515448,15530.128108515448
2023-07-27,sh688498,-1552.6643483941098,-5745.4847736625343,4192.8204252684245,1651.0013717421125,0
2023-07-27,sz002409,-51715.326601356413,-51715.326601356413,0,15530.128108515448,15530.128108515448
2023-07-28,sz002409,-10249.884551620364,-10249.884551620364,0,15530.128108515448,15530.128108515448
2023-07-31,sz002409,-11762.953248665444,9162.775584024168,-20925.728832689612,15530.128108515448,0
2023-10-13,sh601869,-2562.1275602629821,-0,-2562.1275602629821,0,9084.0751730959455
2023-10-13,sh688012,6685.9780670126174,0,6685.9780670126174,0,6158.6419408292832
2023-10-13,sh688019,-753.3041026334181,-0,-753.3041026334181,0,7887.0016520155796
2023-10-13,sh688082,2921.8187942506365,-0,2921.8187942506365,0,5593.2342420025443
2023-10-16,sh601869,-3451.948565776418,-3451.948565776418,0,9084.0751730959455,9084.0751730959455
2023-10-16,sh688012,-17238.038792381118,-17238.038792381118,0,6158.6419408292832,6158.6419408292832
2023-10-16,sh688019,-22272.89266529198,-22272.89266529198,0,7887.0016520155796,7887.0016520155796
2023-10-16,sh688082,4306.7903663419365,4306.7903663419365,0,5593.2342420025443,5593.2342420025443
2023-10-17,sh601869,-1635.1335311572675,-1635.1335311572675,0,9084.0751730959455,9084.0751730959455
2023-10-17,sh688012,31205.838714181937,31205.838714181937,0,6158.6419408292832,6158.6419408292832
2023-10-17,sh688019,11854.163482979417,11854.163482979417,0,7887.0016520155796,7887.0016520155796
2023-10-17,sh688082,-1957.6319847008588,-1957.6319847008588,0,5593.2342420025443,5593.2342420025443
2023-10-18,sh601869,-4542.0375865479728,-4542.0375865479728,0,9084.0751730959455,9084.0751730959455
2023-10-18,sh688012,-13635.233256996025,-13635.233256996025,0,6158.6419408292832,6158.6419408292832
2023-10-18,sh688019,-13179.179760518085,-13179.179760518085,0,7887.0016520155796,7887.0016520155796
2023-10-18,sh688082,-11913.588935465474,-11913.588935465474,0,5593.2342420025443,5593.2342420025443
2023-10-19,sh601869,-5813.8081107814423,-5813.8081107814423,0,9084.0751730959455,9084.0751730959455
2023-10-19,sh688012,-3719.8197322608821,-3719.8197322608821,0,6158.6419408292832,6158.6419408292832
2023-10-19,sh688019,354.91507434071451,354.91507434071451,0,7887.0016520155796,7887.0016520155796
2023-10-19,sh688082,-8277.9866781637083,-8277.9866781637083,0,5593.2342420025443,5593.2342420025443
2023-10-20,sh601869,-1953.0681693195233,-4542.0375865479728,2588.9694172284494,9084.0751730959455,0
2023-10-20,sh688012,-10334.20117671152,-10334.20117671152,0,6158.6419408292832,6158.6419408292832
2023-10-20,sh688019,-20616.622318368758,-20616.622318368758,0,7887.0016520155796,7887.0016520155796
2023-10-20,sh688082,-1845.76729986083,-1845.76729986083,0,5593.2342420025443,5593.2342420025443
2023-10-23,sh688012,-9176.376491835601,-9176.376491835601,0,6158.6419408292832,6158.6419408292832
2023-10-23,sh688019,-2586.9365418610214,-2586.9365418610214,0,7887.0016520155796,7887.0016520155796
2023-10-23,sh688082,-6320.3546934629294,-6320.3546934629294,0,5593.2342420025443,5593.2342420025443
2023-10-24,sh688012,40585.450390064907,40585.450390064907,0,6158.6419408292832,6158.6419408292832
2023-10-24,sh688019,39616.409298074228,39616.409298074228,0,7887.0016520155796,7887.0016520155796
2023-10-24,sh688082,44745.873936020354,44745.873936020354,0,5593.2342420025443,5593.2342420025443
2023-10-25,sh688012,-3719.8197322608821,-3719.8197322608821,0,6158.6419408292832,6158.6419408292832
2023-10-25,sh688019,-7177.1715033341507,-7177.1715033341507,0,7887.0016520155796,7887.0016520155796
2023-10-25,sh688082,-33839.067164115375,-33839.067164115375,0,5593.2342420025443,5593.2342420025443
2023-10-26,sh688012,-5992.3586084268863,-5992.3586084268863,0,6158.6419408292832,6158.6419408292832
2023-10-26,sh688019,7145.6234967260498,7145.6234967260498,0,7887.0016520155796,7887.0016520155796
2023-10-26,sh688082,39208.572036437865,39208.572036437865,0,5593.2342420025443,5593.2342420025443
2023-10-27,sh688012,3350.301215811111,3350.301215811111,0,6158.6419408292832,6158.6419408292832
2023-10-27,sh688019,10339.859165792481,10339.859165792481,0,7887.0016520155796,7887.0016520155796
2023-10-27,sh688082,-5201.707845062404,-5201.707845062404,0,5593.2342420025443,5593.2342420025443
2023-10-30,sh688012,17028.644966392971,17028.644966392971,0,6158.6419408292832,6158.6419408292832
2023-10-30,sh688019,14299.133995104152,14299.133995104152,0,7887.0016520155796,7887.0016520155796
2023-10-30,sh688082,-14430.544344366555,-14430.544344366555,0,5593.2342420025443,5593.2342420025443
2023-10-31,sh688012,6078.5795955985577,6078.5795955985577,0,6158.6419408292832,6158.6419408292832
2023-10-31,sh688019,18424.035859108495,18424.035859108495,0,7887.0016520155796,7887.0016520155796
2023-10-31,sh688082,0,0,0,5593.2342420025443,5593.2342420025443
2023-11-01,sh688012,-12194.111042842005,-12194.111042842005,0,6158.6419408292832,6158.6419408292832
2023-11-01,sh688019,-30096.79830409147,-30096.79830409147,0,7887.0016520155796,7887.0016520155796
2023-11-01,sh688082,-14039.017947426415,-14039.017947426415,0,5593.2342420025443,5593.2342420025443
2023-11-02,sh688012,-8351.1184717644737,-8351.1184717644737,0,6158.6419408292832,6158.6419408292832
2023-11-02,sh688019,-20474.656288632472,-20474.656288632472,0,7887.0016520155796,7887.0016520155796
2023-11-02,sh688082,-9452.5658689842876,-9452.5658689842876,0,5593.2342420025443,5593.2342420025443
2023-11-03,sh688012,-3307.1907222253631,-3307.1907222253631,0,6158.6419408292832,6158.6419408292832
2023-11-03,sh688019,7760.8096255832879,7760.8096255832879,0,7887.0016520155796,7887.0016520155796
2023-11-03,sh688082,7271.2045146032915,7271.2045146032915,0,5593.2342420025443,5593.2342420025443
2023-11-06,sh688012,-9835.3511795043287,-9835.3511795043287,0,6158.6419408292832,6158.6419408292832
2023-11-06,sh688019,-4889.9410242495833,-4889.9410242495833,0,7887.0016520155796,7887.0016520155796
2023-11-06,sh688082,-6823.7457752430973,-6823.7457752430973,0,5593.2342420025443,5593.2342420025443
2023-11-06,sz300054,11271.788336072826,0,11271.788336072826,0,27525.619834710746
2023-11-07,sh688012,9090.1555046640169,9090.1555046640169,0,6158.6419408292832,6158.6419408292832
2023-11-07,sh688019,-17958.702761639484,-17958.702761639484,0,7887.0016520155796,7887.0016520155796
2023-11-07,sh688082,-838.98513630033392,-838.98513630033392,0,5593.2342420025443,5593.2342420025443
2023-11-07,sz300054,1101.0247933884064,1101.0247933884064,0,27525.619834710746,27525.619834710746
2023-11-08,sh688012,27904.806633897431,27904.806633897431,0,6158.6419408292832,6158.6419408292832
2023-11-08,sh688019,22556.824724764552,22556.824724764552,0,7887.0016520155796,7887.0016520155796
2023-11-08,sh688082,11186.468484005089,11186.468484005089,0,5593.2342420025443,5593.2342420025443
2023-11-08,sz300054,-13487.553719008223,-13487.553719008223,0,27525.619834710746,27525.619834710746
2023-11-09,sh688012,-15544.412258653116,-15544.412258653116,0,6158.6419408292832,6158.6419408292832
2023-11-09,sh688019,-8470.6397742647168,-8470.6397742647168,0,7887.0016520155796,7887.0016520155796
2023-11-09,sh688082,-22596.666337690313,-22596.666337690313,0,5593.2342420025443,5593.2342420025443
2023-11-09,sz300054,-4679.3553719008733,-4679.3553719008733,0,27525.619834710746,27525.619834710746
2023-11-10,sh688012,7519.701809752577,7519.701809752577,0,6158.6419408292832,6158.6419408292832
2023-11-10,sh688019,0,0,0,7887.0016520155796,7887.0016520155796
2023-11-10,sh688082,-5537.3018995824905,-5537.3018995824905,0,5593.2342420025443,5593.2342420025443
2023-11-10,sz300054,15139.09090909093,15139.09090909093,0,27525.619834710746,27525.619834710746
2023-11-13,sh688012,7070.1209480719936,7070.1209480719936,0,6158.6419408292832,6158.6419408292832
2023-11-13,sh688019,15726.681294119064,15726.681294119064,0,7887.0016520155796,7887.0016520155796
2023-11-13,sh688082,12081.385962725477,12081.385962725477,0,5593.2342420025443,5593.2342420025443
2023-11-13,sz300054,-5229.867768595077,-5229.867768595077,0,27525.619834710746,27525.619834710746
2023-11-14,sh688012,7439.6394645217642,7439.6394645217642,0,6158.6419408292832,6158.6419408292832
2023-11-14,sh688019,-3951.387827659843,-3951.387827659843,0,7887.0016520155796,7887.0016520155796
2023-11-14,sh688082,19688.184531848932,19688.184531848932,0,5593.2342420025443,5593.2342420025443
2023-11-14,sz300054,6055.6363636364304,6055.6363636364304,0,27525.619834710746,27525.619834710746
2023-11-15,sh688012,-25336.652944571611,-25336.652944571611,0,6158.6419408292832,6158.6419408292832
2023-11-15,sh688019,-16736.21750557706,-16736.21750557706,0,7887.0016520155796,7887.0016520155796
2023-11-15,sh688082,-8333.9190205837622,-8333.9190205837622,0,5593.2342420025443,5593.2342420025443
2023-11-15,sz300054,-5505.1239669422275,-5505.1239669422275,0,27525.619834710746,27525.619834710746
2023-11-16,sh688012,-9878.4616730901653,-9878.4616730901653,0,6158.6419408292832,6158.6419408292832
2023-11-16,sh688019,-20971.537392709473,-20971.537392709473,0,7887.0016520155796,7887.0016520155796
2023-11-16,sh688082,-19352.590477328769,-19352.590477328769,0,5593.2342420025443,5593.2342420025443
2023-11-16,sz300054,-16515.371900826387,-16515.371900826387,0,27525.619834710746,27525.619834710746
2023-11-17,sh688012,11492.025861587441,11492.025861587441,0,6158.6419408292832,6158.6419408292832
2023-11-17,sh688019,2437.0835104729063,2437.0835104729063,0,7887.0016520155796,7887.0016520155796
2023-11-17,sh688082,4922.046132962214,4922.046132962214,0,5593.2342420025443,5593.2342420025443
2023-11-17,sz300054,10459.735537190056,10459.735537190056,0,27525.619834710746,27525.619834710746
2023-11-20,sh688012,-11615.198700404089,-11615.198700404089,0,6158.6419408292832,6158.6419408292832
2023-11-20,sh688019,-5347.3871200666536,-5347.3871200666536,0,7887.0016520155796,7887.0016520155796
2023-11-20,sh688082,-4810.1814481221845,-4810.1814481221845,0,5593.2342420025443,5593.2342420025443
2023-11-20,sz300054,10184.479338843003,10184.479338843003,0,27525.619834710746,27525.619834710746
2023-11-21,sh688012,-12274.17338807273,-12274.17338807273,0,6158.6419408292832,6158.6419408292832
2023-11-21,sh688019,3951.387827659843,3951.387827659843,0,7887.0016520155796,7887.0016520155796
2023-11-21,sh688082,-7439.0015418633748,-7439.0015418633748,0,5593.2342420025443,5593.2342420025443
2023-11-21,sz300054,-9083.4545454545969,-9083.4545454545969,0,27525.619834710746,27525.619834710746
2023-11-22,sh688012,-9552.0536502262294,-9552.0536502262294,0,6158.6419408292832,6158.6419408292832
2023-11-22,sh688019,-14945.868130569492,-14945.868130569492,0,7887.0016520155796,7887.0016520155796
2023-11-22,sh688082,-18569.537683448489,-18569.537683448489,0,5593.2342420025443,5593.2342420025443
2023-11-22,sz300054,-6055.636363636333,-6055.636363636333,0,27525.619834710746,27525.619834710746
2023-11-23,sh688012,11824.592526392235,11824.592526392235,0,6158.6419408292832,6158.6419408292832
2023-11-23,sh688019,16057.935363503731,16057.935363503731,0,7887.0016520155796,7887.0016520155796
2023-11-23,sh688082,4526.5855935447553,10347.483347704754,-5820.8977541599988,5593.2342420025443,0
2023-11-23,sz300054,9358.7107438016501,9358.7107438016501,0,27525.619834710746,27525.619834710746
2023-11-24,sh688012,-7359.5771192909515,-7359.5771192909515,0,6158.6419408292832,6158.6419408292832
2023-11-24,sh688019,-5355.2741217185949,-5355.2741217185949,0,7887.0016520155796,7887.0016520155796
2023-11-24,sz300054,-12111.272727272762,-12111.272727272762,0,27525.619834710746,27525.619834710746
2023-11-27,sh688012,23396.6807332104,23396.6807332104,0,6158.6419408292832,6158.6419408292832
2023-11-27,sh688019,13833.800897635365,13833.800897635365,0,7887.0016520155796,7887.0016520155796
2023-11-27,sz300054,12386.528925619914,12386.528925619914,0,27525.619834710746,27525.619834710746
2023-11-28,sh688012,-535.80184885216795,-535.80184885216795,0,6158.6419408292832,6158.6419408292832
2023-11-28,sh688019,-12429.914603576613,-12429.914603576613,0,7887.0016520155796,7887.0016520155796
2023-11-28,sz300054,0,0,0,27525.619834710746,27525.619834710746
2023-11-29,sh688012,2475.7740602133781,2475.7740602133781,0,6158.6419408292832,6158.6419408292832
2023-11-29,sh688019,13683.947866247026,13683.947866247026,0,7887.0016520155796,7887.0016520155796
2023-11-29,sh688041,3906.5717769800217,-0,3906.5717769800217,0,8635.9747487093955
2023-11-29,sz300054,5505.1239669421293,5505.1239669421293,0,27525.619834710746,27525.619834710746
2023-11-30,sh688012,12403.504868830238,12403.504868830238,0,6158.6419408292832,6158.6419408292832
2023-11-30,sh688019,-6175.522293528209,-6175.522293528209,0,7887.0016520155796,7887.0016520155796
2023-11-30,sh688041,10104.090455990008,10104.090455990008,0,8635.9747487093955,8635.9747487093955
2023-11-30,sz300054,-7156.6611570248369,-7156.6611570248369,0,27525.619834710746,27525.619834710746
2023-12-01,sh688012,-4904.9269380837632,-3639.7573870301567,-1265.1695510536063,6158.6419408292832,0
2023-12-01,sh688019,-10308.311159184379,-10308.311159184379,0,7887.0016520155796,7887.0016520155796
2023-12-01,sh688041,1122.6767173321821,1122.6767173321821,0,8635.9747487093955,8635.9747487093955
2023-12-01,sz300054,5780.3801652892798,5780.3801652892798,0,27525.619834710746,27525.619834710746
2023-12-04,sh688019,-10134.797122839993,-10134.797122839993,0,7887.0016520155796,7887.0016520155796
2023-12-04,sh688041,6995.1395464546304,6995.1395464546304,0,8635.9747487093955,8635.9747487093955
2023-12-04,sh688300,-5263.6691958939255,-0,-5263.6691958939255,0,16238.710953866206
2023-12-04,sz300054,-12937.041322314019,-12937.041322314019,0,27525.619834710746,27525.619834710746
2023-12-05,sh688019,-2162.3034810262898,-5386.8221283265839,3224.5186473002941,7887.0016520155796,0
2023-12-05,sh688041,1209.0364648193204,1209.0364648193204,0,8635.9747487093955,8635.9747487093955
2023-12-05,sh688300,-23854.666391229475,-23854.666391229475,0,16238.710953866206,16238.710953866206
2023-12-05,sz300054,-6881.4049586776864,-6881.4049586776864,0,27525.619834710746,27525.619834710746
2023-12-06,sh688041,23662.570811463698,23662.570811463698,0,8635.9747487093955,8635.9747487093955
2023-12-06,sh688300,-5115.1939504678185,-5115.1939504678185,0,16238.710953866206,16238.710953866206
2023-12-06,sz300054,-2202.0495867769105,-2202.0495867769105,0,27525.619834710746,27525.619834710746
2023-12-07,sh688041,-20985.418639363768,-20985.418639363768,0,8635.9747487093955,8635.9747487093955
2023-12-07,sh688300,-3004.1615264652851,-3004.1615264652851,0,16238.710953866206,16238.710953866206
2023-12-07,sz300054,-9083.4545454544987,-9083.4545454544987,0,27525.619834710746,27525.619834710746
2023-12-08,sh688041,62006.298695733392,62006.298695733392,0,8635.9747487093955,8635.9747487093955
2023-12-08,sh688300,26355.427878124814,26355.427878124814,0,16238.710953866206,16238.710953866206
2023-12-08,sz300054,-3027.8181818181665,-3027.8181818181665,0,27525.619834710746,27525.619834710746
2023-12-11,sh688041,16235.632527573624,16235.632527573624,0,8635.9747487093955,8635.9747487093955
2023-12-11,sh688300,-13737.949466970755,-13737.949466970755,0,16238.710953866206,16238.710953866206
2023-12-11,sz300054,25874.082644628037,25874.082644628037,0,27525.619834710746,27525.619834710746
2023-12-12,sh688008,4723.3479991226368,0,4723.3479991226368,0,10136.075813565383
2023-12-12,sh688041,-13385.760860499538,-13385.760860499538,0,8635.9747487093955,8635.9747487093955
2023-12-12,sh688300,-9239.8265327499139,-9239.8265327499139,0,16238.710953866206,16238.710953866206
2023-12-12,sz300054,2752.5619834711138,2752.5619834711138,0,27525.619834710746,27525.619834710746
2023-12-13,sh688008,-3851.7088091547994,-3851.7088091547994,0,10136.075813565383,10136.075813565383
2023-12-13,sh688041,-26080.64374110234,-26080.64374110234,0,8635.9747487093955,8635.9747487093955
2023-12-13,sh688300,503.40003956994838,503.40003956994838,0,16238.710953866206,16238.710953866206
2023-12-13,sz300054,-7431.9173553718892,-7431.9173553718892,0,27525.619834710746,27525.619834710746
2023-12-14,sh688008,14595.949171534128,14595.949171534128,0,10136.075813565383,10136.075813565383
2023-12-14,sh688041,-17703.748234854236,-17703.748234854236,0,8635.9747487093955,8635.9747487093955
2023-12-14,sh688300,-9743.226572319747,-9743.226572319747,0,16238.710953866206,16238.710953866206
2023-12-14,sz300054,-11560.76033057856,-11560.76033057856,0,27525.619834710746,27525.619834710746
2023-12-15,sh688008,-12264.651734414123,-12264.651734414123,0,10136.075813565383,10136.075813565383
2023-12-15,sh688041,-15199.31555772858,-15199.31555772858,0,8635.9747487093955,8635.9747487093955
2023-12-15,sh688300,-8005.684500256074,-8005.684500256074,0,16238.710953866206,16238.710953866206
2023-12-15,sz300054,-10734.991735537207,-10734.991735537207,0,27525.619834710746,27525.619834710746
2023-12-18,sh688008,-8919.7467159375628,-8919.7467159375628,0,10136.075813565383,10136.075813565383
2023-12-18,sh688041,12004.004900706064,12004.004900706064,0,8635.9747487093955,8635.9747487093955
2023-12-18,sh688300,-16612.201305805182,-16612.201305805182,0,16238.710953866206,16238.710953866206
2023-12-18,sz300054,-12386.528925619816,-12386.528925619816,0,27525.619834710746,27525.619834710746
2023-12-19,sh688008,2939.4619859340246,2939.4619859340246,0,10136.075813565383,10136.075813565383
2023-12-19,sh688041,7513.2980313772132,7513.2980313772132,0,8635.9747487093955,8635.9747487093955
2023-12-19,sh688300,2257.1808225874497,2257.1808225874497,0,16238.710953866206,16238.710953866206
2023-12-19,sz300054,-601.2716415084069,-7707.1735537190398,7105.9019122106329,27525.619834710746,1196.6724662896922
2023-12-20,sh688008,-8007.4998927167162,-8007.4998927167162,0,10136.075813565383,10136.075813565383
2023-12-20,sh688041,-13644.84010296083,-13644.84010296083,0,8635.9747487093955,8635.9747487093955
2023-12-20,sh688300,-7632.1941483170986,-7632.1941483170986,0,16238.710953866206,16238.710953866206
2023-12-20,sz300054,24.327319708005774,-227.3677685950388,251.69508830304457,1196.6724662896922,0
2023-12-21,sh688008,11251.044153057641,11251.044153057641,0,10136.075813565383,10136.075813565383
2023-12-21,sh688041,22885.333084079826,22885.333084079826,0,8635.9747487093955,8635.9747487093955
2023-12-21,sh688300,9369.7362203807716,9369.7362203807716,0,16238.710953866206,16238.710953866206
2023-12-22,sh688008,-12771.455525092435,-12771.455525092435,0,10136.075813565383,10136.075813565383
2023-12-22,sh688041,-16062.91303259947,-16062.91303259947,0,8635.9747487093955,8635.9747487093955
2023-12-22,sh688300,-16108.801266235234,-16108.801266235234,0,16238.710953866206,16238.710953866206
2023-12-25,sh688008,-19765.347836452453,-19765.347836452453,0,10136.075813565383,10136.075813565383
2023-12-25,sh688041,-23317.131821515391,-23317.131821515391,0,8635.9747487093955,8635.9747487093955
2023-12-25,sh688300,-8492.8458288720776,-8492.8458288720776,0,16238.710953866206,16238.710953866206
2023-12-26,sh688008,-14900.031445941173,-14900.031445941173,0,10136.075813565383,10136.075813565383
2023-12-26,sh688041,-13903.919345422122,-13903.919345422122,0,8635.9747487093955,8635.9747487093955
2023-12-26,sh688300,-6998.8844211162923,-6998.8844211162923,0,16238.710953866206,16238.710953866206
2023-12-27,sh688008,1867.2850840521023,22400.727547979506,-20533.442463927404,10136.075813565383,0
2023-12-27,sh688041,-4490.7068693288511,-4490.7068693288511,0,8635.9747487093955,8635.9747487093955
2023-12-27,sh688300,4945.1845423734576,15995.130289558203,-11049.945747184745,16238.710953866206,2508.3434955863631
2023-12-28,sh688041,-1468.115707280612,-1468.115707280612,0,8635.9747487093955,8635.9747487093955
2023-12-28,sh688300,1276.5043779551513,1098.654451066833,177.84992688831832,2508.3434955863631,0
2023-12-29,sh688041,5786.1030816353095,5786.1030816353095,0,8635.9747487093955,8635.9747487093955
2024-01-02,sh688041,11917.645153218926,11917.645153218926,0,8635.9747487093955,8635.9747487093955
2024-01-03,sh688041,2677.1521720999322,2677.1521720999322,0,8635.9747487093955,8635.9747487093955
2024-01-04,sh688041,19258.223689621987,19258.223689621987,0,8635.9747487093955,8635.9747487093955
2024-01-05,sh688041,-27376.039953408799,-27376.039953408799,0,8635.9747487093955,8635.9747487093955
2024-01-08,sh688041,-28671.436165715135,-28671.436165715135,0,8635.9747487093955,8635.9747487093955
2024-01-09,sh688041,6563.3408090190624,6563.3408090190624,0,8635.9747487093955,8635.9747487093955
2024-01-10,sh688041,-5870.6355504794419,-10190.450203477023,4319.8146529975811,8635.9747487093955,0
2024-03-05,sh688498,-8528.8317832342527,-0,-8528.8317832342527,0,5233.9972521223253
2024-03-05,sh688535,4097.537584620185,-0,4097.537584620185,0,10212.390468330201
2024-03-06,sh688256,-13541.799293952092,-0,-13541.799293952092,0,5216.7745559828882
2024-03-06,sh688498,13189.673075348239,13189.673075348239,0,5233.9972521223253,5233.9972521223253
2024-03-06,sh688535,29564.870405815891,29564.870405815891,0,10212.390468330201,10212.390468330201
2024-03-06,sz002281,37511.961003666634,0,37511.961003666634,0,17241.614553723706
2024-03-07,sh688256,-19218.597464240946,-19218.597464240946,0,5216.7745559828882,5216.7745559828882
2024-03-07,sh688498,-46216.195736240123,-46216.195736240123,0,5233.9972521223253,5233.9972521223253
2024-03-07,sh688535,-33711.10093595794,-33711.10093595794,0,10212.390468330201,10212.390468330201
2024-03-07,sz002281,-42759.204093234737,-42759.204093234737,0,17241.614553723706,17241.614553723706
2024-03-08,sh688256,22473.86478717432,22473.86478717432,0,5216.7745559828882,5216.7745559828882
2024-03-08,sh688498,12769.706723264711,17345.46689353335,-4575.7601702686388,5233.9972521223253,0
2024-03-08,sh688535,61335.617152791187,61335.617152791187,0,10212.390468330201,10212.390468330201
2024-03-08,sz002281,61035.315520181903,61035.315520181903,0,17241.614553723706,17241.614553723706
2024-03-11,sh688256,29866.034333002004,29866.034333002004,0,5216.7745559828882,5216.7745559828882
2024-03-11,sh688535,17401.913358034668,17401.913358034668,0,10212.390468330201,10212.390468330201
2024-03-11,sz002281,67242.296759522433,67242.296759522433,0,17241.614553723706,17241.614553723706
2024-03-12,sh688256,-34628.949502614436,-34628.949502614436,0,5216.7745559828882,5216.7745559828882
2024-03-12,sh688535,-6832.0892233128734,-6832.0892233128734,0,10212.390468330201,10212.390468330201
2024-03-12,sz002281,-37931.552018192204,-37931.552018192204,0,17241.614553723706,17241.614553723706
2024-03-13,sh688256,5884.5216991486986,5884.5216991486986,0,5216.7745559828882,5216.7745559828882
2024-03-13,sh688535,-13061.647408994362,-13061.647408994362,0,10212.390468330201,10212.390468330201
2024-03-13,sz002281,15993.143754158515,-22758.931210915176,38752.074965073691,17241.614553723706,0
2024-03-14,sh688256,3500.4557270645519,3500.4557270645519,0,5216.7745559828882,5216.7745559828882
2024-03-14,sh688535,-24305.489314625906,-24305.489314625906,0,10212.390468330201,10212.390468330201
2024-03-15,sh688012,-9189.5292806625439,-0,-9189.5292806625439,0,12446.365022022072
2024-03-15,sh688256,-3677.8260619679272,-3677.8260619679272,0,5216.7745559828882,5216.7745559828882
2024-03-15,sh688535,-970.17709449135748,-970.17709449135748,0,10212.390468330201,10212.390468330201
2024-03-18,sh688012,37675.146921660649,37675.146921660649,0,12446.365022022072,12446.365022022072
2024-03-18,sh688256,82560.674122985147,82560.674122985147,0,5216.7745559828882,5216.7745559828882
2024-03-18,sh688535,26797.3125888984,26797.3125888984,0,10212.390468330201,10212.390468330201
2024-03-19,sh688012,-12608.167767308247,-12608.167767308247,0,12446.365022022072,12446.365022022072
2024-03-19,sh688256,-30179.04080636099,-30179.04080636099,0,5216.7745559828882,5216.7745559828882
2024-03-19,sh688535,-17544.886824591249,-17544.886824591249,0,10212.390468330201,10212.390468330201
2024-03-20,sh688012,6683.6980168257523,6683.6980168257523,0,12446.365022022072,12446.365022022072
2024-03-20,sh688256,-4027.3499572188189,-4027.3499572188189,0,5216.7745559828882,5216.7745559828882
2024-03-20,sh688535,14368.833388940557,14368.833388940557,0,10212.390468330201,10212.390468330201
2024-03-21,sh688012,12608.167767308423,12608.167767308423,0,12446.365022022072,12446.365022022072
2024-03-21,sh688256,-17679.648970225986,-17679.648970225986,0,5216.7745559828882,5216.7745559828882
2024-03-21,sh688535,3727.5225209405435,3727.5225209405435,0,10212.390468330201,10212.390468330201
2024-03-22,sh688012,24394.875443163182,24394.875443163182,0,12446.365022022072,12446.365022022072
2024-03-22,sh688256,3849.9796223153689,3849.9796223153689,0,5216.7745559828882,5216.7745559828882
2024-03-22,sh688535,-19475.028623105656,-19475.028623105656,0,10212.390468330201,10212.390468330201
2024-03-25,sh688012,-17462.250125896862,-17462.250125896862,0,12446.365022022072,12446.365022022072
2024-03-25,sh688256,5498.4803820059751,5498.4803820059751,0,5216.7745559828882,5216.7745559828882
2024-03-25,sh688535,-47518.252849140481,-47518.252849140481,0,10212.390468330201,10212.390468330201
2024-03-26,sh688012,-32833.510928094292,-32833.510928094292,0,12446.365022022072,12446.365022022072
2024-03-26,sh688256,-35995.744436281959,-35995.744436281959,0,5216.7745559828882,5216.7745559828882
2024-03-26,sh688535,-20302.232251040434,-20302.232251040434,0,10212.390468330201,10212.390468330201
2024-03-27,sh688012,-16703.021859553606,-16703.021859553606,0,12446.365022022072,12446.365022022072
2024-03-27,sh688256,-12009.015027872569,-12009.015027872569,0,5216.7745559828882,5216.7745559828882
2024-03-27,sh688535,-54432.041196199956,-54432.041196199956,0,10212.390468330201,10212.390468330201
2024-03-28,sh688012,-12782.416877616681,-12782.416877616681,0,12446.365022022072,12446.365022022072
2024-03-28,sh688256,33225.637147055015,33225.637147055015,0,5216.7745559828882,5216.7745559828882
2024-03-28,sh688535,-882.15081519429623,8425.2221363724439,-9307.3729515667401,10212.390468330201,0
2024-03-29,sh688012,336.05185559460864,336.05185559460864,0,12446.365022022072,12446.365022022072
2024-03-29,sh688256,-18206.543200380253,-18206.543200380253,0,5216.7745559828882,5216.7745559828882
2024-04-01,sh688012,20461.824096204353,20461.824096204353,0,12446.365022022072,12446.365022022072
2024-04-01,sh688256,3923.0144660991077,3923.0144660991077,0,5216.7745559828882,5216.7745559828882
2024-04-02,sh688012,-18370.834772504568,-18370.834772504568,0,12446.365022022072,12446.365022022072
2024-04-02,sh688256,-12953.251222505532,-12953.251222505532,0,5216.7745559828882,5216.7745559828882
2024-04-03,sh688012,4505.584137971925,4505.584137971925,0,12446.365022022072,12446.365022022072
2024-04-03,sh688256,-30742.452458407162,-30742.452458407162,0,5216.7745559828882,5216.7745559828882
2024-04-08,sh688012,-7430.4799181471044,-7430.4799181471044,0,12446.365022022072,12446.365022022072
2024-04-08,sh688256,-10955.226567564036,-10955.226567564036,0,5216.7745559828882,5216.7745559828882
2024-04-09,sh688012,-14873.406201316468,-14873.406201316468,0,12446.365022022072,12446.365022022072
2024-04-09,sh688256,-4940.2855045158094,-4940.2855045158094,0,5216.7745559828882,5216.7745559828882
2024-04-10,sh688012,-37003.043210471609,-37003.043210471609,0,12446.365022022072,12446.365022022072
2024-04-10,sh688256,-26151.690849142247,-26151.690849142247,0,5216.7745559828882,5216.7745559828882
2024-04-11,sh688012,-24133.501777700709,-24133.501777700709,0,12446.365022022072,12446.365022022072
2024-04-11,sh688256,21320.957610302081,21320.957610302081,0,5216.7745559828882,5216.7745559828882
2024-04-12,sh688012,2117.2943646883432,-12035.634976295327,14152.92934098367,12446.365022022072,0
2024-04-12,sh688256,8832.3340584531434,14074.857752041871,-5242.5236935887278,5216.7745559828882,0
2024-05-06,sz002371,-8085.7835833654399,-0,-8085.7835833654399,0,2315.5529511949376
2024-05-06,sz002409,-24236.010927234747,-0,-24236.010927234747,0,8810.869904732157
2024-05-06,sz300054,-6813.6449550252019,0,-6813.6449550252019,0,23495.798319327729
2024-05-07,sz002371,-2899.0722948960183,-2899.0722948960183,0,2315.5529511949376,2315.5529511949376
2024-05-07,sz002409,-14185.500546618769,-14185.500546618769,0,8810.869904732157,8810.869904732157
2024-05-07,sz300054,2114.6218487394922,2114.6218487394922,0,23495.798319327729,23495.798319327729
2024-05-08,sz002371,-7358.8272788975055,-7358.8272788975055,0,2315.5529511949376,2315.5529511949376
2024-05-08,sz002409,-6255.7176323598387,-6255.7176323598387,0,8810.869904732157,8810.869904732157
2024-05-08,sz300054,-12687.731092436954,-12687.731092436954,0,23495.798319327729,23495.798319327729
2024-05-09,sz002371,2093.2598678802151,2093.2598678802151,0,2315.5529511949376,2315.5529511949376
2024-05-09,sz002409,-792.97829142586158,-792.97829142586158,0,8810.869904732157,8810.869904732157
2024-05-09,sz300054,3054.4537815125814,3054.4537815125814,0,23495.798319327729,23495.798319327729
2024-05-10,sz002371,-27580.551201682905,-27580.551201682905,0,2315.5529511949376,2315.5529511949376
2024-05-10,sz002409,-10484.93518663131,-10484.93518663131,0,8810.869904732157,8810.869904732157
2024-05-10,sz300054,-5404.0336134453873,-5404.0336134453873,0,23495.798319327729,23495.798319327729
2024-05-13,sz002371,-10892.361082421005,-10892.361082421005,0,2315.5529511949376,2315.5529511949376
2024-05-13,sz002409,1321.630485709811,1321.630485709811,0,8810.869904732157,8810.869904732157
2024-05-13,sz300054,-469.91596638654454,-469.91596638654454,0,23495.798319327729,23495.798319327729
2024-05-14,sz002371,-514.05275516529559,-514.05275516529559,0,2315.5529511949376,2315.5529511949376
2024-05-14,sz002409,-8106.0003123535371,-8106.0003123535371,0,8810.869904732157,8810.869904732157
2024-05-14,sz300054,-8223.5294117646554,-8223.5294117646554,0,23495.798319327729,23495.798319327729
2024-05-15,sz002371,-2144.2020328064837,-2144.2020328064837,0,2315.5529511949376,2315.5529511949376
2024-05-15,sz002409,2378.9348742776474,2378.9348742776474,0,8810.869904732157,8810.869904732157
2024-05-15,sz300054,-469.91596638654454,-469.91596638654454,0,23495.798319327729,23495.798319327729
2024-05-16,sz002371,3035.6899190165796,3035.6899190165796,0,2315.5529511949376,2315.5529511949376
2024-05-16,sz002409,440.54349523664541,440.54349523664541,0,8810.869904732157,8810.869904732157
2024-05-16,sz300054,-3524.3697478992094,-3524.3697478992094,0,23495.798319327729,23495.798319327729
2024-05-17,sz002371,-2274.9760173717132,-1405.5406413753255,-869.43537599638785,2315.5529511949376,0
2024-05-17,sz002409,5110.3045447446357,5110.3045447446357,0,8810.869904732157,8810.869904732157
2024-05-17,sz300054,7988.5714285714248,7988.5714285714248,0,23495.798319327729,23495.798319327729
2024-05-20,sz002409,20176.892081836631,20176.892081836631,0,8810.869904732157,8810.869904732157
2024-05-20,sz300054,-939.83193277308908,-939.83193277308908,0,23495.798319327729,23495.798319327729
2024-05-21,sz002409,-6608.1524285491178,-6608.1524285491178,0,8810.869904732157,8810.869904732157
2024-05-21,sz300054,-10103.193277310917,-10103.193277310917,0,23495.798319327729,23495.798319327729
2024-05-22,sz002409,-16652.544119943781,-16652.544119943781,0,8810.869904732157,8810.869904732157
2024-05-22,sz300054,0,0,0,23495.798319327729,23495.798319327729
2024-05-23,sz002409,-12423.326565672311,-12423.326565672311,0,8810.869904732157,8810.869904732157
2024-05-23,sz300054,-3289.4117647058952,-3289.4117647058952,0,23495.798319327729,23495.798319327729
2024-05-24,sz002409,-10661.152584725918,-10661.152584725918,0,8810.869904732157,8810.869904732157
2024-05-24,sz300054,-7283.6974789915657,-7283.6974789915657,0,23495.798319327729,23495.798319327729
2024-05-27,sz002409,42820.827736998275,42820.827736998275,0,8810.869904732157,8810.869904732157
2024-05-27,sz300054,19266.554621848743,19266.554621848743,0,23495.798319327729,23495.798319327729
2024-05-28,sz002409,-5903.2828361705606,-5903.2828361705606,0,8810.869904732157,8810.869904732157
2024-05-28,sz300054,-14802.352941176528,-14802.352941176528,0,23495.798319327729,23495.798319327729
2024-05-29,sz002409,-7489.2394190223458,-7489.2394190223458,0,8810.869904732157,8810.869904732157
2024-05-29,sz300054,-8928.4033613445135,-8928.4033613445135,0,23495.798319327729,23495.798319327729
2024-05-30,sz002409,-176.21739809460809,-176.21739809460809,0,8810.869904732157,8810.869904732157
2024-05-30,sz300054,12217.815126050409,12217.815126050409,0,23495.798319327729,23495.798319327729
2024-05-31,sz002409,-2643.2609714196847,-2643.2609714196847,0,8810.869904732157,8810.869904732157
2024-05-31,sz300054,2114.6218487394922,2114.6218487394922,0,23495.798319327729,23495.798319327729
2024-06-03,sz002409,14802.261439950022,14802.261439950022,0,8810.869904732157,8810.869904732157
2024-06-03,sz300054,1879.6638655462616,1879.6638655462616,0,23495.798319327729,23495.798319327729
2024-06-04,sz002409,8458.4351085428789,8458.4351085428789,0,8810.869904732157,8810.869904732157
2024-06-04,sz300054,12687.731092436954,12687.731092436954,0,23495.798319327729,23495.798319327729
2024-06-05,sz002409,-5286.5219428393066,-5286.5219428393066,0,8810.869904732157,8810.869904732157
2024-06-05,sz300054,-1409.7478991596336,-1409.7478991596336,0,23495.798319327729,23495.798319327729
2024-06-06,sz002371,8443.0416240946324,0,8443.0416240946324,0,4359.4485888136405
2024-06-06,sz002409,-2731.369670466926,-2731.369670466926,0,8810.869904732157,8810.869904732157
2024-06-06,sz300054,8458.4873949579687,8458.4873949579687,0,23495.798319327729,23495.798319327729
2024-06-07,sz002371,-5327.2461755303057,-5327.2461755303057,0,4359.4485888136405,4359.4485888136405
2024-06-07,sz002409,-11542.239575199146,-11542.239575199146,0,8810.869904732157,8810.869904732157
2024-06-07,sz300054,-6813.7815126050209,-6813.7815126050209,0,23495.798319327729,23495.798319327729
2024-06-11,sz002371,27189.880848430654,27189.880848430654,0,4359.4485888136405,4359.4485888136405
2024-06-11,sz002409,13480.63095424021,13480.63095424021,0,8810.869904732157,8810.869904732157
2024-06-11,sz300054,14332.436974789902,14332.436974789902,0,23495.798319327729,23495.798319327729
2024-06-12,sz002371,-5715.2370999347131,-5715.2370999347131,0,4359.4485888136405,4359.4485888136405
2024-06-12,sz002409,7048.6959237857009,7048.6959237857009,0,8810.869904732157,8810.869904732157
2024-06-12,sz300054,-7753.6134453781942,-7753.6134453781942,0,23495.798319327729,23495.798319327729
2024-06-13,sz002371,10201.109697823933,10201.109697823933,0,4359.4485888136405,4359.4485888136405
2024-06-13,sz002409,13216.304857098236,13216.304857098236,0,8810.869904732157,8810.869904732157
2024-06-13,sz300054,0,0,0,23495.798319327729,23495.798319327729
2024-06-14,sz002371,-17437.794355254562,-17437.794355254562,0,4359.4485888136405,4359.4485888136405
2024-06-14,sz002409,5374.6306418866106,5374.6306418866106,0,8810.869904732157,8810.869904732157
2024-06-14,sz300054,-7518.65546218488,-7518.65546218488,0,23495.798319327729,23495.798319327729
2024-06-17,sz002371,34038.574581456996,34038.574581456996,0,4359.4485888136405,4359.4485888136405
2024-06-17,sz002409,9427.6307980634101,9427.6307980634101,0,8810.869904732157,8810.869904732157
2024-06-17,sz300054,704.87394957985862,704.87394957985862,0,23495.798319327729,23495.798319327729
2024-06-18,sz002371,1482.2125201965287,1482.2125201965287,0,4359.4485888136405,4359.4485888136405
2024-06-18,sz002409,-4229.2175542714076,-4229.2175542714076,0,8810.869904732157,8810.869904732157
2024-06-18,sz300054,-3994.2857142857538,-3994.2857142857538,0,23495.798319327729,23495.798319327729
2024-06-19,sz002371,-15981.738526590792,-15981.738526590792,0,4359.4485888136405,4359.4485888136405
2024-06-19,sz002409,-9339.5220990161069,-9339.5220990161069,0,8810.869904732157,8810.869904732157
2024-06-19,sz300054,5169.0756302521568,5169.0756302521568,0,23495.798319327729,23495.798319327729
2024-06-20,sz002371,5488.5457733164367,5488.5457733164367,0,4359.4485888136405,4359.4485888136405
2024-06-20,sz002409,2643.2609714196847,2643.2609714196847,0,8810.869904732157,8810.869904732157
2024-06-20,sz300054,-9163.3613445378269,-9163.3613445378269,0,23495.798319327729,23495.798319327729
2024-06-21,sz002371,-1421.180239953218,-1421.180239953218,0,4359.4485888136405,4359.4485888136405
2024-06-21,sz002409,11894.674371388362,11894.674371388362,0,8810.869904732157,8810.869904732157
2024-06-21,sz300054,1644.7058823529476,1644.7058823529476,0,23495.798319327729,23495.798319327729
2024-06-24,sz002371,-14242.31853965427,-14242.31853965427,0,4359.4485888136405,4359.4485888136405
2024-06-24,sz002409,-9691.9568952053232,-9691.9568952053232,0,8810.869904732157,8810.869904732157
2024-06-24,sz300054,-11512.941176470635,-11512.941176470635,0,23495.798319327729,23495.798319327729
2024-06-25,sz002371,-35712.602839561252,-35712.602839561252,0,4359.4485888136405,4359.4485888136405
2024-06-25,sz002409,-21939.066062783088,-21939.066062783088,0,8810.869904732157,8810.869904732157
2024-06-25,sz300054,-9398.3193277310584,-9398.3193277310584,0,23495.798319327729,23495.798319327729
2024-06-26,sz002371,15855.314517515213,15855.314517515213,0,4359.4485888136405,4359.4485888136405
2024-06-26,sz002409,7401.130719974979,7401.130719974979,0,8810.869904732157,8810.869904732157
2024-06-26,sz300054,24666.3345183731,43702.184873949562,-19035.850355576462,23495.798319327729,0
2024-06-27,sz002371,353.11533569385631,353.11533569385631,0,4359.4485888136405,4359.4485888136405
2024-06-27,sz002409,264.32609714197474,264.32609714197474,0,8810.869904732157,8810.869904732157
2024-06-28,sz002371,745.46570868709887,745.46570868709887,0,4359.4485888136405,4359.4485888136405
2024-06-28,sz002409,3876.7827580821918,3876.7827580821918,0,8810.869904732157,8810.869904732157
2024-07-01,sz002371,16047.130255423061,16047.130255423061,0,4359.4485888136405,4359.4485888136405
2024-07-01,sz002409,22908.261752303559,22908.261752303559,0,8810.869904732157,8810.869904732157
2024-07-02,sz002371,-22119.842139640466,-22119.842139640466,0,4359.4485888136405,4359.4485888136405
2024-07-02,sz002409,-12599.543963766982,-12599.543963766982,0,8810.869904732157,8810.869904732157
2024-07-03,sz002371,4359.4485888136405,4359.4485888136405,0,4359.4485888136405,4359.4485888136405
2024-07-03,sz002409,18590.935498984909,18590.935498984909,0,8810.869904732157,8810.869904732157
2024-07-04,sz002371,-5780.6288287668585,-5780.6288287668585,0,4359.4485888136405,4359.4485888136405
2024-07-04,sz002409,-7665.4568171170167,-7665.4568171170167,0,8810.869904732157,8810.869904732157
2024-07-05,sz002371,-7942.9153288184652,-7942.9153288184652,0,4359.4485888136405,4359.4485888136405
2024-07-05,sz002409,-5374.6306418866106,-5374.6306418866106,0,8810.869904732157,8810.869904732157
2024-07-08,sz002371,7328.2330777957804,7328.2330777957804,0,4359.4485888136405,4359.4485888136405
2024-07-08,sz002409,-969.19568952053226,-969.19568952053226,0,8810.869904732157,8810.869904732157
2024-07-09,sz002371,26448.774588332388,26448.774588332388,0,4359.4485888136405,4359.4485888136405
2024-07-09,sz002409,25375.305325628571,25375.305325628571,0,8810.869904732157,8810.869904732157
2024-07-10,sz002371,-16823.112104231877,-16823.112104231877,0,4359.4485888136405,4359.4485888136405
2024-07-10,sz002409,-7753.565516164258,-7753.565516164258,0,8810.869904732157,8810.869904732157
2024-07-11,sz002371,-20376.062704114986,-20376.062704114986,0,4359.4485888136405,4359.4485888136405
2024-07-11,sz002409,12070.891769483094,12070.891769483094,0,8810.869904732157,8810.869904732157
2024-07-12,sz002371,49405.630857024982,49405.630857024982,0,4359.4485888136405,4359.4485888136405
2024-07-12,sz002409,11013.587380915196,11013.587380915196,0,8810.869904732157,8810.869904732157
2024-07-15,sz002371,20280.154835161124,20280.154835161124,0,4359.4485888136405,4359.4485888136405
2024-07-15,sz002409,-6872.4785256910927,-6872.4785256910927,0,8810.869904732157,8810.869904732157
2024-07-16,sh688120,7056.9555061424371,0,7056.9555061424371,0,4306.6902843527605
2024-07-16,sh688300,-822.34921927986113,-0,-822.34921927986113,0,6856.1388318531526
2024-07-16,sz002371,41074.724603802111,41074.724603802111,0,4359.4485888136405,4359.4485888136405
2024-07-16,sz002409,12070.891769482971,12070.891769482971,0,8810.869904732157,8810.869904732157
2024-07-17,sh688120,3432.4321566291374,3432.4321566291374,0,4306.6902843527605,4306.6902843527605
2024-07-17,sh688300,-7644.594797516279,-7644.594797516279,0,6856.1388318531526,6856.1388318531526
2024-07-17,sz002371,95.907868953862419,95.907868953862419,0,4359.4485888136405,4359.4485888136405
2024-07-17,sz002409,-34450.501327502701,-34450.501327502701,0,8810.869904732157,8810.869904732157
2024-07-18,sh688120,14061.343778411765,14061.343778411765,0,4306.6902843527605,4306.6902843527605
2024-07-18,sh688300,102.84208247780118,102.84208247780118,0,6856.1388318531526,6856.1388318531526
2024-07-18,sz002371,26030.267523806138,26030.267523806138,0,4359.4485888136405,4359.4485888136405
2024-07-18,sz002409,2643.2609714196219,2643.2609714196219,0,8810.869904732157,8810.869904732157
2024-07-19,sh688120,-4259.3166912248989,-4259.3166912248989,0,4306.6902843527605,4306.6902843527605
2024-07-19,sh688300,1899.1504564233303,1899.1504564233303,0,6856.1388318531526,6856.1388318531526
2024-07-19,sz002371,-2131.7703599297652,-2131.7703599297652,0,4359.4485888136405,4359.4485888136405
2024-07-19,sz002409,-4229.2175542713449,-4229.2175542713449,0,8810.869904732157,8810.869904732157
2024-07-22,sh688120,-1244.6334921779542,-1244.6334921779542,0,4306.6902843527605,4306.6902843527605
2024-07-22,sh688300,843.30507631796968,843.30507631796968,0,6856.1388318531526,6856.1388318531526
2024-07-22,sz002371,-5135.4304376224563,-5135.4304376224563,0,4359.4485888136405,4359.4485888136405
2024-07-22,sz002409,-528.65219428394948,-528.65219428394948,0,8810.869904732157,8810.869904732157
2024-07-23,sh688120,-13643.594820829512,-13643.594820829512,0,4306.6902843527605,4306.6902843527605
2024-07-23,sh688300,-17085.497968978088,-17085.497968978088,0,6856.1388318531526,6856.1388318531526
2024-07-23,sz002371,-57610.113101172275,-57610.113101172275,0,4359.4485888136405,4359.4485888136405
2024-07-23,sz002409,-33569.414337029535,-33569.414337029535,0,8810.869904732157,8810.869904732157
2024-07-24,sh688120,-6554.7826127849257,-6554.7826127849257,0,4306.6902843527605,4306.6902843527605
2024-07-24,sh688300,-4799.2971822971776,-4799.2971822971776,0,6856.1388318531526,6856.1388318531526
2024-07-24,sz002371,-9943.9022310839391,-9943.9022310839391,0,4359.4485888136405,4359.4485888136405
2024-07-24,sz002409,-23084.479150398231,-23084.479150398231,0,8810.869904732157,8810.869904732157
2024-07-25,sh688120,-891.48488886102461,-891.48488886102461,0,4306.6902843527605,4306.6902843527605
2024-07-25,sh688300,-9495.7522821166513,-9495.7522821166513,0,6856.1388318531526,6856.1388318531526
2024-07-25,sz002371,-11269.174602083172,-11269.174602083172,0,4359.4485888136405,4359.4485888136405
2024-07-25,sz002409,-2922.2702035161274,-15242.804935186667,12320.534731670539,8810.869904732157,0
2024-07-26,sh688120,4633.9987459635722,4633.9987459635722,0,4306.6902843527605,4306.6902843527605
2024-07-26,sh688300,843.06976759981126,3640.6097197140157,-2797.5399521142044,6856.1388318531526,0
2024-07-26,sz002371,9525.3951665578152,9525.3951665578152,0,4359.4485888136405,4359.4485888136405
2024-07-29,sh688120,-4052.5955575759585,-4052.5955575759585,0,4306.6902843527605,4306.6902843527605
2024-07-29,sz002371,8814.805046581143,8814.805046581143,0,4359.4485888136405,4359.4485888136405
2024-07-30,sh688120,7278.3065805561555,7278.3065805561555,0,4306.6902843527605,4306.6902843527605
2024-07-30,sz002371,4389.9647289353579,4389.9647289353579,0,4359.4485888136405,4359.4485888136405
2024-07-31,sh688120,14970.055428410191,14970.055428410191,0,4306.6902843527605,4306.6902843527605
2024-07-31,sz002371,21186.920141634229,21186.920141634229,0,4359.4485888136405,4359.4485888136405
2024-08-01,sh688120,5435.0431388531861,5435.0431388531861,0,4306.6902843527605,4306.6902843527605
2024-08-01,sz002371,8492.2058510090046,8492.2058510090046,0,4359.4485888136405,4359.4485888136405
2024-08-02,sh688120,-7752.0425118349567,-7752.0425118349567,0,4306.6902843527605,4306.6902843527605
2024-08-02,sz002371,-26801.889924026244,-26801.889924026244,0,4359.4485888136405,4359.4485888136405
2024-08-05,sh688120,-12924.377543342594,-12924.377543342594,0,4306.6902843527605,4306.6902843527605
2024-08-05,sz002371,-45630.348379112431,-45630.348379112431,0,4359.4485888136405,4359.4485888136405
2024-08-06,sh688120,7674.5220867166045,7674.5220867166045,0,4306.6902843527605,4306.6902843527605
2024-08-06,sz002371,-3840.6742067448181,-3840.6742067448181,0,4359.4485888136405,4359.4485888136405
2024-08-07,sh688120,-4448.811063736407,-4448.811063736407,0,4306.6902843527605,4306.6902843527605
2024-08-07,sz002371,-8269.8739729794379,-8269.8739729794379,0,4359.4485888136405,4359.4485888136405
2024-08-08,sh688120,7381.6671473806255,7381.6671473806255,0,4306.6902843527605,4306.6902843527605
2024-08-08,sz002371,-11600.855026740508,6299.4032108356805,-17900.258237576189,4359.4485888136405,0
2024-08-09,sh688120,-4216.2497883813494,-4216.2497883813494,0,4306.6902843527605,4306.6902843527605
2024-08-12,sh688120,1386.7542715616007,1386.7542715616007,0,4306.6902843527605,4306.6902843527605
2024-08-13,sh688120,-2958.6962253503361,-2958.6962253503361,0,4306.6902843527605,4306.6902843527605
2024-08-14,sh688120,-5189.5617926451305,-5189.5617926451305,0,4306.6902843527605,4306.6902843527605
2024-08-15,sh688120,-1838.9567514185965,-1838.9567514185965,0,4306.6902843527605,4306.6902843527605
2024-08-16,sh688120,701.9905163494858,701.9905163494858,0,4306.6902843527605,4306.6902843527605
2024-08-19,sh688120,-11951.065539078903,-11951.065539078903,0,4306.6902843527605,4306.6902843527605
2024-08-20,sh688120,-4776.1195253472188,-4776.1195253472188,0,4306.6902843527605,4306.6902843527605
2024-08-21,sh688120,-543.30426450401956,1507.3415995234723,-2050.6458640274918,4306.6902843527605,0
2024-11-15,sh688361,-63668.300837047158,-0,-63668.300837047158,0,9954
2024-11-15,sz300666,-32091.95428128666,-0,-32091.95428128666,0,13116.823831696469
2024-11-18,sh688361,39517.37999999999,39517.37999999999,0,9954,9954
2024-11-18,sz300666,-20593.413415763367,-20593.413415763367,0,13116.823831696469,13116.823831696469
2024-11-19,sh688361,16025.939999999995,16025.939999999995,0,9954,9954
2024-11-19,sz300666,10231.122588723261,10231.122588723261,0,13116.823831696469,13116.823831696469
2024-11-20,sh688361,3085.7400000000225,3085.7400000000225,0,9954,9954
2024-11-20,sz300666,1705.1870981204813,1705.1870981204813,0,13116.823831696469,13116.823831696469
2024-11-21,sh688361,19908,19908,0,9954,9954
2024-11-21,sz300666,18232.3851260581,18232.3851260581,0,13116.823831696469,13116.823831696469
2024-11-22,sh688361,-47679.659999999923,-47679.659999999923,0,9954,9954
2024-11-22,sz300666,-63485.427345410957,-63485.427345410957,0,13116.823831696469,13116.823831696469
2024-11-25,sh688361,5455.4835521592649,2687.5799999999604,2767.9035521593041,9954,0
2024-11-25,sz300666,24921.965280223365,24921.965280223365,0,13116.823831696469,13116.823831696469
2024-11-26,sz300666,-19019.394555959916,-19019.394555959916,0,13116.823831696469,13116.823831696469
2024-11-27,sz300666,21642.759322299247,21642.759322299247,0,13116.823831696469,13116.823831696469
2024-11-28,sz300666,-13772.665023281441,-13772.665023281441,0,13116.823831696469,13116.823831696469
2024-11-29,sz300666,46040.051649254674,46040.051649254674,0,13116.823831696469,13116.823831696469
2024-12-02,sh688019,1015.1708743757689,0,1015.1708743757689,0,10873.965284114021
2024-12-02,sz300666,17051.870981205371,17051.870981205371,0,13116.823831696469,13116.823831696469
2024-12-03,sh688019,-4251.7204260884855,-4251.7204260884855,0,10873.965284114021,10873.965284114021
2024-12-03,sz300666,-7345.4213457500528,-7345.4213457500528,0,13116.823831696469,13116.823831696469
2024-12-04,sh688019,-9199.3746303605021,-9199.3746303605021,0,10873.965284114021,10873.965284114021
2024-12-04,sz300666,-22298.600513883848,-22298.600513883848,0,13116.823831696469,13116.823831696469
2024-12-05,sh688019,-23813.98397220968,-23813.98397220968,0,10873.965284114021,10873.965284114021
2024-12-05,sz300666,-4066.2153878259351,-4066.2153878259351,0,13116.823831696469,13116.823831696469
2024-12-06,sh688019,-2185.6670221070012,-2185.6670221070012,0,10873.965284114021,10873.965284114021
2024-12-06,sz300666,27414.161808245477,27414.161808245477,0,13116.823831696469,13116.823831696469
2024-12-09,sh688019,-14288.390383325748,-14288.390383325748,0,10873.965284114021,10873.965284114021
2024-12-09,sz300666,-35415.424345580315,-35415.424345580315,0,13116.823831696469,13116.823831696469
2024-12-10,sh688019,6752.732441434754,6752.732441434754,0,10873.965284114021,10873.965284114021
2024-12-10,sz300666,17970.048649424036,17970.048649424036,0,13116.823831696469,13116.823831696469
2024-12-11,sh688019,-5469.6045379093539,-5469.6045379093539,0,10873.965284114021,10873.965284114021
2024-12-11,sz300666,2229.8600513884221,2229.8600513884221,0,13116.823831696469,13116.823831696469
2024-12-12,sh688019,12940.018688095661,12940.018688095661,0,10873.965284114021,10873.965284114021
2024-12-12,sz300666,6033.7389625804799,6033.7389625804799,0,13116.823831696469,13116.823831696469
2024-12-13,sh688019,-12298.45473633296,-12298.45473633296,0,10873.965284114021,10873.965284114021
2024-12-13,sz300666,-23347.946420419728,-23347.946420419728,0,13116.823831696469,13116.823831696469
2024-12-16,sh688019,-36036.320951553789,-36036.320951553789,0,10873.965284114021,10873.965284114021
2024-12-16,sz300666,-28201.171238147483,-28201.171238147483,0,13116.823831696469,13116.823831696469
2024-12-17,sh688019,-3795.0138841558341,-3795.0138841558341,0,10873.965284114021,10873.965284114021
2024-12-17,sz300666,-8263.5990139687165,-8263.5990139687165,0,13116.823831696469,13116.823831696469
2024-12-18,sh688019,142.975773181558,7916.2467268349474,-7773.2709536533894,10873.965284114021,0
2024-12-18,sz300666,19150.562794276764,19150.562794276764,0,13116.823831696469,13116.823831696469
2024-12-19,sz300666,7083.0848691161755,7083.0848691161755,0,13116.823831696469,13116.823831696469
2024-12-20,sz300666,26102.479425075908,26102.479425075908,0,13116.823831696469,13116.823831696469
2024-12-23,sz300666,-19806.403985861547,-19806.403985861547,0,13116.823831696469,13116.823831696469
2024-12-24,sz300666,11149.300256941924,11149.300256941924,0,13116.823831696469,13116.823831696469
2024-12-25,sh601869,11227.064711064555,0,11227.064711064555,0,25371.264329176051
2024-12-25,sz300666,-23610.282897053607,-23610.282897053607,0,13116.823831696469,13116.823831696469
2024-12-26,sh601869,38056.896493764078,38056.896493764078,0,25371.264329176051,25371.264329176051
2024-12-26,sz300666,17051.870981205371,17051.870981205371,0,13116.823831696469,13116.823831696469
2024-12-27,sh601869,-18267.310317006726,-18267.310317006726,0,25371.264329176051,25371.264329176051
2024-12-27,sz300666,-11149.300256941924,-11149.300256941924,0,13116.823831696469,13116.823831696469
2024-12-30,sh601869,5327.9655091269024,5327.9655091269024,0,25371.264329176051,25371.264329176051
2024-12-30,sh688008,-1839.711057720494,-0,-1839.711057720494,0,967.87405072956733
2024-12-30,sh688535,-1256.7328676967591,-0,-1256.7328676967591,0,1307.5015251511286
2024-12-30,sz300666,-3279.2059579241172,-3279.2059579241172,0,13116.823831696469,13116.823831696469
2024-12-31,sh601869,-47951.689582142659,-47951.689582142659,0,25371.264329176051,25371.264329176051
2024-12-31,sh688008,-3184.3056269002686,-3184.3056269002686,0,967.87405072956733,967.87405072956733
2024-12-31,sh688535,-4076.7897554212218,-4076.7897554212218,0,1307.5015251511286,1307.5015251511286
2024-12-31,sz300666,-43285.518644598495,-43285.518644598495,0,13116.823831696469,13116.823831696469
2025-01-02,sh601869,-34758.632130971215,-34758.632130971215,0,25371.264329176051,25371.264329176051
2025-01-02,sh688008,-1906.7118799372465,-1906.7118799372465,0,967.87405072956733,967.87405072956733
2025-01-02,sh688535,4182.6973789584581,4182.6973789584581,0,1307.5015251511286,1307.5015251511286
2025-01-02,sz300666,-53778.977709955449,-53778.977709955449,0,13116.823831696469,13116.823831696469
2025-01-03,sh601869,-21058.149393216168,-21058.149393216168,0,25371.264329176051,25371.264329176051
2025-01-03,sh688008,-396.82836079911931,-396.82836079911931,0,967.87405072956733,967.87405072956733
2025-01-03,sh688535,-336.02789196383731,-336.02789196383731,0,1307.5015251511286,1307.5015251511286
2025-01-03,sz300666,4661.9676166568788,-20724.581654080397,25386.549270737276,13116.823831696469,0
2025-01-06,sh601869,-1014.8505731670203,-1014.8505731670203,0,25371.264329176051,25371.264329176051
2025-01-06,sh688008,-312.80502934412789,-1558.2772216746098,1245.4721923304819,967.87405072956733,0
2025-01-06,sh688535,-3395.5814608174828,-3395.5814608174828,0,1307.5015251511286,1307.5015251511286
2025-01-07,sh601869,-3741.668051636203,28923.241335260711,-32664.909386896914,25371.264329176051,0
2025-01-07,sh688535,3165.4611923908815,3165.4611923908815,0,1307.5015251511286,1307.5015251511286
2025-01-08,sh688535,2069.7749143142346,2069.7749143142346,0,1307.5015251511286,1307.5015251511286
2025-01-09,sh688535,230.12026842660117,230.12026842660117,0,1307.5015251511286,1307.5015251511286
2025-01-10,sh688535,-1566.3868271310525,-1566.3868271310525,0,1307.5015251511286,1307.5015251511286
2025-01-13,sh688535,831.57096999612145,831.57096999612145,0,1307.5015251511286,1307.5015251511286
2025-01-14,sh688535,5111.0234618157601,5111.0234618157601,0,1307.5015251511286,1307.5015251511286
2025-01-15,sh688535,79.757593034218772,79.757593034218772,0,1307.5015251511286,1307.5015251511286
2025-01-16,sh688300,5354.2828892447424,0,5354.2828892447424,0,20028.14253192121
2025-01-16,sh688535,2847.7383217791544,2847.7383217791544,0,1307.5015251511286,1307.5015251511286
2025-01-17,sh688205,17759.561054222846,0,17759.561054222846,0,8839.5352190959748
2025-01-17,sh688300,48227.767216866298,48227.767216866298,0,20028.14253192121,20028.14253192121
2025-01-17,sh688535,1769.049563529479,1769.049563529479,0,1307.5015251511286,1307.5015251511286
2025-01-20,sh688205,20189.498440415133,20189.498440415133,0,8839.5352190959748,8839.5352190959748
2025-01-20,sh688300,-7390.3845942789221,-7390.3845942789221,0,20028.14253192121,20028.14253192121
2025-01-20,sh688535,273.26781875659003,273.26781875659003,0,1307.5015251511286,1307.5015251511286
2025-01-21,sh688205,5171.128103171216,5171.128103171216,0,8839.5352190959748,8839.5352190959748
2025-01-21,sh688300,-11876.688521429205,-11876.688521429205,0,20028.14253192121,20028.14253192121
2025-01-21,sh688535,-1060.3837368975653,-1060.3837368975653,0,1307.5015251511286,1307.5015251511286
2025-01-22,sh688205,100019.34100407093,100019.34100407093,0,8839.5352190959748,8839.5352190959748
2025-01-22,sh688300,-25876.360151242236,-25876.360151242236,0,20028.14253192121,20028.14253192121
2025-01-22,sh688535,-3148.4636725639193,-3148.4636725639193,0,1307.5015251511286,1307.5015251511286
2025-01-23,sh688205,-26111.987037209579,-26111.987037209579,0,8839.5352190959748,8839.5352190959748
2025-01-23,sh688300,-29421.341379392281,-29421.341379392281,0,20028.14253192121,20028.14253192121
2025-01-23,sh688535,-141.21016471632723,-141.21016471632723,0,1307.5015251511286,1307.5015251511286
2025-01-24,sh688205,38832.078217488626,38832.078217488626,0,8839.5352190959748,8839.5352190959748
2025-01-24,sh688300,22952.251341581723,22952.251341581723,0,20028.14253192121,20028.14253192121
2025-01-24,sh688535,-699.51331595584929,-699.51331595584929,0,1307.5015251511286,1307.5015251511286
2025-01-27,sh688205,-62760.700055581372,-62760.700055581372,0,8839.5352190959748,8839.5352190959748
2025-01-27,sh688300,-61786.819710976954,-61786.819710976954,0,20028.14253192121,20028.14253192121
2025-01-27,sh688535,-4067.6372447451668,-4067.6372447451668,0,1307.5015251511286,1307.5015251511286
2025-02-05,sh688205,-33584.316016546269,-80033.15187369498,46448.835857148712,8839.5352190959748,0
2025-02-05,sh688300,-53915.759695931898,-53915.759695931898,0,20028.14253192121,20028.14253192121
2025-02-05,sh688535,6544.0451333814017,6544.0451333814017,0,1307.5015251511286,1307.5015251511286
2025-02-06,sh688300,23573.123760071256,23573.123760071256,0,20028.14253192121,20028.14253192121
2025-02-06,sh688535,3085.7035993566628,3085.7035993566628,0,1307.5015251511286,1307.5015251511286
2025-02-07,sh688300,675.69316823174552,-921.29455646836311,1596.9877247001086,20028.14253192121,0
2025-02-07,sh688535,-785.80841661582713,-785.80841661582713,0,1307.5015251511286,1307.5015251511286
2025-02-10,sh688535,2112.9224646442235,2112.9224646442235,0,1307.5015251511286,1307.5015251511286
2025-02-11,sh688535,-5120.1759724918156,-5120.1759724918156,0,1307.5015251511286,1307.5015251511286
2025-02-12,sh688535,1123.1438101048125,1123.1438101048125,0,1307.5015251511286,1307.5015251511286
2025-02-13,sh688012,-17558.98586202956,-0,-17558.98586202956,0,3978.0063310357395
2025-02-13,sh688082,-14204.244597365219,-0,-14204.244597365219,0,5054.5202628802617
2025-02-13,sh688535,-3590.3991880649928,-3590.3991880649928,0,1307.5015251511286,1307.5015251511286
2025-02-14,sh688012,-214.81234187588154,-214.81234187588154,0,3978.0063310357395,3978.0063310357395
2025-02-14,sh688082,-6318.1503286003272,-6318.1503286003272,0,5054.5202628802617,5054.5202628802617
2025-02-14,sh688535,-115.06013421330059,-115.06013421330059,0,1307.5015251511286,1307.5015251511286
2025-02-17,sh688012,7184.2794338504791,7184.2794338504791,0,3978.0063310357395,3978.0063310357395
2025-02-17,sh688082,9603.5884994725257,9603.5884994725257,0,5054.5202628802617,5054.5202628802617
2025-02-17,sh688535,3033.4035383506189,3033.4035383506189,0,1307.5015251511286,1307.5015251511286
2025-02-18,sh688012,-1897.5090199040631,-1897.5090199040631,0,3978.0063310357395,3978.0063310357395
2025-02-18,sh688082,-5863.2435049411579,-5863.2435049411579,0,5054.5202628802617,5054.5202628802617
2025-02-18,sh688535,-2086.7724341412058,-2086.7724341412058,0,1307.5015251511286,1307.5015251511286
2025-02-19,sh688012,23414.545264476459,23414.545264476459,0,3978.0063310357395,3978.0063310357395
2025-02-19,sh688082,20976.259090953114,20976.259090953114,0,5054.5202628802617,5054.5202628802617
2025-02-19,sh688535,2281.5901613887254,2281.5901613887254,0,1307.5015251511286,1307.5015251511286
2025-02-20,sh688012,10223.476270761823,10223.476270761823,0,3978.0063310357395,3978.0063310357395
2025-02-20,sh688082,-2122.8985104097187,-2122.8985104097187,0,5054.5202628802617,5054.5202628802617
2025-02-20,sh688535,-2229.2901003826814,-2229.2901003826814,0,1307.5015251511286,1307.5015251511286
2025-02-21,sh688012,16715.582603012172,16715.582603012172,0,3978.0063310357395,3978.0063310357395
2025-02-21,sh688082,18499.544162141741,18499.544162141741,0,5054.5202628802617,5054.5202628802617
2025-02-21,sh688535,3803.5219366646411,3803.5219366646411,0,1307.5015251511286,1307.5015251511286
2025-02-24,sh688012,17992.522635274636,17992.522635274636,0,3978.0063310357395,3978.0063310357395
2025-02-24,sh688082,3588.7093866450259,3588.7093866450259,0,5054.5202628802617,5054.5202628802617
2025-02-24,sh688535,7091.8882724197119,7091.8882724197119,0,1307.5015251511286,1307.5015251511286
2025-02-25,sh688012,-12280.105543907284,-12280.105543907284,0,3978.0063310357395,3978.0063310357395
2025-02-25,sh688082,-505.45202628806925,-505.45202628806925,0,5054.5202628802617,5054.5202628802617
2025-02-25,sh688535,503.3880871831912,503.3880871831912,0,1307.5015251511286,1307.5015251511286
2025-02-26,sh688012,3576.2276916011333,3576.2276916011333,0,3978.0063310357395,3978.0063310357395
2025-02-26,sh688082,18651.179770028153,18651.179770028153,0,5054.5202628802617,5054.5202628802617
2025-02-26,sh688498,2873.909649592174,0,2873.909649592174,0,5063.3926673237856
2025-02-26,sh688535,-512.5405978592371,-512.5405978592371,0,1307.5015251511286,1307.5015251511286
2025-02-27,sh688012,-11560.086397989882,-11560.086397989882,0,3978.0063310357395,3978.0063310357395
2025-02-27,sh688082,-9755.2241073588684,-9755.2241073588684,0,5054.5202628802617,5054.5202628802617
2025-02-27,sh688498,-23873.896426431667,-23873.896426431667,0,5063.3926673237856,5063.3926673237856
2025-02-27,sh688535,-1388.5666197104954,-1388.5666197104954,0,1307.5015251511286,1307.5015251511286
2025-02-28,sh688012,-16659.890514377745,-16659.890514377745,0,3978.0063310357395,3978.0063310357395
2025-02-28,sh688082,-22037.708346157939,-22037.708346157939,0,5054.5202628802617,5054.5202628802617
2025-02-28,sh688498,-52922.580158868201,-52922.580158868201,0,5063.3926673237856,5063.3926673237856
2025-02-28,sh688535,-4880.9031933891683,-4880.9031933891683,0,1307.5015251511286,1307.5015251511286
2025-03-03,sh688012,-11452.680227051856,-11452.680227051856,0,3978.0063310357395,3978.0063310357395
2025-03-03,sh688082,-6318.1503286003272,-6318.1503286003272,0,5054.5202628802617,5054.5202628802617
2025-03-03,sh688498,1163.1825335583012,-556.97319340561353,1720.1557269639147,5063.3926673237856,0
2025-03-03,sh688535,-4041.48721424214,-4041.48721424214,0,1307.5015251511286,1307.5015251511286
2025-03-04,sh688012,2458.4079125800672,2458.4079125800672,0,3978.0063310357395,3978.0063310357395
2025-03-04,sh688082,7329.0543811763937,7329.0543811763937,0,5054.5202628802617,5054.5202628802617
2025-03-04,sh688535,18.305021352110302,18.305021352110302,0,1307.5015251511286,1307.5015251511286
2025-03-05,sh688012,4829.2996858773822,4829.2996858773822,0,3978.0063310357395,3978.0063310357395
2025-03-05,sh688082,-2527.2601314401309,-2527.2601314401309,0,5054.5202628802617,5054.5202628802617
2025-03-05,sh688535,1344.1115678553679,1344.1115678553679,0,1307.5015251511286,1307.5015251511286
2025-03-06,sh600206,14340.12743813958,0,14340.12743813958,0,23294.597665530422
2025-03-06,sh688012,35189.444004342164,35189.444004342164,0,3978.0063310357395,3978.0063310357395
2025-03-06,sh688082,26182.414961719718,26182.414961719718,0,5054.5202628802617,5054.5202628802617
2025-03-06,sh688535,-133.36515556542017,-133.36515556542017,0,1307.5015251511286,1307.5015251511286
2025-03-07,sh600206,-17936.840202458414,-17936.840202458414,0,23294.597665530422,23294.597665530422
2025-03-07,sh688012,-3281.85522310444,-3281.85522310444,0,3978.0063310357395,3978.0063310357395
2025-03-07,sh688082,-6621.4215443731546,-6621.4215443731546,0,5054.5202628802617,5054.5202628802617
2025-03-07,sh688535,-1635.6844079640589,-1635.6844079640589,0,1307.5015251511286,1307.5015251511286
2025-03-10,sh600206,6755.4333230038028,6755.4333230038028,0,23294.597665530422,23294.597665530422
2025-03-10,sh688012,-23120.172795979764,-23120.172795979764,0,3978.0063310357395,3978.0063310357395
2025-03-10,sh688082,-3891.9806024177815,-3891.9806024177815,0,5054.5202628802617,5054.5202628802617
2025-03-10,sh688535,1618.6868881370965,1618.6868881370965,0,1307.5015251511286,1307.5015251511286
2025-03-11,sh600206,-6755.4333230038028,-6755.4333230038028,0,23294.597665530422,23294.597665530422
2025-03-11,sh688012,-3472.7995269941625,-3472.7995269941625,0,3978.0063310357395,3978.0063310357395
2025-03-11,sh688082,-5357.7914786530891,-5357.7914786530891,0,5054.5202628802617,5054.5202628802617
2025-03-11,sh688535,-1715.4420009982775,-1715.4420009982775,0,1307.5015251511286,1307.5015251511286
2025-03-12,sh600206,1630.6218365871362,1630.6218365871362,0,23294.597665530422,23294.597665530422
2025-03-12,sh688012,-10251.322315079093,-10251.322315079093,0,3978.0063310357395,3978.0063310357395
2025-03-12,sh688082,-15921.738828072781,-15921.738828072781,0,5054.5202628802617,5054.5202628802617
2025-03-12,sh688535,228.81276690144378,228.81276690144378,0,1307.5015251511286,1307.5015251511286
2025-03-13,sh600206,-28652.35512860243,-28652.35512860243,0,23294.597665530422,23294.597665530422
2025-03-13,sh688012,-3122.7349698630419,-3122.7349698630419,0,3978.0063310357395,3978.0063310357395
2025-03-13,sh688082,-11574.851401995831,-11574.851401995831,0,5054.5202628802617,5054.5202628802617
2025-03-13,sh688535,-1123.1438101048218,-1123.1438101048218,0,1307.5015251511286,1307.5015251511286
2025-03-14,sh600206,1630.6218365871362,1630.6218365871362,0,23294.597665530422,23294.597665530422
2025-03-14,sh688012,12331.81962621077,12331.81962621077,0,3978.0063310357395,3978.0063310357395
2025-03-14,sh688082,13040.662278231066,13040.662278231066,0,5054.5202628802617,5054.5202628802617
2025-03-14,sh688535,372.63793466807647,372.63793466807647,0,1307.5015251511286,1307.5015251511286
2025-03-17,sh600206,4425.9735564508101,4425.9735564508101,0,23294.597665530422,23294.597665530422
2025-03-17,sh688012,-12307.951588224554,-12307.951588224554,0,3978.0063310357395,3978.0063310357395
2025-03-17,sh688082,-2830.5313472129583,-2830.5313472129583,0,5054.5202628802617,5054.5202628802617
2025-03-17,sh688535,794.96092729188229,794.96092729188229,0,1307.5015251511286,1307.5015251511286
2025-03-18,sh600206,1164.7298832765377,1164.7298832765377,0,23294.597665530422,23294.597665530422
2025-03-18,sh688012,11480.526271369126,11480.526271369126,0,3978.0063310357395,3978.0063310357395
2025-03-18,sh688082,3942.52580504661,3942.52580504661,0,5054.5202628802617,5054.5202628802617
2025-03-18,sh688535,319.03037213687509,319.03037213687509,0,1307.5015251511286,1307.5015251511286
2025-03-19,sh600206,-13743.812622662947,-13743.812622662947,0,23294.597665530422,23294.597665530422
2025-03-19,sh688012,-14416.294943673502,-14416.294943673502,0,3978.0063310357395,3978.0063310357395
2025-03-19,sh688082,-9856.3145126164527,-9856.3145126164527,0,5054.5202628802617,5054.5202628802617
2025-03-19,sh688535,-2352.1952437468794,-2352.1952437468794,0,1307.5015251511286,1307.5015251511286
2025-03-20,sh600206,-4658.919533106151,-4658.919533106151,0,23294.597665530422,23294.597665530422
2025-03-20,sh688012,-13083.66282277661,-13083.66282277661,0,3978.0063310357395,3978.0063310357395
2025-03-20,sh688082,-3790.8901971601963,-3790.8901971601963,0,5054.5202628802617,5054.5202628802617
2025-03-20,sh688535,-2732.6781875658539,-2732.6781875658539,0,1307.5015251511286,1307.5015251511286
2025-03-21,sh600206,-15840.32641256068,-15840.32641256068,0,23294.597665530422,23294.597665530422
2025-03-21,sh688012,-6567.688452539991,-6567.688452539991,0,3978.0063310357395,3978.0063310357395
2025-03-21,sh688082,-1410.9093417082422,-8542.1392442677025,7131.2299025594602,5054.5202628802617,0
2025-03-21,sh688535,-125.71562176273164,-2051.469892962124,1925.7542711993924,1307.5015251511286,0
2025-03-24,sh600206,-5357.7574630720073,-5357.7574630720073,0,23294.597665530422,23294.597665530422
2025-03-24,sh688012,-3905.1935483850643,-369.95458878633781,-3535.2389595987265,3978.0063310357395,0
2025-03-25,sh600206,944.11167605959554,-2329.4597665529927,3273.5714426125883,23294.597665530422,0
2025-05-12,sh688205,-14104.272974184829,0,-14104.272974184829,0,17568.711277055012
2025-05-13,sh688205,-4462.4526643720592,-4462.4526643720592,0,17568.711277055012,17568.711277055012
2025-05-14,sh688205,4181.3532839390846,4181.3532839390846,0,17568.711277055012,17568.711277055012
2025-05-15,sh688205,-60137.698701359215,-60137.698701359215,0,17568.711277055012,17568.711277055012
2025-05-16,sh688205,19870.212454349221,19870.212454349221,0,17568.711277055012,17568.711277055012
2025-05-19,sh688205,-17568.711277055012,-17568.711277055012,0,17568.711277055012,17568.711277055012
2025-05-20,sh688205,-5674.6937424887756,-5674.6937424887756,0,17568.711277055012,17568.711277055012
2025-05-21,sh688205,22839.324660171467,22839.324660171467,0,17568.711277055012,17568.711277055012
2025-05-22,sh688205,61631.039159909029,61631.039159909029,0,17568.711277055012,17568.711277055012
2025-05-23,sh688205,-18253.891016860183,-18253.891016860183,0,17568.711277055012,17568.711277055012
2025-05-26,sh688205,58117.296904497976,58117.296904497976,0,17568.711277055012,17568.711277055012
2025-05-27,sh688205,-21363.552912898915,-21363.552912898915,0,17568.711277055012,17568.711277055012
2025-05-28,sh688205,70960.024848025219,70960.024848025219,0,17568.711277055012,17568.711277055012
2025-05-29,sh688205,34188.712145149017,34188.712145149017,0,17568.711277055012,17568.711277055012
2025-05-30,sh688205,-57801.060101510971,-57801.060101510971,0,17568.711277055012,17568.711277055012
2025-06-03,sh688205,-39880.974598914807,-39880.974598914807,0,17568.711277055012,17568.711277055012
2025-06-04,sh688205,108574.63569219997,108574.63569219997,0,17568.711277055012,17568.711277055012
2025-06-05,sh688205,83802.752791552455,83802.752791552455,0,17568.711277055012,17568.711277055012
2025-06-06,sh688205,-58152.434327052251,-58152.434327052251,0,17568.711277055012,17568.711277055012
2025-06-09,sh688205,7554.5458491336503,7554.5458491336503,0,17568.711277055012,17568.711277055012
2025-06-10,sh688205,48313.956011901282,48313.956011901282,0,17568.711277055012,17568.711277055012
2025-06-11,sh688205,-21785.201983548126,-21785.201983548126,0,17568.711277055012,17568.711277055012
2025-06-12,sh688205,40056.661711685447,40056.661711685447,0,17568.711277055012,17568.711277055012
2025-06-13,sh688205,-8432.9814129864753,-8432.9814129864753,0,17568.711277055012,17568.711277055012
2025-06-16,sh688205,71680.342010384426,71680.342010384426,0,17568.711277055012,17568.711277055012
2025-06-17,sh688205,25123.257126188786,25123.257126188786,0,17568.711277055012,17568.711277055012
2025-06-18,sh688205,86086.685257569407,86086.685257569407,0,17568.711277055012,17568.711277055012
2025-06-19,sh688205,-13703.594796102929,-13703.594796102929,0,17568.711277055012,17568.711277055012
2025-06-20,sh688205,-151617.97832098466,-151617.97832098466,0,17568.711277055012,17568.711277055012
2025-06-20,sh688535,-2607.5947607127764,0,-2607.5947607127764,0,5516.9222333566522
2025-06-23,sh688205,-2031.2461330895312,-75018.397153024838,72987.151019935307,17568.711277055012,0
2025-06-23,sh688535,6007.9283121254257,6007.9283121254257,0,5516.9222333566522,5516.9222333566522
2025-06-24,sh688120,1795.5180877752275,0,1795.5180877752275,0,6097.47553816047
2025-06-24,sh688535,1042.6983021044075,1042.6983021044075,0,5516.9222333566522,5516.9222333566522
2025-06-25,sh688120,-756.08696673186921,-756.08696673186921,0,6097.47553816047,6097.47553816047
2025-06-25,sh688535,14327.447040027193,14327.447040027193,0,5516.9222333566522,5516.9222333566522
2025-06-25,sz002281,-7971.0543106998321,0,-7971.0543106998321,0,19900
2025-06-26,sh688120,-384.14095890412415,-384.14095890412415,0,6097.47553816047,6097.47553816047
2025-06-26,sh688535,-4474.2239312522443,-4474.2239312522443,0,5516.9222333566522,5516.9222333566522
2025-06-26,sz002281,14726.00000000004,14726.00000000004,0,19900,19900
2025-06-27,sh688120,3896.2868688846015,3896.2868688846015,0,6097.47553816047,6097.47553816047
2025-06-27,sh688535,11453.130556448414,11453.130556448414,0,5516.9222333566522,5516.9222333566522
2025-06-27,sz002281,1393.0000000000057,1393.0000000000057,0,19900,19900
2025-06-30,sh688120,8634.0253620352069,8634.0253620352069,0,6097.47553816047,6097.47553816047
2025-06-30,sh688535,1826.1012592410689,1826.1012592410689,0,5516.9222333566522,5516.9222333566522
2025-06-30,sz002281,15919.999999999944,15919.999999999944,0,19900,19900
2025-07-01,sh688120,439.01823874757048,439.01823874757048,0,6097.47553816047,6097.47553816047
2025-07-01,sh688535,-3619.1009850819573,-3619.1009850819573,0,5516.9222333566522,5516.9222333566522
2025-07-01,sz002281,-15323.000000000062,-15323.000000000062,0,19900,19900
2025-07-02,sh688120,-12237.633405088094,-12237.633405088094,0,6097.47553816047,6097.47553816047
2025-07-02,sh688535,-14515.022395961354,-14515.022395961354,0,5516.9222333566522,5516.9222333566522
2025-07-02,sz002281,-31441.999999999967,-31441.999999999967,0,19900,19900
2025-07-03,sh688120,-7829.1585909980804,-7829.1585909980804,0,6097.47553816047,6097.47553816047
2025-07-03,sh688535,750.30142373648084,750.30142373648084,0,5516.9222333566522,5516.9222333566522
2025-07-03,sz002281,19701.00000000004,19701.00000000004,0,19900,19900
2025-07-04,sh688120,16213.187455968726,16213.187455968726,0,6097.47553816047,6097.47553816047
2025-07-04,sh688535,259.29534496778552,259.29534496778552,0,5516.9222333566522,5516.9222333566522
2025-07-04,sz002281,-13730.999999999955,-13730.999999999955,0,19900,19900
2025-07-07,sh688120,1524.3688845401175,1524.3688845401175,0,6097.47553816047,6097.47553816047
2025-07-07,sh688535,336.53225623475549,336.53225623475549,0,5516.9222333566522,5516.9222333566522
2025-07-07,sz002281,-22487.000000000051,-22487.000000000051,0,19900,19900
2025-07-08,sh688120,-609.74755381601233,-609.74755381601233,0,6097.47553816047,6097.47553816047
2025-07-08,sh688535,-413.76916750176457,-413.76916750176457,0,5516.9222333566522,5516.9222333566522
2025-07-08,sz002281,21690.999999999927,21690.999999999927,0,19900,19900
2025-07-09,sh688120,390.23843444222712,390.23843444222712,0,6097.47553816047,6097.47553816047
2025-07-09,sh688535,-4176.3101306509743,-4176.3101306509743,0,5516.9222333566522,5516.9222333566522
2025-07-09,sz002281,-2188.9999999999886,-2188.9999999999886,0,19900,19900
2025-07-10,sh688120,-7365.7504500978384,-7365.7504500978384,0,6097.47553816047,6097.47553816047
2025-07-10,sh688535,187.57535593412021,187.57535593412021,0,5516.9222333566522,5516.9222333566522
2025-07-10,sz002281,-14526.999999999938,-14526.999999999938,0,19900,19900
2025-07-11,sh688120,7365.7504500978384,7365.7504500978384,0,6097.47553816047,6097.47553816047
2025-07-11,sh688535,-1158.5536690049016,-1158.5536690049016,0,5516.9222333566522,5516.9222333566522
2025-07-11,sz002281,-198.99999999996041,-198.99999999996041,0,19900,19900
2025-07-14,sh688120,-1957.2896477494985,-1957.2896477494985,0,6097.47553816047,6097.47553816047
2025-07-14,sh688535,336.53225623475549,336.53225623475549,0,5516.9222333566522,5516.9222333566522
2025-07-14,sz002281,6168.9999999999036,6168.9999999999036,0,19900,19900
2025-07-15,sh688120,3963.3590998043401,3963.3590998043401,0,6097.47553816047,6097.47553816047
2025-07-15,sh688535,-5522.4391555899956,-5522.4391555899956,0,5516.9222333566522,5516.9222333566522
2025-07-15,sz002281,40994.000000000044,40994.000000000044,0,19900,19900
2025-07-16,sh688120,-4359.6950097847566,-4359.6950097847566,0,6097.47553816047,6097.47553816047
2025-07-16,sh688535,-634.44605683602595,-634.44605683602595,0,5516.9222333566522,5516.9222333566522
2025-07-16,sz002281,-25472.000000000022,-25472.000000000022,0,19900,19900
2025-07-17,sh688120,-3792.6297847358119,-3792.6297847358119,0,6097.47553816047,6097.47553816047
2025-07-17,sh688535,485.48915653539075,485.48915653539075,0,5516.9222333566522,5516.9222333566522
2025-07-17,sz002281,36616.000000000065,36616.000000000065,0,19900,19900
2025-07-18,sh688120,1353.6395694715891,1353.6395694715891,0,6097.47553816047,6097.47553816047
2025-07-18,sh688535,1975.058159541665,1975.058159541665,0,5516.9222333566522,5516.9222333566522
2025-07-18,sz002281,-11144.000000000045,-11144.000000000045,0,19900,19900
2025-07-21,sh688120,-8280.3717808219426,-8280.3717808219426,0,6097.47553816047,6097.47553816047
2025-07-21,sh688535,-783.40295713662204,-783.40295713662204,0,5516.9222333566522,5516.9222333566522
2025-07-21,sz002281,-9154.0000000000164,-9154.0000000000164,0,19900,19900
2025-07-22,sh688120,3920.6767710371864,3920.6767710371864,0,6097.47553816047,6097.47553816047
2025-07-22,sh688535,11646.222834615877,11646.222834615877,0,5516.9222333566522,5516.9222333566522
2025-07-22,sz002281,-4179.0000000000173,-4179.0000000000173,0,19900,19900
2025-07-23,sh688120,20487.517808219174,20487.517808219174,0,6097.47553816047,6097.47553816047
2025-07-23,sh688535,-4887.9930987539701,-4887.9930987539701,0,5516.9222333566522,5516.9222333566522
2025-07-23,sz002281,-16915.000000000029,-16915.000000000029,0,19900,19900
2025-07-24,sh688120,-524.38289628179143,-524.38289628179143,0,6097.47553816047,6097.47553816047
2025-07-24,sh688535,8540.1956172360678,8540.1956172360678,0,5516.9222333566522,5516.9222333566522
2025-07-24,sz002281,2985.0000000001132,2985.0000000001132,0,19900,19900
2025-07-25,sh688120,1353.6395694716757,1353.6395694716757,0,6097.47553816047,6097.47553816047
2025-07-25,sh688535,3023.2733838794557,3023.2733838794557,0,5516.9222333566522,5516.9222333566522
2025-07-25,sz002281,8357.9999999998927,8357.9999999998927,0,19900,19900
2025-07-28,sh688120,-829.25667318988428,-829.25667318988428,0,6097.47553816047,6097.47553816047
2025-07-28,sh688535,-10780.066043978903,-10780.066043978903,0,5516.9222333566522,5516.9222333566522
2025-07-28,sz002281,95122.000000000029,95122.000000000029,0,19900,19900
2025-07-29,sh688120,4268.2328767123463,4268.2328767123463,0,6097.47553816047,6097.47553816047
2025-07-29,sh688535,855.12294617028738,855.12294617028738,0,5516.9222333566522,5516.9222333566522
2025-07-29,sz002281,-3581.9999999999945,-3581.9999999999945,0,19900,19900
2025-07-30,sh688120,-7231.605988258274,-7231.605988258274,0,6097.47553816047,6097.47553816047
2025-07-30,sh688535,-4628.697753786224,-4628.697753786224,0,5516.9222333566522,5516.9222333566522
2025-07-30,sz002281,-13929.999999999915,-13929.999999999915,0,19900,19900
2025-07-31,sh688120,-16999.76180039137,-16999.76180039137,0,6097.47553816047,6097.47553816047
2025-07-31,sh688535,1119.9352133713776,1119.9352133713776,0,5516.9222333566522,5516.9222333566522
2025-07-31,sz002281,4975,4975,0,19900,19900
2025-08-01,sh688120,-7237.7034637965498,-7237.7034637965498,0,6097.47553816047,6097.47553816047
2025-08-01,sh688535,-4402.5039422185791,-4402.5039422185791,0,5516.9222333566522,5516.9222333566522
2025-08-01,sz002281,-35621.000000000124,-35621.000000000124,0,19900,19900
2025-08-04,sh688120,-1609.7335420743384,-1609.7335420743384,0,6097.47553816047,6097.47553816047
2025-08-04,sh688535,4959.7130877876352,4959.7130877876352,0,5516.9222333566522,5516.9222333566522
2025-08-04,sz002281,-4975,-4975,0,19900,19900
2025-08-05,sh688120,261.0662953698602,2438.9902152642226,-2177.9239198943624,6097.47553816047,0
2025-08-05,sh688535,148.95690030059606,148.95690030059606,0,5516.9222333566522,5516.9222333566522
2025-08-05,sz002281,23681.000000000095,23681.000000000095,0,19900,19900
2025-08-06,sh688535,3470.144084781361,3470.144084781361,0,5516.9222333566522,5516.9222333566522
2025-08-06,sz002281,6368.0000000000055,6368.0000000000055,0,19900,19900
2025-08-07,sh601869,11961.768705499897,0,11961.768705499897,0,8895.5949601559041
2025-08-07,sh688535,4816.2731097203441,4816.2731097203441,0,5516.9222333566522,5516.9222333566522
2025-08-07,sz002281,-21890.000000000029,-21890.000000000029,0,19900,19900
2025-08-08,sh601869,17079.542323499289,17079.542323499289,0,8895.5949601559041,8895.5949601559041
2025-08-08,sh688535,0,0,0,5516.9222333566522,5516.9222333566522
2025-08-08,sz002281,-5969.9999999999436,-5969.9999999999436,0,19900,19900
2025-08-11,sh601869,-7294.3878673277804,-7294.3878673277804,0,8895.5949601559041,8895.5949601559041
2025-08-11,sh688535,-2615.0211386110345,-2615.0211386110345,0,5516.9222333566522,5516.9222333566522
2025-08-11,sz002281,16516.999999999967,16516.999999999967,0,19900,19900
2025-08-12,sh601869,9340.3747081636739,9340.3747081636739,0,8895.5949601559041,8895.5949601559041
2025-08-12,sh688535,22387.670422961295,22387.670422961295,0,5516.9222333566522,5516.9222333566522
2025-08-12,sz002281,22884.999999999971,22884.999999999971,0,19900,19900
2025-08-13,sh601869,11386.361548999568,11386.361548999568,0,8895.5949601559041,8895.5949601559041
2025-08-13,sh688535,-7127.863525496803,-7127.863525496803,0,5516.9222333566522,5516.9222333566522
2025-08-13,sz002281,19900,19900,0,19900,19900
2025-08-14,sh601869,-39852.265421498487,-39852.265421498487,0,8895.5949601559041,8895.5949601559041
2025-08-14,sh688535,-10073.899998109249,-10073.899998109249,0,5516.9222333566522,5516.9222333566522
2025-08-14,sz002281,-21691.000000000069,-21691.000000000069,0,19900,19900
2025-08-15,sh601869,4358.8415304764103,4358.8415304764103,0,8895.5949601559041,8895.5949601559041
2025-08-15,sh688535,10487.669165610976,10487.669165610976,0,5516.9222333566522,5516.9222333566522
2025-08-15,sz002281,7363.0000000000909,7363.0000000000909,0,19900,19900
2025-08-18,sh601869,18947.617265132099,18947.617265132099,0,8895.5949601559041,8895.5949601559041
2025-08-18,sh688535,27088.088165781184,27088.088165781184,0,5516.9222333566522,5516.9222333566522
2025-08-18,sz002281,35422.000000000022,35422.000000000022,0,19900,19900
2025-08-19,sh601869,34336.996546201786,34336.996546201786,0,8895.5949601559041,8895.5949601559041
2025-08-19,sh688535,-4667.3162094197478,-4667.3162094197478,0,5516.9222333566522,5516.9222333566522
2025-08-19,sz002281,18705.999999999956,18705.999999999956,0,19900,19900
2025-08-20,sh601869,20904.648156366387,20904.648156366387,0,8895.5949601559041,8895.5949601559041
2025-08-20,sh688535,22685.584223562564,22685.584223562564,0,5516.9222333566522,5516.9222333566522
2025-08-20,sz002281,109450,109450,0,19900,19900
2025-08-21,sh601869,-46168.137843209188,-46168.137843209188,0,8895.5949601559041,8895.5949601559041
2025-08-21,sh688535,-7795.4111157329316,-7795.4111157329316,0,5516.9222333566522,5516.9222333566522
2025-08-21,sz002281,-56516.000000000065,-56516.000000000065,0,19900,19900
2025-08-22,sh601869,-11085.601176320677,23039.590946803823,-34125.1921231245,8895.5949601559041,0
2025-08-22,sh688535,14029.533239425924,14029.533239425924,0,5516.9222333566522,5516.9222333566522
2025-08-22,sz002281,44974.000000000102,44974.000000000102,0,19900,19900
2025-08-25,sh688008,-2564.8851344535556,0,-2564.8851344535556,0,2517.2908315898562
2025-08-25,sh688249,-1951.5139345499756,0,-1951.5139345499756,0,9715
2025-08-25,sh688535,-4143.2085972507939,-4143.2085972507939,0,5516.9222333566522,5516.9222333566522
2025-08-25,sz002281,48356.999999999993,48356.999999999993,0,19900,19900
2025-08-26,sh688008,4078.0111471755786,4078.0111471755786,0,2517.2908315898562,2517.2908315898562
2025-08-26,sh688249,-4663.1999999999698,-4663.1999999999698,0,9715,9715
2025-08-26,sh688535,-14101.253228459589,-14101.253228459589,0,5516.9222333566522,5516.9222333566522
2025-08-26,sz002281,-19068.045874000174,28854.999999999916,-47923.04587400009,19900,0
2025-08-27,sh688008,11579.537825313324,11579.537825313324,0,2517.2908315898562,2517.2908315898562
2025-08-27,sh688037,-18360.614939175299,-0,-18360.614939175299,0,9349.5891169862425
2025-08-27,sh688249,-3400.2500000000136,-3400.2500000000136,0,9715,9715
2025-08-27,sh688535,2719.8426610448018,2719.8426610448018,0,5516.9222333566522,5516.9222333566522
2025-08-28,sh688008,23410.804733785655,23410.804733785655,0,2517.2908315898562,2517.2908315898562
2025-08-28,sh688037,42821.118155797107,42821.118155797107,0,9349.5891169862425,9349.5891169862425
2025-08-28,sh688249,15544.000000000015,15544.000000000015,0,9715,9715
2025-08-28,sh688535,21047.058320255615,21047.058320255615,0,5516.9222333566522,5516.9222333566522
2025-08-29,sh688008,13593.370490585237,13593.370490585237,0,2517.2908315898562,2517.2908315898562
2025-08-29,sh688037,-79751.995167892659,-79751.995167892659,0,9349.5891169862425,9349.5891169862425
2025-08-29,sh688249,-7966.3000000000029,-7966.3000000000029,0,9715,9715
2025-08-29,sh688535,44251.233233753708,44251.233233753708,0,5516.9222333566522,5516.9222333566522
2025-09-01,sh688008,3322.8238976985931,3322.8238976985931,0,2517.2908315898562,2517.2908315898562
2025-09-01,sh688037,33191.041365301135,33191.041365301135,0,9349.5891169862425,9349.5891169862425
2025-09-01,sh688249,5926.1499999999942,5926.1499999999942,0,9715,9715
2025-09-01,sh688535,-7497.4973151316608,-7497.4973151316608,0,5516.9222333566522,5516.9222333566522
2025-09-02,sh688008,-22202.505134622515,-22202.505134622515,0,2517.2908315898562,2517.2908315898562
2025-09-02,sh688037,-48524.367517158578,-48524.367517158578,0,9349.5891169862425,9349.5891169862425
2025-09-02,sh688249,-13406.69999999999,-13406.69999999999,0,9715,9715
2025-09-02,sh688535,-18658.230993212226,-18658.230993212226,0,5516.9222333566522,5516.9222333566522
2025-09-03,sh688008,-7325.3163199264727,-7325.3163199264727,0,2517.2908315898562,2517.2908315898562
2025-09-03,sh688037,28890.23037148752,28890.23037148752,0,9349.5891169862425,9349.5891169862425
2025-09-03,sh688249,-1262.9500000000248,-1262.9500000000248,0,9715,9715
2025-09-03,sh688535,-24362.728582502958,-24362.728582502958,0,5516.9222333566522,5516.9222333566522
2025-09-04,sh688008,-24266.683616526214,-24266.683616526214,0,2517.2908315898562,2517.2908315898562
2025-09-04,sh688037,-92560.932258163855,-92560.932258163855,0,9349.5891169862425,9349.5891169862425
2025-09-04,sh688249,-11269.400000000001,-11269.400000000001,0,9715,9715
2025-09-04,sh688535,-22277.331978294184,-22277.331978294184,0,5516.9222333566522,5516.9222333566522
2025-09-05,sh688008,2813.8341110455203,13996.137023639571,-11182.30291259405,2517.2908315898562,0
2025-09-05,sh688037,47028.433258440811,47028.433258440811,0,9349.5891169862425,9349.5891169862425
2025-09-05,sh688249,7577.7000000000107,7577.7000000000107,0,9715,9715
2025-09-05,sh688535,8805.0078844371983,8805.0078844371983,0,5516.9222333566522,5516.9222333566522
2025-09-08,sh603986,2727.627432762165,0,2727.627432762165,0,1607.445092443231
2025-09-08,sh688037,29825.189283186093,29825.189283186093,0,9349.5891169862425,9349.5891169862425
2025-09-08,sh688249,-2331.5999999999849,-2331.5999999999849,0,9715,9715
2025-09-08,sh688535,-1042.6983021043684,-1042.6983021043684,0,5516.9222333566522,5516.9222333566522
2025-09-09,sh603986,-10737.733217520794,-10737.733217520794,0,1607.445092443231,1607.445092443231
2025-09-09,sh688037,-38239.819488473629,-38239.819488473629,0,9349.5891169862425,9349.5891169862425
2025-09-09,sh688249,-3691.7000000000248,-3691.7000000000248,0,9715,9715
2025-09-09,sh688535,-18509.27409291159,-18509.27409291159,0,5516.9222333566522,5516.9222333566522
2025-09-10,sh603986,6654.8226827149547,6654.8226827149547,0,1607.445092443231,1607.445092443231
2025-09-10,sh688037,6264.224708380666,6264.224708380666,0,9349.5891169862425,9349.5891169862425
2025-09-10,sh688249,-1554.4000000000015,-1554.4000000000015,0,9715,9715
2025-09-10,sh688535,-1754.3812702074035,-1754.3812702074035,0,5516.9222333566522,5516.9222333566522
2025-09-11,sh603986,25928.089341109309,25928.089341109309,0,1607.445092443231,1607.445092443231
2025-09-11,sh688037,29638.197500846403,29638.197500846403,0,9349.5891169862425,9349.5891169862425
2025-09-11,sh688249,11560.850000000013,11560.850000000013,0,9715,9715
2025-09-11,sh688535,14294.345506627093,14294.345506627093,0,5516.9222333566522,5516.9222333566522
2025-09-12,sh603986,20559.222732348957,20559.222732348957,0,1607.445092443231,1607.445092443231
2025-09-12,sh688037,-30573.156412544977,-30573.156412544977,0,9349.5891169862425,9349.5891169862425
2025-09-12,sh688249,971.50000000001376,971.50000000001376,0,9715,9715
2025-09-12,sh688535,11265.555200514253,11265.555200514253,0,5516.9222333566522,5516.9222333566522
2025-09-15,sh603986,1173.4349174835422,1173.4349174835422,0,1607.445092443231,1607.445092443231
2025-09-15,sh688037,14398.367240158872,14398.367240158872,0,9349.5891169862425,9349.5891169862425
2025-09-15,sh688249,-194.30000000003037,-194.30000000003037,0,9715,9715
2025-09-15,sh688535,-8876.7278734708234,-8876.7278734708234,0,5516.9222333566522,5516.9222333566522
2025-09-16,sh603986,-2861.252264548953,-2861.252264548953,0,1607.445092443231,1607.445092443231
2025-09-16,sh688037,5609.753470191692,5609.753470191692,0,9349.5891169862425,9349.5891169862425
2025-09-16,sh688249,1165.8000000000097,1165.8000000000097,0,9715,9715
2025-09-16,sh688535,110.33844466711109,110.33844466711109,0,5516.9222333566522,5516.9222333566522
2025-09-17,sh603986,-4115.0594366546748,-4115.0594366546748,0,1607.445092443231,1607.445092443231
2025-09-17,sh688037,55349.567572558575,55349.567572558575,0,9349.5891169862425,9349.5891169862425
2025-09-17,sh688249,2040.1500000000083,2040.1500000000083,0,9715,9715
2025-09-17,sh688535,1715.7628145739577,1715.7628145739577,0,5516.9222333566522,5516.9222333566522
2025-09-18,sh603986,6879.8649956570307,6879.8649956570307,0,1607.445092443231,1607.445092443231
2025-09-18,sh688037,8695.1178787972694,8695.1178787972694,0,9349.5891169862425,9349.5891169862425
2025-09-18,sh688249,291.45000000001107,291.45000000001107,0,9715,9715
2025-09-18,sh688535,33167.736466940194,33167.736466940194,0,5516.9222333566522,5516.9222333566522
2025-09-19,sh603986,-9130.2881250775627,-9130.2881250775627,0,1607.445092443231,1607.445092443231
2025-09-19,sh688037,-15894.301498876639,-15894.301498876639,0,9349.5891169862425,9349.5891169862425
2025-09-19,sh688249,-2720.2000000000112,-2720.2000000000112,0,9715,9715
2025-09-19,sh688535,7464.3957817315195,7464.3957817315195,0,5516.9222333566522,5516.9222333566522
2025-09-22,sh603986,15769.0363568681,15769.0363568681,0,1607.445092443231,1607.445092443231
2025-09-22,sh688037,9256.0932258163321,9256.0932258163321,0,9349.5891169862425,9349.5891169862425
2025-09-22,sh688249,4566.0499999999893,4566.0499999999893,0,9715,9715
2025-09-22,sh688535,2460.5473160770557,2460.5473160770557,0,5516.9222333566522,5516.9222333566522
2025-09-23,sh603986,-1510.9983868966335,-1510.9983868966335,0,1607.445092443231,1607.445092443231
2025-09-23,sh688037,24776.411160013595,24776.411160013595,0,9349.5891169862425,9349.5891169862425
2025-09-23,sh688249,946.83921861199815,-1262.9499999999903,2209.7892186119884,9715,0
2025-09-23,sh688535,10338.71226531034,10338.71226531034,0,5516.9222333566522,5516.9222333566522
2025-09-24,sh603986,9210.6603796997424,9210.6603796997424,0,1607.445092443231,1607.445092443231
2025-09-24,sh688037,131174.735311317,131174.735311317,0,9349.5891169862425,9349.5891169862425
2025-09-24,sh688041,3355.4399770481809,0,3355.4399770481809,0,937.87929618768328
2025-09-24,sh688535,35032.456181814792,35032.456181814792,0,5516.9222333566522,5516.9222333566522
2025-09-25,sh603986,-3841.7937709393459,-3841.7937709393459,0,1607.445092443231,1607.445092443231
2025-09-25,sh688037,-64325.173124865309,-64325.173124865309,0,9349.5891169862425,9349.5891169862425
2025-09-25,sh688041,7531.1707483871241,7531.1707483871241,0,937.87929618768328,937.87929618768328
2025-09-25,sh688535,-5820.3529561913056,-5820.3529561913056,0,5516.9222333566522,5516.9222333566522
2025-09-26,sh603986,-11573.604665591245,-11573.604665591245,0,1607.445092443231,1607.445092443231
2025-09-26,sh688037,-3646.3397556247728,-3646.3397556247728,0,9349.5891169862425,9349.5891169862425
2025-09-26,sh688041,-8272.0953923753605,-8272.0953923753605,0,937.87929618768328,937.87929618768328
2025-09-26,sh688535,-28208.023379152561,-28208.023379152561,0,5516.9222333566522,5516.9222333566522
2025-09-29,sh603986,11123.520039707138,11123.520039707138,0,1607.445092443231,1607.445092443231
2025-09-29,sh688037,30573.156412545108,30573.156412545108,0,9349.5891169862425,9349.5891169862425
2025-09-29,sh688041,-3057.4865055718656,-3057.4865055718656,0,937.87929618768328,937.87929618768328
2025-09-29,sh688535,10449.05070997753,10449.05070997753,0,5516.9222333566522,5516.9222333566522
2025-09-30,sh603986,25992.387144807071,25992.387144807071,0,1607.445092443231,1607.445092443231
2025-09-30,sh688037,70495.901942076191,70495.901942076191,0,9349.5891169862425,9349.5891169862425
2025-09-30,sh688041,-3038.7289196480756,-3038.7289196480756,0,937.87929618768328,937.87929618768328
2025-09-30,sh688535,14553.640851594877,14553.640851594877,0,5516.9222333566522,5516.9222333566522
2025-10-09,sh603986,19594.755676882982,19594.755676882982,0,1607.445092443231,1607.445092443231
2025-10-09,sh688037,10284.548028684814,10284.548028684814,0,9349.5891169862425,9349.5891169862425
2025-10-09,sh688041,9800.8386451612805,9800.8386451612805,0,937.87929618768328,937.87929618768328
2025-10-09,sh688535,18950.627871580036,18950.627871580036,0,5516.9222333566522,5516.9222333566522
2025-10-10,sh603986,-16829.950117880628,-16829.950117880628,0,1607.445092443231,1607.445092443231
2025-10-10,sh688037,-14772.350804838114,-14772.350804838114,0,9349.5891169862425,9349.5891169862425
2025-10-10,sh688041,-20220.677625806453,-20220.677625806453,0,937.87929618768328,937.87929618768328
2025-10-10,sh688535,16865.231267371299,16865.231267371299,0,5516.9222333566522,5516.9222333566522
2025-10-13,sh603986,-11525.381312817992,-11525.381312817992,0,1607.445092443231,1607.445092443231
2025-10-13,sh688037,88634.104829029486,88634.104829029486,0,9349.5891169862425,9349.5891169862425
2025-10-13,sh688041,-856.8039662855108,2354.0770334310764,-3210.8809997165872,937.87929618768328,0
2025-10-13,sh688535,-7905.7495604000424,-7905.7495604000424,0,5516.9222333566522,5516.9222333566522
2025-10-14,sh603986,-19048.22434545228,-19048.22434545228,0,1607.445092443231,1607.445092443231
2025-10-14,sh688037,-163056.83420024006,-163056.83420024006,0,9349.5891169862425,9349.5891169862425
2025-10-14,sh688535,-45707.700703359842,-45707.700703359842,0,5516.9222333566522,5516.9222333566522
2025-10-14,sz300054,-20458.462143887249,-0,-20458.462143887249,0,5815.1951794603101
2025-10-15,sh603986,9660.7450055838035,9660.7450055838035,0,1607.445092443231,1607.445092443231
2025-10-15,sh688037,-6044.6191821614593,-15052.838478347978,9008.2192961865185,9349.5891169862425,0
2025-10-15,sh688535,-3078.1669640068208,-4292.1654975515075,1213.9985335446868,5516.9222333566522,0
2025-10-15,sz300054,51.355298211763056,1511.950746659669,-1460.5954484479059,5815.1951794603101,0
2025-10-16,sh603986,9837.5639657525808,9837.5639657525808,0,1607.445092443231,1607.445092443231
2025-10-16,sh688347,-10908.462763089514,-0,-10908.462763089514,0,5133
2025-10-16,sz002409,8644.7561590309106,0,8644.7561590309106,0,8434.5174973488865
2025-10-16,sz300223,13151.613062429951,0,13151.613062429951,0,7112.1119071989078
2025-10-17,sh603986,-11123.520039707138,-11123.520039707138,0,1607.445092443231,1607.445092443231
2025-10-17,sh688347,-17503.530000000057,-17503.530000000057,0,5133,5133
2025-10-17,sz002409,-34750.212089077453,-34750.212089077453,0,8434.5174973488865,8434.5174973488865
2025-10-17,sz300223,-40823.522347321697,-40823.522347321697,0,7112.1119071989078,7112.1119071989078
2025-10-20,sh603986,11477.157960044648,11477.157960044648,0,1607.445092443231,1607.445092443231
2025-10-20,sh688347,-2874.4799999999386,-2874.4799999999386,0,5133,5133
2025-10-20,sz002409,26062.65906680809,26062.65906680809,0,8434.5174973488865,8434.5174973488865
2025-10-20,sz300223,-995.69566700785117,-995.69566700785117,0,7112.1119071989078,7112.1119071989078
2025-10-21,sh603986,17135.364685444838,17135.364685444838,0,1607.445092443231,1607.445092443231
2025-10-21,sh688347,-3747.0900000000206,-3747.0900000000206,0,5133,5133
2025-10-21,sz002409,14676.06044538702,14676.06044538702,0,8434.5174973488865,8434.5174973488865
2025-10-21,sz300223,15717.767314909543,15717.767314909543,0,7112.1119071989078,7112.1119071989078
2025-10-22,sh603986,-12988.156346941281,-12988.156346941281,0,1607.445092443231,1607.445092443231
2025-10-22,sh688347,-9496.0500000000429,-9496.0500000000429,0,5133,5133
2025-10-22,sz002409,-15182.131495227972,-15182.131495227972,0,8434.5174973488865,8434.5174973488865
2025-10-22,sz300223,-18278.127601501146,-18278.127601501146,0,7112.1119071989078,7112.1119071989078
2025-10-23,sh603986,-6381.5570169996254,-6381.5570169996254,0,1607.445092443231,1607.445092443231
2025-10-23,sh688347,-19248.75,-19248.75,0,5133,5133
2025-10-23,sz002409,-3626.8425238599589,-3626.8425238599589,0,8434.5174973488865,8434.5174973488865
2025-10-23,sz300223,-3058.208120095579,-3058.208120095579,0,7112.1119071989078,7112.1119071989078
2025-10-24,sh603986,10713.367677330658,22697.124705298429,-11983.757027967771,1607.445092443231,0
2025-10-24,sh688347,85464.450000000026,85464.450000000026,0,5133,5133
2025-10-24,sz002409,39389.196712619196,39389.196712619196,0,8434.5174973488865,8434.5174973488865
2025-10-24,sz300223,47082.180825656804,47082.180825656804,0,7112.1119071989078,7112.1119071989078
2025-10-27,sh688347,30798,30798,0,5133,5133
2025-10-27,sz002409,25640.933191940669,25640.933191940669,0,8434.5174973488865,8434.5174973488865
2025-10-27,sz300223,27950.599795291655,27950.599795291655,0,7112.1119071989078,7112.1119071989078
2025-10-27,sz300666,11130.172207878826,0,11130.172207878826,0,3815.0083311048484
2025-10-28,sh688347,4619.7000000000289,4619.7000000000289,0,5133,5133
2025-10-28,sz002409,-16194.273594909877,-16194.273594909877,0,8434.5174973488865,8434.5174973488865
2025-10-28,sz300223,-18278.127601501146,-18278.127601501146,0,7112.1119071989078,7112.1119071989078
2025-10-28,sz300666,-12398.777076090757,-12398.777076090757,0,3815.0083311048484,3815.0083311048484
2025-10-29,sh688347,28744.79999999997,28744.79999999997,0,5133,5133
2025-10-29,sz002409,-2378.1381495795586,6241.5429480381326,-8619.6810976176912,8434.5174973488865,0
2025-10-29,sz300223,11663.863527806212,11663.863527806212,0,7112.1119071989078,7112.1119071989078
2025-10-29,sz300666,2975.7064982617862,2975.7064982617862,0,3815.0083311048484,3815.0083311048484
2025-10-30,sh688347,-34185.779999999984,-34185.779999999984,0,5133,5133
2025-10-30,sh688535,-20917.745048753557,-0,-20917.745048753557,0,9024.7518703072601
2025-10-30,sz300223,-7609.9597407028841,-7609.9597407028841,0,7112.1119071989078,7112.1119071989078
2025-10-30,sz300666,-9079.7198280295761,-9079.7198280295761,0,3815.0083311048484,3815.0083311048484
2025-10-31,sh688347,-42552.570000000029,-42552.570000000029,0,5133,5133
2025-10-31,sh688535,-9954.3013129489864,-9954.3013129489864,0,9024.7518703072601,9024.7518703072601
2025-10-31,sz300223,-36342.891845786413,-36342.891845786413,0,7112.1119071989078,7112.1119071989078
2025-10-31,sz300666,-6867.0149959887158,-6867.0149959887158,0,3815.0083311048484,3815.0083311048484
2025-11-03,sh688347,-11805.899999999985,-11805.899999999985,0,5133,5133
2025-11-03,sh688535,740.02965336526609,740.02965336526609,0,9024.7518703072601,9024.7518703072601
2025-11-03,sz300223,20554.003411804846,20554.003411804846,0,7112.1119071989078,7112.1119071989078
2025-11-03,sz300666,-8698.2189949190579,-8698.2189949190579,0,3815.0083311048484,3815.0083311048484
2025-11-04,sh688347,7288.8600000000088,7288.8600000000088,0,5133,5133
2025-11-04,sh688535,-25576.146800450802,-25576.146800450802,0,9024.7518703072601,9024.7518703072601
2025-11-04,sz300223,142.24223814394986,142.24223814394986,0,7112.1119071989078,7112.1119071989078
2025-11-04,sz300666,-4463.5597473926791,-4463.5597473926791,0,3815.0083311048484,3815.0083311048484
2025-11-05,sh688347,-16425.600000000013,-16425.600000000013,0,5133,5133
2025-11-05,sh688535,-20937.424339112782,-20937.424339112782,0,9024.7518703072601,9024.7518703072601
2025-11-05,sz300223,-9956.9566700784108,-9956.9566700784108,0,7112.1119071989078,7112.1119071989078
2025-11-05,sz300666,-2060.1044987965879,-2060.1044987965879,0,3815.0083311048484,3815.0083311048484
2025-11-06,sh688347,32286.570000000032,32286.570000000032,0,5133,5133
2025-11-06,sh688535,20044.797043989653,28446.017895208493,-8401.2208512188427,9024.7518703072601,0
2025-11-06,sz300223,-3769.4193108154291,-3769.4193108154291,0,7112.1119071989078,7112.1119071989078
2025-11-06,sz300666,9156.0199946516041,9156.0199946516041,0,3815.0083311048484,3815.0083311048484
2025-11-07,sh688072,15301.474384453268,0,15301.474384453268,0,1902.9272373744691
2025-11-07,sh688347,-7699.5,-7699.5,0,5133,5133
2025-11-07,sz300223,-7752.2019788468342,-7752.2019788468342,0,7112.1119071989078,7112.1119071989078
2025-11-07,sz300666,-7668.1667455207107,-7668.1667455207107,0,3815.0083311048484,3815.0083311048484
2025-11-10,sh688072,9019.8751051550007,9019.8751051550007,0,1902.9272373744691,1902.9272373744691
2025-11-10,sh688347,-35469.030000000057,-35469.030000000057,0,5133,5133
2025-11-10,sz300223,63013.311497782321,63013.311497782321,0,7112.1119071989078,7112.1119071989078
2025-11-10,sz300666,3776.8582477937803,3776.8582477937803,0,3815.0083311048484,3815.0083311048484
2025-11-11,sh688072,-7497.533315255404,-7497.533315255404,0,1902.9272373744691,1902.9272373744691
2025-11-11,sh688347,-23355.149999999987,-23355.149999999987,0,5133,5133
2025-11-11,sz300223,-12872.922552030039,-12872.922552030039,0,7112.1119071989078,7112.1119071989078
2025-11-11,sz300666,-1754.9038323082063,-1754.9038323082063,0,3815.0083311048484,3815.0083311048484
2025-11-12,sh688072,13187.285755005083,13187.285755005083,0,1902.9272373744691,1902.9272373744691
2025-11-12,sh688347,-4722.3600000000088,-4722.3600000000088,0,5133,5133
2025-11-12,sz300223,-10952.652337086261,-10952.652337086261,0,7112.1119071989078,7112.1119071989078
2025-11-12,sz300666,38.150083311013788,38.150083311013788,0,3815.0083311048484,3815.0083311048484
2025-11-13,sh688072,-8810.5531090437835,-8810.5531090437835,0,1902.9272373744691,1902.9272373744691
2025-11-13,sh688347,15245.009999999995,15245.009999999995,0,5133,5133
2025-11-13,sz300223,27879.478676219729,27879.478676219729,0,7112.1119071989078,7112.1119071989078
2025-11-13,sz300666,2327.1550819739555,2327.1550819739555,0,3815.0083311048484,3815.0083311048484
2025-11-14,sh688072,-12178.734319196667,-12178.734319196667,0,1902.9272373744691,1902.9272373744691
2025-11-14,sh688347,-23714.459999999952,-23714.459999999952,0,5133,5133
2025-11-14,sz300223,-28235.084271579657,-28235.084271579657,0,7112.1119071989078,7112.1119071989078
2025-11-14,sz300666,-15412.633657663557,-15412.633657663557,0,3815.0083311048484,3815.0083311048484
2025-11-17,sh688072,-35908.236969256242,-35908.236969256242,0,1902.9272373744691,1902.9272373744691
2025-11-17,sh688347,7032.20999999995,7032.20999999995,0,5133,5133
2025-11-17,sz300223,12730.680313885989,12730.680313885989,0,7112.1119071989078,7112.1119071989078
2025-11-17,sz300666,-2403.4552485960912,-2403.4552485960912,0,3815.0083311048484,3815.0083311048484
2025-11-18,sh688072,30561.01143223398,30561.01143223398,0,1902.9272373744691,1902.9272373744691
2025-11-18,sh688347,19916.040000000048,19916.040000000048,0,5133,5133
2025-11-18,sz300223,-24750.149437052227,-24750.149437052227,0,7112.1119071989078,7112.1119071989078
2025-11-18,sz300666,-1951.5060773241071,3204.6069981280857,-5156.1130754521928,3815.0083311048484,0
2025-11-19,sh688072,-15584.974074096897,-15584.974074096897,0,1902.9272373744691,1902.9272373744691
2025-11-19,sh688347,-12729.84000000002,-12729.84000000002,0,5133,5133
2025-11-19,sz300223,-22829.879222108451,-22829.879222108451,0,7112.1119071989078,7112.1119071989078
2025-11-20,sh688072,-21217.638696725287,-21217.638696725287,0,1902.9272373744691,1902.9272373744691
2025-11-20,sh688347,-8161.4700000000175,-8161.4700000000175,0,5133,5133
2025-11-20,sz300054,-10303.672265610016,-0,-10303.672265610016,0,9326.1529808773885
2025-11-20,sz300223,-14295.344933469842,-14295.344933469842,0,7112.1119071989078,7112.1119071989078
2025-11-21,sh688072,-33967.251187134316,-33967.251187134316,0,1902.9272373744691,1902.9272373744691
2025-11-21,sh688347,-31362.629999999997,-31362.629999999997,0,5133,5133
2025-11-21,sz300054,-12123.998875140578,-12123.998875140578,0,9326.1529808773885,9326.1529808773885
2025-11-21,sz300223,-54549.898328215531,-54549.898328215531,0,7112.1119071989078,7112.1119071989078
2025-11-24,sh688072,-4395.761918335028,-4395.761918335028,0,1902.9272373744691,1902.9272373744691
2025-11-24,sh688347,-13653.779999999982,-13653.779999999982,0,5133,5133
2025-11-24,sz300054,6061.999437570289,6061.999437570289,0,9326.1529808773885,9326.1529808773885
2025-11-24,sz300223,1232.0786716605726,-1280.1801432958518,2512.2588149564244,7112.1119071989078,0
2025-11-25,sh688072,5537.5182607597526,5537.5182607597526,0,1902.9272373744691,1902.9272373744691
2025-11-25,sh688347,9153.8177147987662,1847.8799999999972,7305.9377147987698,5133,0
2025-11-25,sz300054,-6808.0916760405307,-6808.0916760405307,0,9326.1529808773885,9326.1529808773885
2025-11-26,sh688072,8734.4360195487661,8734.4360195487661,0,1902.9272373744691,1902.9272373744691
2025-11-26,sz300054,-1585.4460067491057,-1585.4460067491057,0,9326.1529808773885,9326.1529808773885
2025-11-27,sh688072,-9876.1923619734898,-9876.1923619734898,0,1902.9272373744691,1902.9272373744691
2025-11-27,sz300054,204.17096501654146,2051.7536557930148,-1847.5826907764733,9326.1529808773885,0
2025-11-28,sh688072,25308.932257080462,25308.932257080462,0,1902.9272373744691,1902.9272373744691
2025-12-01,sh688072,-21959.780319301412,-21959.780319301412,0,1902.9272373744691,1902.9272373744691
2025-12-02,sh688072,551.84889883863502,551.84889883863502,0,1902.9272373744691,1902.9272373744691
2025-12-03,sh688072,-7706.8553113666212,-7706.8553113666212,0,1902.9272373744691,1902.9272373744691
2025-12-03,sz300054,-8470.0194803054255,-0,-8470.0194803054255,0,33294.23786545558
2025-12-04,sh688072,-5598.0119074408358,32901.611934204608,-38499.623841645443,1902.9272373744691,0
2025-12-04,sz300054,3995.3085438545845,3995.3085438545845,0,33294.23786545558,33294.23786545558
2025-12-05,sh688498,6773.9982520625917,0,6773.9982520625917,0,965.91256647296188
2025-12-05,sz300054,-3995.3085438545845,-3995.3085438545845,0,33294.23786545558,33294.23786545558
2025-12-05,sz300223,-6518.2782407877985,-0,-6518.2782407877985,0,4006.4662140316841
2025-12-08,sh688498,46074.995333326777,46074.995333326777,0,965.91256647296188,965.91256647296188
2025-12-08,sz300054,9655.328980982089,9655.328980982089,0,33294.23786545558,33294.23786545558
2025-12-08,sz300223,9695.6482379566824,9695.6482379566824,0,4006.4662140316841,4006.4662140316841
2025-12-09,sh688498,5001.4952691969938,5001.4952691969938,0,965.91256647296188,965.91256647296188
2025-12-09,sz300054,2996.4814078908789,2996.4814078908789,0,33294.23786545558,33294.23786545558
2025-12-09,sz300223,12860.756547041681,12860.756547041681,0,4006.4662140316841,4006.4662140316841
2025-12-10,sh688498,10774.754679005864,10774.754679005864,0,965.91256647296188,965.91256647296188
2025-12-10,sz300054,8323.5594663638949,8323.5594663638949,0,33294.23786545558,33294.23786545558
2025-12-10,sz300223,3565.7549304882014,3565.7549304882014,0,4006.4662140316841,4006.4662140316841
2025-12-11,sh688498,-19109.614215101072,-19109.614215101072,0,965.91256647296188,965.91256647296188
2025-12-11,sz300054,2663.5390292363895,2663.5390292363895,0,33294.23786545558,33294.23786545558
2025-12-11,sz300223,-17347.998706757186,-17347.998706757186,0,4006.4662140316841,4006.4662140316841
2025-12-12,sh688498,4368.1315715209976,5407.1785471156536,-1039.046975594656,965.91256647296188,0
2025-12-12,sz300054,50607.241555492583,50607.241555492583,0,33294.23786545558,33294.23786545558
2025-12-12,sz300223,18549.938570966679,18549.938570966679,0,4006.4662140316841,4006.4662140316841
2025-12-15,sz002371,-4952.0862661328874,-0,-4952.0862661328874,0,400.66258276850039
2025-12-15,sz300054,52271.953448765271,52271.953448765271,0,33294.23786545558,33294.23786545558
2025-12-15,sz300223,-20072.395732298701,-20072.395732298701,0,4006.4662140316841,4006.4662140316841
2025-12-16,sz002371,-2452.0550065432244,-2452.0550065432244,0,400.66258276850039,400.66258276850039
2025-12-16,sz300054,-47277.817768946981,-47277.817768946981,0,33294.23786545558,33294.23786545558
2025-12-16,sz300223,-8774.1610087293793,-8774.1610087293793,0,4006.4662140316841,4006.4662140316841
2025-12-17,sh688037,2855.8093734621439,0,2855.8093734621439,0,2034.5547524887497
2025-12-17,sz002371,745.23240394941615,745.23240394941615,0,400.66258276850039,400.66258276850039
2025-12-17,sz300054,21974.196991200806,21974.196991200806,0,33294.23786545558,33294.23786545558
2025-12-17,sz300223,9295.0016165534798,9295.0016165534798,0,4006.4662140316841,4006.4662140316841
2025-12-18,sh688037,-7324.397108959487,-7324.397108959487,0,2034.5547524887497,2034.5547524887497
2025-12-18,sz002371,-657.08663574033517,-657.08663574033517,0,400.66258276850039,400.66258276850039
2025-12-18,sz300054,-46611.933011638001,-46611.933011638001,0,33294.23786545558,33294.23786545558
2025-12-18,sz300223,1802.9097963142692,1802.9097963142692,0,4006.4662140316841,4006.4662140316841
2025-12-19,sh688037,3865.654029728636,3865.654029728636,0,2034.5547524887497,2034.5547524887497
2025-12-19,sz002371,2107.4851853623086,2107.4851853623086,0,400.66258276850039,400.66258276850039
2025-12-19,sz300054,-10987.098495600285,-10987.098495600285,0,33294.23786545558,33294.23786545558
2025-12-19,sz300223,-14663.66634335595,-14663.66634335595,0,4006.4662140316841,4006.4662140316841
2025-12-22,sh688037,26652.66725760261,26652.66725760261,0,2034.5547524887497,2034.5547524887497
2025-12-22,sz002371,6787.2241520983953,6787.2241520983953,0,400.66258276850039,400.66258276850039
2025-12-22,sz300054,73247.323304002377,73247.323304002377,0,33294.23786545558,33294.23786545558
2025-12-22,sz300223,15785.476883284826,15785.476883284826,0,4006.4662140316841,4006.4662140316841
2025-12-23,sh688037,2054.9003000136186,2054.9003000136186,0,2034.5547524887497,2034.5547524887497
2025-12-23,sz002371,6458.6808342282284,6458.6808342282284,0,400.66258276850039,400.66258276850039
2025-12-23,sz300054,18977.715583309691,18977.715583309691,0,33294.23786545558,33294.23786545558
2025-12-23,sz300223,20432.977691561566,20432.977691561566,0,4006.4662140316841,4006.4662140316841
2025-12-24,sh688037,9591.7775283007195,8931.6953634256406,660.08216487507957,2034.5547524887497,0
2025-12-24,sz002371,-128.21202648591739,-128.21202648591739,0,400.66258276850039,400.66258276850039
2025-12-24,sz300054,-11985.92563156399,-11985.92563156399,0,33294.23786545558,33294.23786545558
2025-12-24,sz300223,32011.665050113192,32011.665050113192,0,4006.4662140316841,4006.4662140316841
2025-12-25,sh688535,4846.2266623618571,0,4846.2266623618571,0,3863.9535625438539
2025-12-25,sz002371,-3165.2344038711667,-3165.2344038711667,0,400.66258276850039,400.66258276850039
2025-12-25,sz300054,-998.82713596370525,-998.82713596370525,0,33294.23786545558,33294.23786545558
2025-12-25,sz300223,27524.422890397633,27524.422890397633,0,4006.4662140316841,4006.4662140316841
2025-12-26,sh688535,-8361.5955093449047,-8361.5955093449047,0,3863.9535625438539,3863.9535625438539
2025-12-26,sz002371,-5685.4020494850192,-5685.4020494850192,0,400.66258276850039,400.66258276850039
2025-12-26,sz300054,-14649.464660800379,-14649.464660800379,0,33294.23786545558,33294.23786545558
2025-12-26,sz300223,-10737.329453604883,-10737.329453604883,0,4006.4662140316841,4006.4662140316841
2025-12-29,sh688535,938.94071569813718,938.94071569813718,0,3863.9535625438539,3863.9535625438539
2025-12-29,sz002371,-2488.1146389923792,-2488.1146389923792,0,400.66258276850039,400.66258276850039
2025-12-29,sz300054,-21974.196991200806,-21974.196991200806,0,33294.23786545558,33294.23786545558
2025-12-29,sz300223,-1602.5864856126964,-1602.5864856126964,0,4006.4662140316841,4006.4662140316841
2025-12-30,sh688535,-4520.8256681762605,-4520.8256681762605,0,3863.9535625438539,3863.9535625438539
2025-12-30,sz002371,2484.1080131646977,2484.1080131646977,0,400.66258276850039,400.66258276850039
2025-12-30,sz300054,6991.7899517456999,6991.7899517456999,0,33294.23786545558,33294.23786545558
2025-12-30,sz300223,5649.1173617846607,5649.1173617846607,0,4006.4662140316841,4006.4662140316841
2025-12-31,sh688535,-3527.7896026025805,-3527.7896026025805,0,3863.9535625438539,3863.9535625438539
2025-12-31,sz002371,32.053006621473656,32.053006621473656,0,400.66258276850039,400.66258276850039
2025-12-31,sz300054,-10654.156116945795,-10654.156116945795,0,33294.23786545558,33294.23786545558
2025-12-31,sz300223,-25441.060459101172,-25441.060459101172,0,4006.4662140316841,4006.4662140316841
2026-01-05,sh688535,11758.010690820973,11758.010690820973,0,3863.9535625438539,3863.9535625438539
2026-01-05,sz002371,6182.2236521179639,6182.2236521179639,0,400.66258276850039,400.66258276850039
2026-01-05,sz300054,48609.587283565175,48609.587283565175,0,33294.23786545558,33294.23786545558
2026-01-05,sz300223,38662.398965405773,38662.398965405773,0,4006.4662140316841,4006.4662140316841
2026-01-06,sh688535,6325.2919818842902,6325.2919818842902,0,3863.9535625438539,3863.9535625438539
2026-01-06,sz002371,4591.593198527029,4591.593198527029,0,400.66258276850039,400.66258276850039
2026-01-06,sz300054,40951.912574510257,40951.912574510257,0,33294.23786545558,33294.23786545558
2026-01-06,sz300223,37941.235046880043,37941.235046880043,0,4006.4662140316841,4006.4662140316841
2026-01-07,sh688535,6665.3198953881256,6665.3198953881256,0,3863.9535625438539,3863.9535625438539
2026-01-07,sz002371,11799.513062532333,11799.513062532333,0,400.66258276850039,400.66258276850039
2026-01-07,sz300054,151155.83990916831,151155.83990916831,0,33294.23786545558,33294.23786545558
2026-01-07,sz300223,-4607.4361461364597,-4607.4361461364597,0,4006.4662140316841,4006.4662140316841
2026-01-08,sh688535,3550.9733239778448,3550.9733239778448,0,3863.9535625438539,3863.9535625438539
2026-01-08,sz002371,-3505.7975992243782,-3505.7975992243782,0,400.66258276850039,400.66258276850039
2026-01-08,sz300054,23638.908884473491,23638.908884473491,0,33294.23786545558,33294.23786545558
2026-01-08,sz300223,-11979.333979954716,-11979.333979954716,0,4006.4662140316841,4006.4662140316841
2026-01-09,sh688535,-11576.404873381422,-11576.404873381422,0,3863.9535625438539,3863.9535625438539
2026-01-09,sz002371,-3674.0758839871551,-3674.0758839871551,0,400.66258276850039,400.66258276850039
2026-01-09,sz300054,-17645.946068691494,-17645.946068691494,0,33294.23786545558,33294.23786545558
2026-01-09,sz300223,-13101.144519883648,-13101.144519883648,0,4006.4662140316841,4006.4662140316841
2026-01-12,sh688535,-6321.4280283217286,-6321.4280283217286,0,3863.9535625438539,3863.9535625438539
2026-01-12,sz002371,1742.8822350429857,1742.8822350429857,0,400.66258276850039,400.66258276850039
2026-01-12,sz300054,-665.88475730897915,-665.88475730897915,0,33294.23786545558,33294.23786545558
2026-01-12,sz300223,4887.8887811186496,4887.8887811186496,0,4006.4662140316841,4006.4662140316841
2026-01-13,sh688535,-15312.847968361324,-15312.847968361324,0,3863.9535625438539,3863.9535625438539
2026-01-13,sz002371,-4667.7190892530434,-4667.7190892530434,0,400.66258276850039,400.66258276850039
2026-01-13,sz300054,-50607.241555492583,-50607.241555492583,0,33294.23786545558,33294.23786545558
2026-01-13,sz300223,-12059.463304235333,-12059.463304235333,0,4006.4662140316841,4006.4662140316841
2026-01-14,sh688535,7654.4920073994081,7654.4920073994081,0,3863.9535625438539,3863.9535625438539
2026-01-14,sz002371,1242.0540065823602,1242.0540065823602,0,400.66258276850039,400.66258276850039
2026-01-14,sz300054,14316.52228214589,14316.52228214589,0,33294.23786545558,33294.23786545558
2026-01-14,sz300223,-3325.3669576462908,-3325.3669576462908,0,4006.4662140316841,4006.4662140316841
2026-01-15,sh688535,6692.3675703259523,6692.3675703259523,0,3863.9535625438539,3863.9535625438539
2026-01-15,sz002371,5380.8984865809625,5380.8984865809625,0,400.66258276850039,400.66258276850039
2026-01-15,sz300054,92557.981265966548,92557.981265966548,0,33294.23786545558,33294.23786545558
2026-01-15,sz300223,9174.8076301325254,9174.8076301325254,0,4006.4662140316841,4006.4662140316841
2026-01-16,sh688535,26286.476085985829,26286.476085985829,0,3863.9535625438539,3863.9535625438539
2026-01-16,sz002371,6871.3632944797955,6871.3632944797955,0,400.66258276850039,400.66258276850039
2026-01-16,sz300054,48609.587283565175,48609.587283565175,0,33294.23786545558,33294.23786545558
2026-01-16,sz300223,25561.254445522183,25561.254445522183,0,4006.4662140316841,4006.4662140316841
2026-01-19,sh688535,7318.3280474580806,7318.3280474580806,0,3863.9535625438539,3863.9535625438539
2026-01-19,sz002371,-4.0066258277269098,-4.0066258277269098,0,400.66258276850039,400.66258276850039
2026-01-19,sz300054,-24637.736020437194,-24637.736020437194,0,33294.23786545558,33294.23786545558
2026-01-19,sz300223,7131.5098609764027,7131.5098609764027,0,4006.4662140316841,4006.4662140316841
2026-01-20,sh688535,14242.532831536617,14242.532831536617,0,3863.9535625438539,3863.9535625438539
2026-01-20,sz002371,-3874.4071753713824,-3874.4071753713824,0,400.66258276850039,400.66258276850039
2026-01-20,sz300054,-13650.637524836675,-13650.637524836675,0,33294.23786545558,33294.23786545558
2026-01-20,sz300223,9695.648237956626,9695.648237956626,0,4006.4662140316841,4006.4662140316841
2026-01-21,sh688535,8728.6710977865678,8728.6710977865678,0,3863.9535625438539,3863.9535625438539
2026-01-21,sz002371,-1806.9882482859332,-1806.9882482859332,0,400.66258276850039,400.66258276850039
2026-01-21,sz300054,-17978.888447345984,-17978.888447345984,0,33294.23786545558,33294.23786545558
2026-01-21,sz300223,11698.881344972582,11698.881344972582,0,4006.4662140316841,4006.4662140316841
2026-01-22,sh688535,-3504.6058812272618,-3504.6058812272618,0,3863.9535625438539,3863.9535625438539
2026-01-22,sz002371,-3658.0493806764066,-3658.0493806764066,0,400.66258276850039,400.66258276850039
2026-01-22,sz300054,-4661.1933011638002,-4661.1933011638002,0,33294.23786545558,33294.23786545558
2026-01-22,sz300223,7572.2211445198282,7572.2211445198282,0,4006.4662140316841,4006.4662140316841
2026-01-23,sh688535,-8447.0884529873583,-9903.3129807999067,1456.2245278125474,3863.9535625438539,0
2026-01-23,sz002371,3930.4999369589896,3930.4999369589896,0,400.66258276850039,400.66258276850039
2026-01-23,sz300054,35957.776894691968,35957.776894691968,0,33294.23786545558,33294.23786545558
2026-01-23,sz300223,-17067.546071774937,-17067.546071774937,0,4006.4662140316841,4006.4662140316841
2026-01-26,sh688300,-8495.2840384524807,-0,-8495.2840384524807,0,5097.8985126859143
2026-01-26,sz002371,-5669.3755461742712,-5669.3755461742712,0,400.66258276850039,400.66258276850039
2026-01-26,sz300054,-79573.228498438853,-79573.228498438853,0,33294.23786545558,33294.23786545558
2026-01-26,sz300223,8253.3204009052788,8253.3204009052788,0,4006.4662140316841,4006.4662140316841
2026-01-27,sh688300,13458.452073490816,13458.452073490816,0,5097.8985126859143,5097.8985126859143
2026-01-27,sz002371,584.96737084200231,584.96737084200231,0,400.66258276850039,400.66258276850039
2026-01-27,sz300054,58930.801021856481,58930.801021856481,0,33294.23786545558,33294.23786545558
2026-01-27,sz300223,35016.514710636839,35016.514710636839,0,4006.4662140316841,4006.4662140316841
2026-01-28,sh688300,3364.6130183726859,3364.6130183726859,0,5097.8985126859143,5097.8985126859143
2026-01-28,sz002371,1730.862357559919,1730.862357559919,0,400.66258276850039,400.66258276850039
2026-01-28,sz300054,-4994.1356798182896,-4994.1356798182896,0,33294.23786545558,33294.23786545558
2026-01-28,sz300223,32652.699644358247,32652.699644358247,0,4006.4662140316841,4006.4662140316841
2026-01-29,sh688300,-29058.021522309726,-29058.021522309726,0,5097.8985126859143,5097.8985126859143
2026-01-29,sz002371,-10669.644579125163,-10669.644579125163,0,400.66258276850039,400.66258276850039
2026-01-29,sz300054,-93889.750780584742,-93889.750780584742,0,33294.23786545558,33294.23786545558
2026-01-29,sz300223,-40986.149369544088,-40986.149369544088,0,4006.4662140316841,4006.4662140316841
2026-01-30,sh688300,-2614.9324171555145,8615.4484864392562,-11230.380903594771,5097.8985126859143,0
2026-01-30,sz002371,-56.09276158758459,-56.09276158758459,0,400.66258276850039,400.66258276850039
2026-01-30,sz300054,24304.793641782468,24304.793641782468,0,33294.23786545558,33294.23786545558
2026-01-30,sz300223,26162.224377626902,26162.224377626902,0,4006.4662140316841,4006.4662140316841
2026-02-02,bj920045,-10311.072121244964,-0,-10311.072121244964,0,1261.9300106044539
2026-02-02,sz002371,-5449.0111256516147,-5449.0111256516147,0,400.66258276850039,400.66258276850039
2026-02-02,sz300054,-75910.862333238765,-75910.862333238765,0,33294.23786545558,33294.23786545558
2026-02-02,sz300223,-63742.877465244135,-63742.877465244135,0,4006.4662140316841,4006.4662140316841
2026-02-03,bj920045,34248.780487804863,34248.780487804863,0,1261.9300106044539,1261.9300106044539
2026-02-03,sz002371,4551.5269402501699,4551.5269402501699,0,400.66258276850039,400.66258276850039
2026-02-03,sz300054,48942.529662219662,48942.529662219662,0,33294.23786545558,33294.23786545558
2026-02-03,sz300223,24255.98406279261,23397.762689945106,858.22137284750454,4006.4662140316841,0
2026-02-04,bj920045,-14335.524920466542,-14335.524920466542,0,1261.9300106044539,1261.9300106044539
2026-02-04,sz002371,-957.58357281671044,-957.58357281671044,0,400.66258276850039,400.66258276850039
2026-02-04,sz300054,998.82713596370525,998.82713596370525,0,33294.23786545558,33294.23786545558
2026-02-04,sz300776,-10400.076978969066,-0,-10400.076978969066,0,5723.8262480877374
2026-02-05,bj920045,-15837.22163308591,-15837.22163308591,0,1261.9300106044539,1261.9300106044539
2026-02-05,sz002371,-192.31803972888747,-192.31803972888747,0,400.66258276850039,400.66258276850039
2026-02-05,sz300054,-10654.156116945795,-10654.156116945795,0,33294.23786545558,33294.23786545558
2026-02-05,sz300776,-46420.230871991545,-46420.230871991545,0,5723.8262480877374,5723.8262480877374
2026-02-06,bj920045,5830.1166489925827,5830.1166489925827,0,1261.9300106044539,1261.9300106044539
2026-02-06,sz002371,845.39804964154132,845.39804964154132,0,400.66258276850039,400.66258276850039
2026-02-06,sz300054,332.9423786547261,332.9423786547261,0,33294.23786545558,33294.23786545558
2026-02-06,sz300776,-10549.282643168341,9100.8837344595213,-19650.166377627862,5723.8262480877374,0
2026-02-09,bj920045,45076.139978791056,45076.139978791056,0,1261.9300106044539,1261.9300106044539
2026-02-09,sz002371,4715.798599185242,4715.798599185242,0,400.66258276850039,400.66258276850039
2026-02-09,sz300054,50274.299176837856,50274.299176837856,0,33294.23786545558,33294.23786545558
2026-02-10,bj920045,12619.300106044539,12619.300106044539,0,1261.9300106044539,1261.9300106044539
2026-02-10,sh688249,532.85634429297602,0,532.85634429297602,0,12545
2026-02-10,sz002371,-440.72884104535956,-440.72884104535956,0,400.66258276850039,400.66258276850039
2026-02-10,sz300054,-15981.234175418811,-15981.234175418811,0,33294.23786545558,33294.23786545558
2026-02-11,bj920045,-19774.44326617174,-19774.44326617174,0,1261.9300106044539,1261.9300106044539
2026-02-11,sh688249,-19068.399999999951,-19068.399999999951,0,12545,12545
2026-02-11,sz002371,-3165.234403871144,-3165.234403871144,0,400.66258276850039,400.66258276850039
2026-02-11,sz300054,3662.3661652000947,3662.3661652000947,0,33294.23786545558,33294.23786545558
2026-02-12,bj920045,13439.554612937405,13439.554612937405,0,1261.9300106044539,1261.9300106044539
2026-02-12,sh688249,2132.6500000000215,2132.6500000000215,0,12545,12545
2026-02-12,sz002371,20.033129138429576,20.033129138429576,0,400.66258276850039,400.66258276850039
2026-02-12,sz300054,46944.875390292487,46944.875390292487,0,33294.23786545558,33294.23786545558
2026-02-13,bj920045,-22500.212089077391,-22500.212089077391,0,1261.9300106044539,1261.9300106044539
2026-02-13,sh688249,12921.349999999926,12921.349999999926,0,12545,12545
2026-02-13,sz002371,4435.3347912472964,4435.3347912472964,0,400.66258276850039,400.66258276850039
2026-02-13,sz300054,-14649.464660800379,-14649.464660800379,0,33294.23786545558,33294.23786545558
2026-02-24,bj920045,126.19300106040235,126.19300106040235,0,1261.9300106044539,1261.9300106044539
2026-02-24,sh688249,-9157.8499999999603,-9157.8499999999603,0,12545,12545
2026-02-24,sz002371,484.80172514987726,484.80172514987726,0,400.66258276850039,400.66258276850039
2026-02-24,sz300054,4994.1356798182896,4994.1356798182896,0,33294.23786545558,33294.23786545558
2026-02-25,bj920045,-12228.101802757155,-12228.101802757155,0,1261.9300106044539,1261.9300106044539
2026-02-25,sh688249,5645.2500000000355,5645.2500000000355,0,12545,12545
2026-02-25,sz002371,3473.7445926029045,3473.7445926029045,0,400.66258276850039,400.66258276850039
2026-02-25,sz300054,53603.722963383465,53603.722963383465,0,33294.23786545558,33294.23786545558
2026-02-26,bj920045,164.05090137857326,164.05090137857326,0,1261.9300106044539,1261.9300106044539
2026-02-26,sh688249,-8028.8000000000075,-8028.8000000000075,0,12545,12545
2026-02-26,sz002371,-2852.7175893117246,-2852.7175893117246,0,400.66258276850039,400.66258276850039
2026-02-26,sz300054,-6991.7899517456999,-6991.7899517456999,0,33294.23786545558,33294.23786545558
2026-02-27,bj920045,2637.4337221633486,2637.4337221633486,0,1261.9300106044539,1261.9300106044539
2026-02-27,sh688249,-12294.100000000049,-12294.100000000049,0,12545,12545
2026-02-27,sz002371,-6811.2639070645064,-6811.2639070645064,0,400.66258276850039,400.66258276850039
2026-02-27,sz300054,-37289.546409310162,-37289.546409310162,0,33294.23786545558,33294.23786545558
2026-03-02,bj920045,2889.8197242841534,2889.8197242841534,0,1261.9300106044539,1261.9300106044539
2026-03-02,sh688249,-24588.200000000012,-24588.200000000012,0,12545,12545
2026-03-02,sz002371,-2436.0285032324759,-2436.0285032324759,0,400.66258276850039,400.66258276850039
2026-03-02,sz300054,-34261.190869340571,-26302.447913709879,-7958.7429556306906,33294.23786545558,0
2026-03-03,bj920045,-24241.675503711533,-24241.675503711533,0,1261.9300106044539,1261.9300106044539
2026-03-03,sh688249,-26219.049999999952,-26219.049999999952,0,12545,12545
2026-03-03,sh688300,-119000.25061284928,-0,-119000.25061284928,0,20549.427581427582
2026-03-03,sz002371,-7869.0131255733422,-7869.0131255733422,0,400.66258276850039,400.66258276850039
2026-03-04,bj920045,3419.83032873808,3419.83032873808,0,1261.9300106044539,1261.9300106044539
2026-03-04,sh688249,-4828.4235729600059,-8279.7000000000025,3451.2764270399962,12545,0
2026-03-04,sh688300,-16645.036340956387,-16645.036340956387,0,20549.427581427582,20549.427581427582
2026-03-04,sz002371,-1489.8196657839496,1057.7492185088356,-2547.5688842927852,400.66258276850039,0
2026-03-05,bj920045,-2511.2407211028744,-2511.2407211028744,0,1261.9300106044539,1261.9300106044539
2026-03-05,sh688072,-2881.7567723705888,0,-2881.7567723705888,0,758.64328257723685
2026-03-05,sh688300,43153.797920997808,43153.797920997808,0,20549.427581427582,20549.427581427582
2026-03-05,sz002281,-1119.0794173999907,0,-1119.0794173999907,0,3500
2026-03-06,bj920045,-3798.4093319193948,-3798.4093319193948,0,1261.9300106044539,1261.9300106044539
2026-03-06,sh688072,-5682.2381865035113,-5682.2381865035113,0,758.64328257723685,758.64328257723685
2026-03-06,sh688300,138914.13045045055,138914.13045045055,0,20549.427581427582,20549.427581427582
2026-03-06,sz002281,4164.9999999999918,4164.9999999999918,0,3500,3500
2026-03-09,bj920045,-20594.697773064679,-20594.697773064679,0,1261.9300106044539,1261.9300106044539
2026-03-09,sh688072,-12585.89205795634,-12585.89205795634,0,758.64328257723685,758.64328257723685
2026-03-09,sh688300,170560.24892584886,170560.24892584886,0,20549.427581427582,20549.427581427582
2026-03-09,sz002281,-6230.0000000000036,-6230.0000000000036,0,3500,3500
2026-03-10,bj920045,50515.058324496291,50515.058324496291,0,1261.9300106044539,1261.9300106044539
2026-03-10,sh688072,5098.0828589190096,5098.0828589190096,0,758.64328257723685,758.64328257723685
2026-03-10,sh688300,342353.46350658347,342353.46350658347,0,20549.427581427582,20549.427581427582
2026-03-10,sz002281,27404.999999999993,27404.999999999993,0,3500,3500
2026-03-11,bj920045,908.5896076351695,908.5896076351695,0,1261.9300106044539,1261.9300106044539
2026-03-11,sh688072,-5940.1769025797521,-5940.1769025797521,0,758.64328257723685,758.64328257723685
2026-03-11,sh688300,-8219.7710325708576,-8219.7710325708576,0,20549.427581427582,20549.427581427582
2026-03-11,sz002281,18654.999999999993,18654.999999999993,0,3500,3500
2026-03-12,bj920045,4959.384941675512,4959.384941675512,0,1261.9300106044539,1261.9300106044539
2026-03-12,sh688072,-13647.992653564497,-13647.992653564497,0,758.64328257723685,758.64328257723685
2026-03-12,sh688300,-25120.095222127107,-50551.591850312019,25431.496628184912,20549.427581427582,0
2026-03-12,sz002281,25654.999999999993,25654.999999999993,0,3500,3500
2026-03-13,bj920045,-6763.9448568398902,-6763.9448568398902,0,1261.9300106044539,1261.9300106044539
2026-03-13,sh688072,-1889.0217736173267,-1889.0217736173267,0,758.64328257723685,758.64328257723685
2026-03-13,sh688268,62759.693750543076,0,62759.693750543076,0,23202.649006622516
2026-03-13,sz002281,-34579.999999999985,-34579.999999999985,0,3500,3500
2026-03-16,bj920045,-12884.305408271448,-12884.305408271448,0,1261.9300106044539,1261.9300106044539
2026-03-16,sh688072,6334.671409519945,6334.671409519945,0,758.64328257723685,758.64328257723685
2026-03-16,sh688268,-18562.119205297946,-18562.119205297946,0,23202.649006622516,23202.649006622516
2026-03-16,sz002281,-16060.295229999992,-19039.999999999993,2979.7047699999998,3500,0
2026-03-17,bj920045,-29302.014846235415,-29302.014846235415,0,1261.9300106044539,1261.9300106044539
2026-03-17,sh688072,-10097.542091103023,-10097.542091103023,0,758.64328257723685,758.64328257723685
2026-03-17,sh688268,-100235.44370860911,-100235.44370860911,0,23202.649006622516,23202.649006622516
2026-03-18,bj920045,2892.5586479702688,11332.131495227983,-8439.5728472577139,1261.9300106044539,0
2026-03-18,sh688072,8451.286167910408,8451.286167910408,0,758.64328257723685,758.64328257723685
2026-03-18,sh688268,-56846.490066225233,-56846.490066225233,0,23202.649006622516,23202.649006622516
2026-03-19,sh688072,-8860.9535405021306,-8860.9535405021306,0,758.64328257723685,758.64328257723685
2026-03-19,sh688268,267758.56953642366,267758.56953642366,0,23202.649006622516,23202.649006622516
2026-03-19,sz002409,-40959.223174150626,-0,-40959.223174150626,0,9432.7158414730002
2026-03-20,sh688072,10886.531104983365,10886.531104983365,0,758.64328257723685,758.64328257723685
2026-03-20,sh688268,-62647.152317880857,-62647.152317880857,0,23202.649006622516,23202.649006622516
2026-03-20,sz002409,-19714.376108678603,-19714.376108678603,0,9432.7158414730002,9432.7158414730002
2026-03-23,sh688072,1615.910191889511,1615.910191889511,0,758.64328257723685,758.64328257723685
2026-03-23,sh688268,277503.68211920548,277503.68211920548,0,23202.649006622516,23202.649006622516
2026-03-23,sz002409,-20676.236444087688,-42541.548445043278,21865.31200095559,9432.7158414730002,0
2026-03-24,sh688072,5993.2819323601971,5993.2819323601971,0,758.64328257723685,758.64328257723685
2026-03-24,sh688268,-696.07947019870187,-696.07947019870187,0,23202.649006622516,23202.649006622516
2026-03-25,sh688072,7836.7851090228442,7836.7851090228442,0,758.64328257723685,758.64328257723685
2026-03-25,sh688268,-8817.0066225164501,-8817.0066225164501,0,23202.649006622516,23202.649006622516
2026-03-26,sh688072,-606.91462606179812,-606.91462606179812,0,758.64328257723685,758.64328257723685
2026-03-26,sh688268,105108.00000000003,105108.00000000003,0,23202.649006622516,23202.649006622516
2026-03-27,sh688072,7260.2162142641519,7260.2162142641519,0,758.64328257723685,758.64328257723685
2026-03-27,sh688268,103019.76158940392,103019.76158940392,0,23202.649006622516,23202.649006622516
2026-03-30,sh688072,7677.4700196816402,7677.4700196816402,0,758.64328257723685,758.64328257723685
2026-03-30,sh688268,-48261.509933774796,-48261.509933774796,0,23202.649006622516,23202.649006622516
2026-03-30,sz002281,39601.665333520141,0,39601.665333520141,0,9200
2026-03-31,sh688072,-12987.972997722298,-12987.972997722298,0,758.64328257723685,758.64328257723685
2026-03-31,sh688268,-174251.89403973523,-174251.89403973523,0,23202.649006622516,23202.649006622516
2026-03-31,sz002281,-34959.999999999971,-34959.999999999971,0,9200,9200
2026-04-01,sh688072,-1153.1377895173862,-1153.1377895173862,0,758.64328257723685,758.64328257723685
2026-04-01,sh688268,-46405.298013245032,-46405.298013245032,0,23202.649006622516,23202.649006622516
2026-04-01,sz002281,24656.000000000062,24656.000000000062,0,9200,9200
2026-04-02,sh688072,-8709.2248839866934,-8709.2248839866934,0,758.64328257723685,758.64328257723685
2026-04-02,sh688268,150817.21854304636,150817.21854304636,0,23202.649006622516,23202.649006622516
2026-04-02,sz002281,-28335.999999999985,-28335.999999999985,0,9200,9200
2026-04-03,sh688072,394.49450694014934,394.49450694014934,0,758.64328257723685,758.64328257723685
2026-04-03,sh688268,220889.21854304627,220889.21854304627,0,23202.649006622516,23202.649006622516
2026-04-03,sz002281,59707.999999999956,59707.999999999956,0,9200,9200
2026-04-07,sh688072,-6129.8377232240618,-6129.8377232240618,0,758.64328257723685,758.64328257723685
2026-04-07,sh688268,47565.430463576093,47565.430463576093,0,23202.649006622516,23202.649006622516
2026-04-07,sz002281,18123.999999999989,18123.999999999989,0,9200,9200
2026-04-08,sh688072,22766.884910142871,22766.884910142871,0,758.64328257723685,758.64328257723685
2026-04-08,sh688268,-272167.07284768188,-272167.07284768188,0,23202.649006622516,23202.649006622516
2026-04-08,sz002281,54280.000000000051,54280.000000000051,0,9200,9200
2026-04-09,sh688072,9407.1767039577626,9407.1767039577626,0,758.64328257723685,758.64328257723685
2026-04-09,sh688268,48474.459113016812,156849.90728476801,-108375.4481717512,23202.649006622516,0
2026-04-09,sz002281,90435.999999999985,90435.999999999985,0,9200,9200
2026-04-10,sh688072,4711.1747848046252,4711.1747848046252,0,758.64328257723685,758.64328257723685
2026-04-10,sh688409,-38758.33658065195,-0,-38758.33658065195,0,11661
2026-04-10,sz002281,-2484.0000000000941,-2484.0000000000941,0,9200,9200
2026-04-10,sz300604,14660.778265532097,0,14660.778265532097,0,8105.9571964403913
2026-04-13,sh688072,-1942.1268033977281,-1942.1268033977281,0,758.64328257723685,758.64328257723685
2026-04-13,sh688409,-40347.059999999925,-40347.059999999925,0,11661,11661
2026-04-13,sz002281,-6612.4895083198717,54372.000000000102,-60984.489508319974,9200,0
2026-04-13,sz300604,-22372.441862175405,-22372.441862175405,0,8105.9571964403913,8105.9571964403913
2026-04-14,sh688019,10286.060080914835,0,10286.060080914835,0,4999.0658909266604
2026-04-14,sh688072,9938.2270017618193,9938.2270017618193,0,758.64328257723685,758.64328257723685
2026-04-14,sh688409,127571.33999999997,127571.33999999997,0,11661,11661
2026-04-14,sz300604,36719.986099874979,36719.986099874979,0,8105.9571964403913,8105.9571964403913
2026-04-15,sh688019,-38262.850329152643,-38262.850329152643,0,4999.0658909266604,4999.0658909266604
2026-04-15,sh688072,-5007.0456650097804,-5007.0456650097804,0,758.64328257723685,758.64328257723685
2026-04-15,sh688409,-27753.180000000113,-27753.180000000113,0,11661,11661
2026-04-15,sz300604,11267.280503052263,11267.280503052263,0,8105.9571964403913,8105.9571964403913
2026-04-16,sh688019,6153.8501117306914,6153.8501117306914,0,4999.0658909266604,4999.0658909266604
2026-04-16,sh688072,675.1925214937304,675.1925214937304,0,758.64328257723685,758.64328257723685
2026-04-16,sh688409,-11427.779999999881,-11427.779999999881,0,11661,11661
2026-04-16,sz300604,104404.7286901522,104404.7286901522,0,8105.9571964403913,8105.9571964403913
2026-04-17,sh688019,-32493.928291023294,-32493.928291023294,0,4999.0658909266604,4999.0658909266604
2026-04-17,sh688072,-9520.9731963442882,-9520.9731963442882,0,758.64328257723685,758.64328257723685
2026-04-17,sh688409,116.60999999989394,116.60999999989394,0,11661,11661
2026-04-17,sz300604,-27479.194895933048,-27479.194895933048,0,8105.9571964403913,8105.9571964403913
2026-04-20,sh688019,4959.073363799198,4959.073363799198,0,4999.0658909266604,4999.0658909266604
2026-04-20,sh688072,6145.0105888755925,6145.0105888755925,0,758.64328257723685,758.64328257723685
2026-04-20,sh688409,25304.370000000021,25304.370000000021,0,11661,11661
2026-04-20,sz300604,8916.5529160843835,8916.5529160843835,0,8105.9571964403913,8105.9571964403913
2026-04-21,sh688019,-3384.3676081573117,-3384.3676081573117,0,4999.0658909266604,4999.0658909266604
2026-04-21,sh688072,-7571.2599601208376,-7571.2599601208376,0,758.64328257723685,758.64328257723685
2026-04-21,sh688409,-13060.319999999887,-13060.319999999887,0,11661,11661
2026-04-21,sz300604,-28370.850187541371,-28370.850187541371,0,8105.9571964403913,8105.9571964403913
2026-04-22,sh688019,13077.556370664213,13077.556370664213,0,4999.0658909266604,4999.0658909266604
2026-04-22,sh688072,4931.1813367520399,4931.1813367520399,0,758.64328257723685,758.64328257723685
2026-04-22,sh688409,30901.6499999999,30901.6499999999,0,11661,11661
2026-04-22,sz300604,32423.828785761565,32423.828785761565,0,8105.9571964403913,8105.9571964403913
2026-04-23,sh688019,-15537.096789000081,-15537.096789000081,0,4999.0658909266604,4999.0658909266604
2026-04-23,sh688072,-11318.957776052343,-11318.957776052343,0,758.64328257723685,758.64328257723685
2026-04-23,sh688409,-4197.9599999999937,-4197.9599999999937,0,11661,11661
2026-04-23,sz300604,26830.718320217715,26830.718320217715,0,8105.9571964403913,8105.9571964403913
2026-04-24,sh688019,5194.0294606727366,5194.0294606727366,0,4999.0658909266604,4999.0658909266604
2026-04-24,sh688072,3444.2405029006277,3444.2405029006277,0,758.64328257723685,758.64328257723685
2026-04-24,sh688409,15275.910000000027,15275.910000000027,0,11661,11661
2026-04-24,sz300604,19373.237699492656,19373.237699492656,0,8105.9571964403913,8105.9571964403913
2026-04-27,sh688019,38757.757852354473,38757.757852354473,0,4999.0658909266604,4999.0658909266604
2026-04-27,sh688072,21355.808404549243,21355.808404549243,0,758.64328257723685,758.64328257723685
2026-04-27,sh688409,194039.04000000001,194039.04000000001,0,11661,11661
2026-04-27,sz300604,137963.39148341533,137963.39148341533,0,8105.9571964403913,8105.9571964403913
2026-04-28,sh688019,6538.7781853320357,6538.7781853320357,0,4999.0658909266604,4999.0658909266604
2026-04-28,sh688072,8170.5881533568272,8170.5881533568272,0,758.64328257723685,758.64328257723685
2026-04-28,sh688409,-13179.602467980163,-69033.120000000024,55853.517532019861,11661,0
2026-04-28,sz300604,34774.556372729443,34774.556372729443,0,8105.9571964403913,8105.9571964403913
2026-04-29,sh688019,-49835.687866647844,-49835.687866647844,0,4999.0658909266604,4999.0658909266604
2026-04-29,sh688072,128.96935803814233,128.96935803814233,0,758.64328257723685,758.64328257723685
2026-04-29,sh688347,-30427.988103694752,-0,-30427.988103694752,0,10075
2026-04-29,sz300604,-40610.845554166517,-40610.845554166517,0,8105.9571964403913,8105.9571964403913
2026-04-30,sh688019,20226.220594689228,20226.220594689228,0,4999.0658909266604,4999.0658909266604
2026-04-30,sh688072,16181.86121737245,16181.86121737245,0,758.64328257723685,758.64328257723685
2026-04-30,sh688347,89063.000000000029,89063.000000000029,0,10075,10075
2026-04-30,sz300604,-810.59571964399311,-810.59571964399311,0,8105.9571964403913,8105.9571964403913
2026-05-06,sh688019,37108.066108348612,37108.066108348612,0,4999.0658909266604,4999.0658909266604
2026-05-06,sh688072,14535.605294179877,14535.605294179877,0,758.64328257723685,758.64328257723685
2026-05-06,sh688347,110825,110825,0,10075,10075
2026-05-06,sz300604,16211.914392880783,16211.914392880783,0,8105.9571964403913,8105.9571964403913
2026-05-07,sh688019,23690.573257101463,23690.573257101463,0,4999.0658909266604,4999.0658909266604
2026-05-07,sh688072,11683.10655168943,11683.10655168943,0,758.64328257723685,758.64328257723685
2026-05-07,sh688347,140243.99999999988,140243.99999999988,0,10075,10075
2026-05-07,sz300604,77817.189085827704,77817.189085827704,0,8105.9571964403913,8105.9571964403913
2026-05-08,sh688019,-38492.807360135368,-38492.807360135368,0,4999.0658909266604,4999.0658909266604
2026-05-08,sh688072,-12525.200595350174,-12525.200595350174,0,758.64328257723685,758.64328257723685
2026-05-08,sh688347,-70121.999999999796,-70121.999999999796,0,10075,10075
2026-05-08,sz300604,-30721.57777450902,-30721.57777450902,0,8105.9571964403913,8105.9571964403913
2026-05-11,sh688019,54604.796726591921,54604.796726591921,0,4999.0658909266604,4999.0658909266604
2026-05-11,sh688072,31202.998212401748,31202.998212401748,0,758.64328257723685,758.64328257723685
2026-05-11,sh688347,54908.749999999884,54908.749999999884,0,10075,10075
2026-05-11,sz300604,295056.8419504303,295056.8419504303,0,8105.9571964403913,8105.9571964403913
2026-05-12,sh688019,4999.0658909266604,4999.0658909266604,0,4999.0658909266604,4999.0658909266604
2026-05-12,sh688072,2154.5469225193337,2154.5469225193337,0,758.64328257723685,758.64328257723685
2026-05-12,sh688347,-37781.25,-37781.25,0,10075,10075
2026-05-12,sz300604,-43204.75185702739,-43204.75185702739,0,8105.9571964403913,8105.9571964403913
2026-05-13,sh688019,59603.862617518578,59603.862617518578,0,4999.0658909266604,4999.0658909266604
2026-05-13,sh688072,6069.1462606179375,6069.1462606179375,0,758.64328257723685,758.64328257723685
2026-05-13,sh688347,-402.99999999991985,-402.99999999991985,0,10075,10075
2026-05-13,sz300604,120940.88137089077,120940.88137089077,0,8105.9571964403913,8105.9571964403913
2026-05-14,sh688019,-61528.502985525301,-61528.502985525301,0,4999.0658909266604,4999.0658909266604
2026-05-14,sh688072,-16705.325082350784,-16705.325082350784,0,758.64328257723685,758.64328257723685
2026-05-14,sh688347,-27806.999999999909,-27806.999999999909,0,10075,10075
2026-05-14,sz300604,-155066.96116790464,-155066.96116790464,0,8105.9571964403913,8105.9571964403913
2026-05-15,sh688019,22305.832005314704,22305.832005314704,0,4999.0658909266604,4999.0658909266604
2026-05-15,sh688072,28024.282858403127,28024.282858403127,0,758.64328257723685,758.64328257723685
2026-05-15,sh688347,-78282.750000000102,-78282.750000000102,0,10075,10075
2026-05-15,sz300604,30765.248087153836,5106.7530337574099,25658.495053396426,8105.9571964403913,0
2026-05-18,sh688019,45221.550049322672,45221.550049322672,0,4999.0658909266604,4999.0658909266604
2026-05-18,sh688072,-3588.3827265903442,-3588.3827265903442,0,758.64328257723685,758.64328257723685
2026-05-18,sh688082,26024.485598945063,0,26024.485598945063,0,9634.7767439299678
2026-05-18,sh688347,-23071.74999999992,-23071.74999999992,0,10075,10075
2026-05-19,sh688019,59373.905586535853,59373.905586535853,0,4999.0658909266604,4999.0658909266604
2026-05-19,sh688072,22546.878358195499,22546.878358195499,0,758.64328257723685,758.64328257723685
2026-05-19,sh688082,111956.10576446627,111956.10576446627,0,9634.7767439299678,9634.7767439299678
2026-05-19,sh688347,19545.499999999978,19545.499999999978,0,10075,10075
2026-05-20,sh688019,76290.744561431886,76290.744561431886,0,4999.0658909266604,4999.0658909266604
2026-05-20,sh688072,60653.53044205012,60653.53044205012,0,758.64328257723685,758.64328257723685
2026-05-20,sh688082,133730.7012057479,133730.7012057479,0,9634.7767439299678,9634.7767439299678
2026-05-20,sh688347,282704.5,282704.5,0,10075,10075
2026-05-21,sh688019,-73256.311565639407,-73256.311565639407,0,4999.0658909266604,4999.0658909266604
2026-05-21,sh688072,-21757.889344315201,-21757.889344315201,0,758.64328257723685,758.64328257723685
2026-05-21,sh688082,19654.944557617058,19654.944557617058,0,9634.7767439299678,9634.7767439299678
2026-05-21,sh688347,-88660.000000000116,-88660.000000000116,0,10075,10075
2026-05-22,sh688019,24610.401381031959,24610.401381031959,0,4999.0658909266604,4999.0658909266604
2026-05-22,sh688072,-960.07874011560943,8178.1745861825921,-9138.2533262982015,758.64328257723685,0
2026-05-22,sh688082,4335.6495347686496,4335.6495347686496,0,9634.7767439299678,9634.7767439299678
2026-05-22,sh688347,100750,100750,0,10075,10075
2026-05-25,sh688019,69337.043907152809,69337.043907152809,0,4999.0658909266604,4999.0658909266604
2026-05-25,sh688082,364483.60422287055,364483.60422287055,0,9634.7767439299678,9634.7767439299678
2026-05-25,sh688347,360685.00000000012,360685.00000000012,0,10075,10075
2026-05-25,sz300666,22633.367455800017,0,22633.367455800017,0,2300
2026-05-26,sh688019,38762.756918245279,38762.756918245279,0,4999.0658909266604,4999.0658909266604
2026-05-26,sh688082,57615.964928701382,57615.964928701382,0,9634.7767439299678,9634.7767439299678
2026-05-26,sh688347,76771.499999999753,76771.499999999753,0,10075,10075
2026-05-26,sz300666,-25070.000000000015,-25070.000000000015,0,2300,2300
2026-05-27,sh688019,-101601.01516719337,-101601.01516719337,0,4999.0658909266604,4999.0658909266604
2026-05-27,sh688082,-153963.73236800107,-153963.73236800107,0,9634.7767439299678,9634.7767439299678
2026-05-27,sh688347,-68610.749999999738,-68610.749999999738,0,10075,10075
2026-05-27,sz300666,-31486.999999999996,-31486.999999999996,0,2300,2300
2026-05-28,sh688019,-37992.900771042587,-37992.900771042587,0,4999.0658909266604,4999.0658909266604
2026-05-28,sh688082,27748.157022518262,27748.157022518262,0,9634.7767439299678,9634.7767439299678
2026-05-28,sh688347,17198.160528899811,342952.99999999994,-325754.83947110013,10075,0
2026-05-28,sz300666,45195.000000000015,45195.000000000015,0,2300,2300
2026-05-29,sh688019,-72176.513333199211,-72176.513333199211,0,4999.0658909266604,4999.0658909266604
2026-05-29,sh688082,-142980.08687992077,-142980.08687992077,0,9634.7767439299678,9634.7767439299678
2026-05-29,sz300223,-91062.555257799802,-0,-91062.555257799802,0,13300
2026-05-29,sz300666,-29555.000000000051,-29555.000000000051,0,2300,2300
2026-06-01,sh688019,-62413.337648219283,-62413.337648219283,0,4999.0658909266604,4999.0658909266604
2026-06-01,sh688082,-133827.04897318713,-133827.04897318713,0,9634.7767439299678,9634.7767439299678
2026-06-01,sz300223,-177554.99999999991,-177554.99999999991,0,13300,13300
2026-06-01,sz300666,-4921.9999999999691,-4921.9999999999691,0,2300,2300
2026-06-02,sh688019,23765.559245465298,23765.559245465298,0,4999.0658909266604,4999.0658909266604
2026-06-02,sh688082,95384.289764906731,95384.289764906731,0,9634.7767439299678,9634.7767439299678
2026-06-02,sz300223,-17710.600492760394,-24472.000000000044,6761.3995072396519,13300,0
2026-06-02,sz300666,48667.999999999993,48667.999999999993,0,2300,2300
2026-06-03,sh601869,96625.154422158652,0,96625.154422158652,0,4503.1404880472201
2026-06-03,sh688019,18536.536323556047,18536.536323556047,0,4999.0658909266604,4999.0658909266604
2026-06-03,sh688082,268713.92338820669,268713.92338820669,0,9634.7767439299678,9634.7767439299678
2026-06-03,sz300666,-2805.9999999999973,-2805.9999999999973,0,2300,2300
2026-06-04,sh601869,49084.231319714854,49084.231319714854,0,4503.1404880472201,4503.1404880472201
2026-06-04,sh688019,13802.420924848488,13802.420924848488,0,4999.0658909266604,4999.0658909266604
2026-06-04,sh688082,169186.67962341025,169186.67962341025,0,9634.7767439299678,9634.7767439299678
2026-06-04,sz300666,5819.0000000000027,5819.0000000000027,0,2300,2300
2026-06-05,sh601869,-64034.657740031595,-64034.657740031595,0,4503.1404880472201,4503.1404880472201
2026-06-05,sh688019,-36878.10907736588,-36878.10907736588,0,4999.0658909266604,4999.0658909266604
2026-06-05,sh688082,-187878.14650663437,-187878.14650663437,0,9634.7767439299678,9634.7767439299678
2026-06-05,sz300666,-21482.000000000007,-21482.000000000007,0,2300,2300
2026-06-08,sh601869,-6169.3024686247118,-6169.3024686247118,0,4503.1404880472201,4503.1404880472201
2026-06-08,sh688019,-50835.501044833261,-50835.501044833261,0,4999.0658909266604,4999.0658909266604
2026-06-08,sh688082,-52027.794417221878,-52027.794417221878,0,9634.7767439299678,9634.7767439299678
2026-06-08,sz300666,-17526.000000000011,-17526.000000000011,0,2300,2300
2026-06-09,sh601869,198273.27568871924,198273.27568871924,0,4503.1404880472201,4503.1404880472201
2026-06-09,sh688019,74911.002375536074,74911.002375536074,0,4999.0658909266604,4999.0658909266604
2026-06-09,sh688082,175931.0233441614,175931.0233441614,0,9634.7767439299678,9634.7767439299678
2026-06-09,sz300666,72013,72013,0,2300,2300
2026-06-10,sh601869,-142479.36504181425,-142479.36504181425,0,4503.1404880472201,4503.1404880472201
2026-06-10,sh688019,9843.160739234565,9843.160739234565,0,4999.0658909266604,4999.0658909266604
2026-06-10,sh688082,10887.29772064082,10887.29772064082,0,9634.7767439299678,9634.7767439299678
2026-06-10,sz300666,43216.999999999978,43216.999999999978,0,2300,2300
2026-06-11,sh601869,-45841.970168320731,-45841.970168320731,0,4503.1404880472201,4503.1404880472201
2026-06-11,sh688019,70236.875767519494,70236.875767519494,0,4999.0658909266604,4999.0658909266604
2026-06-11,sh688082,183157.1059021086,183157.1059021086,0,9634.7767439299678,9634.7767439299678
2026-06-11,sz300666,112078.99999999997,112078.99999999997,0,2300,2300
2026-06-12,sh601869,-27063.874333163752,-27063.874333163752,0,4503.1404880472201,4503.1404880472201
2026-06-12,sh688019,-27244.909105550243,-27244.909105550243,0,4999.0658909266604,4999.0658909266604
2026-06-12,sh688082,199054.48752959337,199054.48752959337,0,9634.7767439299678,9634.7767439299678
2026-06-12,sz300666,-42135.999999999985,-42135.999999999985,0,2300,2300
2026-06-15,sh601869,62143.338735051686,62143.338735051686,0,4503.1404880472201,4503.1404880472201
2026-06-15,sh688019,43341.901274334086,43341.901274334086,0,4999.0658909266604,4999.0658909266604
2026-06-15,sh688082,99623.59153223563,99623.59153223563,0,9634.7767439299678,9634.7767439299678
2026-06-15,sz300666,44896.000000000087,44896.000000000087,0,2300,2300
2026-06-16,sh601869,62143.338735051686,62143.338735051686,0,4503.1404880472201,4503.1404880472201
2026-06-16,sh688019,-3949.262053832022,-3949.262053832022,0,4999.0658909266604,4999.0658909266604
2026-06-16,sh688082,-134886.87441501956,-134886.87441501956,0,9634.7767439299678,9634.7767439299678
2026-06-16,sz300666,13822.999999999978,13822.999999999978,0,2300,2300
2026-06-17,sh601869,-16211.305756970094,-16211.305756970094,0,4503.1404880472201,4503.1404880472201
2026-06-17,sh688019,63688.099450405702,63688.099450405702,0,4999.0658909266604,4999.0658909266604
2026-06-17,sh688082,580013.55998458399,580013.55998458399,0,9634.7767439299678,9634.7767439299678
2026-06-17,sz300666,4507.9999999999527,4507.9999999999527,0,2300,2300
2026-06-18,sh601869,49759.702392921834,49759.702392921834,0,4503.1404880472201,4503.1404880472201
2026-06-18,sh688019,1849.6543796428871,1849.6543796428871,0,4999.0658909266604,4999.0658909266604
2026-06-18,sh688082,169090.33185597105,169090.33185597105,0,9634.7767439299678,9634.7767439299678
2026-06-18,sz300666,22148.999999999989,22148.999999999989,0,2300,2300
2026-06-22,sh601869,212368.10541630676,212368.10541630676,0,4503.1404880472201,4503.1404880472201
2026-06-22,sh688019,56039.52863728776,56039.52863728776,0,4999.0658909266604,4999.0658909266604
2026-06-22,sh688082,-25146.767301657346,-25146.767301657346,0,9634.7767439299678,9634.7767439299678
2026-06-22,sz300666,-5634.9999999999736,-5634.9999999999736,0,2300,2300
2026-06-23,sh601869,233577.89711500931,233577.89711500931,0,4503.1404880472201,4503.1404880472201
2026-06-23,sh688019,-55489.631389285903,-55489.631389285903,0,4999.0658909266604,4999.0658909266604
2026-06-23,sh688082,-78787.25693009494,228055.16552882249,-306842.42245891743,9634.7767439299678,0
2026-06-23,sz300666,-36616.000000000036,-36616.000000000036,0,2300,2300
2026-06-24,sh601869,42419.583397405142,42419.583397405142,0,4503.1404880472201,4503.1404880472201
2026-06-24,sh688019,-16486.419127738394,90982.999214865311,-107469.41834260371,4999.0658909266604,0
2026-06-24,sz300666,25783.000000000084,25783.000000000084,0,2300,2300
2026-06-25,sh601869,-22515.702440236098,-22515.702440236098,0,4503.1404880472201,4503.1404880472201
2026-06-25,sh688249,36058.125002189947,0,36058.125002189947,0,41550
2026-06-25,sz300054,-45501.683709599965,-0,-45501.683709599965,0,24300
2026-06-25,sz300666,59707.999999999956,59707.999999999956,0,2300,2300
2026-06-26,sh601869,-144100.49561751104,-144100.49561751104,0,4503.1404880472201,4503.1404880472201
2026-06-26,sh688249,-4155.0000000000591,-4155.0000000000591,0,41550,41550
2026-06-26,sz300054,-9234.0000000002346,-9234.0000000002346,0,24300,24300
2026-06-26,sz300666,56993.999999999935,56993.999999999935,0,2300,2300
2026-06-29,sh601869,-71599.933759951207,-71599.933759951207,0,4503.1404880472201,4503.1404880472201
2026-06-29,sh688249,47782.499999999942,47782.499999999942,0,41550,41550
2026-06-29,sz300054,216999.00000000017,216999.00000000017,0,24300,24300
2026-06-29,sz300666,31442.528386800168,63710.000000000102,-32267.471613199934,2300,0
2026-06-30,sh601869,84659.041175288046,84659.041175288046,0,4503.1404880472201,4503.1404880472201
2026-06-30,sh688249,-9556.4999999998709,-9556.4999999998709,0,41550,41550
2026-06-30,sh688256,60211.131788464758,0,60211.131788464758,0,572
2026-06-30,sz300054,47870.999999999971,47870.999999999971,0,24300,24300
2026-07-01,sh601869,-168372.42284808576,-168372.42284808576,0,4503.1404880472201,4503.1404880472201
2026-07-01,sh688249,93487.5,93487.5,0,41550,41550
2026-07-01,sh688256,-63045.840000000018,-63045.840000000018,0,572,572
2026-07-01,sz300054,-137781.00000000003,-137781.00000000003,0,24300,24300
2026-07-02,sh601869,-198768.62114240424,-198768.62114240424,0,4503.1404880472201,4503.1404880472201
2026-07-02,sh688249,-35317.500000000058,-35317.500000000058,0,41550,41550
2026-07-02,sh688256,-64824.759999999958,-64824.759999999958,0,572,572
2026-07-02,sz300054,-168398.99999999983,-168398.99999999983,0,24300,24300
2026-07-03,sh601869,-23320.555153037363,48228.634626985891,-71549.189780023255,4503.1404880472201,0
2026-07-03,sh688249,27838.500000000069,27838.500000000069,0,41550,41550
2026-07-03,sh688256,-10868,-10868,0,572,572
2026-07-03,sz300054,-84807.000000000218,-84807.000000000218,0,24300,24300
2026-07-06,sh688037,50287.286800111091,0,50287.286800111091,0,5711.5687869331387
2026-07-06,sh688249,15788.999999999811,15788.999999999811,0,41550,41550
2026-07-06,sh688256,9581,9581,0,572,572
2026-07-06,sz300054,16524.000000000167,16524.000000000167,0,24300,24300
2026-07-07,sh688037,64198.033165128531,64198.033165128531,0,5711.5687869331387,5711.5687869331387
2026-07-07,sh688249,-57338.999999999811,-57338.999999999811,0,41550,41550
2026-07-07,sh688256,10439,10439,0,572,572
2026-07-07,sz300054,17010.000000000069,17010.000000000069,0,24300,24300
2026-07-08,sh688037,137077.65088639533,137077.65088639533,0,5711.5687869331387,5711.5687869331387
2026-07-08,sh688249,-66064.500000000146,-66064.500000000146,0,41550,41550
2026-07-08,sh688256,14614.599999999973,14614.599999999973,0,572,572
2026-07-08,sz300054,-46170.000000000138,-46170.000000000138,0,24300,24300
2026-07-09,sh688037,146330.39232122703,146330.39232122703,0,5711.5687869331387,5711.5687869331387
2026-07-09,sh688249,278384.99999999983,278384.99999999983,0,41550,41550
2026-07-09,sh688256,69475.120000000024,69475.120000000024,0,572,572
2026-07-09,sz300054,161108.99999999988,161108.99999999988,0,24300,24300
2026-07-10,sh688037,-276382.81359969452,-276382.81359969452,0,5711.5687869331387,5711.5687869331387
2026-07-10,sh688249,-460789.49999999983,-460789.49999999983,0,41550,41550
2026-07-10,sh688256,-77225.720000000001,-77225.720000000001,0,572,572
2026-07-10,sz300054,-313227,-313227,0,24300,24300
2026-07-13,sh688037,-15994.580313372942,-29871.504755660419,13876.924442287476,5711.5687869331387,0
2026-07-13,sh688249,-27597.813398099694,-125896.49999999975,98298.686601900059,41550,0
2026-07-13,sh688256,10810.466103008086,-5720,16530.466103008086,572,0
2026-07-13,sz300054,14640.451741800003,-77273.999999999825,91914.451741799829,24300,0
2026-07-14,sh600206,-15985.424499764775,-0,-15985.424499764775,0,33527.180783817952
2026-07-14,sh688041,-39284.379605683702,-0,-39284.379605683702,0,5246
2026-07-14,sh688409,7387.318489734148,-0,7387.318489734148,0,7134.9999999999991
2026-07-14,sz002409,-52753.292215999863,-0,-52753.292215999863,0,9500
2026-07-15,sh600206,-166965.36030341353,-166965.36030341353,0,33527.180783817952,33527.180783817952
2026-07-15,sh688041,-87818.040000000052,-87818.040000000052,0,5246,5246
2026-07-15,sh688409,-141701.09999999989,-141701.09999999989,0,7134.9999999999991,7134.9999999999991
2026-07-15,sz002409,-153804.99999999997,-153804.99999999997,0,9500,9500
2026-07-16,sh600206,-59703.910419258827,-129414.91782553728,69711.007406278455,33527.180783817952,0
2026-07-16,sh688041,-19462.660000000193,-19462.660000000193,0,5246,5246
2026-07-16,sh688409,-103528.85000000012,-103528.85000000012,0,7134.9999999999991,7134.9999999999991
2026-07-16,sz002409,-39468.387883200048,-145350.00000000012,105881.61211680007,9500,0
2026-07-17,sh688041,-81417.919999999911,-81417.919999999911,0,5246,5246
2026-07-17,sh688409,-161607.74999999983,-161607.74999999983,0,7134.9999999999991,7134.9999999999991
2026-07-17,sh688498,-165377.17714499953,-0,-165377.17714499953,0,1719
2026-07-20,sh688041,79949.040000000052,79949.040000000052,0,5246,5246
2026-07-20,sh688409,93504.375276595965,-166174.15000000011,259678.52527659608,7134.9999999999991,0
2026-07-20,sh688498,53335.214283600275,-434185.0199999999,487520.23428360018,1719,0
2026-07-21,sh688041,128054.85999999983,128054.85999999983,0,5246,5246
2026-07-22,sh688012,-26448.674815481856,-0,-26448.674815481856,0,9286
2026-07-22,sh688041,-67830.779999999737,-67830.779999999737,0,5246,5246
2026-07-23,sh688012,-165197.94000000018,-165197.94000000018,0,9286,9286
2026-07-23,sh688041,-102821.60000000012,-102821.60000000012,0,5246,5246
2026-07-23,sz002371,-25733.809040199903,-0,-25733.809040199903,0,1000
2026-07-24,sh688012,123503.8000000001,123503.8000000001,0,9286,9286
2026-07-24,sh688041,11960.879999999857,11960.879999999857,0,5246,5246
2026-07-24,sz002371,17000,17000,0,1000,1000
2026-07-27,sh688012,104653.21999999983,104653.21999999983,0,9286,9286
2026-07-27,sh688041,-3619.739999999988,-3619.739999999988,0,5246,5246
2026-07-27,sz002371,13000,13000,0,1000,1000
2026-07-28,sh688012,-155726.21999999983,-155726.21999999983,0,9286,9286
2026-07-28,sh688041,-80316.260000000009,-80316.260000000009,0,5246,5246
2026-07-28,sz002371,-55000,-55000,0,1000,1000
2026-07-29,sh688012,-213578,-213578,0,9286,9286
2026-07-29,sh688041,-74912.879999999859,-74912.879999999859,0,5246,5246
2026-07-29,sz002371,-8610.0000000000146,-8610.0000000000146,0,1000,1000
2026-07-30,sh688012,-125361,-125361,0,9286,9286
2026-07-30,sh688041,416.29885227674094,-55502.679999999913,55918.978852276654,5246,0
2026-07-30,sz002371,-38319.999999999935,-38319.999999999935,0,1000,1000
2026-07-31,sh688012,-23215,-23215,0,9286,9286
2026-07-31,sz002371,18929.999999999949,18929.999999999949,0,1000,1000
2026-08-03,sh688012,-38341.600959840056,-317116.89999999979,278775.29904015973,9286,0
2026-08-03,sz002371,-3205.079400000046,-45700.000000000044,42494.920599999998,1000,0
2026-08-12,sh688361,-2005.800817759605,-0,-2005.800817759605,0,5162
2026-08-12,sz300666,40915.029058400316,0,40915.029058400316,0,7000
2026-08-13,sh688361,26777.747672043435,-61118.080000000162,87895.827672043597,5162,0
2026-08-13,sz300666,-91210.000000000015,-91210.000000000015,0,7000,7000
2026-08-14,bj920045,70912.0672441075,0,70912.0672441075,0,3449
2026-08-14,sh688120,-17467.495254337711,0,-17467.495254337711,0,4577
2026-08-14,sz300666,34159.999999999971,34159.999999999971,0,7000,7000
2026-08-17,bj920045,84466.010000000038,84466.010000000038,0,3449,3449
2026-08-17,sh688120,64169.539999999914,64169.539999999914,0,4577,4577
2026-08-17,sz300666,97439.999999999913,97439.999999999913,0,7000,7000
2026-08-18,bj920045,-58908.920000000144,-58908.920000000144,0,3449,3449
2026-08-18,sh688120,51445.48000000004,51445.48000000004,0,4577,4577
2026-08-18,sz300666,59219.999999999854,59219.999999999854,0,7000,7000
2026-08-19,bj920045,-115196.59999999992,-115196.59999999992,0,3449,3449
2026-08-19,sh688120,-78449.779999999941,-78449.779999999941,0,4577,4577
2026-08-19,sz300666,-179969.99999999985,-179969.99999999985,0,7000,7000
2026-08-20,bj920045,28899.13057772012,131234.45000000004,-102335.31942227992,3449,0
2026-08-20,sh688120,41009.919999999904,41009.919999999904,0,4577,4577
2026-08-20,sz300666,38396.532073200069,-24639.999999999873,63036.532073199938,7000,0
2026-08-21,sh688120,-40277.600000000049,-40277.600000000049,0,4577,4577
2026-08-24,sh688120,-23068.079999999834,-23068.079999999834,0,4577,4577
2026-08-24,sh688825,-38879.277698047881,-0,-38879.277698047881,0,36248
2026-08-25,sh688120,-19040.320000000116,-19040.320000000116,0,4577,4577
2026-08-25,sh688825,-3624.8000000000516,-3624.8000000000516,0,36248,36248
2026-08-26,sh688120,-4398.1348677601864,-1464.6399999999687,-2933.4948677602179,4577,0
2026-08-26,sh688825,-14499.199999999948,-14499.199999999948,0,36248,36248
2026-08-27,sh688825,109468.95999999986,109468.95999999986,0,36248,36248
2026-08-28,sh688825,-18848.959999999857,-18848.959999999857,0,36248,36248
2026-08-31,sh688825,-21386.320000000123,-21386.320000000123,0,36248,36248
2026-09-01,sh688825,-54734.47999999993,-54734.47999999993,0,36248,36248
2026-09-02,sh688825,-79020.639999999985,-79020.639999999985,0,36248,36248
2026-09-03,sh688825,44585.039999999884,44585.039999999884,0,36248,36248
2026-09-04,sh688825,-27186,-27186,0,36248,36248
2026-09-07,sh688825,133030.16000000006,133030.16000000006,0,36248,36248
2026-09-08,sh688825,-2899.8399999999383,-2899.8399999999383,0,36248,36248
2026-09-09,sh688825,-55096.960000000116,-55096.960000000116,0,36248,36248
2026-09-10,sh688825,11961.840000000197,11961.840000000197,0,36248,36248
2026-09-11,sh688825,-17036.560000000216,-17036.560000000216,0,36248,36248
