date,symbol,pnl,carry,execution,units_before,units_after
2023-02-07,sh688037,-5233.1910160089046,-0,-5233.1910160089046,0,5486.4457223124537
2023-02-07,sh688256,30157.82643750203,0,30157.82643750203,0,10442.625928455564
2023-02-07,sz002281,11812.05977735677,0,11812.05977735677,0,25889.06581740977
2023-02-07,sz300394,35061.819282322213,0,35061.819282322213,0,50477.69082223803
2023-02-08,sh688037,-6369.7634836047664,-6369.7634836047664,0,5486.4457223124537,5486.4457223124537
2023-02-08,sh688256,-6307.3460607871521,-6307.3460607871521,0,10442.625928455564,10442.625928455564
2023-02-08,sz002281,-21487.924628450157,-21487.924628450157,0,25889.06581740977,25889.06581740977
2023-02-08,sz300394,-27056.042280719565,-27056.042280719565,0,50477.69082223803,50477.69082223803
2023-02-09,sh688037,19614.043457267038,19614.043457267038,0,5486.4457223124537,5486.4457223124537
2023-02-09,sh688256,29918.123285025209,29918.123285025209,0,10442.625928455564,10442.625928455564
2023-02-09,sz002281,30807.988322717658,30807.988322717658,0,25889.06581740977,25889.06581740977
2023-02-09,sz300394,64005.711962597859,64005.711962597859,0,50477.69082223803,50477.69082223803
2023-02-10,sh688037,-3862.457788507932,-3862.457788507932,0,5486.4457223124537,5486.4457223124537
2023-02-10,sh688256,281.95090006831089,281.95090006831089,0,10442.625928455564,10442.625928455564
2023-02-10,sz002281,52813.694267515908,52813.694267515908,0,25889.06581740977,25889.06581740977
2023-02-10,sz300394,51537.722329504977,51537.722329504977,0,50477.69082223803,50477.69082223803
2023-02-13,sh688037,24475.034367235847,24475.034367235847,0,5486.4457223124537,5486.4457223124537
2023-02-13,sh688256,58802.426603133281,58802.426603133281,0,10442.625928455564,10442.625928455564
2023-02-13,sz002281,26406.847133757954,26406.847133757954,0,25889.06581740977,25889.06581740977
2023-02-13,sz300394,54465.428397194868,54465.428397194868,0,50477.69082223803,50477.69082223803
2023-02-14,sh688037,-5524.8508423686681,-5524.8508423686681,0,5486.4457223124537,5486.4457223124537
2023-02-14,sh688256,-14160.200758985762,-14160.200758985762,0,10442.625928455564,10442.625928455564
2023-02-14,sz002281,-5695.5944798301198,-5695.5944798301198,0,25889.06581740977,25889.06581740977
2023-02-14,sz300394,-43410.814107124679,-43410.814107124679,0,50477.69082223803,50477.69082223803
2023-02-15,sh688037,29994.398763882178,29994.398763882178,0,5486.4457223124537,5486.4457223124537
2023-02-15,sh688256,25375.581006147015,25375.581006147015,0,10442.625928455564,10442.625928455564
2023-02-15,sz002281,16051.220806794083,16051.220806794083,0,25889.06581740977,25889.06581740977
2023-02-15,sz300394,23522.603923162886,23522.603923162886,0,50477.69082223803,50477.69082223803
2023-02-16,sh688037,10155.411032000347,10155.411032000347,0,5486.4457223124537,5486.4457223124537
2023-02-16,sh688256,-60274.836859045499,-60274.836859045499,0,10442.625928455564,10442.625928455564
2023-02-16,sz002281,-41163.614649681527,-41163.614649681527,0,25889.06581740977,25889.06581740977
2023-02-16,sz300394,-34375.307449944055,-34375.307449944055,0,50477.69082223803,50477.69082223803
2023-02-17,sh688037,-25703.998209033856,-25703.998209033856,0,5486.4457223124537,5486.4457223124537
2023-02-17,sh688256,916.56794163695304,-3498.2796860326225,4414.8476276695756,10442.625928455564,0
2023-02-17,sz002281,-32102.441613588166,-32102.441613588166,0,25889.06581740977,25889.06581740977
2023-02-17,sz300394,-19686.299420672862,-19686.299420672862,0,50477.69082223803,50477.69082223803
2023-02-20,sh688037,104.24246872396655,104.24246872396655,0,5486.4457223124537,5486.4457223124537
2023-02-20,sh688072,7206.3384633258538,0,7206.3384633258538,0,4905.1365449524392
2023-02-20,sz002281,20711.252653927833,20711.252653927833,0,25889.06581740977,25889.06581740977
2023-02-20,sz300394,25743.622319341386,25743.622319341386,0,50477.69082223803,50477.69082223803
2023-02-21,sh688037,-6441.0872779947786,-6441.0872779947786,0,5486.4457223124537,5486.4457223124537
2023-02-21,sh688072,17256.270365142685,17256.270365142685,0,4905.1365449524392,4905.1365449524392
2023-02-21,sz002281,-7248.9384288747651,-7248.9384288747651,0,25889.06581740977,25889.06581740977
2023-02-21,sz300394,2221.0183961784978,2221.0183961784978,0,50477.69082223803,50477.69082223803
2023-02-22,sh688037,12503.609801150062,12503.609801150062,0,5486.4457223124537,5486.4457223124537
2023-02-22,sh688072,19095.696569499851,19095.696569499851,0,4905.1365449524392,4905.1365449524392
2023-02-22,sz002281,776.67197452232256,776.67197452232256,0,25889.06581740977,25889.06581740977
2023-02-22,sz300394,-18626.26791340582,-18626.26791340582,0,50477.69082223803,50477.69082223803
2023-02-23,sh688037,-2249.4427461480873,-2249.4427461480873,0,5486.4457223124537,5486.4457223124537
2023-02-23,sh688072,-36508.931304080994,-36508.931304080994,0,4905.1365449524392,4905.1365449524392
2023-02-23,sz002281,5177.8131634819356,5177.8131634819356,0,25889.06581740977,25889.06581740977
2023-02-23,sz300394,-555.25459904466925,-555.25459904466925,0,50477.69082223803,50477.69082223803
2023-02-24,sh688037,-4016.0782687327901,-4016.0782687327901,0,5486.4457223124537,5486.4457223124537
2023-02-24,sh688072,-784.82184719244322,-784.82184719244322,0,4905.1365449524392,4905.1365449524392
2023-02-24,sz002281,9320.0636942675937,9320.0636942675937,0,25889.06581740977,25889.06581740977
2023-02-24,sz300394,60522.751295863389,60522.751295863389,0,50477.69082223803,50477.69082223803
2023-02-27,sh688037,-8975.82520170315,-8975.82520170315,0,5486.4457223124537,5486.4457223124537
2023-02-27,sh688072,-3585.6548143602063,-3585.6548143602063,0,4905.1365449524392,4905.1365449524392
2023-02-27,sz002281,-5954.4851380042583,-5954.4851380042583,0,25889.06581740977,25889.06581740977
2023-02-27,sz300394,-27762.729952230864,-27762.729952230864,0,50477.69082223803,50477.69082223803
2023-02-28,sh688037,7927.9140687415356,7927.9140687415356,0,5486.4457223124537,5486.4457223124537
2023-02-28,sh688072,-7843.313335378969,-7843.313335378969,0,4905.1365449524392,4905.1365449524392
2023-02-28,sz002281,12167.860934182563,12167.860934182563,0,25889.06581740977,25889.06581740977
2023-02-28,sz300394,0,0,0,50477.69082223803,50477.69082223803
2023-03-01,sh688037,-1102.775590184845,-1102.775590184845,0,5486.4457223124537,5486.4457223124537
2023-03-01,sh688072,873.11430500152085,873.11430500152085,0,4905.1365449524392,4905.1365449524392
2023-03-01,sz002281,11908.970276008517,11908.970276008517,0,25889.06581740977,25889.06581740977
2023-03-01,sz300394,21907.317816851268,21907.317816851268,0,50477.69082223803,50477.69082223803
2023-03-02,sh688037,-2655.4397295991985,-2655.4397295991985,0,5486.4457223124537,5486.4457223124537
2023-03-02,sh688072,12616.011193617687,12616.011193617687,0,4905.1365449524392,4905.1365449524392
2023-03-02,sz002281,9061.1730360933634,9061.1730360933634,0,25889.06581740977,25889.06581740977
2023-03-02,sz300394,48004.283971948389,48004.283971948389,0,50477.69082223803,50477.69082223803
2023-03-03,sh688037,21402.624762740863,21402.624762740863,0,5486.4457223124537,5486.4457223124537
2023-03-03,sh688072,14298.473028536391,14298.473028536391,0,4905.1365449524392,4905.1365449524392
2023-03-03,sz002281,-9578.9543524415494,-9578.9543524415494,0,25889.06581740977,25889.06581740977
2023-03-03,sz300394,-63097.113527797541,-63097.113527797541,0,50477.69082223803,50477.69082223803
2023-03-06,sh688037,33878.802335279383,33878.802335279383,0,5486.4457223124537,5486.4457223124537
2023-03-06,sh688072,43636.09470389683,43636.09470389683,0,4905.1365449524392,4905.1365449524392
2023-03-06,sz002281,12685.642250530747,12685.642250530747,0,25889.06581740977,25889.06581740977
2023-03-06,sz300394,-13756.236332103546,-9742.1943286919195,-4014.0420034116269,50477.69082223803,0
2023-03-07,sh688037,-28381.383721522332,-28381.383721522332,0,5486.4457223124537,5486.4457223124537
2023-03-07,sh688072,-28886.349113224893,-28886.349113224893,0,4905.1365449524392,4905.1365449524392
2023-03-07,sh688256,-22992.853152638028,-0,-22992.853152638028,0,10597.249737792798
2023-03-07,sz002281,-27183.519108280278,-27183.519108280278,0,25889.06581740977,25889.06581740977
2023-03-08,sh688037,10100.546574777272,10100.546574777272,0,5486.4457223124537,5486.4457223124537
2023-03-08,sh688072,9702.3600859159669,9702.3600859159669,0,4905.1365449524392,4905.1365449524392
2023-03-08,sh688256,15154.067125043697,15154.067125043697,0,10597.249737792798,10597.249737792798
2023-03-08,sz002281,20193.471337579649,20193.471337579649,0,25889.06581740977,25889.06581740977
2023-03-09,sh688037,30043.77677538299,30043.77677538299,0,5486.4457223124537,5486.4457223124537
2023-03-09,sh688072,32025.636501994526,32025.636501994526,0,4905.1365449524392,4905.1365449524392
2023-03-09,sh688256,4196.5108961659562,4196.5108961659562,0,10597.249737792798,10597.249737792798
2023-03-09,sz002281,-6213.3757961783958,-6213.3757961783958,0,25889.06581740977,25889.06581740977
2023-03-10,sh688037,6523.3839638294685,6523.3839638294685,0,5486.4457223124537,5486.4457223124537
2023-03-10,sh688072,20729.107038969003,20729.107038969003,0,4905.1365449524392,4905.1365449524392
2023-03-10,sh688256,9813.0532571961503,9813.0532571961503,0,10597.249737792798,10597.249737792798
2023-03-10,sz002281,-8025.6104033969959,-8025.6104033969959,0,25889.06581740977,25889.06581740977
2023-03-13,sh688037,-7927.9140687414583,-7927.9140687414583,0,5486.4457223124537,5486.4457223124537
2023-03-13,sh688072,10958.075041423654,10958.075041423654,0,4905.1365449524392,4905.1365449524392
2023-03-13,sh688256,27022.986831371603,27022.986831371603,0,10597.249737792798,10597.249737792798
2023-03-13,sz002281,18122.346072186821,18122.346072186821,0,25889.06581740977,25889.06581740977
2023-03-14,sh688037,2046.4442544225708,2046.4442544225708,0,5486.4457223124537,5486.4457223124537
2023-03-14,sh688072,19630.356452899709,19630.356452899709,0,4905.1365449524392,4905.1365449524392
2023-03-14,sh688256,50570.075748747215,50570.075748747215,0,10597.249737792798,10597.249737792798
2023-03-14,sz002281,-11650.079617834377,-11650.079617834377,0,25889.06581740977,25889.06581740977
2023-03-15,sh688037,-27415.76927439533,-27415.76927439533,0,5486.4457223124537,5486.4457223124537
2023-03-15,sh688072,-30029.245928198903,-30029.245928198903,0,4905.1365449524392,4905.1365449524392
2023-03-15,sh688256,7757.1868080643208,7757.1868080643208,0,10597.249737792798,10597.249737792798
2023-03-15,sz002281,-11132.298301486193,-11132.298301486193,0,25889.06581740977,25889.06581740977
2023-03-16,sh688037,-21194.139825293005,-21194.139825293005,0,5486.4457223124537,5486.4457223124537
2023-03-16,sh688072,-36930.773046946895,-36930.773046946895,0,4905.1365449524392,4905.1365449524392
2023-03-16,sh688256,-10957.556228877665,-10957.556228877665,0,10597.249737792798,10597.249737792798
2023-03-16,sz002281,-5695.5944798301198,-5695.5944798301198,0,25889.06581740977,25889.06581740977
2023-03-17,sh688037,1174.0993845748576,1174.0993845748576,0,5486.4457223124537,5486.4457223124537
2023-03-17,sh688072,13734.382325866885,13734.382325866885,0,4905.1365449524392,4905.1365449524392
2023-03-17,sh688256,145733.37839412651,145733.37839412651,0,10597.249737792798,10597.249737792798
2023-03-17,sz002281,24853.50318471331,24853.50318471331,0,25889.06581740977,25889.06581740977
2023-03-20,sh688037,49.378011500813955,49.378011500813955,0,5486.4457223124537,5486.4457223124537
2023-03-20,sh688072,-16898.19539736112,-16898.19539736112,0,4905.1365449524392,4905.1365449524392
2023-03-20,sh688256,85837.722876121596,85837.722876121596,0,10597.249737792798,10597.249737792798
2023-03-20,sz002281,5436.7038216560741,5436.7038216560741,0,25889.06581740977,25889.06581740977
2023-03-21,sh688037,-13321.0902137747,-13321.0902137747,0,5486.4457223124537,5486.4457223124537
2023-03-21,sh688072,8785.0995520098022,8785.0995520098022,0,4905.1365449524392,4905.1365449524392
2023-03-21,sh688256,12801.477683253834,12801.477683253834,0,10597.249737792798,10597.249737792798
2023-03-21,sz002281,776.67197452232256,776.67197452232256,0,25889.06581740977,25889.06581740977
2023-03-22,sh688037,-11965.938120363448,-11965.938120363448,0,5486.4457223124537,5486.4457223124537
2023-03-22,sh688072,-26286.626744400164,-26286.626744400164,0,4905.1365449524392,4905.1365449524392
2023-03-22,sh688256,166080.09789068869,166080.09789068869,0,10597.249737792798,10597.249737792798
2023-03-22,sz002281,60062.632696390676,60062.632696390676,0,25889.06581740977,25889.06581740977
2023-03-23,sh688037,10023.736334664844,10023.736334664844,0,5486.4457223124537,5486.4457223124537
2023-03-23,sh688072,-4032.0222399509184,-4032.0222399509184,0,4905.1365449524392,4905.1365449524392
2023-03-23,sh688256,48715.557044633431,48715.557044633431,0,10597.249737792798,10597.249737792798
2023-03-23,sz002281,5954.4851380042583,5954.4851380042583,0,25889.06581740977,25889.06581740977
2023-03-24,sh688037,-26878.097593608716,-26878.097593608716,0,5486.4457223124537,5486.4457223124537
2023-03-24,sh688072,-25751.966861000306,-25751.966861000306,0,4905.1365449524392,4905.1365449524392
2023-03-24,sh688256,113793.26768441906,113793.26768441906,0,10597.249737792798,10597.249737792798
2023-03-24,sz002281,9320.0636942675028,9320.0636942675028,0,25889.06581740977,25889.06581740977
2023-03-27,sh688037,27.432228611615287,27.432228611615287,0,5486.4457223124537,5486.4457223124537
2023-03-27,sh688072,-4816.8440871432922,-4816.8440871432922,0,4905.1365449524392,4905.1365449524392
2023-03-27,sh688256,24108.743153478674,24108.743153478674,0,10597.249737792798,10597.249737792798
2023-03-27,sz002281,34432.457537154951,34432.457537154951,0,25889.06581740977,25889.06581740977
2023-03-28,sh688037,-21737.29795180196,-21737.29795180196,0,5486.4457223124537,5486.4457223124537
2023-03-28,sh688072,-22544.00756060136,-22544.00756060136,0,4905.1365449524392,4905.1365449524392
2023-03-28,sh688256,-102337.64071786501,-102337.64071786501,0,10597.249737792798,10597.249737792798
2023-03-28,sz002281,-46082.537154989324,-46082.537154989324,0,25889.06581740977,25889.06581740977
2023-03-29,sh688037,43474.59590360392,43474.59590360392,0,5486.4457223124537,5486.4457223124537
2023-03-29,sh688072,58601.666302546735,58601.666302546735,0,4905.1365449524392,4905.1365449524392
2023-03-29,sh688256,0,0,0,10597.249737792798,10597.249737792798
2023-03-29,sz002281,11908.970276008424,11908.970276008424,0,25889.06581740977,25889.06581740977
2023-03-30,sh688037,-9897.5480830516772,-9897.5480830516772,0,5486.4457223124537,5486.4457223124537
2023-03-30,sh688072,-8848.8663270942106,-8848.8663270942106,0,4905.1365449524392,4905.1365449524392
2023-03-30,sh688256,29153.034028667887,29153.034028667887,0,10597.249737792798,10597.249737792798
2023-03-30,sz002281,-15015.658174097622,-15015.658174097622,0,25889.06581740977,25889.06581740977
2023-03-31,sh688037,44111.023607392082,44111.023607392082,0,5486.4457223124537,5486.4457223124537
2023-03-31,sh688072,15573.808530224051,15573.808530224051,0,4905.1365449524392,4905.1365449524392
2023-03-31,sh688256,70058.418016548225,70058.418016548225,0,10597.249737792798,10597.249737792798
2023-03-31,sz002281,10873.407643312055,10873.407643312055,0,25889.06581740977,25889.06581740977
2023-04-03,sh688037,48275.235910627314,48275.235910627314,0,5486.4457223124537,5486.4457223124537
2023-04-03,sh688072,60127.163768027051,60127.163768027051,0,4905.1365449524392,4905.1365449524392
2023-04-03,sh688256,178160.96259177264,178160.96259177264,0,10597.249737792798,10597.249737792798
2023-04-03,sz002281,50742.569002123171,50742.569002123171,0,25889.06581740977,25889.06581740977
2023-04-04,sh688037,-21885.4319863044,-21885.4319863044,0,5486.4457223124537,5486.4457223124537
2023-04-04,sh688072,-19679.407818349187,-19679.407818349187,0,4905.1365449524392,4905.1365449524392
2023-04-04,sh688256,32077.87495629866,32077.87495629866,0,10597.249737792798,10597.249737792798
2023-04-04,sz002281,-3365.5785562632445,-3365.5785562632445,0,25889.06581740977,25889.06581740977
2023-04-06,sh688037,96660.200735700782,96660.200735700782,0,5486.4457223124537,5486.4457223124537
2023-04-06,sh688072,-6333.5612785486446,89062.564246701353,-95396.125525249998,4905.1365449524392,0
2023-04-06,sh688256,-53410.138678475618,-53410.138678475618,0,10597.249737792798,10597.249737792798
2023-04-06,sz002281,17604.564755838637,17604.564755838637,0,25889.06581740977,25889.06581740977
2023-04-07,sh688037,-7697.4833484043265,-7697.4833484043265,0,5486.4457223124537,5486.4457223124537
2023-04-07,sh688256,124464.69817037646,124464.69817037646,0,10597.249737792798,10597.249737792798
2023-04-07,sz002281,-2588.9065817410137,-2588.9065817410137,0,25889.06581740977,25889.06581740977
2023-04-07,sz300502,42584.518537802782,0,42584.518537802782,0,28714.894357012436
2023-04-10,sh688037,-51172.079252008247,-51172.079252008247,0,5486.4457223124537,5486.4457223124537
2023-04-10,sh688256,-127389.53909800737,-127389.53909800737,0,10597.249737792798,10597.249737792798
2023-04-10,sz002281,-25112.393842887446,-25112.393842887446,0,25889.06581740977,25889.06581740977
2023-04-10,sz300502,17286.366402921496,17286.366402921496,0,28714.894357012436,28714.894357012436
2023-04-11,sh688037,-2759.6821983231648,-2759.6821983231648,0,5486.4457223124537,5486.4457223124537
2023-04-11,sh688256,-43310.959678359046,-43310.959678359046,0,10597.249737792798,10597.249737792798
2023-04-11,sz002281,-13980.095541401253,-13980.095541401253,0,25889.06581740977,25889.06581740977
2023-04-11,sz300502,2383.3362316320886,2383.3362316320886,0,28714.894357012436,28714.894357012436
2023-04-12,sh688037,6007.6580659321307,6007.6580659321307,0,5486.4457223124537,5486.4457223124537
2023-04-12,sh688256,32003.694208134057,32003.694208134057,0,10597.249737792798,10597.249737792798
2023-04-12,sz002281,24594.612526539262,24594.612526539262,0,25889.06581740977,25889.06581740977
2023-04-12,sz300502,-11399.813059733995,-11399.813059733995,0,28714.894357012436,28714.894357012436
2023-04-13,sh688037,-3193.1114103858908,-3193.1114103858908,0,5486.4457223124537,5486.4457223124537
2023-04-13,sh688256,-128014.77683253682,-128014.77683253682,0,10597.249737792798,10597.249737792798
2023-04-13,sz002281,-42199.177282377896,-42199.177282377896,0,25889.06581740977,25889.06581740977
2023-04-13,sz300502,-43215.916007303684,-43215.916007303684,0,28714.894357012436,28714.894357012436
2023-04-14,sh688037,117623.90984065665,117623.90984065665,0,5486.4457223124537,5486.4457223124537
2023-04-14,sh688256,11267.324345038549,49785.879268150646,-38518.554923112097,10597.249737792798,0
2023-04-14,sz002281,3365.5785562632445,3365.5785562632445,0,25889.06581740977,25889.06581740977
2023-04-14,sz300502,60904.290931223339,60904.290931223339,0,28714.894357012436,28714.894357012436
2023-04-17,sh688037,-9716.4953742152811,-9716.4953742152811,0,5486.4457223124537,5486.4457223124537
2023-04-17,sh688072,35280.529774635623,0,35280.529774635623,0,6743.0162525347296
2023-04-17,sz002281,-12685.642250530747,-12685.642250530747,0,25889.06581740977,25889.06581740977
2023-04-17,sz300502,-29834.77523693586,-29834.77523693586,0,28714.894357012436,28714.894357012436
2023-04-18,sh688037,-18280.83714674506,-18280.83714674506,0,5486.4457223124537,5486.4457223124537
2023-04-18,sh688072,-43128.331951212233,-43128.331951212233,0,6743.0162525347296,6743.0162525347296
2023-04-18,sz002281,30290.207006369383,30290.207006369383,0,25889.06581740977,25889.06581740977
2023-04-18,sz300502,105383.66229023559,105383.66229023559,0,28714.894357012436,28714.894357012436
2023-04-19,sh688037,30554.01622755799,30554.01622755799,0,5486.4457223124537,5486.4457223124537
2023-04-19,sh688072,65036.391755697536,65036.391755697536,0,6743.0162525347296,6743.0162525347296
2023-04-19,sz002281,43752.521231422543,43752.521231422543,0,25889.06581740977,25889.06581740977
2023-04-19,sz300502,-30236.783757934118,-30236.783757934118,0,28714.894357012436,28714.894357012436
2023-04-20,sh688037,42964.356451428917,42964.356451428917,0,5486.4457223124537,5486.4457223124537
2023-04-20,sh688072,-46243.605459883205,-46243.605459883205,0,6743.0162525347296,6743.0162525347296
2023-04-20,sz002281,33914.676220806767,33914.676220806767,0,25889.06581740977,25889.06581740977
2023-04-20,sz300502,58176.375967307191,58176.375967307191,0,28714.894357012436,28714.894357012436
2023-04-21,sh688037,-54211.570182169358,-54211.570182169358,0,5486.4457223124537,5486.4457223124537
2023-04-21,sh688072,-95811.517932265997,-95811.517932265997,0,6743.0162525347296,6743.0162525347296
2023-04-21,sz002281,-43752.521231422455,-43752.521231422455,0,25889.06581740977,25889.06581740977
2023-04-21,sz300502,-71873.380575602132,-71873.380575602132,0,28714.894357012436,28714.894357012436
2023-04-24,sh688037,-1585.5828137483852,-1585.5828137483852,0,5486.4457223124537,5486.4457223124537
2023-04-24,sh688072,-9177.245119699699,-9177.245119699699,0,6743.0162525347296,6743.0162525347296
2023-04-24,sz002281,8025.6104033969959,8025.6104033969959,0,25889.06581740977,25889.06581740977
2023-04-24,sz300502,-5788.3135153156763,34429.15833405796,-40217.471849373636,28714.894357012436,0
2023-04-25,sh688037,10023.736334664844,10023.736334664844,0,5486.4457223124537,5486.4457223124537
2023-04-25,sh688072,-24645.724403014443,-24645.724403014443,0,6743.0162525347296,6743.0162525347296
2023-04-25,sh688498,-46384.444088326985,-0,-46384.444088326985,0,5721.611333338491
2023-04-25,sz002281,-23041.268577494709,-23041.268577494709,0,25889.06581740977,25889.06581740977
2023-04-26,sh688037,-53213.037060708477,-53213.037060708477,0,5486.4457223124537,5486.4457223124537
2023-04-26,sh688072,-27113.668351442248,-27113.668351442248,0,6743.0162525347296,6743.0162525347296
2023-04-26,sh688498,-39484.779088708834,-48216.018706043418,8731.2396173345878,5721.611333338491,0
2023-04-26,sz002281,-71971.602972399196,-71971.602972399196,0,25889.06581740977,25889.06581740977
2023-04-27,sh688037,20201.093149554465,20201.093149554465,0,5486.4457223124537,5486.4457223124537
2023-04-27,sh688072,27019.266123906695,27019.266123906695,0,6743.0162525347296,6743.0162525347296
2023-04-27,sz002281,-32676.580681979784,-46600.318471337509,13923.737789357725,25889.06581740977,0
2023-04-28,sh688037,11916.560108862634,11916.560108862634,0,5486.4457223124537,5486.4457223124537
2023-04-28,sh688072,44672.482673042585,44672.482673042585,0,6743.0162525347296,6743.0162525347296
2023-05-04,sh688037,-40533.86099644436,-40533.86099644436,0,5486.4457223124537,5486.4457223124537
2023-05-04,sh688041,-4235.88313223568,-0,-4235.88313223568,0,6765.8168749524975
2023-05-04,sh688072,-13836.669350201215,-13836.669350201215,0,6743.0162525347296,6743.0162525347296
2023-05-04,sh688256,-30646.580734632953,-0,-30646.580734632953,0,3803.4699270941278
2023-05-05,sh688037,-15164.535976471676,-15164.535976471676,0,5486.4457223124537,5486.4457223124537
2023-05-05,sh688041,608.92351874574786,608.92351874574786,0,6765.8168749524975,6765.8168749524975
2023-05-05,sh688072,-49291.448806028886,-49291.448806028886,0,6743.0162525347296,6743.0162525347296
2023-05-05,sh688256,-63358.202045534039,-63358.202045534039,0,3803.4699270941278,3803.4699270941278
2023-05-08,sh688037,-1684.3388367499351,-1684.3388367499351,0,5486.4457223124537,5486.4457223124537
2023-05-08,sh688041,-24221.624412329929,-24221.624412329929,0,6765.8168749524975,6765.8168749524975
2023-05-08,sh688072,27727.282830422773,27727.282830422773,0,6743.0162525347296,6743.0162525347296
2023-05-08,sh688256,-13873.007097541175,1045.9542299509067,-14918.961327492081,3803.4699270941278,0
2023-05-09,sh688037,-34136.665284228053,-34136.665284228053,0,5486.4457223124537,5486.4457223124537
2023-05-09,sh688041,1623.7960499885648,1623.7960499885648,0,6765.8168749524975,6765.8168749524975
2023-05-09,sh688072,-80100.290063859997,-80100.290063859997,0,6743.0162525347296,6743.0162525347296
2023-05-09,sz002409,5277.301541048374,0,5277.301541048374,0,7919.3368500376801
2023-05-10,sh688037,-7368.2966050656441,-7368.2966050656441,0,5486.4457223124537,5486.4457223124537
2023-05-10,sh688041,-77197.970543207979,-77197.970543207979,0,6765.8168749524975,6765.8168749524975
2023-05-10,sh688072,-31665.204321903075,-31665.204321903075,0,6743.0162525347296,6743.0162525347296
2023-05-10,sz002409,-22649.303391107762,-22649.303391107762,0,7919.3368500376801,7919.3368500376801
2023-05-11,sh688037,1739.2032939730877,1739.2032939730877,0,5486.4457223124537,5486.4457223124537
2023-05-11,sh688041,714.47314328574794,-10419.357987426793,11133.83113071254,6765.8168749524975,0
2023-05-11,sh688072,42507.974455978947,42507.974455978947,0,6743.0162525347296,6743.0162525347296
2023-05-11,sz002409,12512.552223059522,12512.552223059522,0,7919.3368500376801,7919.3368500376801
2023-05-12,sh688037,-8871.582732979261,-8871.582732979261,0,5486.4457223124537,5486.4457223124537
2023-05-12,sh688072,7646.5804303742898,7646.5804303742898,0,6743.0162525347296,6743.0162525347296
2023-05-12,sz002409,-22649.303391107704,-22649.303391107704,0,7919.3368500376801,7919.3368500376801
2023-05-15,sh688037,25544.891283086818,25544.891283086818,0,5486.4457223124537,5486.4457223124537
2023-05-15,sh688072,40046.773523803713,40046.773523803713,0,6743.0162525347296,6743.0162525347296
2023-05-15,sz002409,-5543.5357950263988,-5543.5357950263988,0,7919.3368500376801,7919.3368500376801
2023-05-16,sh688037,26801.287353496286,26801.287353496286,0,5486.4457223124537,5486.4457223124537
2023-05-16,sh688072,58165.258194364607,58165.258194364607,0,6743.0162525347296,6743.0162525347296
2023-05-16,sz002409,6731.4363225320394,6731.4363225320394,0,7919.3368500376801,7919.3368500376801
2023-05-16,sz300308,-16777.345105629174,-0,-16777.345105629174,0,9583.1835357129748
2023-05-17,sh688037,894.29065273698984,894.29065273698984,0,5486.4457223124537,5486.4457223124537
2023-05-17,sh688072,-5792.250960927201,-5792.250960927201,0,6743.0162525347296,6743.0162525347296
2023-05-17,sz002409,633.54694800300092,633.54694800300092,0,7919.3368500376801,7919.3368500376801
2023-05-17,sz300308,15083.930885212203,15083.930885212203,0,9583.1835357129748,9583.1835357129748
2023-05-18,sh688037,23498.447028664166,23498.447028664166,0,5486.4457223124537,5486.4457223124537
2023-05-18,sh688072,5455.1001483005793,5455.1001483005793,0,6743.0162525347296,6743.0162525347296
2023-05-18,sz002409,-3326.1214770157831,-3326.1214770157831,0,7919.3368500376801,7919.3368500376801
2023-05-18,sz300308,108788.29949741373,108788.29949741373,0,9583.1835357129748,9583.1835357129748
2023-05-19,sh688037,-6419.1414951055021,-6419.1414951055021,0,5486.4457223124537,5486.4457223124537
2023-05-19,sh688072,-5455.1001483005793,-5455.1001483005793,0,6743.0162525347296,6743.0162525347296
2023-05-19,sz002409,43477.159306706882,43477.159306706882,0,7919.3368500376801,7919.3368500376801
2023-05-19,sz300308,-8672.7810998202531,-8672.7810998202531,0,9583.1835357129748,9583.1835357129748
2023-05-22,sh688037,-7823.6716000175693,-7823.6716000175693,0,5486.4457223124537,5486.4457223124537
2023-05-22,sh688072,-30808.841257831293,-30808.841257831293,0,6743.0162525347296,6743.0162525347296
2023-05-22,sz002409,-3009.3480030143951,-3009.3480030143951,0,7919.3368500376801,7919.3368500376801
2023-05-22,sz300308,-25203.77269892515,-25203.77269892515,0,9583.1835357129748,9583.1835357129748
2023-05-23,sh688037,-28946.487630920561,-28946.487630920561,0,5486.4457223124537,5486.4457223124537
2023-05-23,sh688072,-43128.331951212043,-43128.331951212043,0,6743.0162525347296,6743.0162525347296
2023-05-23,sz002409,4593.2153730218406,4593.2153730218406,0,7919.3368500376801,7919.3368500376801
2023-05-23,sz300308,-18524.29377453318,-18524.29377453318,0,9583.1835357129748,9583.1835357129748
2023-05-24,sh688037,22477.968124314168,22477.968124314168,0,5486.4457223124537,5486.4457223124537
2023-05-24,sh688072,14969.496080627092,14969.496080627092,0,6743.0162525347296,6743.0162525347296
2023-05-24,sz002409,15442.706857573499,15442.706857573499,0,7919.3368500376801,7919.3368500376801
2023-05-24,sz300308,3239.1160350709947,3239.1160350709947,0,9583.1835357129748,9583.1835357129748
2023-05-25,sh688037,2046.4442544225708,2046.4442544225708,0,5486.4457223124537,5486.4457223124537
2023-05-25,sh688072,3202.9327199539584,3202.9327199539584,0,6743.0162525347296,6743.0162525347296
2023-05-25,sz002409,-3484.5082140165614,-3484.5082140165614,0,7919.3368500376801,7919.3368500376801
2023-05-25,sz300308,37939.823617887632,37939.823617887632,0,9583.1835357129748,9583.1835357129748
2023-05-26,sh688037,13650.276957113383,13650.276957113383,0,5486.4457223124537,5486.4457223124537
2023-05-26,sh688072,44146.527405344852,44146.527405344852,0,6743.0162525347296,6743.0162525347296
2023-05-26,sz002409,7840.1434815372631,7840.1434815372631,0,7919.3368500376801,7919.3368500376801
2023-05-26,sz300308,-11911.89713489118,-11911.89713489118,0,9583.1835357129748,9583.1835357129748
2023-05-29,sh688037,25857.618689258481,25857.618689258481,0,5486.4457223124537,5486.4457223124537
2023-05-29,sh688072,32595.740564752905,32595.740564752905,0,6743.0162525347296,6743.0162525347296
2023-05-29,sz002409,4197.2485305199798,4197.2485305199798,0,7919.3368500376801,7919.3368500376801
2023-05-29,sz300308,31327.426978245767,31327.426978245767,0,9583.1835357129748,9583.1835357129748
2023-05-30,sh688037,-7467.0526280671947,-7467.0526280671947,0,5486.4457223124537,5486.4457223124537
2023-05-30,sh688072,11274.323174238049,11274.323174238049,0,6743.0162525347296,6743.0162525347296
2023-05-30,sz002409,5701.9225320271207,5701.9225320271207,0,7919.3368500376801,7919.3368500376801
2023-05-30,sz300308,89506.934223559088,89506.934223559088,0,9583.1835357129748,9583.1835357129748
2023-05-31,sh688037,608.99547517662745,608.99547517662745,0,5486.4457223124537,5486.4457223124537
2023-05-31,sh688072,-29790.645803698477,-29790.645803698477,0,6743.0162525347296,6743.0162525347296
2023-05-31,sz002409,-4355.6352675207017,-4355.6352675207017,0,7919.3368500376801,7919.3368500376801
2023-05-31,sz300308,-10330.671851498479,-10330.671851498479,0,9583.1835357129748,9583.1835357129748
2023-06-01,sh688037,-23728.877749001298,-23728.877749001298,0,5486.4457223124537,5486.4457223124537
2023-06-01,sh688072,2312.8545746195318,2312.8545746195318,0,6743.0162525347296,6743.0162525347296
2023-06-01,sz002409,-20827.855915599062,-20827.855915599062,0,7919.3368500376801,7919.3368500376801
2023-06-01,sz300308,3718.2752118565481,3718.2752118565481,0,9583.1835357129748,9583.1835357129748
2023-06-02,sh688037,6649.5722154427121,6649.5722154427121,0,5486.4457223124537,5486.4457223124537
2023-06-02,sh688072,17403.724947792063,17403.724947792063,0,6743.0162525347296,6743.0162525347296
2023-06-02,sz002409,-3563.7015825169783,-3563.7015825169783,0,7919.3368500376801,7919.3368500376801
2023-06-02,sz300308,-9219.0225613557777,-9219.0225613557777,0,9583.1835357129748,9583.1835357129748
2023-06-05,sh688037,41960.336884245706,41960.336884245706,0,5486.4457223124537,5486.4457223124537
2023-06-05,sh688072,59365.515087315776,59365.515087315776,0,6743.0162525347296,6743.0162525347296
2023-06-05,sz002409,-1979.83421250942,-1979.83421250942,0,7919.3368500376801,7919.3368500376801
2023-06-05,sz300308,30982.432370959952,30982.432370959952,0,9583.1835357129748,9583.1835357129748
2023-06-06,sh688037,-7412.1881708441197,-7412.1881708441197,0,5486.4457223124537,5486.4457223124537
2023-06-06,sh688072,-25984.853470914964,-32251.846735873714,6266.9932649587508,6743.0162525347296,0
2023-06-06,sz002409,-19560.762019593061,-19560.762019593061,0,7919.3368500376801,7919.3368500376801
2023-06-06,sz300308,-25433.769103782201,-25433.769103782201,0,9583.1835357129748,9583.1835357129748
2023-06-07,sh688037,-18286.323592467401,-18286.323592467401,0,5486.4457223124537,5486.4457223124537
2023-06-07,sz002371,-8005.7475221581299,-0,-8005.7475221581299,0,5731.3551288551835
2023-06-07,sz002409,-6097.8893745289824,-6097.8893745289824,0,7919.3368500376801,7919.3368500376801
2023-06-07,sz300308,5500.7473494992291,5500.7473494992291,0,9583.1835357129748,9583.1835357129748
2023-06-08,sh688037,-8026.6700917432418,-8026.6700917432418,0,5486.4457223124537,5486.4457223124537
2023-06-08,sz002371,-25899.993827296443,-25899.993827296443,0,5731.3551288551835,5731.3551288551835
2023-06-08,sz002409,-8394.4970610399596,-8394.4970610399596,0,7919.3368500376801,7919.3368500376801
2023-06-08,sz300308,-9564.0171686415943,-9564.0171686415943,0,9583.1835357129748,9583.1835357129748
2023-06-09,sh688037,25034.651830911818,25034.651830911818,0,5486.4457223124537,5486.4457223124537
2023-06-09,sz002371,21653.059676814835,21653.059676814835,0,5731.3551288551835,5731.3551288551835
2023-06-09,sz002409,25975.424868123599,25975.424868123599,0,7919.3368500376801,7919.3368500376801
2023-06-09,sz300308,58380.754099563565,58380.754099563565,0,9583.1835357129748,9583.1835357129748
2023-06-12,sh688037,-19948.716646328059,-19948.716646328059,0,5486.4457223124537,5486.4457223124537
2023-06-12,sz002371,37356.972729878093,37356.972729878093,0,5731.3551288551835,5731.3551288551835
2023-06-12,sz002409,2138.220949510142,2138.220949510142,0,7919.3368500376801,7919.3368500376801
2023-06-12,sz300308,43383.071866172511,43383.071866172511,0,9583.1835357129748,9583.1835357129748
2023-06-13,sh688037,9848.170071550785,9848.170071550785,0,5486.4457223124537,5486.4457223124537
2023-06-13,sz002371,19956.578558673744,19956.578558673744,0,5731.3551288551835,5731.3551288551835
2023-06-13,sz002409,19719.148756593782,19719.148756593782,0,7919.3368500376801,7919.3368500376801
2023-06-13,sz300308,344.99460728568016,344.99460728568016,0,9583.1835357129748,9583.1835357129748
2023-06-14,sh688037,24573.790390237555,24573.790390237555,0,5486.4457223124537,5486.4457223124537
2023-06-14,sz002371,-16557.884967262682,-16557.884967262682,0,5731.3551288551835,5731.3551288551835
2023-06-14,sz002409,-1029.5137905048623,-1029.5137905048623,0,7919.3368500376801,7919.3368500376801
2023-06-14,sz300308,55084.138963278223,55084.138963278223,0,9583.1835357129748,9583.1835357129748
2023-06-15,sh688037,-40824.642619726983,-40824.642619726983,0,5486.4457223124537,5486.4457223124537
2023-06-15,sz002371,3610.7537311787396,3610.7537311787396,0,5731.3551288551835,5731.3551288551835
2023-06-15,sz002409,-10374.331273549378,-10374.331273549378,0,7919.3368500376801,7919.3368500376801
2023-06-15,sz300308,36080.686011959355,36080.686011959355,0,9583.1835357129748,9583.1835357129748
2023-06-16,sh688037,13924.599243228911,13924.599243228911,0,5486.4457223124537,5486.4457223124537
2023-06-16,sz002371,12523.010956548589,12523.010956548589,0,5731.3551288551835,5731.3551288551835
2023-06-16,sz002409,2375.8010550113941,2375.8010550113941,0,7919.3368500376801,7919.3368500376801
2023-06-16,sz300308,139147.82493855237,139147.82493855237,0,9583.1835357129748,9583.1835357129748
2023-06-19,sh688037,-13205.874853605979,-13205.874853605979,0,5486.4457223124537,5486.4457223124537
2023-06-19,sz002371,-20506.788651043862,-20506.788651043862,0,5731.3551288551835,5731.3551288551835
2023-06-19,sz002409,14888.353278070803,14888.353278070803,0,7919.3368500376801,7919.3368500376801
2023-06-19,sz300308,34499.460728566788,34499.460728566788,0,9583.1835357129748,9583.1835357129748
2023-06-20,sh688037,-16651.362767218357,-16651.362767218357,0,5486.4457223124537,5486.4457223124537
2023-06-20,sz002371,-19526.726924009508,-19526.726924009508,0,5731.3551288551835,5731.3551288551835
2023-06-20,sz002409,1583.8673700075585,1583.8673700075585,0,7919.3368500376801,7919.3368500376801
2023-06-20,sz300308,68778.508235811954,68778.508235811954,0,9583.1835357129748,9583.1835357129748
2023-06-21,sh688037,-33308.211980158892,-33308.211980158892,0,5486.4457223124537,5486.4457223124537
2023-06-21,sz002371,-68226.051453892083,-68226.051453892083,0,5731.3551288551835,5731.3551288551835
2023-06-21,sz002409,-31518.960663149999,-31518.960663149999,0,7919.3368500376801,7919.3368500376801
2023-06-21,sz300308,-69535.579735133346,-69535.579735133346,0,9583.1835357129748,9583.1835357129748
2023-06-26,sh688037,7307.9457021201533,7307.9457021201533,0,5486.4457223124537,5486.4457223124537
2023-06-26,sz002371,13795.371795154326,13795.371795154326,0,5731.3551288551835,5731.3551288551835
2023-06-26,sz002409,4038.8617935192574,4038.8617935192574,0,7919.3368500376801,7919.3368500376801
2023-06-26,sz300308,-81936.219230345901,-81936.219230345901,0,9583.1835357129748,9583.1835357129748
2023-06-27,sh688037,-5192.3008484388502,-16124.663977876262,10932.363129437412,5486.4457223124537,0
2023-06-27,sz002371,-2827.2891757680809,12018.651705209368,-14845.940880977449,5731.3551288551835,0
2023-06-27,sz002409,-12195.778749058078,-12195.778749058078,0,7919.3368500376801,7919.3368500376801
2023-06-27,sz300308,-5510.3305330349876,-5510.3305330349876,0,9583.1835357129748,9583.1835357129748
2023-06-28,sz002409,18531.2482290882,18531.2482290882,0,7919.3368500376801,7919.3368500376801
2023-06-28,sz300308,-35946.521442459278,-35946.521442459278,0,9583.1835357129748,9583.1835357129748
2023-06-29,sh688120,-6620.4814401819012,-0,-6620.4814401819012,0,12435.389114625119
2023-06-29,sz002409,-9265.6241145440999,-9265.6241145440999,0,7919.3368500376801,7919.3368500376801
2023-06-29,sz300308,41523.934260244307,41523.934260244307,0,9583.1835357129748,9583.1835357129748
2023-06-30,sh688120,45700.05499624728,45700.05499624728,0,12435.389114625119,12435.389114625119
2023-06-30,sz002409,32786.054559156,32786.054559156,0,7919.3368500376801,7919.3368500376801
2023-06-30,sz300308,-3852.4397813566256,-3852.4397813566256,0,9583.1835357129748,9583.1835357129748
2023-07-03,sh688072,-23671.14806545015,-0,-23671.14806545015,0,4915.7310554717269
2023-07-03,sh688120,-6379.3546158027511,-6379.3546158027511,0,12435.389114625119,12435.389114625119
2023-07-03,sz002409,-15442.706857573499,-15442.706857573499,0,7919.3368500376801,7919.3368500376801
2023-07-03,sz300308,-9985.677244212935,-9985.677244212935,0,9583.1835357129748,9583.1835357129748
2023-07-04,sh688072,-24726.12720902279,-24726.12720902279,0,4915.7310554717269,4915.7310554717269
2023-07-04,sh688120,-8132.7444809647823,-8132.7444809647823,0,12435.389114625119,12435.389114625119
2023-07-04,sz002409,-1742.2541070082807,-1742.2541070082807,0,7919.3368500376801,7919.3368500376801
2023-07-04,sz300308,3574.5274588209841,3574.5274588209841,0,9583.1835357129748,9583.1835357129748
2023-07-05,sh688072,-114521.7863993248,-114521.7863993248,0,4915.7310554717269,4915.7310554717269
2023-07-05,sh688120,-41807.778203369584,-41807.778203369584,0,12435.389114625119,12435.389114625119
2023-07-05,sz002409,-8315.3036925395409,-8315.3036925395409,0,7919.3368500376801,7919.3368500376801
2023-07-05,sz300308,-52046.269782457275,-52046.269782457275,0,9583.1835357129748,9583.1835357129748
2023-07-06,sh688072,-15268.709028810124,-15268.260658295296,-0.44837051482818424,4915.7310554717269,0
2023-07-06,sh688120,-22333.958849866794,-22333.958849866794,0,12435.389114625119,12435.389114625119
2023-07-06,sz002409,36428.949510173283,36428.949510173283,0,7919.3368500376801,7919.3368500376801
2023-07-06,sz300308,5778.6596720350062,5778.6596720350062,0,9583.1835357129748,9583.1835357129748
2023-07-07,sh688120,12634.355340459188,12634.355340459188,0,12435.389114625119,12435.389114625119
2023-07-07,sz002409,-7602.5633760361234,-7602.5633760361234,0,7919.3368500376801,7919.3368500376801
2023-07-07,sz300308,49506.726145493194,49506.726145493194,0,9583.1835357129748,9583.1835357129748
2023-07-07,sz300502,-13552.086178618474,-0,-13552.086178618474,0,23016.906220546654
2023-07-10,sh688120,-17956.701881518704,-17956.701881518704,0,12435.389114625119,12435.389114625119
2023-07-10,sz002409,-10295.137905048961,-10295.137905048961,0,7919.3368500376801,7919.3368500376801
2023-07-10,sz300308,-23344.635092996876,-23344.635092996876,0,9583.1835357129748,9583.1835357129748
2023-07-10,sz300502,-30888.688147973582,-30888.688147973582,0,23016.906220546654,23016.906220546654
2023-07-11,sh688120,-13144.206294158777,-13144.206294158777,0,12435.389114625119,12435.389114625119
2023-07-11,sz002409,38487.977091183122,38487.977091183122,0,7919.3368500376801,7919.3368500376801
2023-07-11,sz300308,33742.389229245389,33742.389229245389,0,9583.1835357129748,9583.1835357129748
2023-07-11,sz300502,5270.8715245051653,5270.8715245051653,0,23016.906220546654,23016.906220546654
2023-07-12,sh688120,-22209.60495872048,-22209.60495872048,0,12435.389114625119,12435.389114625119
2023-07-12,sz002409,-10374.331273549378,-10374.331273549378,0,7919.3368500376801,7919.3368500376801
2023-07-12,sz300308,-66861.871528669333,-66861.871528669333,0,9583.1835357129748,9583.1835357129748
2023-07-12,sz300502,-69971.394910461808,-69971.394910461808,0,23016.906220546654,23016.906220546654
2023-07-13,sh688120,12945.240068324709,12945.240068324709,0,12435.389114625119,12435.389114625119
2023-07-13,sz002409,59870.186586284879,59870.186586284879,0,7919.3368500376801,7919.3368500376801
2023-07-13,sz300308,106105.00810741395,106105.00810741395,0,9583.1835357129748,9583.1835357129748
2023-07-13,sz300502,12304.039777050886,47668.012782752157,-35363.973005701271,23016.906220546654,0
2023-07-14,sh603986,-11152.984323841985,-0,-11152.984323841985,0,5752.6347001016602
2023-07-14,sh688120,1765.8252542768928,1765.8252542768928,0,12435.389114625119,12435.389114625119
2023-07-14,sz002409,10057.557799547822,10057.557799547822,0,7919.3368500376801,7919.3368500376801
2023-07-14,sz300308,8193.6219230346323,8193.6219230346323,0,9583.1835357129748,9583.1835357129748
2023-07-17,sh603986,5867.6873941036702,5867.6873941036702,0,5752.6347001016602,5752.6347001016602
2023-07-17,sh688120,-39880.292890602854,-39880.292890602854,0,12435.389114625119,12435.389114625119
2023-07-17,sz002409,-11007.878221552381,-11007.878221552381,0,7919.3368500376801,7919.3368500376801
2023-07-17,sz300308,15975.166954033544,15975.166954033544,0,9583.1835357129748,9583.1835357129748
2023-07-18,sh603986,-15129.42926126734,-15129.42926126734,0,5752.6347001016602,5752.6347001016602
2023-07-18,sh688120,-5657.4186792473265,-25654.207743471648,19996.789064224322,12435.389114625119,0
2023-07-18,sz002409,-35161.855614167282,-35161.855614167282,0,7919.3368500376801,7919.3368500376801
2023-07-18,sz300308,-44207.225650243949,-44207.225650243949,0,9583.1835357129748,9583.1835357129748
2023-07-19,sh603986,-6500.4772111148495,-6500.4772111148495,0,5752.6347001016602,5752.6347001016602
2023-07-19,sh688498,-29917.972750461522,-0,-29917.972750461522,0,4840.8990838117506
2023-07-19,sz002409,-18689.634966088921,-18689.634966088921,0,7919.3368500376801,7919.3368500376801
2023-07-19,sz300308,-15764.336916247805,-15764.336916247805,0,9583.1835357129748,9583.1835357129748
2023-07-20,sh603986,-12828.375381226726,-12828.375381226726,0,5752.6347001016602,5752.6347001016602
2023-07-20,sh688498,-54406.864802960285,-54406.864802960285,0,4840.8990838117506,4840.8990838117506
2023-07-20,sz002409,-13542.066013564496,-13542.066013564496,0,7919.3368500376801,7919.3368500376801
2023-07-20,sz300308,-130820.03844601779,-130820.03844601779,0,9583.1835357129748,9583.1835357129748
2023-07-21,sh603986,-575.26347001013335,-575.26347001013335,0,5752.6347001016602,5752.6347001016602
2023-07-21,sh688498,-40102.0080102965,-40102.0080102965,0,4840.8990838117506,4840.8990838117506
2023-07-21,sz002409,-9899.1710625471005,-9899.1710625471005,0,7919.3368500376801,7919.3368500376801
2023-07-21,sz300308,-1906.8740959367649,1648.3075681426033,-3555.1816640793681,9583.1835357129748,0
2023-07-24,sh603986,-7708.5304981362442,-7708.5304981362442,0,5752.6347001016602,5752.6347001016602
2023-07-24,sh688498,19988.072317058672,19988.072317058672,0,4840.8990838117506,4840.8990838117506
2023-07-24,sz002409,-2138.220949510142,-2138.220949510142,0,7919.3368500376801,7919.3368500376801
2023-07-25,sh603986,11332.690359200264,11332.690359200264,0,5752.6347001016602,5752.6347001016602
2023-07-25,sh688498,-36025.970981726947,-36025.970981726947,0,4840.8990838117506,4840.8990838117506
2023-07-25,sz002409,-7681.7567445365403,-7681.7567445365403,0,7919.3368500376801,7919.3368500376801
2023-07-26,sh603986,-6327.8981701118755,-6327.8981701118755,0,5752.6347001016602,5752.6347001016602
2023-07-26,sh688498,-45514.133185998151,-45514.133185998151,0,4840.8990838117506,4840.8990838117506
2023-07-26,sz002409,-4355.6352675207017,-4355.6352675207017,0,7919.3368500376801,7919.3368500376801
2023-07-27,sh603986,-7708.5304981361624,-7708.5304981361624,0,5752.6347001016602,5752.6347001016602
2023-07-27,sh688498,-4552.5652190567671,-16846.328811664844,12293.763592608077,4840.8990838117506,0
2023-07-27,sz002409,-26371.391710625459,-26371.391710625459,0,7919.3368500376801,7919.3368500376801
2023-07-28,sh603986,21687.432819383237,21687.432819383237,0,5752.6347001016602,5752.6347001016602
2023-07-28,sz002409,-5226.762321024954,-5226.762321024954,0,7919.3368500376801,7919.3368500376801
2023-07-31,sh603986,3163.9490850558968,3163.9490850558968,0,5752.6347001016602,5752.6347001016602
2023-07-31,sz002409,-5998.3271532929302,4672.4087415222584,-10670.735894815189,7919.3368500376801,0
2023-08-01,sh603986,-2128.4748390376403,-2128.4748390376403,0,5752.6347001016602,5752.6347001016602
2023-08-02,sh603986,-2473.6329210436716,-2473.6329210436716,0,5752.6347001016602,5752.6347001016602
2023-08-03,sh603986,747.84251101318966,747.84251101318966,0,5752.6347001016602,5752.6347001016602
2023-08-04,sh603986,-41706.601575737033,-41706.601575737033,0,5752.6347001016602,5752.6347001016602
2023-08-07,sh603986,-8801.5310911555462,-8801.5310911555462,0,5752.6347001016602,5752.6347001016602
2023-08-08,sh603986,-3937.3023714249193,-3336.5281260589531,-600.77424536596641,5752.6347001016602,0
2023-10-13,sh601869,-2562.1275602629821,-0,-2562.1275602629821,0,9084.0751730959455
2023-10-13,sh688012,6661.5707486857682,0,6661.5707486857682,0,6136.1596752871956
2023-10-13,sh688019,-750.55095297520575,-0,-750.55095297520575,0,7858.1765124383501
2023-10-13,sh688082,2911.2017201435697,-0,2911.2017201435697,0,5572.9099896696862
2023-10-16,sh601869,-3451.948565776418,-3451.948565776418,0,9084.0751730959455,9084.0751730959455
2023-10-16,sh688012,-17175.110931128813,-17175.110931128813,0,6136.1596752871956,6136.1596752871956
2023-10-16,sh688019,-22191.490471125886,-22191.490471125886,0,7858.1765124383501,7858.1765124383501
2023-10-16,sh688082,4291.1406920456366,4291.1406920456366,0,5572.9099896696862,5572.9099896696862
2023-10-17,sh601869,-1635.1335311572675,-1635.1335311572675,0,9084.0751730959455,9084.0751730959455
2023-10-17,sh688012,31091.921074680176,31091.921074680176,0,6136.1596752871956,6136.1596752871956
2023-10-17,sh688019,11810.839298194842,11810.839298194842,0,7858.1765124383501,7858.1765124383501
2023-10-17,sh688082,-1950.5184963843585,-1950.5184963843585,0,5572.9099896696862,5572.9099896696862
2023-10-18,sh601869,-4542.0375865479728,-4542.0375865479728,0,9084.0751730959455,9084.0751730959455
2023-10-18,sh688012,-13585.457521085842,-13585.457521085842,0,6136.1596752871956,6136.1596752871956
2023-10-18,sh688019,-13131.012952284535,-13131.012952284535,0,7858.1765124383501,7858.1765124383501
2023-10-18,sh688082,-11870.298277996486,-11870.298277996486,0,5572.9099896696862,5572.9099896696862
2023-10-19,sh601869,-5813.8081107814423,-5813.8081107814423,0,9084.0751730959455,9084.0751730959455
2023-10-19,sh688012,-3706.2404438734611,-3706.2404438734611,0,6136.1596752871956,6136.1596752871956
2023-10-19,sh688019,353.61794305973916,353.61794305973916,0,7858.1765124383501,7858.1765124383501
2023-10-19,sh688082,-8247.9067847110782,-8247.9067847110782,0,5572.9099896696862,5572.9099896696862
2023-10-20,sh601869,-1953.0681693195233,-4542.0375865479728,2588.9694172284494,9084.0751730959455,0
2023-10-20,sh688012,-10296.475935131897,-10296.475935131897,0,6136.1596752871956,6136.1596752871956
2023-10-20,sh688019,-20541.273403513882,-20541.273403513882,0,7858.1765124383501,7858.1765124383501
2023-10-20,sh688082,-1839.060296590987,-1839.060296590987,0,5572.9099896696862,5572.9099896696862
2023-10-23,sh688012,-9142.8779161778893,-9142.8779161778893,0,6136.1596752871956,6136.1596752871956
2023-10-23,sh688019,-2577.4818960796902,-2577.4818960796902,0,7858.1765124383501,7858.1765124383501
2023-10-23,sh688082,-6297.3882883267988,-6297.3882883267988,0,5572.9099896696862,5572.9099896696862
2023-10-24,sh688012,40437.292260142553,40437.292260142553,0,6136.1596752871956,6136.1596752871956
2023-10-24,sh688019,39471.620621977803,39471.620621977803,0,7858.1765124383501,7858.1765124383501
2023-10-24,sh688082,44583.279917357489,44583.279917357489,0,5572.9099896696862,5572.9099896696862
2023-10-25,sh688012,-3706.2404438734611,-3706.2404438734611,0,6136.1596752871956,6136.1596752871956
2023-10-25,sh688019,-7150.9406263188721,-7150.9406263188721,0,7858.1765124383501,7858.1765124383501
2023-10-25,sh688082,-33716.105437501588,-33716.105437501588,0,5572.9099896696862,5572.9099896696862
2023-10-26,sh688012,-5970.4833640544348,-5970.4833640544348,0,6136.1596752871956,6136.1596752871956
2023-10-26,sh688019,7119.5079202690804,7119.5079202690804,0,7858.1765124383501,7858.1765124383501
2023-10-26,sh688082,39066.099027584525,39066.099027584525,0,5572.9099896696862,5572.9099896696862
2023-10-27,sh688012,3338.0708633562153,3338.0708633562153,0,6136.1596752871956,6136.1596752871956
2023-10-27,sh688019,10302.069407806732,10302.069407806732,0,7858.1765124383501,7858.1765124383501
2023-10-27,sh688082,-5182.8062903928458,-5182.8062903928458,0,5572.9099896696862,5572.9099896696862
2023-10-30,sh688012,16966.481502169099,16966.481502169099,0,6136.1596752871956,6136.1596752871956
2023-10-30,sh688019,14246.874017050635,14246.874017050635,0,7858.1765124383501,7858.1765124383501
2023-10-30,sh688082,-14378.107773347781,-14378.107773347781,0,5572.9099896696862,5572.9099896696862
2023-10-31,sh688012,6056.3895995085168,6056.3895995085168,0,6136.1596752871956,6136.1596752871956
2023-10-31,sh688019,18356.700333056087,18356.700333056087,0,7858.1765124383501,7858.1765124383501
2023-10-31,sh688082,0,0,0,5572.9099896696862,5572.9099896696862
2023-11-01,sh688012,-12149.596157068672,-12149.596157068672,0,6136.1596752871956,6136.1596752871956
2023-11-01,sh688019,-29986.801571464763,-29986.801571464763,0,7858.1765124383501,7858.1765124383501
2023-11-01,sh688082,-13988.004074070941,-13988.004074070941,0,5572.9099896696862,5572.9099896696862
2023-11-02,sh688012,-8320.6325196894031,-8320.6325196894031,0,6136.1596752871956,6136.1596752871956
2023-11-02,sh688019,-20399.826226289984,-20399.826226289984,0,7858.1765124383501,7858.1765124383501
2023-11-02,sh688082,-9418.2178825417577,-9418.2178825417577,0,5572.9099896696862,5572.9099896696862
2023-11-03,sh688012,-3295.1177456292617,-3295.1177456292617,0,6136.1596752871956,6136.1596752871956
2023-11-03,sh688019,7732.4456882392942,7732.4456882392942,0,7858.1765124383501,7858.1765124383501
2023-11-03,sh688082,7244.7829865705762,7244.7829865705762,0,5572.9099896696862,5572.9099896696862
2023-11-06,sh688012,-9799.4470014336166,-9799.4470014336166,0,6136.1596752871956,6136.1596752871956
2023-11-06,sh688019,-4872.0694377117015,-4872.0694377117015,0,7858.1765124383501,7858.1765124383501
2023-11-06,sh688082,-6798.9501873970112,-6798.9501873970112,0,5572.9099896696862,5572.9099896696862
2023-11-07,sh688012,9056.9716807238947,9056.9716807238947,0,6136.1596752871956,6136.1596752871956
2023-11-07,sh688019,-17893.067918822133,-17893.067918822133,0,7858.1765124383501,7858.1765124383501
2023-11-07,sh688082,-835.93649845040545,-835.93649845040545,0,5572.9099896696862,5572.9099896696862
2023-11-08,sh688012,27802.939488726232,27802.939488726232,0,6136.1596752871956,6136.1596752871956
2023-11-08,sh688019,22474.384825573678,22474.384825573678,0,7858.1765124383501,7858.1765124383501
2023-11-08,sh688082,11145.819979339372,11145.819979339372,0,5572.9099896696862,5572.9099896696862
2023-11-09,sh600206,15825.245301839475,0,15825.245301839475,0,43480.194907261866
2023-11-09,sh688012,-15487.667020424888,-15487.667020424888,0,6136.1596752871956,6136.1596752871956
2023-11-09,sh688019,-8439.6815743587722,-8439.6815743587722,0,7858.1765124383501,7858.1765124383501
2023-11-09,sh688082,-22514.556358265567,-22514.556358265567,0,5572.9099896696862,5572.9099896696862
2023-11-10,sh600206,-3913.217541653562,-3913.217541653562,0,43480.194907261866,43480.194907261866
2023-11-10,sh688012,7492.2509635256883,7492.2509635256883,0,6136.1596752871956,6136.1596752871956
2023-11-10,sh688019,0,0,0,7858.1765124383501,7858.1765124383501
2023-11-10,sh688082,-5517.1808897729607,-5517.1808897729607,0,5572.9099896696862,5572.9099896696862
2023-11-13,sh600206,-4348.0194907261712,-4348.0194907261712,0,43480.194907261866,43480.194907261866
2023-11-13,sh688012,7044.3113072296765,7044.3113072296765,0,6136.1596752871956,6136.1596752871956
2023-11-13,sh688019,15669.203965802068,15669.203965802068,0,7858.1765124383501,7858.1765124383501
2023-11-13,sh688082,12037.485577686502,12037.485577686502,0,5572.9099896696862,5572.9099896696862
2023-11-14,sh600206,-869.60389814521875,-869.60389814521875,0,43480.194907261866,43480.194907261866
2023-11-14,sh688012,7412.4808877469222,7412.4808877469222,0,6136.1596752871956,6136.1596752871956
2023-11-14,sh688019,-3936.9464327316509,-3936.9464327316509,0,7858.1765124383501,7858.1765124383501
2023-11-14,sh688082,19616.643163637273,19616.643163637273,0,5572.9099896696862,5572.9099896696862
2023-11-15,sh600206,-434.80194907260937,-434.80194907260937,0,43480.194907261866,43480.194907261866
2023-11-15,sh688012,-25244.160904131462,-25244.160904131462,0,6136.1596752871956,6136.1596752871956
2023-11-15,sh688019,-16675.050559394178,-16675.050559394178,0,7858.1765124383501,7858.1765124383501
2023-11-15,sh688082,-8303.6358846078037,-8303.6358846078037,0,5572.9099896696862,5572.9099896696862
2023-11-16,sh600206,-7826.4350833071239,-7826.4350833071239,0,43480.194907261866,43480.194907261866
2023-11-16,sh688012,-9842.4001191606567,-9842.4001191606567,0,6136.1596752871956,6136.1596752871956
2023-11-16,sh688019,-20894.891346573619,-20894.891346573619,0,7858.1765124383501,7858.1765124383501
2023-11-16,sh688082,-19282.26856425708,-19282.26856425708,0,5572.9099896696862,5572.9099896696862
2023-11-17,sh600206,3043.6136435082658,3043.6136435082658,0,43480.194907261866,43480.194907261866
2023-11-17,sh688012,11450.073954085905,11450.073954085905,0,6136.1596752871956,6136.1596752871956
2023-11-17,sh688019,2428.1765423435422,2428.1765423435422,0,7858.1765124383501,7858.1765124383501
2023-11-17,sh688082,4904.1607909092982,4904.1607909092982,0,5572.9099896696862,5572.9099896696862
2023-11-20,sh600206,4782.8214397988577,4782.8214397988577,0,43480.194907261866,43480.194907261866
2023-11-20,sh688012,-11572.797147591711,-11572.797147591711,0,6136.1596752871956,6136.1596752871956
2023-11-20,sh688019,-5327.8436754332915,-5327.8436754332915,0,7858.1765124383501,7858.1765124383501
2023-11-20,sh688082,-4792.7025911159271,-4792.7025911159271,0,5572.9099896696862,5572.9099896696862
2023-11-21,sh600206,-5652.425337944077,-5652.425337944077,0,43480.194907261866,43480.194907261866
2023-11-21,sh688012,-12229.366232847349,-12229.366232847349,0,6136.1596752871956,6136.1596752871956
2023-11-21,sh688019,3936.9464327316509,3936.9464327316509,0,7858.1765124383501,7858.1765124383501
2023-11-21,sh688082,-7411.9702862606728,-7411.9702862606728,0,5572.9099896696862,5572.9099896696862
2023-11-22,sh600206,-9130.8409305249515,-9130.8409305249515,0,43480.194907261866,43480.194907261866
2023-11-22,sh688012,-9517.1836563704528,-9517.1836563704528,0,6136.1596752871956,6136.1596752871956
2023-11-22,sh688019,-14891.244491070642,-14891.244491070642,0,7858.1765124383501,7858.1765124383501
2023-11-22,sh688082,-18502.061165703399,-18502.061165703399,0,5572.9099896696862,5572.9099896696862
2023-11-23,sh600206,6087.2272870166089,6087.2272870166089,0,43480.194907261866,43480.194907261866
2023-11-23,sh688012,11781.426576551426,11781.426576551426,0,6136.1596752871956,6136.1596752871956
2023-11-23,sh688019,15999.247379324492,15999.247379324492,0,7858.1765124383501,7858.1765124383501
2023-11-23,sh688082,4510.1372447309277,10309.883480888968,-5799.7462361580401,5572.9099896696862,0
2023-11-24,sh600206,-9130.8409305249515,-9130.8409305249515,0,43480.194907261866,43480.194907261866
2023-11-24,sh688012,-7332.710811968157,-7332.710811968157,0,6136.1596752871956,6136.1596752871956
2023-11-24,sh688019,-5335.701851945656,-5335.701851945656,0,7858.1765124383501,7858.1765124383501
2023-11-27,sh600206,9130.8409305249515,9130.8409305249515,0,43480.194907261866,43480.194907261866
2023-11-27,sh688012,23311.270606416008,23311.270606416008,0,6136.1596752871956,6136.1596752871956
2023-11-27,sh688019,13783.241602816905,13783.241602816905,0,7858.1765124383501,7858.1765124383501
2023-11-28,sh600206,0,0,0,43480.194907261866,43480.194907261866
2023-11-28,sh688012,-533.84589175000622,-533.84589175000622,0,6136.1596752871956,6136.1596752871956
2023-11-28,sh688019,-12384.486183602899,-12384.486183602899,0,7858.1765124383501,7858.1765124383501
2023-11-29,sh600206,434.80194907268663,434.80194907268663,0,43480.194907261866,43480.194907261866
2023-11-29,sh688012,2466.7361894654591,2466.7361894654591,0,6136.1596752871956,6136.1596752871956
2023-11-29,sh688019,13633.936249080532,13633.936249080532,0,7858.1765124383501,7858.1765124383501
2023-11-29,sh688041,4603.848354065758,-0,4603.848354065758,0,10177.393480105262
2023-11-30,sh600206,-3478.4155925809523,-3478.4155925809523,0,43480.194907261866,43480.194907261866
2023-11-30,sh688012,12358.225586028473,12358.225586028473,0,6136.1596752871956,6136.1596752871956
2023-11-30,sh688019,-6152.9522092392381,-6152.9522092392381,0,7858.1765124383501,7858.1765124383501
2023-11-30,sh688041,11907.550371723173,11907.550371723173,0,10177.393480105262,10177.393480105262
2023-12-01,sh600206,1304.4058472178283,1304.4058472178283,0,43480.194907261866,43480.194907261866
2023-12-01,sh688012,-3626.4703680947828,-3626.4703680947828,0,6136.1596752871956,6136.1596752871956
2023-12-01,sh688019,-10270.636701756941,-10270.636701756941,0,7858.1765124383501,7858.1765124383501
2023-12-01,sh688041,1323.0611524136377,1323.0611524136377,0,10177.393480105262,10177.393480105262
2023-12-04,sh600206,-869.60389814521875,-869.60389814521875,0,43480.194907261866,43480.194907261866
2023-12-04,sh688012,-18610.972295146072,-18610.972295146072,0,6136.1596752871956,6136.1596752871956
2023-12-04,sh688019,-10097.756818483253,-10097.756818483253,0,7858.1765124383501,7858.1765124383501
2023-12-04,sh688041,8243.6887188852852,8243.6887188852852,0,10177.393480105262,10177.393480105262
2023-12-05,sh600206,-13913.662370323809,-13913.662370323809,0,43480.194907261866,43480.194907261866
2023-12-05,sh688012,-4988.6978160085046,-4988.6978160085046,0,6136.1596752871956,6136.1596752871956
2023-12-05,sh688019,-2154.4007694002789,-5367.1345579953359,3212.7337885950569,7858.1765124383501,0
2023-12-05,sh688041,1424.8350872147425,1424.8350872147425,0,10177.393480105262,10177.393480105262
2023-12-06,sh600206,1304.4058472178283,1304.4058472178283,0,43480.194907261866,43480.194907261866
2023-12-06,sh688012,-8277.679401962363,-8277.679401962363,0,6136.1596752871956,6136.1596752871956
2023-12-06,sh688041,27886.058135488365,27886.058135488365,0,10177.393480105262,10177.393480105262
2023-12-07,sh600206,-2245.5646221005609,-3913.217541653562,1667.6529195530009,43480.194907261866,0
2023-12-07,sh688012,-29815.599862220537,-29815.599862220537,0,6136.1596752871956,6136.1596752871956
2023-12-07,sh688041,-24731.06615665571,-24731.06615665571,0,10177.393480105262,10177.393480105262
2023-12-08,sh688012,8197.9093261836842,8197.9093261836842,0,6136.1596752871956,6136.1596752871956
2023-12-08,sh688041,73073.685187155701,73073.685187155701,0,10177.393480105262,10177.393480105262
2023-12-11,sh688012,-9466.3095713845996,10210.569699677902,-19676.879271062502,6136.1596752871956,0
2023-12-11,sh688041,19133.499742597847,19133.499742597847,0,10177.393480105262,10177.393480105262
2023-12-12,sh688008,4663.3659543845988,0,4663.3659543845988,0,10007.357253546312
2023-12-12,sh688041,-15774.959894163127,-15774.959894163127,0,10177.393480105262,10177.393480105262
2023-12-12,sh688535,-4216.213113861626,-0,-4216.213113861626,0,8710.3313377985905
2023-12-12,sz300394,-5430.8866874525493,-0,-5430.8866874525493,0,16109.481915933529
2023-12-13,sh688008,-3802.7957563475529,-3802.7957563475529,0,10007.357253546312,10007.357253546312
2023-12-13,sh688041,-30735.728309917849,-30735.728309917849,0,10177.393480105262,10177.393480105262
2023-12-13,sh688535,-7618.7971372300472,-11549.899353920873,3931.1022166908265,8710.3313377985905,0
2023-12-13,sz300394,-10922.228739002889,-10922.228739002889,0,16109.481915933529,16109.481915933529
2023-12-14,sh688008,14410.594445106666,14410.594445106666,0,10007.357253546312,10007.357253546312
2023-12-14,sh688041,-20863.656634215757,-20863.656634215757,0,10177.393480105262,10177.393480105262
2023-12-14,sz300394,-8038.6314760508685,-8038.6314760508685,0,16109.481915933529,16109.481915933529
2023-12-15,sh688008,-12108.902276791046,-12108.902276791046,0,10007.357253546312,10007.357253546312
2023-12-15,sh688041,-17912.212524985312,-17912.212524985312,0,10177.393480105262,10177.393480105262
2023-12-15,sz300394,-12452.629521016555,-12452.629521016555,0,16109.481915933529,16109.481915933529
2023-12-18,sh688008,-8806.4743831207797,-8806.4743831207797,0,10007.357253546312,10007.357253546312
2023-12-18,sh688041,14146.576937346319,14146.576937346319,0,10177.393480105262,10177.393480105262
2023-12-18,sz300394,-1465.9628543499687,-1465.9628543499687,0,16109.481915933529,16109.481915933529
2023-12-19,sh688008,2902.133603528493,2902.133603528493,0,10007.357253546312,10007.357253546312
2023-12-19,sh688041,8854.3323276916235,8854.3323276916235,0,10177.393480105262,10177.393480105262
2023-12-19,sz300394,-2045.9042033235976,-2045.9042033235976,0,16109.481915933529,16109.481915933529
2023-12-20,sh688008,-7905.8122303016489,-7905.8122303016489,0,10007.357253546312,10007.357253546312
2023-12-20,sh688041,-16080.281698566296,-16080.281698566296,0,10177.393480105262,10177.393480105262
2023-12-20,sz300394,-31880.664711632442,-31880.664711632442,0,16109.481915933529,16109.481915933529
2023-12-21,sh688008,11108.166551436472,11108.166551436472,0,10007.357253546312,10007.357253546312
2023-12-21,sh688041,26970.092722278856,26970.092722278856,0,10177.393480105262,10177.393480105262
2023-12-21,sz300394,17494.897360703788,17494.897360703788,0,16109.481915933529,16109.481915933529
2023-12-22,sh688008,-12609.270139468405,-12609.270139468405,0,10007.357253546312,10007.357253546312
2023-12-22,sh688041,-18929.951872995782,-18929.951872995782,0,10177.393480105262,10177.393480105262
2023-12-22,sz300394,-4703.9687194526159,-4703.9687194526159,0,16109.481915933529,16109.481915933529
2023-12-25,sh688008,-19514.346644415265,-19514.346644415265,0,10007.357253546312,10007.357253546312
2023-12-25,sh688041,-27478.962396284238,-27478.962396284238,0,10177.393480105262,10177.393480105262
2023-12-25,sz300394,0,0,0,16109.481915933529,16109.481915933529
2023-12-26,sh688008,-14710.815162713137,-14710.815162713137,0,10007.357253546312,10007.357253546312
2023-12-26,sh688041,-16385.603502969465,-16385.603502969465,0,10177.393480105262,10177.393480105262
2023-12-26,sz300394,-15368.445747800541,-15368.445747800541,0,16109.481915933529,16109.481915933529
2023-12-27,sh688008,1843.5723325311701,22116.259530337356,-20272.687197806186,10007.357253546312,0
2023-12-27,sh688041,-5292.2446096546955,-5292.2446096546955,0,10177.393480105262,10177.393480105262
2023-12-27,sz300394,-4591.2023460410583,-4591.2023460410583,0,16109.481915933529,16109.481915933529
2023-12-28,sh688041,-1730.1568916179119,-1730.1568916179119,0,10177.393480105262,10177.393480105262
2023-12-28,sz300394,11341.075268817214,11341.075268817214,0,16109.481915933529,16109.481915933529
2023-12-29,sh688041,6818.8536316705431,6818.8536316705431,0,10177.393480105262,10177.393480105262
2023-12-29,sz300394,-64.43792766375563,-64.43792766375563,0,16109.481915933529,16109.481915933529
2024-01-02,sh688041,14044.803002545215,14044.803002545215,0,10177.393480105262,10177.393480105262
2024-01-02,sz300394,-8924.6529814271507,-8924.6529814271507,0,16109.481915933529,16109.481915933529
2024-01-03,sh688041,3154.9919788326542,3154.9919788326542,0,10177.393480105262,10177.393480105262
2024-01-03,sz300394,-10793.352883675492,-10793.352883675492,0,16109.481915933529,16109.481915933529
2024-01-04,sh688041,22695.587460634775,22695.587460634775,0,10177.393480105262,10177.393480105262
2024-01-04,sz300394,-5058.3773216031295,-5058.3773216031295,0,16109.481915933529,16109.481915933529
2024-01-05,sh688041,-32262.337331933697,-32262.337331933697,0,10177.393480105262,10177.393480105262
2024-01-05,sz300394,-17897.634408602105,-17897.634408602105,0,16109.481915933529,16109.481915933529
2024-01-08,sh688041,-33788.946353949403,-33788.946353949403,0,10177.393480105262,10177.393480105262
2024-01-08,sz300394,-2819.1593352883792,-2819.1593352883792,0,16109.481915933529,16109.481915933529
2024-01-09,sh688041,7734.8190448799069,7734.8190448799069,0,10177.393480105262,10177.393480105262
2024-01-09,sz300394,15184.615969933166,10084.535679374352,5100.0802905588134,16109.481915933529,0
2024-01-10,sh688041,-6918.4741403340904,-12009.324306524133,5090.8501661900427,10177.393480105262,0
2024-03-01,sh688498,51703.556772225616,0,51703.556772225616,0,5856.8008747883569
2024-03-04,sh688498,30326.514929654095,30326.514929654095,0,5856.8008747883569,5856.8008747883569
2024-03-05,sh688498,-28950.166724078834,-28950.166724078834,0,5856.8008747883569,5856.8008747883569
2024-03-05,sh688535,3954.5724046604773,-0,3954.5724046604773,0,9856.0749468804333
2024-03-06,sh688205,521.6979754366655,-0,521.6979754366655,0,16163.654766166563
2024-03-06,sh688300,-7690.02644608843,-0,-7690.02644608843,0,16774.339261365283
2024-03-06,sh688498,14759.138204466635,14759.138204466635,0,5856.8008747883569,5856.8008747883569
2024-03-06,sh688535,28533.336971218814,28533.336971218814,0,9856.0749468804333,9856.0749468804333
2024-03-07,sh688205,-19073.112624076541,-19073.112624076541,0,16163.654766166563,16163.654766166563
2024-03-07,sh688300,-3489.0625663640712,-3489.0625663640712,0,16774.339261365283,16774.339261365283
2024-03-07,sh688498,-51715.551724381185,-51715.551724381185,0,5856.8008747883569,5856.8008747883569
2024-03-07,sh688535,-32534.903399652259,-32534.903399652259,0,9856.0749468804333,9856.0749468804333
2024-03-08,sh688205,23518.11768477238,23518.11768477238,0,16163.654766166563,16163.654766166563
2024-03-08,sh688300,56126.939168528297,56126.939168528297,0,16774.339261365283,16774.339261365283
2024-03-08,sh688498,19409.438099048573,19409.438099048573,0,5856.8008747883569,5856.8008747883569
2024-03-08,sh688535,59195.586130963886,59195.586130963886,0,9856.0749468804333,9856.0749468804333
2024-03-11,sh688205,7984.845454486278,7984.845454486278,0,16163.654766166563,16163.654766166563
2024-03-11,sh688300,-14308.511389944611,-14308.511389944611,0,16774.339261365283,16774.339261365283
2024-03-11,sh688498,2184.5867262960842,2184.5867262960842,0,5856.8008747883569,5856.8008747883569
2024-03-11,sh688535,16794.751709484266,16794.751709484266,0,9856.0749468804333,9856.0749468804333
2024-03-12,sh688205,5172.3695251733043,5172.3695251733043,0,16163.654766166563,16163.654766166563
2024-03-12,sh688300,-15499.489477501513,-15499.489477501513,0,16774.339261365283,16774.339261365283
2024-03-12,sh688498,-17546.975420865889,-17546.975420865889,0,5856.8008747883569,5856.8008747883569
2024-03-12,sh688535,-6593.7141394629798,-6593.7141394629798,0,9856.0749468804333,9856.0749468804333
2024-03-13,sh688205,-11815.631634067784,-11815.631634067784,0,16163.654766166563,16163.654766166563
2024-03-13,sh688300,7112.3198468188712,7112.3198468188712,0,16774.339261365283,16774.339261365283
2024-03-13,sh688498,-8697.3492990607065,-8697.3492990607065,0,5856.8008747883569,5856.8008747883569
2024-03-13,sh688535,-12605.919857060109,-12605.919857060109,0,9856.0749468804333,9856.0749468804333
2024-03-14,sh688205,4881.4237393822959,4881.4237393822959,0,16163.654766166563,16163.654766166563
2024-03-14,sh688300,-21806.641039774819,-21806.641039774819,0,16774.339261365283,16774.339261365283
2024-03-14,sh688498,2225.5843324195489,2225.5843324195489,0,5856.8008747883569,5856.8008747883569
2024-03-14,sh688535,-23457.458373575457,-23457.458373575457,0,9856.0749468804333,9856.0749468804333
2024-03-15,sh688205,8178.8093116802847,8178.8093116802847,0,16163.654766166563,16163.654766166563
2024-03-15,sh688300,1794.8543009660739,1794.8543009660739,0,16774.339261365283,16774.339261365283
2024-03-15,sh688498,54175.408091792298,54175.408091792298,0,5856.8008747883569,5856.8008747883569
2024-03-15,sh688535,-936.32711995363002,-936.32711995363002,0,9856.0749468804333,9856.0749468804333
2024-03-18,sh688205,-614.2188811143335,-614.2188811143335,0,16163.654766166563,16163.654766166563
2024-03-18,sh688300,18065.96338449038,18065.96338449038,0,16774.339261365283,16774.339261365283
2024-03-18,sh688498,12094.293806437943,12094.293806437943,0,5856.8008747883569,5856.8008747883569
2024-03-18,sh688535,25862.340660614209,25862.340660614209,0,9856.0749468804333,9856.0749468804333
2024-03-19,sh688205,13674.451932176913,13674.451932176913,0,16163.654766166563,16163.654766166563
2024-03-19,sh688300,-10836.223162841987,-10836.223162841987,0,16774.339261365283,16774.339261365283
2024-03-19,sh688498,5856.8008747883569,5856.8008747883569,0,5856.8008747883569,5856.8008747883569
2024-03-19,sh688535,-16932.73675874055,-16932.73675874055,0,9856.0749468804333,9856.0749468804333
2024-03-20,sh688205,-9536.5563120382121,-9536.5563120382121,0,16163.654766166563,16163.654766166563
2024-03-20,sh688300,7481.3553105690007,7481.3553105690007,0,16774.339261365283,16774.339261365283
2024-03-20,sh688498,-322.12404811339957,-322.12404811339957,0,5856.8008747883569,5856.8008747883569
2024-03-20,sh688535,13867.497450260735,13867.497450260735,0,9856.0749468804333,9856.0749468804333
2024-03-21,sh688205,-5075.3875965763591,-5075.3875965763591,0,16163.654766166563,16163.654766166563
2024-03-21,sh688300,-5938.1160985234164,-5938.1160985234164,0,16774.339261365283,16774.339261365283
2024-03-21,sh688498,-2506.7107744094005,-2506.7107744094005,0,5856.8008747883569,5856.8008747883569
2024-03-21,sh688535,3597.4673556113776,3597.4673556113776,0,9856.0749468804333,9856.0749468804333
2024-03-22,sh688205,-14094.706956097241,-14094.706956097241,0,16163.654766166563,16163.654766166563
2024-03-22,sh688300,-27744.757138298119,-27744.757138298119,0,16774.339261365283,16774.339261365283
2024-03-22,sh688498,-37758.795239760555,-37758.795239760555,0,5856.8008747883569,5856.8008747883569
2024-03-22,sh688535,-18795.53492370095,-18795.53492370095,0,9856.0749468804333,9856.0749468804333
2024-03-25,sh688205,-27041.794423796633,-27041.794423796633,0,16163.654766166563,16163.654766166563
2024-03-25,sh688300,-23081.490823638589,-23081.490823638589,0,16774.339261365283,16774.339261365283
2024-03-25,sh688498,-48031.623974139278,-48031.623974139278,0,5856.8008747883569,5856.8008747883569
2024-03-25,sh688535,-45860.31672783471,-45860.31672783471,0,9856.0749468804333,9856.0749468804333
2024-03-26,sh688205,-11605.504122107592,-11605.504122107592,0,16163.654766166563,16163.654766166563
2024-03-26,sh688300,-6323.9259015347525,-6323.9259015347525,0,16774.339261365283,16774.339261365283
2024-03-26,sh688498,-43750.302534669019,-43750.302534669019,0,5856.8008747883569,5856.8008747883569
2024-03-26,sh688535,-19593.876994398295,-19593.876994398295,0,9856.0749468804333,9856.0749468804333
2024-03-27,sh688205,-1636.3007417758199,-39374.663010381744,37738.362268605924,16163.654766166563,0
2024-03-27,sh688300,-4420.2239021166679,-34068.683039832868,29648.4591377162,16774.339261365283,0
2024-03-27,sh688498,-1017.7666517762409,-46614.278162440554,45596.511510664313,5856.8008747883569,0
2024-03-27,sh688535,-52532.879466872691,-52532.879466872691,0,9856.0749468804333,9856.0749468804333
2024-03-28,sh688535,-851.37212251815981,8131.2618311763854,-8982.6339536945452,9856.0749468804333,0
2024-05-06,sh688256,-35304.530013150288,-0,-35304.530013150288,0,4574.5512919036155
2024-05-06,sz002281,-14088.698439675502,-0,-14088.698439675502,0,13982.781456953642
2024-05-06,sz002371,-7610.1492549321174,-0,-7610.1492549321174,0,2179.3439540658242
2024-05-06,sz002409,-21417.870121742333,-0,-21417.870121742333,0,7786.3501483679511
2024-05-07,sh688256,-13266.198746520446,-13266.198746520446,0,4574.5512919036155,4574.5512919036155
2024-05-07,sz002281,-24050.384105960249,-24050.384105960249,0,13982.781456953642,13982.781456953642
2024-05-07,sz002371,-2330.8758502789797,-2728.5386304903709,397.66278021139135,2179.3439540658242,0
2024-05-07,sz002409,-12536.023738872396,-12536.023738872396,0,7786.3501483679511,7786.3501483679511
2024-05-08,sh688256,-612.98987311508608,-612.98987311508608,0,4574.5512919036155,4574.5512919036155
2024-05-08,sz002281,-9368.4635761589634,-9368.4635761589634,0,13982.781456953642,13982.781456953642
2024-05-08,sz002409,-5528.3086053412517,-5528.3086053412517,0,7786.3501483679511,7786.3501483679511
2024-05-08,sz300502,1417.7729397816852,0,1417.7729397816852,0,12250.886033223233
2024-05-09,sh688256,54986.106528681441,54986.106528681441,0,4574.5512919036155,4574.5512919036155
2024-05-09,sz002281,10067.602649006607,10067.602649006607,0,13982.781456953642,13982.781456953642
2024-05-09,sz002409,-700.77151335308679,-700.77151335308679,0,7786.3501483679511,7786.3501483679511
2024-05-09,sz300502,3503.7534055017741,3503.7534055017741,0,12250.886033223233,12250.886033223233
2024-05-10,sh688256,-23792.241269190738,-23792.241269190738,0,4574.5512919036155,4574.5512919036155
2024-05-10,sz002281,-21393.65562913899,-21393.65562913899,0,13982.781456953642,13982.781456953642
2024-05-10,sz002409,-9265.7566765578995,-9265.7566765578995,0,7786.3501483679511,7786.3501483679511
2024-05-10,sz300502,-2254.163030113044,-2254.163030113044,0,12250.886033223233,12250.886033223233
2024-05-13,sh688256,-12616.612463070151,-12616.612463070151,0,4574.5512919036155,4574.5512919036155
2024-05-13,sz002281,-6152.4238410596699,-6152.4238410596699,0,13982.781456953642,13982.781456953642
2024-05-13,sz002409,1167.9525222551815,1167.9525222551815,0,7786.3501483679511,7786.3501483679511
2024-05-13,sz300502,9091.6239735574745,-2180.6577139137021,11272.281687471177,12250.886033223233,0
2024-05-14,sh688256,11386.058165548118,11386.058165548118,0,4574.5512919036155,4574.5512919036155
2024-05-14,sz002281,-2516.9006622516517,-2516.9006622516517,0,13982.781456953642,13982.781456953642
2024-05-14,sz002409,-7163.4421364984728,-7163.4421364984728,0,7786.3501483679511,7786.3501483679511
2024-05-15,sh688256,12557.143296275446,12557.143296275446,0,4574.5512919036155,4574.5512919036155
2024-05-15,sz002281,-531.8676390372857,5033.8013245033035,-5565.6689635405892,13982.781456953642,0
2024-05-15,sz002409,2102.3145400593157,2102.3145400593157,0,7786.3501483679511,7786.3501483679511
2024-05-16,sh688256,23366.80799904362,23366.80799904362,0,4574.5512919036155,4574.5512919036155
2024-05-16,sz002409,389.31750741843075,389.31750741843075,0,7786.3501483679511,7786.3501483679511
2024-05-17,sh688256,28151.788650374834,28151.788650374834,0,4574.5512919036155,4574.5512919036155
2024-05-17,sz002409,4516.0830860533988,4516.0830860533988,0,7786.3501483679511,7786.3501483679511
2024-05-20,sh688256,15658.689072186149,15658.689072186149,0,4574.5512919036155,4574.5512919036155
2024-05-20,sz002409,17830.741839762602,17830.741839762602,0,7786.3501483679511,7786.3501483679511
2024-05-21,sh688256,-27415.285892378412,-27415.285892378412,0,4574.5512919036155,4574.5512919036155
2024-05-21,sz002409,-5839.7626112759635,-5839.7626112759635,0,7786.3501483679511,7786.3501483679511
2024-05-21,sz300776,70988.721642215911,0,70988.721642215911,0,18183.198225757111
2024-05-22,sh688256,6107.025974691298,6107.025974691298,0,4574.5512919036155,4574.5512919036155
2024-05-22,sz002409,-14716.201780415431,-14716.201780415431,0,7786.3501483679511,7786.3501483679511
2024-05-22,sz300776,18001.366243499575,18001.366243499575,0,18183.198225757111,18183.198225757111
2024-05-23,sh688256,-16239.657086257823,-16239.657086257823,0,4574.5512919036155,4574.5512919036155
2024-05-23,sz002281,-1188.8188658289653,-0,-1188.8188658289653,0,810.98297638660074
2024-05-23,sz002409,-10978.753709198785,-10978.753709198785,0,7786.3501483679511,7786.3501483679511
2024-05-23,sz300776,-78733.248317528385,-78733.248317528385,0,18183.198225757111,18183.198225757111
2024-05-24,sh688256,-36230.446231876645,-36230.446231876645,0,4574.5512919036155,4574.5512919036155
2024-05-24,sz002281,-892.08127402526202,-892.08127402526202,0,810.98297638660074,810.98297638660074
2024-05-24,sz002409,-9421.4836795252268,-9421.4836795252268,0,7786.3501483679511,7786.3501483679511
2024-05-24,sz300776,-20547.013995105452,-20547.013995105452,0,18183.198225757111,18183.198225757111
2024-05-27,sh688256,-6742.6469484703684,12557.143296275446,-19299.790244745815,4574.5512919036155,0
2024-05-27,sz002281,186.52608456892139,186.52608456892139,0,810.98297638660074,810.98297638660074
2024-05-27,sz002409,37841.661721068238,37841.661721068238,0,7786.3501483679511,7786.3501483679511
2024-05-27,sz300776,521.00721979660375,16364.878403181374,-15843.87118338477,18183.198225757111,0
2024-05-28,sz002281,-843.42229544206407,-843.42229544206407,0,810.98297638660074,810.98297638660074
2024-05-28,sz002371,-8449.7812088953015,0,-8449.7812088953015,0,5178.4270701004734
2024-05-28,sz002409,-5216.8545994065407,-5216.8545994065407,0,7786.3501483679511,7786.3501483679511
2024-05-29,sz002281,-291.95387149918156,-291.95387149918156,0,810.98297638660074,810.98297638660074
2024-05-29,sz002371,-24090.042730107481,-24090.042730107481,0,5178.4270701004734,5178.4270701004734
2024-05-29,sz002409,-6618.3976261127691,-6618.3976261127691,0,7786.3501483679511,7786.3501483679511
2024-05-30,sz002281,-232.89427953871029,-121.64744645798896,-111.24683308072134,810.98297638660074,0
2024-05-30,sz002371,4603.6216653193724,4603.6216653193724,0,5178.4270701004734,5178.4270701004734
2024-05-30,sz002409,-155.72700296732805,-155.72700296732805,0,7786.3501483679511,7786.3501483679511
2024-05-31,sh688008,-420.49438170484979,0,-420.49438170484979,0,3108.2057023724497
2024-05-31,sz002371,-25125.728144127515,-25125.728144127515,0,5178.4270701004734,5178.4270701004734
2024-05-31,sz002409,-2335.9050445104185,-2335.9050445104185,0,7786.3501483679511,7786.3501483679511
2024-06-03,sh688008,4258.2418122502704,4258.2418122502704,0,3108.2057023724497,3108.2057023724497
2024-06-03,sz002371,59572.625014435944,59572.625014435944,0,5178.4270701004734,5178.4270701004734
2024-06-03,sz002409,13081.068249258156,13081.068249258156,0,7786.3501483679511,7786.3501483679511
2024-06-04,sh688008,-2300.0722197556188,-2300.0722197556188,0,3108.2057023724497,3108.2057023724497
2024-06-04,sz002371,16229.190437694811,16229.190437694811,0,5178.4270701004734,5178.4270701004734
2024-06-04,sz002409,7474.8961424332392,7474.8961424332392,0,7786.3501483679511,7786.3501483679511
2024-06-05,sh688008,-4848.8008957010288,-4848.8008957010288,0,3108.2057023724497,3108.2057023724497
2024-06-05,sz002371,7172.1214920891089,7172.1214920891089,0,5178.4270701004734,5178.4270701004734
2024-06-05,sz002409,-4671.8100890207816,-4671.8100890207816,0,7786.3501483679511,7786.3501483679511
2024-06-06,sh688008,-1753.0280161380617,-1753.0280161380617,0,3108.2057023724497,3108.2057023724497
2024-06-06,sz002371,19408.744658736672,19408.744658736672,0,5178.4270701004734,5178.4270701004734
2024-06-06,sz002409,-2413.7685459940271,-2413.7685459940271,0,7786.3501483679511,7786.3501483679511
2024-06-07,sh688008,-1896.0054784471924,-1896.0054784471924,0,3108.2057023724497,3108.2057023724497
2024-06-07,sz002371,-6328.037879662822,-6328.037879662822,0,5178.4270701004734,5178.4270701004734
2024-06-07,sz002409,-10200.118694362034,-10200.118694362034,0,7786.3501483679511,7786.3501483679511
2024-06-11,sh688008,1585.1849082099652,1585.1849082099652,0,3108.2057023724497,3108.2057023724497
2024-06-11,sz002371,32297.849636216626,32297.849636216626,0,5178.4270701004734,5178.4270701004734
2024-06-11,sz002409,11913.115727002974,11913.115727002974,0,7786.3501483679511,7786.3501483679511
2024-06-12,sh688008,1523.0207941624844,1523.0207941624844,0,3108.2057023724497,3108.2057023724497
2024-06-12,sh688249,-1384.3408233268392,-0,-1384.3408233268392,0,10760.048638789434
2024-06-12,sz002371,-6788.9178889017576,-6788.9178889017576,0,5178.4270701004734,5178.4270701004734
2024-06-12,sz002409,6229.080118694339,6229.080118694339,0,7786.3501483679511,7786.3501483679511
2024-06-13,sh688008,3419.0262726096989,3419.0262726096989,0,3108.2057023724497,3108.2057023724497
2024-06-13,sh688249,107.60048638789205,107.60048638789205,0,10760.048638789434,10760.048638789434
2024-06-13,sz002371,12117.519344035125,12117.519344035125,0,5178.4270701004734,5178.4270701004734
2024-06-13,sz002409,11679.525222551927,11679.525222551927,0,7786.3501483679511,7786.3501483679511
2024-06-14,sh688008,932.4617107117482,932.4617107117482,0,3108.2057023724497,3108.2057023724497
2024-06-14,sh688249,-2582.4116733094666,-2582.4116733094666,0,10760.048638789434,10760.048638789434
2024-06-14,sz002371,-20713.708280401894,-20713.708280401894,0,5178.4270701004734,5178.4270701004734
2024-06-14,sz002409,4749.6735905044461,4749.6735905044461,0,7786.3501483679511,7786.3501483679511
2024-06-17,sh688008,2579.8107329691279,2579.8107329691279,0,3108.2057023724497,3108.2057023724497
2024-06-17,sh688249,215.20097277580322,215.20097277580322,0,10760.048638789434,10760.048638789434
2024-06-17,sz002371,40433.158563344608,40433.158563344608,0,5178.4270701004734,5178.4270701004734
2024-06-17,sz002409,8331.3946587537102,8331.3946587537102,0,7786.3501483679511,7786.3501483679511
2024-06-18,sh688008,1709.5131363048386,1709.5131363048386,0,3108.2057023724497,3108.2057023724497
2024-06-18,sh688249,2044.4092413699873,2044.4092413699873,0,10760.048638789434,10760.048638789434
2024-06-18,sz002371,1760.6652038340314,1760.6652038340314,0,5178.4270701004734,5178.4270701004734
2024-06-18,sz002409,-3737.4480712165923,-3737.4480712165923,0,7786.3501483679511,7786.3501483679511
2024-06-19,sh688008,2455.4825048742327,2455.4825048742327,0,3108.2057023724497,3108.2057023724497
2024-06-19,sh688249,9253.6418293589068,9253.6418293589068,0,10760.048638789434,10760.048638789434
2024-06-19,sz002371,-18984.113638988318,-18984.113638988318,0,5178.4270701004734,5178.4270701004734
2024-06-19,sz002409,-8253.5311572700466,-8253.5311572700466,0,7786.3501483679511,7786.3501483679511
2024-06-20,sh688008,2828.4671891589405,2828.4671891589405,0,3108.2057023724497,3108.2057023724497
2024-06-20,sh688249,3766.017023576298,3766.017023576298,0,10760.048638789434,10760.048638789434
2024-06-20,sz002371,6519.6396812565717,6519.6396812565717,0,5178.4270701004734,5178.4270701004734
2024-06-20,sz002409,2335.9050445104185,2335.9050445104185,0,7786.3501483679511,7786.3501483679511
2024-06-21,sh688008,2268.9901627318786,2268.9901627318786,0,3108.2057023724497,3108.2057023724497
2024-06-21,sh688249,-1721.6077822062919,-1721.6077822062919,0,10760.048638789434,10760.048638789434
2024-06-21,sz002371,-1688.1672248527202,-1688.1672248527202,0,5178.4270701004734,5178.4270701004734
2024-06-21,sz002409,10511.572700296691,10511.572700296691,0,7786.3501483679511,7786.3501483679511
2024-06-24,sh688008,994.62582475918475,994.62582475918475,0,3108.2057023724497,3108.2057023724497
2024-06-24,sh688249,-9361.2423157468183,-9361.2423157468183,0,10760.048638789434,10760.048638789434
2024-06-24,sz002371,-16917.921238018374,-16917.921238018374,0,5178.4270701004734,5178.4270701004734
2024-06-24,sz002409,-8564.9851632047012,-8564.9851632047012,0,7786.3501483679511,7786.3501483679511
2024-06-25,sh688008,-6744.806374148221,-6744.806374148221,0,3108.2057023724497,3108.2057023724497
2024-06-25,sh688249,-3012.8136188610347,-3012.8136188610347,0,10760.048638789434,10760.048638789434
2024-06-25,sz002371,-42421.674558262966,-42421.674558262966,0,5178.4270701004734,5178.4270701004734
2024-06-25,sz002409,-19388.011869436214,-19388.011869436214,0,7786.3501483679511,7786.3501483679511
2024-06-26,sh688008,4164.9956411790936,4164.9956411790936,0,3108.2057023724497,3108.2057023724497
2024-06-26,sh688249,4519.2204282915618,4519.2204282915618,0,10760.048638789434,10760.048638789434
2024-06-26,sz002371,18833.939253955425,18833.939253955425,0,5178.4270701004734,5178.4270701004734
2024-06-26,sz002409,6540.53412462905,6540.53412462905,0,7786.3501483679511,7786.3501483679511
2024-06-27,sh688008,-777.05142559311241,-777.05142559311241,0,3108.2057023724497,3108.2057023724497
2024-06-27,sh688249,-4088.8184827399937,-4088.8184827399937,0,10760.048638789434,10760.048638789434
2024-06-27,sz002371,419.45259267808063,419.45259267808063,0,5178.4270701004734,5178.4270701004734
2024-06-27,sz002409,233.59050445104739,233.59050445104739,0,7786.3501483679511,7786.3501483679511
2024-06-28,sh688008,3450.1083296334173,3450.1083296334173,0,3108.2057023724497,3108.2057023724497
2024-06-28,sh688249,-430.40194555156819,-430.40194555156819,0,10760.048638789434,10760.048638789434
2024-06-28,sz002371,885.51102898714089,885.51102898714089,0,5178.4270701004734,5178.4270701004734
2024-06-28,sz002409,3425.9940652819359,3425.9940652819359,0,7786.3501483679511,7786.3501483679511
2024-07-01,sh688008,-2113.5798776132647,-2113.5798776132647,0,3108.2057023724497,3108.2057023724497
2024-07-01,sh688249,1614.0072958184189,1614.0072958184189,0,10760.048638789434,10760.048638789434
2024-07-01,sz002371,19061.790045039903,19061.790045039903,0,5178.4270701004734,5178.4270701004734
2024-07-01,sz002409,20244.510385756628,20244.510385756628,0,7786.3501483679511,7786.3501483679511
2024-07-02,sh688008,-2890.6313032063772,-2890.6313032063772,0,3108.2057023724497,3108.2057023724497
2024-07-02,sh688249,-645.60291832737141,-645.60291832737141,0,10760.048638789434,10760.048638789434
2024-07-02,sz002371,-26275.338953689865,-26275.338953689865,0,5178.4270701004734,5178.4270701004734
2024-07-02,sz002409,-11134.480712166167,-11134.480712166167,0,7786.3501483679511,7786.3501483679511
2024-07-03,sh688008,1585.1849082099432,1585.1849082099432,0,3108.2057023724497,3108.2057023724497
2024-07-03,sh688249,860.80389110315548,860.80389110315548,0,10760.048638789434,10760.048638789434
2024-07-03,sz002371,5178.4270701004734,5178.4270701004734,0,5178.4270701004734,5178.4270701004734
2024-07-03,sz002409,16429.198813056428,16429.198813056428,0,7786.3501483679511,7786.3501483679511
2024-07-04,sh688008,0,0,0,3108.2057023724497,3108.2057023724497
2024-07-04,sh688249,-968.40437749104751,-968.40437749104751,0,10760.048638789434,10760.048638789434
2024-07-04,sz002371,-6866.5942949531936,-6866.5942949531936,0,5178.4270701004734,5178.4270701004734
2024-07-04,sz002409,-6774.1246290801528,-6774.1246290801528,0,7786.3501483679511,7786.3501483679511
2024-07-05,sh688008,3885.2571279655622,3885.2571279655622,0,3108.2057023724497,3108.2057023724497
2024-07-05,sh688249,2582.4116733094666,2582.4116733094666,0,10760.048638789434,10760.048638789434
2024-07-05,sz002371,-9435.0941217230775,-9435.0941217230775,0,5178.4270701004734,5178.4270701004734
2024-07-05,sz002409,-4749.6735905044461,-4749.6735905044461,0,7786.3501483679511,7786.3501483679511
2024-07-08,sh688008,6900.2166592668345,6900.2166592668345,0,3108.2057023724497,3108.2057023724497
2024-07-08,sh688249,-3550.8160508005139,-3550.8160508005139,0,10760.048638789434,10760.048638789434
2024-07-08,sz002371,8704.935904838956,8704.935904838956,0,5178.4270701004734,5178.4270701004734
2024-07-08,sz002409,-856.49851632047023,-856.49851632047023,0,7786.3501483679511,7786.3501483679511
2024-07-09,sh688008,777.05142559311241,777.05142559311241,0,3108.2057023724497,3108.2057023724497
2024-07-09,sh688249,-1242.3711463018581,4519.2204282915618,-5761.5915745934199,10760.048638789434,0
2024-07-09,sz002371,31417.51703429961,31417.51703429961,0,5178.4270701004734,5178.4270701004734
2024-07-09,sz002409,22424.688427299665,22424.688427299665,0,7786.3501483679511,7786.3501483679511
2024-07-10,sh688008,2548.7286759454096,2548.7286759454096,0,3108.2057023724497,3108.2057023724497
2024-07-10,sz002371,-19983.550063517774,-19983.550063517774,0,5178.4270701004734,5178.4270701004734
2024-07-10,sz002409,-6851.9881305637618,-6851.9881305637618,0,7786.3501483679511,7786.3501483679511
2024-07-11,sh603986,-913.89858049342956,0,-913.89858049342956,0,1516.8192572780579
2024-07-11,sh688008,5035.2932378433825,5035.2932378433825,0,3108.2057023724497,3108.2057023724497
2024-07-11,sz002371,-24203.968125649648,-24203.968125649648,0,5178.4270701004734,5178.4270701004734
2024-07-11,sz002409,10667.299703264129,10667.299703264129,0,7786.3501483679511,7786.3501483679511
2024-07-12,sh603986,-712.90505092068543,-712.90505092068543,0,1516.8192572780579,1516.8192572780579
2024-07-12,sh688008,4475.8162114163206,4475.8162114163206,0,3108.2057023724497,3108.2057023724497
2024-07-12,sz002371,58687.113985448654,58687.113985448654,0,5178.4270701004734,5178.4270701004734
2024-07-12,sz002409,9732.9376854599395,9732.9376854599395,0,7786.3501483679511,7786.3501483679511
2024-07-15,sh603986,-227.5228885917173,-227.5228885917173,0,1516.8192572780579,1516.8192572780579
2024-07-15,sh688008,1989.2516495183695,1989.2516495183695,0,3108.2057023724497,3108.2057023724497
2024-07-15,sz002371,24090.042730107481,24090.042730107481,0,5178.4270701004734,5178.4270701004734
2024-07-15,sz002409,-6073.3531157270108,-6073.3531157270108,0,7786.3501483679511,7786.3501483679511
2024-07-16,sh603986,1198.2872132496752,1198.2872132496752,0,1516.8192572780579,1516.8192572780579
2024-07-16,sh688008,2268.9901627318786,2268.9901627318786,0,3108.2057023724497,3108.2057023724497
2024-07-16,sz002371,48791.139854486646,48791.139854486646,0,5178.4270701004734,5178.4270701004734
2024-07-16,sz002409,10667.299703264018,10667.299703264018,0,7786.3501483679511,7786.3501483679511
2024-07-17,sh603986,-3018.4703219833491,-3018.4703219833491,0,1516.8192572780579,1516.8192572780579
2024-07-17,sh688008,-5656.9343783178592,-5656.9343783178592,0,3108.2057023724497,3108.2057023724497
2024-07-17,sz002371,113.92539554216567,113.92539554216567,0,5178.4270701004734,5178.4270701004734
2024-07-17,sz002409,-30444.629080118662,-30444.629080118662,0,7786.3501483679511,7786.3501483679511
2024-07-18,sh603986,-3033.6385145561158,-3033.6385145561158,0,1516.8192572780579,1516.8192572780579
2024-07-18,sh688008,-652.72319749819496,-652.72319749819496,0,3108.2057023724497,3108.2057023724497
2024-07-18,sz002371,30920.388035569798,30920.388035569798,0,5178.4270701004734,5178.4270701004734
2024-07-18,sz002409,2335.905044510363,2335.905044510363,0,7786.3501483679511,7786.3501483679511
2024-07-19,sh603986,3033.6385145561158,3033.6385145561158,0,1516.8192572780579,1516.8192572780579
2024-07-19,sh688008,31.082057023718313,31.082057023718313,0,3108.2057023724497,3108.2057023724497
2024-07-19,sz002371,-2532.2508372790066,-2532.2508372790066,0,5178.4270701004734,5178.4270701004734
2024-07-19,sz002409,-3737.4480712165368,-3737.4480712165368,0,7786.3501483679511,7786.3501483679511
2024-07-22,sh603986,-2472.4153893632274,-2472.4153893632274,0,1516.8192572780579,1516.8192572780579
2024-07-22,sh688008,2859.5492461826589,2859.5492461826589,0,3108.2057023724497,3108.2057023724497
2024-07-22,sz002371,-6100.1870885783437,-6100.1870885783437,0,5178.4270701004734,5178.4270701004734
2024-07-22,sz002409,-467.18100890209479,-467.18100890209479,0,7786.3501483679511,7786.3501483679511
2024-07-23,sh603986,-8327.3377224565302,-8327.3377224565302,0,1516.8192572780579,1516.8192572780579
2024-07-23,sh688008,-15945.095253170675,-15945.095253170675,0,3108.2057023724497,3108.2057023724497
2024-07-23,sz002371,-68432.913731377776,-68432.913731377776,0,5178.4270701004734,5178.4270701004734
2024-07-23,sz002409,-29665.99406528191,-29665.99406528191,0,7786.3501483679511,7786.3501483679511
2024-07-24,sh603986,-3913.3936837774081,-3913.3936837774081,0,1516.8192572780579,1516.8192572780579
2024-07-24,sh688008,2321.1133924416636,559.47702642704007,1761.6363660146235,3108.2057023724497,0
2024-07-24,sz002371,-11811.992146899211,-11811.992146899211,0,5178.4270701004734,5178.4270701004734
2024-07-24,sz002409,-20400.237388724014,-20400.237388724014,0,7786.3501483679511,7786.3501483679511
2024-07-25,sh603986,-2881.9565888282968,-2881.9565888282968,0,1516.8192572780579,1516.8192572780579
2024-07-25,sz002371,-13386.233976209618,-13386.233976209618,0,5178.4270701004734,5178.4270701004734
2024-07-25,sz002409,-2582.471342642164,-13470.385756676586,10887.914414034421,7786.3501483679511,0
2024-07-26,sh603986,231.93674708177753,15.168192572766783,216.76855450901076,1516.8192572780579,0
2024-07-26,sz002371,11314.863148169547,11314.863148169547,0,5178.4270701004734,5178.4270701004734
2024-07-29,sz002371,10470.779535743113,10470.779535743113,0,5178.4270701004734,5178.4270701004734
2024-07-30,sz002371,5214.6760595912028,5214.6760595912028,0,5178.4270701004734,5178.4270701004734
2024-07-31,sz002371,25167.155560688225,25167.155560688225,0,5178.4270701004734,5178.4270701004734
2024-08-01,sz002371,10087.575932555761,10087.575932555761,0,5178.4270701004734,5178.4270701004734
2024-08-02,sh688072,-1659.3913408126878,-0,-1659.3913408126878,0,1915.645706661006
2024-08-02,sh688120,-1872.5025120585856,-0,-1872.5025120585856,0,3646.9655926519899
2024-08-02,sh688347,-7030.2804208400203,-0,-7030.2804208400203,0,6920
2024-08-02,sz002371,-31836.96962697769,-31836.96962697769,0,5178.4270701004734,5178.4270701004734
2024-08-05,sh688072,-3352.3799866567606,-3352.3799866567606,0,1915.645706661006,1915.645706661006
2024-08-05,sh688120,-10944.543743548587,-10944.543743548587,0,3646.9655926519899,3646.9655926519899
2024-08-05,sh688347,-15708.399999999972,-15708.399999999972,0,6920,6920
2024-08-05,sz002371,-54202.596142741721,-54202.596142741721,0,5178.4270701004734,5178.4270701004734
2024-08-06,sh688072,6379.100203181174,6379.100203181174,0,1915.645706661006,1915.645706661006
2024-08-06,sh688120,6498.8926861058335,6498.8926861058335,0,3646.9655926519899,3646.9655926519899
2024-08-06,sh688347,4362.10340687999,4497.99999999999,-135.89659312000046,6920,0
2024-08-06,sz002371,-4562.1942487585184,-4562.1942487585184,0,5178.4270701004734,5178.4270701004734
2024-08-07,sh688072,-1858.1763354611737,-1858.1763354611737,0,1915.645706661006,1915.645706661006
2024-08-07,sh688120,-3767.31545720951,-3767.31545720951,0,3646.9655926519899,3646.9655926519899
2024-08-07,sz002371,-9823.4761519805525,-9823.4761519805525,0,5178.4270701004734,5178.4270701004734
2024-08-08,sh688072,8007.3990538429634,8007.3990538429634,0,1915.645706661006,1915.645706661006
2024-08-08,sh688120,6250.8990258055055,6250.8990258055055,0,3646.9655926519899,3646.9655926519899
2024-08-08,sz002371,-13780.224834153469,7482.8271162951487,-21263.051950448618,5178.4270701004734,0
2024-08-09,sh688072,-8792.8137935740233,-8792.8137935740233,0,1915.645706661006,1915.645706661006
2024-08-09,sh688120,-3570.3793152062954,-3570.3793152062954,0,3646.9655926519899,3646.9655926519899
2024-08-12,sh688072,-1149.3874239965928,-1149.3874239965928,0,1915.645706661006,1915.645706661006
2024-08-12,sh688120,1174.3229208339508,1174.3229208339508,0,3646.9655926519899,3646.9655926519899
2024-08-13,sh688072,1360.1084517293295,1360.1084517293295,0,1915.645706661006,1915.645706661006
2024-08-13,sh688120,-2505.4653621519083,-2505.4653621519083,0,3646.9655926519899,3646.9655926519899
2024-08-14,sh688072,-13620.240974359751,-13620.240974359751,0,1915.645706661006,1915.645706661006
2024-08-14,sh688120,-4394.5935391456933,-4394.5935391456933,0,3646.9655926519899,3646.9655926519899
2024-08-15,sh688072,1340.9519946627097,1340.9519946627097,0,1915.645706661006,1915.645706661006
2024-08-15,sh688120,-1557.2543080623723,-1557.2543080623723,0,3646.9655926519899,3646.9655926519899
2024-08-16,sh688072,-1358.6188741326396,613.00662613150882,-1971.6255002641485,1915.645706661006,0
2024-08-16,sh688120,594.45539160226235,594.45539160226235,0,3646.9655926519899,3646.9655926519899
2024-08-19,sh688120,-10120.329519609268,-10120.329519609268,0,3646.9655926519899,3646.9655926519899
2024-08-20,sh688120,-4044.4848422510631,-4044.4848422510631,0,3646.9655926519899,3646.9655926519899
2024-08-21,sh688120,-460.07765317744247,1276.4379574282016,-1736.515610605644,3646.9655926519899,0
2024-10-18,sh688205,72200.997534034104,0,72200.997534034104,0,21568.976373595971
2024-10-21,sh688205,88260.251320754687,88260.251320754687,0,21568.976373595971,21568.976373595971
2024-10-22,sh688205,-46955.66156531842,-46955.66156531842,0,21568.976373595971,21568.976373595971
2024-10-23,sh688205,-14774.74881591329,-14774.74881591329,0,21568.976373595971,21568.976373595971
2024-10-24,sh688205,18765.009445028594,18765.009445028594,0,21568.976373595971,21568.976373595971
2024-10-25,sh688205,-24243.529443921921,-24243.529443921921,0,21568.976373595971,21568.976373595971
2024-10-28,sh688205,14947.300626901962,14947.300626901962,0,21568.976373595971,21568.976373595971
2024-10-29,sh688205,-11625.67826536826,-11625.67826536826,0,21568.976373595971,21568.976373595971
2024-10-30,sh688205,61385.306759254214,61385.306759254214,0,21568.976373595971,21568.976373595971
2024-10-30,sz300776,61641.952235969504,0,61641.952235969504,0,14754.926730672058
2024-10-31,sh688205,-66346.171325181218,-66346.171325181218,0,21568.976373595971,21568.976373595971
2024-10-31,sz002281,1435.0142524583162,0,1435.0142524583162,0,905.36328214531284
2024-10-31,sz300776,-147.54926730658639,-147.54926730658639,0,14754.926730672058,14754.926730672058
2024-11-01,sh688205,170049.80972943065,170049.80972943065,0,21568.976373595971,21568.976373595971
2024-11-01,sz002281,-2263.4082053632819,-2263.4082053632819,0,905.36328214531284,905.36328214531284
2024-11-01,sz300776,-56806.467913087545,-56806.467913087545,0,14754.926730672058,14754.926730672058
2024-11-04,sh688205,128249.1335174016,128249.1335174016,0,21568.976373595971,21568.976373595971
2024-11-04,sz002281,968.73871189548504,968.73871189548504,0,905.36328214531284,905.36328214531284
2024-11-04,sz300776,-1623.0419403739179,-1623.0419403739179,0,14754.926730672058,14754.926730672058
2024-11-05,sh688205,-12445.299367564836,-12445.299367564836,0,21568.976373595971,21568.976373595971
2024-11-05,sz002281,1475.7421498968558,1475.7421498968558,0,905.36328214531284,905.36328214531284
2024-11-05,sz300776,49281.455280444723,49281.455280444723,0,14754.926730672058,14754.926730672058
2024-11-06,sh688205,10730.558339077568,5823.6236208709797,4906.9347182065885,21568.976373595971,0
2024-11-06,sz002281,-733.3442585377054,-733.3442585377054,0,905.36328214531284,905.36328214531284
2024-11-06,sz300776,-21542.193026781111,-21542.193026781111,0,14754.926730672058,14754.926730672058
2024-11-07,sh688037,22316.45892294218,0,22316.45892294218,0,6348.1771589459313
2024-11-07,sh688535,13669.928758124168,0,13669.928758124168,0,11837.9331646175
2024-11-07,sz002281,334.98441439376984,334.98441439376984,0,905.36328214531284,905.36328214531284
2024-11-07,sz300776,-37625.063163213912,-37625.063163213912,0,14754.926730672058,14754.926730672058
2024-11-08,sh688037,49452.300068188757,49452.300068188757,0,6348.1771589459313,6348.1771589459313
2024-11-08,sh688535,67334.163840344278,67334.163840344278,0,11837.9331646175,11837.9331646175
2024-11-08,sz002281,2417.3199633279869,2417.3199633279869,0,905.36328214531284,905.36328214531284
2024-11-08,sz300776,66397.170288024266,66397.170288024266,0,14754.926730672058,14754.926730672058
2024-11-11,sh688037,63926.143990585573,63926.143990585573,0,6348.1771589459313,6348.1771589459313
2024-11-11,sh688535,64848.197875774684,64848.197875774684,0,11837.9331646175,11837.9331646175
2024-11-11,sz002281,1919.3701581480609,1919.3701581480609,0,905.36328214531284,905.36328214531284
2024-11-11,sz300776,71856.493178372984,71856.493178372984,0,14754.926730672058,14754.926730672058
2024-11-12,sh688037,-36628.982207117995,-36628.982207117995,0,6348.1771589459313,6348.1771589459313
2024-11-12,sh688535,0,0,0,11837.9331646175,11837.9331646175
2024-11-12,sz002281,-144.8581251432534,-144.8581251432534,0,905.36328214531284,905.36328214531284
2024-11-12,sz300776,2360.788276907479,2360.788276907479,0,14754.926730672058,14754.926730672058
2024-11-13,sh688037,40628.333817253908,40628.333817253908,0,6348.1771589459313,6348.1771589459313
2024-11-13,sh688535,0,0,0,11837.9331646175,11837.9331646175
2024-11-13,sz002281,-715.23699289479634,-715.23699289479634,0,905.36328214531284,905.36328214531284
2024-11-13,sz300776,-13869.6311268317,-13869.6311268317,0,14754.926730672058,14754.926730672058
2024-11-14,sh688037,-37009.872836654766,-37009.872836654766,0,6348.1771589459313,6348.1771589459313
2024-11-14,sh688535,0,0,0,11837.9331646175,11837.9331646175
2024-11-14,sz002281,-1285.6158606463393,-1285.6158606463393,0,905.36328214531284,905.36328214531284
2024-11-14,sz300776,-41903.991915108694,-41903.991915108694,0,14754.926730672058,14754.926730672058
2024-11-15,sh688037,-53705.578764682541,-53705.578764682541,0,6348.1771589459313,6348.1771589459313
2024-11-15,sh688535,0,0,0,11837.9331646175,11837.9331646175
2024-11-15,sz002281,-2281.5154710061911,-2281.5154710061911,0,905.36328214531284,905.36328214531284
2024-11-15,sz300776,-39543.203638201005,-39543.203638201005,0,14754.926730672058,14754.926730672058
2024-11-18,sh688037,-12696.354317891863,-12696.354317891863,0,6348.1771589459313,6348.1771589459313
2024-11-18,sh688535,0,0,0,11837.9331646175,11837.9331646175
2024-11-18,sz002281,-778.61242264496855,-778.61242264496855,0,905.36328214531284,905.36328214531284
2024-11-18,sz300776,-39838.302172814598,-39838.302172814598,0,14754.926730672058,14754.926730672058
2024-11-19,sh688037,37009.872836654766,37009.872836654766,0,6348.1771589459313,6348.1771589459313
2024-11-19,sh688535,0,0,0,11837.9331646175,11837.9331646175
2024-11-19,sz002281,697.12972725189377,697.12972725189377,0,905.36328214531284,905.36328214531284
2024-11-19,sz300776,29509.853461344115,29509.853461344115,0,14754.926730672058,14754.926730672058
2024-11-20,sh688037,-6221.2136157670375,-6221.2136157670375,0,6348.1771589459313,6348.1771589459313
2024-11-20,sh688535,0,0,0,11837.9331646175,11837.9331646175
2024-11-20,sz002281,443.62800825119865,443.62800825119865,0,905.36328214531284,905.36328214531284
2024-11-20,sz300776,442.64780192017849,442.64780192017849,0,14754.926730672058,14754.926730672058
2024-11-21,sh688037,25519.672178962617,25519.672178962617,0,6348.1771589459313,6348.1771589459313
2024-11-21,sh688535,0,0,0,11837.9331646175,11837.9331646175
2024-11-21,sz002281,-344.03804721521476,-344.03804721521476,0,905.36328214531284,905.36328214531284
2024-11-21,sz300776,-7967.660434563003,-7967.660434563003,0,14754.926730672058,14754.926730672058
2024-11-22,sh688037,-30915.622764066626,-30915.622764066626,0,6348.1771589459313,6348.1771589459313
2024-11-22,sh688535,0,0,0,11837.9331646175,11837.9331646175
2024-11-22,sz002281,-2571.2317212926914,-2571.2317212926914,0,905.36328214531284,905.36328214531284
2024-11-22,sz300776,-64183.93127842337,-64183.93127842337,0,14754.926730672058,14754.926730672058
2024-11-25,sh688037,14600.807465575625,14600.807465575625,0,6348.1771589459313,6348.1771589459313
2024-11-25,sh688535,0,0,0,11837.9331646175,11837.9331646175
2024-11-25,sz002281,-1186.0258996103619,-1186.0258996103619,0,905.36328214531284,905.36328214531284
2024-11-25,sz300776,-11803.941384537604,-11803.941384537604,0,14754.926730672058,14754.926730672058
2024-11-26,sh688037,-7617.8125907351359,-7617.8125907351359,0,6348.1771589459313,6348.1771589459313
2024-11-26,sh688535,48163.405899962308,-29062.125919135942,77225.531819098251,11837.9331646175,0
2024-11-26,sz002281,262.55535182214641,262.55535182214641,0,905.36328214531284,905.36328214531284
2024-11-26,sz300776,14164.729661445082,14164.729661445082,0,14754.926730672058,14754.926730672058
2024-11-27,sh688037,12188.500145176198,12188.500145176198,0,6348.1771589459313,6348.1771589459313
2024-11-27,sz002281,669.96882878752683,669.96882878752683,0,905.36328214531284,905.36328214531284
2024-11-27,sz300776,39838.302172814598,39838.302172814598,0,14754.926730672058,14754.926730672058
2024-11-28,sh688037,-22980.401315384301,-22980.401315384301,0,6348.1771589459313,6348.1771589459313
2024-11-28,sz002281,-398.35984414393562,-398.35984414393562,0,905.36328214531284,905.36328214531284
2024-11-28,sz300776,-7082.3648307226467,-7082.3648307226467,0,14754.926730672058,14754.926730672058
2024-11-29,sh688037,16060.888212133214,16060.888212133214,0,6348.1771589459313,6348.1771589459313
2024-11-29,sz002281,452.68164107265642,452.68164107265642,0,905.36328214531284,905.36328214531284
2024-11-29,sz300776,34083.880747852483,34083.880747852483,0,14754.926730672058,14754.926730672058
2024-12-02,sh688019,808.48271982763049,0,808.48271982763049,0,8660.0327591324331
2024-12-02,sh688037,-380.89062953677029,-380.89062953677029,0,6348.1771589459313,6348.1771589459313
2024-12-02,sz002281,552.27160210864031,552.27160210864031,0,905.36328214531284,905.36328214531284
2024-12-02,sz300776,-26116.220313289483,-26116.220313289483,0,14754.926730672058,14754.926730672058
2024-12-03,sh688019,-3386.0728088207047,-3386.0728088207047,0,8660.0327591324331,8660.0327591324331
2024-12-03,sh688037,-29011.169616382864,-29011.169616382864,0,6348.1771589459313,6348.1771589459313
2024-12-03,sz002281,-688.076094430436,-688.076094430436,0,905.36328214531284,905.36328214531284
2024-12-03,sz300776,-5311.7736230419323,-5311.7736230419323,0,14754.926730672058,14754.926730672058
2024-12-04,sh688019,-7326.3877142260699,-7326.3877142260699,0,8660.0327591324331,8660.0327591324331
2024-12-04,sh688037,-8443.0756213980785,-8443.0756213980785,0,6348.1771589459313,6348.1771589459313
2024-12-04,sz002281,-144.8581251432534,-144.8581251432534,0,905.36328214531284,905.36328214531284
2024-12-04,sz300776,-34969.17635169284,-34969.17635169284,0,14754.926730672058,14754.926730672058
2024-12-05,sh688019,-18965.471742500009,-18965.471742500009,0,8660.0327591324331,8660.0327591324331
2024-12-05,sh688037,-3174.0885794729656,-3174.0885794729656,0,6348.1771589459313,6348.1771589459313
2024-12-05,sz002281,181.07265642906515,181.07265642906515,0,905.36328214531284,905.36328214531284
2024-12-05,sz300776,5606.8721576555245,5606.8721576555245,0,14754.926730672058,14754.926730672058
2024-12-06,sh688019,-1740.6665845856851,-1740.6665845856851,0,8660.0327591324331,8660.0327591324331
2024-12-06,sh688037,-1396.5989749680978,-1396.5989749680978,0,6348.1771589459313,6348.1771589459313
2024-12-06,sz002281,-90.536328214532574,-90.536328214532574,0,905.36328214531284,905.36328214531284
2024-12-06,sz300776,442.6478019199688,442.6478019199688,0,14754.926730672058,14754.926730672058
2024-12-09,sh688019,-11379.283045499957,-11379.283045499957,0,8660.0327591324331,8660.0327591324331
2024-12-09,sh688037,-23551.737259689457,-23551.737259689457,0,6348.1771589459313,6348.1771589459313
2024-12-09,sz002281,-1104.5432042172806,-1104.5432042172806,0,905.36328214531284,905.36328214531284
2024-12-09,sz300776,-15492.673067205618,-15492.673067205618,0,14754.926730672058,14754.926730672058
2024-12-10,sh688019,5377.8803434211986,5377.8803434211986,0,8660.0327591324331,8660.0327591324331
2024-12-10,sh688037,9141.3751088821264,9141.3751088821264,0,6348.1771589459313,6348.1771589459313
2024-12-10,sz002281,-45.268164107269499,-45.268164107269499,0,905.36328214531284,905.36328214531284
2024-12-10,sz300776,-5016.6750884285502,-5016.6750884285502,0,14754.926730672058,14754.926730672058
2024-12-11,sh688019,-4355.9964778436151,-4355.9964778436151,0,8660.0327591324331,8660.0327591324331
2024-12-11,sh688037,-7109.9584180193815,-7109.9584180193815,0,6348.1771589459313,6348.1771589459313
2024-12-11,sz002281,1729.2438688975508,1729.2438688975508,0,905.36328214531284,905.36328214531284
2024-12-11,sz300776,17558.362809499926,17558.362809499926,0,14754.926730672058,14754.926730672058
2024-12-12,sh688019,10305.438983367576,10305.438983367576,0,8660.0327591324331,8660.0327591324331
2024-12-12,sh688037,4380.2422396726779,4380.2422396726779,0,6348.1771589459313,6348.1771589459313
2024-12-12,sz002281,706.18336007334506,706.18336007334506,0,905.36328214531284,905.36328214531284
2024-12-12,sz300776,4426.4780192015751,4426.4780192015751,0,14754.926730672058,14754.926730672058
2024-12-13,sh688019,-9794.4970505787842,-9794.4970505787842,0,8660.0327591324331,8660.0327591324331
2024-12-13,sh688037,-24123.073203994521,-24123.073203994521,0,6348.1771589459313,6348.1771589459313
2024-12-13,sz002281,860.09511803804332,860.09511803804332,0,905.36328214531284,905.36328214531284
2024-12-13,sz300776,-15197.574532592236,-15197.574532592236,0,14754.926730672058,14754.926730672058
2024-12-16,sh688019,-28699.348563764823,-28699.348563764823,0,8660.0327591324331,8660.0327591324331
2024-12-16,sh688037,-20822.02108134266,-20822.02108134266,0,6348.1771589459313,6348.1771589459313
2024-12-16,sz002281,3150.6642218656921,3150.6642218656921,0,905.36328214531284,905.36328214531284
2024-12-16,sz300776,-38510.358767054066,-38510.358767054066,0,14754.926730672058,14754.926730672058
2024-12-17,sh688019,-3022.3514329372515,-3022.3514329372515,0,8660.0327591324331,8660.0327591324331
2024-12-17,sh688037,-4570.6875544410632,-4570.6875544410632,0,6348.1771589459313,6348.1771589459313
2024-12-17,sz002281,63.375429750172152,63.375429750172152,0,905.36328214531284,905.36328214531284
2024-12-17,sz300776,-30100.05053057109,-30100.05053057109,0,14754.926730672058,14754.926730672058
2024-12-18,sh688019,113.86599526148984,6304.5038486483627,-6190.6378533868728,8660.0327591324331,0
2024-12-18,sh688037,3164.1501084494366,9776.1928247766846,-6612.0427163272479,6348.1771589459313,0
2024-12-18,sz002281,-362.14531285812387,-362.14531285812387,0,905.36328214531284,905.36328214531284
2024-12-18,sz300776,2065.6897422940965,2065.6897422940965,0,14754.926730672058,14754.926730672058
2024-12-19,sz002281,4300.4755901902363,4300.4755901902363,0,905.36328214531284,905.36328214531284
2024-12-19,sz300776,-9065.2951114623193,-10328.448711470483,1263.1536000081637,14754.926730672058,0
2024-12-20,sh688300,128024.56655591041,0,128024.56655591041,0,28203.688897191609
2024-12-20,sz002281,4725.9963327985324,4725.9963327985324,0,905.36328214531284,905.36328214531284
2024-12-23,sh688300,-95892.542250451428,-95892.542250451428,0,28203.688897191609,28203.688897191609
2024-12-23,sz002281,-742.3978913591568,-742.3978913591568,0,905.36328214531284,905.36328214531284
2024-12-24,sh603986,-1075.2538319999535,0,-1075.2538319999535,0,7980.5443831259945
2024-12-24,sh688300,1297.3696892707965,1297.3696892707965,0,28203.688897191609,28203.688897191609
2024-12-24,sz002281,-280.66261746504904,-280.66261746504904,0,905.36328214531284,905.36328214531284
2024-12-25,sh603986,14045.758114301791,14045.758114301791,0,7980.5443831259945,7980.5443831259945
2024-12-25,sh688300,45577.161257861633,45577.161257861633,0,28203.688897191609,28203.688897191609
2024-12-25,sz002281,452.68164107265642,452.68164107265642,0,905.36328214531284,905.36328214531284
2024-12-26,sh603986,41818.052567580169,41818.052567580169,0,7980.5443831259945,7980.5443831259945
2024-12-26,sh688300,34041.852498910295,34041.852498910295,0,28203.688897191609,28203.688897191609
2024-12-26,sz002281,2399.2126976850777,2399.2126976850777,0,905.36328214531284,905.36328214531284
2024-12-27,sh603986,-24260.854924702959,-24260.854924702959,0,7980.5443831259945,7980.5443831259945
2024-12-27,sh688300,-56830.433127841105,-56830.433127841105,0,28203.688897191609,28203.688897191609
2024-12-27,sz002281,-3123.5033234013254,-3123.5033234013254,0,905.36328214531284,905.36328214531284
2024-12-30,sh603986,14843.812552614345,14843.812552614345,0,7980.5443831259945,7980.5443831259945
2024-12-30,sh688300,28626.7442306495,28626.7442306495,0,28203.688897191609,28203.688897191609
2024-12-30,sz002281,-461.73527389411419,-461.73527389411419,0,905.36328214531284,905.36328214531284
2024-12-31,sh603986,-56023.42156954456,-56023.42156954456,0,7980.5443831259945,7980.5443831259945
2024-12-31,sh688300,-73103.961621520619,-73103.961621520619,0,28203.688897191609,28203.688897191609
2024-12-31,sz002281,-3005.8060967224387,-3005.8060967224387,0,905.36328214531284,905.36328214531284
2025-01-02,sh603986,-30405.874099709945,-30405.874099709945,0,7980.5443831259945,7980.5443831259945
2025-01-02,sh688300,-11704.530892334695,-11704.530892334695,0,28203.688897191609,28203.688897191609
2025-01-02,sz002281,-1493.849415539765,-1493.849415539765,0,905.36328214531284,905.36328214531284
2025-01-03,sh603986,877.85988214385486,877.85988214385486,0,7980.5443831259945,7980.5443831259945
2025-01-03,sh688300,-70086.166909521125,-70086.166909521125,0,28203.688897191609,28203.688897191609
2025-01-03,sz002281,-2353.9445335778146,-2353.9445335778146,0,905.36328214531284,905.36328214531284
2025-01-06,sh603986,-28410.73800392856,-28410.73800392856,0,7980.5443831259945,7980.5443831259945
2025-01-06,sh688300,4766.4234236254961,4766.4234236254961,0,28203.688897191609,28203.688897191609
2025-01-06,sz002281,-235.39445335777953,-235.39445335777953,0,905.36328214531284,905.36328214531284
2025-01-07,sh603986,45169.881208493105,45169.881208493105,0,7980.5443831259945,7980.5443831259945
2025-01-07,sh688300,88305.749937106928,88305.749937106928,0,28203.688897191609,28203.688897191609
2025-01-07,sz002281,1964.6383222553304,1964.6383222553304,0,905.36328214531284,905.36328214531284
2025-01-08,sh603986,75416.144420540673,75416.144420540673,0,7980.5443831259945,7980.5443831259945
2025-01-08,sh688300,-19968.211739211816,-19968.211739211816,0,28203.688897191609,28203.688897191609
2025-01-08,sz002281,-126.7508595003443,-126.7508595003443,0,905.36328214531284,905.36328214531284
2025-01-09,sh603986,65839.491160789461,65839.491160789461,0,7980.5443831259945,7980.5443831259945
2025-01-09,sh688300,51866.583881935527,51866.583881935527,0,28203.688897191609,28203.688897191609
2025-01-09,sz002281,497.94980517991951,497.94980517991951,0,905.36328214531284,905.36328214531284
2025-01-10,sh603986,-19153.306519502432,-19153.306519502432,0,7980.5443831259945,7980.5443831259945
2025-01-10,sh688300,5838.1636017186838,5838.1636017186838,0,28203.688897191609,28203.688897191609
2025-01-10,sz002281,-1865.04836121934,-1865.04836121934,0,905.36328214531284,905.36328214531284
2025-01-13,sh603986,-21148.442615283817,-21148.442615283817,0,7980.5443831259945,7980.5443831259945
2025-01-13,sh688300,-1720.4250227286866,-1720.4250227286866,0,28203.688897191609,28203.688897191609
2025-01-13,sz002281,-117.69722667889299,-117.69722667889299,0,905.36328214531284,905.36328214531284
2025-01-14,sh603986,94090.618277055532,94090.618277055532,0,7980.5443831259945,7980.5443831259945
2025-01-14,sh688300,48820.585481038521,48820.585481038521,0,28203.688897191609,28203.688897191609
2025-01-14,sz002281,2462.58812743525,2462.58812743525,0,905.36328214531284,905.36328214531284
2025-01-15,sh603986,25697.352913665694,25697.352913665694,0,7980.5443831259945,7980.5443831259945
2025-01-15,sh688300,-50569.214192664534,-50569.214192664534,0,28203.688897191609,28203.688897191609
2025-01-15,sz002281,-1059.2750401100111,-1059.2750401100111,0,905.36328214531284,905.36328214531284
2025-01-16,sh603986,-37189.336825367223,-37189.336825367223,0,7980.5443831259945,7980.5443831259945
2025-01-16,sh688300,16273.528493679507,16273.528493679507,0,28203.688897191609,28203.688897191609
2025-01-16,sz002281,2408.2663305065289,2408.2663305065289,0,905.36328214531284,905.36328214531284
2025-01-17,sh603986,52591.787484800217,52591.787484800217,0,7980.5443831259945,7980.5443831259945
2025-01-17,sh688300,67914.482864437436,67914.482864437436,0,28203.688897191609,28203.688897191609
2025-01-17,sz002281,-1113.596837038732,-1113.596837038732,0,905.36328214531284,905.36328214531284
2025-01-20,sh603986,-14285.174445795466,-14285.174445795466,0,7980.5443831259945,7980.5443831259945
2025-01-20,sh688300,-10407.161203063697,-10407.161203063697,0,28203.688897191609,28203.688897191609
2025-01-20,sz002281,470.78890671555905,470.78890671555905,0,905.36328214531284,905.36328214531284
2025-01-21,sh603986,-7182.4899448134402,-7182.4899448134402,0,7980.5443831259945,7980.5443831259945
2025-01-21,sh688300,-16724.787516034525,-16724.787516034525,0,28203.688897191609,28203.688897191609
2025-01-21,sz002281,1982.745587898233,1982.745587898233,0,905.36328214531284,905.36328214531284
2025-01-22,sh603986,32800.037414647944,32800.037414647944,0,7980.5443831259945,7980.5443831259945
2025-01-22,sh688300,-36439.166055171605,-36439.166055171605,0,28203.688897191609,28203.688897191609
2025-01-22,sz002281,688.07609443044237,688.07609443044237,0,905.36328214531284,905.36328214531284
2025-01-23,sh603986,-45808.324759143281,-45808.324759143281,0,7980.5443831259945,7980.5443831259945
2025-01-23,sh688300,-41431.218989974506,-41431.218989974506,0,28203.688897191609,28203.688897191609
2025-01-23,sz002281,-2851.8943387577342,-2851.8943387577342,0,905.36328214531284,905.36328214531284
2025-01-24,sh603986,239.4163314937889,239.4163314937889,0,7980.5443831259945,7980.5443831259945
2025-01-24,sh688300,32321.427476181605,32321.427476181605,0,28203.688897191609,28203.688897191609
2025-01-24,sz002281,516.0570708228222,516.0570708228222,0,905.36328214531284,905.36328214531284
2025-01-27,sh603986,-24739.687587690536,-24739.687587690536,0,7980.5443831259945,7980.5443831259945
2025-01-27,sh688300,-87008.380247836132,-87008.380247836132,0,28203.688897191609,28203.688897191609
2025-01-27,sz002281,-3177.825120330046,-3177.825120330046,0,905.36328214531284,905.36328214531284
2025-02-05,sh603986,63445.327845851563,63445.327845851563,0,7980.5443831259945,7980.5443831259945
2025-02-05,sh688300,-75924.330511239808,-75924.330511239808,0,28203.688897191609,28203.688897191609
2025-02-05,sz002281,-579.43250057300077,-579.43250057300077,0,905.36328214531284,905.36328214531284
2025-02-06,sh603986,42137.274342905257,42137.274342905257,0,7980.5443831259945,7980.5443831259945
2025-02-06,sh688300,33195.741831994514,33195.741831994514,0,28203.688897191609,28203.688897191609
2025-02-06,sz002281,280.66261746504904,280.66261746504904,0,905.36328214531284,905.36328214531284
2025-02-07,sh603986,-16519.726873070755,-16519.726873070755,0,7980.5443831259945,7980.5443831259945
2025-02-07,sh688300,909.64279177677804,-1297.3696892707965,2207.0124810475745,28203.688897191609,525.10386082167679
2025-02-07,sz002281,832.93421957368935,832.93421957368935,0,905.36328214531284,905.36328214531284
2025-02-10,sh603986,-2408.0268644547941,-31363.539425685212,28955.512561230418,7980.5443831259945,0
2025-02-10,sh688300,-38.329247619500109,270.42848832316383,-308.75773594266394,525.10386082167679,0
2025-02-10,sz002281,579.43250057300077,579.43250057300077,0,905.36328214531284,905.36328214531284
2025-02-11,sz002281,99.589961035983904,99.589961035983904,0,905.36328214531284,905.36328214531284
2025-02-12,sz002281,3186.8787531514977,3186.8787531514977,0,905.36328214531284,905.36328214531284
2025-02-12,sz002371,26708.330022825339,0,26708.330022825339,0,3935.2881258251068
2025-02-13,sh688082,-16599.592875150433,-0,-16599.592875150433,0,5906.8947995005665
2025-02-13,sz002281,-1774.5120330048139,-1774.5120330048139,0,905.36328214531284,905.36328214531284
2025-02-13,sz002371,-14607.789523062753,-14607.789523062753,0,3935.2881258251068,3935.2881258251068
2025-02-14,sh688082,-7383.6184993757079,-7383.6184993757079,0,5906.8947995005665,5906.8947995005665
2025-02-14,sz002281,-1104.5432042172806,-1104.5432042172806,0,905.36328214531284,905.36328214531284
2025-02-14,sz002371,24052.481025043144,24052.481025043144,0,3935.2881258251068,3935.2881258251068
2025-02-17,sh688082,11223.100119051111,11223.100119051111,0,5906.8947995005665,5906.8947995005665
2025-02-17,sz002281,3721.0430896172352,3721.0430896172352,0,905.36328214531284,905.36328214531284
2025-02-17,sz002371,29089.649826099172,29089.649826099172,0,3935.2881258251068,3935.2881258251068
2025-02-18,sh688082,-6851.9979674207207,-6851.9979674207207,0,5906.8947995005665,5906.8947995005665
2025-02-18,sz002281,-1928.4237909695123,-1928.4237909695123,0,905.36328214531284,905.36328214531284
2025-02-18,sz002371,12010.499360018084,12010.499360018084,0,3935.2881258251068,3935.2881258251068
2025-02-19,sh688082,24513.613417927383,24513.613417927383,0,5906.8947995005665,5906.8947995005665
2025-02-19,sz002281,570.378867751543,570.378867751543,0,905.36328214531284,905.36328214531284
2025-02-19,sz002371,72877.600802155168,72877.600802155168,0,3935.2881258251068,3935.2881258251068
2025-02-20,sh688082,-2480.895815790248,-2480.895815790248,0,5906.8947995005665,5906.8947995005665
2025-02-20,sz002281,-316.87714875085436,-316.87714875085436,0,905.36328214531284,905.36328214531284
2025-02-20,sz002371,-2916.048501236347,-2916.048501236347,0,3935.2881258251068,3935.2881258251068
2025-02-21,sh688082,21619.234966172055,21619.234966172055,0,5906.8947995005665,5906.8947995005665
2025-02-21,sz002281,4744.1035984414348,4744.1035984414348,0,905.36328214531284,905.36328214531284
2025-02-21,sz002371,26291.659968637472,26291.659968637472,0,3935.2881258251068,3935.2881258251068
2025-02-24,sh601869,61042.632293645183,0,61042.632293645183,0,15930.803979423978
2025-02-24,sh688082,4193.8953076454491,4193.8953076454491,0,5906.8947995005665,5906.8947995005665
2025-02-24,sz002281,-63.375429750172152,-63.375429750172152,0,905.36328214531284,905.36328214531284
2025-02-24,sz002371,8689.1161818219407,8689.1161818219407,0,3935.2881258251068,3935.2881258251068
2025-02-25,sh601869,5575.7813927984143,5575.7813927984143,0,15930.803979423978,15930.803979423978
2025-02-25,sh688082,-590.68947995010706,-590.68947995010706,0,5906.8947995005665,5906.8947995005665
2025-02-25,sz002281,-1285.6158606463393,-1285.6158606463393,0,905.36328214531284,905.36328214531284
2025-02-25,sz002371,-34894.199811691295,-34894.199811691295,0,3935.2881258251068,3935.2881258251068
2025-02-26,sh601869,-14178.415541687349,-14178.415541687349,0,15930.803979423978,15930.803979423978
2025-02-26,sh688082,21796.441810157077,21796.441810157077,0,5906.8947995005665,5906.8947995005665
2025-02-26,sz002281,1991.7992207196844,1991.7992207196844,0,905.36328214531284,905.36328214531284
2025-02-26,sz002371,23816.36373749363,23816.36373749363,0,3935.2881258251068,3935.2881258251068
2025-02-27,sh601869,-26285.826566049542,-26285.826566049542,0,15930.803979423978,15930.803979423978
2025-02-27,sh688082,-11400.30696303605,-11400.30696303605,0,5906.8947995005665,5906.8947995005665
2025-02-27,sz002281,-1629.6539078615606,-1629.6539078615606,0,905.36328214531284,905.36328214531284
2025-02-27,sz002371,-11018.806752310344,-11018.806752310344,0,3935.2881258251068,3935.2881258251068
2025-02-28,sh601869,-64519.75611666718,-64519.75611666718,0,15930.803979423978,15930.803979423978
2025-02-28,sh688082,-25754.061325822466,-25754.061325822466,0,5906.8947995005665,5906.8947995005665
2025-02-28,sz002281,-1711.1366032546418,-1711.1366032546418,0,905.36328214531284,905.36328214531284
2025-02-28,sz002371,-38306.094616781513,-38306.094616781513,0,3935.2881258251068,3935.2881258251068
2025-03-03,sh601869,1060.1868947769708,-11788.794944773663,12848.981839550634,15930.803979423978,0
2025-03-03,sh688082,-7383.6184993757079,-7383.6184993757079,0,5906.8947995005665,5906.8947995005665
2025-03-03,sz002281,-2734.1971120788476,-2734.1971120788476,0,905.36328214531284,905.36328214531284
2025-03-03,sz002371,-34831.235201678013,-34831.235201678013,0,3935.2881258251068,3935.2881258251068
2025-03-04,sh688082,8564.997459275839,8564.997459275839,0,5906.8947995005665,5906.8947995005665
2025-03-04,sz002281,-353.09168003667253,-353.09168003667253,0,905.36328214531284,905.36328214531284
2025-03-04,sz002371,-14052.913897321559,-14052.913897321559,0,3935.2881258251068,3935.2881258251068
2025-03-05,sh688082,-2953.4473997502832,-2953.4473997502832,0,5906.8947995005665,5906.8947995005665
2025-03-05,sz002281,1240.3476965390828,1240.3476965390828,0,905.36328214531284,905.36328214531284
2025-03-05,sz002371,5450.3740542677369,5450.3740542677369,0,3935.2881258251068,3935.2881258251068
2025-03-06,sh688082,30597.715061412891,30597.715061412891,0,5906.8947995005665,5906.8947995005665
2025-03-06,sz002281,1023.0605088241994,1023.0605088241994,0,905.36328214531284,905.36328214531284
2025-03-06,sz002371,87453.908020211398,87453.908020211398,0,3935.2881258251068,3935.2881258251068
2025-03-07,sh688082,-7738.0321873457551,-7738.0321873457551,0,5906.8947995005665,5906.8947995005665
2025-03-07,sz002281,-1647.7611735044695,-1647.7611735044695,0,905.36328214531284,905.36328214531284
2025-03-07,sz002371,7634.4589641006987,7634.4589641006987,0,3935.2881258251068,3935.2881258251068
2025-03-10,sh688082,-4548.3089956154126,-4548.3089956154126,0,5906.8947995005665,5906.8947995005665
2025-03-10,sz002281,271.60898464359769,271.60898464359769,0,905.36328214531284,905.36328214531284
2025-03-10,sz002371,-26350.689290524795,-26350.689290524795,0,3935.2881258251068,3935.2881258251068
2025-03-11,sh688082,-6261.3084874706137,-6261.3084874706137,0,5906.8947995005665,5906.8947995005665
2025-03-11,sz002281,-1059.2750401100175,-1059.2750401100175,0,905.36328214531284,905.36328214531284
2025-03-11,sz002371,-34107.142186526318,-34107.142186526318,0,3935.2881258251068,3935.2881258251068
2025-03-12,sh688082,-18606.718618426734,-18606.718618426734,0,5906.8947995005665,5906.8947995005665
2025-03-12,sz002281,525.11070364427985,525.11070364427985,0,905.36328214531284,905.36328214531284
2025-03-12,sz002371,-4254.0464640170085,-4254.0464640170085,0,3935.2881258251068,3935.2881258251068
2025-03-13,sh688072,-9798.2119112062428,-0,-9798.2119112062428,0,3194.5637531762859
2025-03-13,sh688082,-13526.789090856335,-13526.789090856335,0,5906.8947995005665,5906.8947995005665
2025-03-13,sz002281,-1901.2628925051583,-1901.2628925051583,0,905.36328214531284,905.36328214531284
2025-03-13,sz002371,-28479.680166596165,-28479.680166596165,0,3935.2881258251068,3935.2881258251068
2025-03-14,sh688072,3226.5093907081105,3226.5093907081105,0,3194.5637531762859,3194.5637531762859
2025-03-14,sh688082,15239.788582711451,15239.788582711451,0,5906.8947995005665,5906.8947995005665
2025-03-14,sz002281,887.25601650241015,887.25601650241015,0,905.36328214531284,905.36328214531284
2025-03-14,sz002371,17724.537718716358,17724.537718716358,0,3935.2881258251068,3935.2881258251068
2025-03-17,sh688072,1597.2818765881429,1597.2818765881429,0,3194.5637531762859,3194.5637531762859
2025-03-17,sh688082,-3307.8610877203305,-3307.8610877203305,0,5906.8947995005665,5906.8947995005665
2025-03-17,sz002281,398.35984414393562,398.35984414393562,0,905.36328214531284,905.36328214531284
2025-03-17,sz002371,-9358.1151632122728,-9358.1151632122728,0,3935.2881258251068,3935.2881258251068
2025-03-18,sh688072,-575.02147557175329,-575.02147557175329,0,3194.5637531762859,3194.5637531762859
2025-03-18,sh688082,4607.3779436104487,4607.3779436104487,0,5906.8947995005665,5906.8947995005665
2025-03-18,sz002281,380.25257850103293,380.25257850103293,0,905.36328214531284,905.36328214531284
2025-03-18,sz002371,8075.2112341932016,8075.2112341932016,0,3935.2881258251068,3935.2881258251068
2025-03-19,sh688072,-22713.348285083346,-22713.348285083346,0,3194.5637531762859,3194.5637531762859
2025-03-19,sh688082,-11518.444859026038,-11518.444859026038,0,5906.8947995005665,5906.8947995005665
2025-03-19,sz002281,-1358.0449232179692,-1358.0449232179692,0,905.36328214531284,905.36328214531284
2025-03-19,sz002371,-10786.624752886561,-10786.624752886561,0,3935.2881258251068,3935.2881258251068
2025-03-20,sh688072,-11564.320786498169,-11564.320786498169,0,3194.5637531762859,3194.5637531762859
2025-03-20,sh688082,-4430.1710996254251,-4430.1710996254251,0,5906.8947995005665,5906.8947995005665
2025-03-20,sz002281,-579.43250057300077,-579.43250057300077,0,905.36328214531284,905.36328214531284
2025-03-20,sz002371,-17519.902736173368,-17519.902736173368,0,3935.2881258251068,3935.2881258251068
2025-03-21,sh688072,-3641.802678621013,-3641.802678621013,0,3194.5637531762859,3194.5637531762859
2025-03-21,sh688082,-1648.8395771816504,-9982.652211156028,8333.8126339743776,5906.8947995005665,0
2025-03-21,sz002281,-340.02677507755334,-1883.1556268622492,1543.1288517846958,905.36328214531284,0
2025-03-21,sz002371,-29616.978434959794,-29616.978434959794,0,3935.2881258251068,3935.2881258251068
2025-03-24,sh688072,-2404.6792881694819,18720.14359361308,-21124.822881782562,3194.5637531762859,0
2025-03-24,sz002371,30899.882363978642,30899.882363978642,0,3935.2881258251068,3935.2881258251068
2025-03-25,sz002371,-1515.0859284426303,-1515.0859284426303,0,3935.2881258251068,3935.2881258251068
2025-03-26,sz002371,-3616.5297876332052,-3616.5297876332052,0,3935.2881258251068,3935.2881258251068
2025-03-27,sz002371,8047.6642173121827,8047.6642173121827,0,3935.2881258251068,3935.2881258251068
2025-03-28,sz002371,-42268.929759487415,-42268.929759487415,0,3935.2881258251068,3935.2881258251068
2025-03-31,sz002371,291.21132131110625,291.21132131110625,0,3935.2881258251068,3935.2881258251068
2025-04-01,sz002371,788.284096747484,38479.247294317975,-37690.963197570491,3935.2881258251068,0
2025-05-12,sh688205,-12613.808024053085,0,-12613.808024053085,0,15712.142815471676
2025-05-13,sh688205,-3990.8842751298826,-3990.8842751298826,0,15712.142815471676,15712.142815471676
2025-05-14,sh688205,3739.4899900822516,3739.4899900822516,0,15712.142815471676,15712.142815471676
2025-05-15,sh688205,-53782.664857359465,-53782.664857359465,0,15712.142815471676,15712.142815471676
2025-05-15,sz300308,-32233.716184819903,-0,-32233.716184819903,0,8056.1914672216444
2025-05-16,sh688205,17770.433524298471,17770.433524298471,0,15712.142815471676,15712.142815471676
2025-05-16,sz300308,29888.470343392364,29888.470343392364,0,8056.1914672216444,8056.1914672216444
2025-05-19,sh688205,-15712.142815471676,-15712.142815471676,0,15712.142815471676,15712.142815471676
2025-05-19,sz300308,-20543.288241415285,-20543.288241415285,0,8056.1914672216444,8056.1914672216444
2025-05-20,sh688205,-5075.0221293973573,-5075.0221293973573,0,15712.142815471676,15712.142815471676
2025-05-20,sz300308,5478.2101977107732,5478.2101977107732,0,8056.1914672216444,8056.1914672216444
2025-05-21,sh688205,20425.785660113135,20425.785660113135,0,15712.142815471676,15712.142815471676
2025-05-21,sz300308,-1852.9240374610104,-1852.9240374610104,0,8056.1914672216444,8056.1914672216444
2025-05-22,sh688205,55118.196996674684,55118.196996674684,0,15712.142815471676,15712.142815471676
2025-05-22,sz300308,-10231.363163371456,-10231.363163371456,0,8056.1914672216444,8056.1914672216444
2025-05-23,sh688205,-16324.916385275095,-16324.916385275095,0,15712.142815471676,15712.142815471676
2025-05-23,sz300308,-20865.535900104085,-20865.535900104085,0,8056.1914672216444,8056.1914672216444
2025-05-26,sh688205,51975.768433580299,51975.768433580299,0,15712.142815471676,15712.142815471676
2025-05-26,sz300308,3947.5338189385648,3947.5338189385648,0,8056.1914672216444,8056.1914672216444
2025-05-27,sh688205,-19105.965663613573,-19105.965663613573,0,15712.142815471676,15712.142815471676
2025-05-27,sz300308,-17723.621227887525,-17723.621227887525,0,8056.1914672216444,8056.1914672216444
2025-05-28,sh688205,63461.344831690119,63461.344831690119,0,15712.142815471676,15712.142815471676
2025-05-28,sz300308,19818.231009365194,19818.231009365194,0,8056.1914672216444,8056.1914672216444
2025-05-29,sh688205,30575.82991890785,30575.82991890785,0,15712.142815471676,15712.142815471676
2025-05-29,sz300308,18690.364203954276,18690.364203954276,0,8056.1914672216444,8056.1914672216444
2025-05-30,sh688205,-51692.949862901798,-51692.949862901798,0,15712.142815471676,15712.142815471676
2025-05-30,sz300308,-11198.10613943809,-11198.10613943809,0,8056.1914672216444,8056.1914672216444
2025-06-03,sh688205,-35666.56419112064,-35666.56419112064,0,15712.142815471676,15712.142815471676
2025-06-03,sz300308,-14420.582726326795,-14420.582726326795,0,8056.1914672216444,8056.1914672216444
2025-06-04,sh688205,97101.042599614957,97101.042599614957,0,15712.142815471676,15712.142815471676
2025-06-04,sz300308,44631.300728407958,44631.300728407958,0,8056.1914672216444,8056.1914672216444
2025-06-05,sh688205,74946.921229799947,74946.921229799947,0,15712.142815471676,15712.142815471676
2025-06-05,sz300308,44953.548387096766,44953.548387096766,0,8056.1914672216444,8056.1914672216444
2025-06-06,sh688205,-52007.192719211394,-52007.192719211394,0,15712.142815471676,15712.142815471676
2025-06-06,sz300308,4592.0291363162823,4592.0291363162823,0,8056.1914672216444,8056.1914672216444
2025-06-09,sh688205,6756.2214106528163,6756.2214106528163,0,15712.142815471676,15712.142815471676
2025-06-09,sz300308,41086.576482830453,41086.576482830453,0,8056.1914672216444,8056.1914672216444
2025-06-10,sh688205,43208.392742547112,43208.392742547112,0,15712.142815471676,15712.142815471676
2025-06-10,sz300308,-6283.829344432892,-6283.829344432892,0,8056.1914672216444,8056.1914672216444
2025-06-11,sh688205,-19483.057091184797,-19483.057091184797,0,15712.142815471676,15712.142815471676
2025-06-11,sz300308,1691.800208116495,1691.800208116495,0,8056.1914672216444,8056.1914672216444
2025-06-12,sh688205,35823.685619275442,35823.685619275442,0,15712.142815471676,15712.142815471676
2025-06-12,sz300308,64610.655567117559,64610.655567117559,0,8056.1914672216444,8056.1914672216444
2025-06-13,sh688205,-7541.8285514264671,-7541.8285514264671,0,15712.142815471676,15712.142815471676
2025-06-13,sz300308,5236.5244536941145,5236.5244536941145,0,8056.1914672216444,8056.1914672216444
2025-06-16,sh688205,64105.542687124413,64105.542687124413,0,15712.142815471676,15712.142815471676
2025-06-16,sz300308,31580.27055150886,31580.27055150886,0,8056.1914672216444,8056.1914672216444
2025-06-17,sh688205,22468.364226124602,22468.364226124602,0,15712.142815471676,15712.142815471676
2025-06-17,sz300308,-9747.9916753382531,-9747.9916753382531,0,8056.1914672216444,8056.1914672216444
2025-06-18,sh688205,76989.499795811076,76989.499795811076,0,15712.142815471676,15712.142815471676
2025-06-18,sz300308,45920.291363163393,45920.291363163393,0,8056.1914672216444,8056.1914672216444
2025-06-19,sh688205,-12255.471396067926,-12255.471396067926,0,15712.142815471676,15712.142815471676
2025-06-19,sh688300,-12804.059212730735,-0,-12804.059212730735,0,9176.3135959918018
2025-06-19,sz300308,30130.156087409025,30130.156087409025,0,8056.1914672216444,8056.1914672216444
2025-06-20,sh688205,-135595.79249752048,-135595.79249752048,0,15712.142815471676,15712.142815471676
2025-06-20,sh688300,-2018.788991118186,-2018.788991118186,0,9176.3135959918018,9176.3135959918018
2025-06-20,sh688498,3175.9825988906127,0,3175.9825988906127,0,3477.9715528575084
2025-06-20,sz300308,9667.429760665882,9667.429760665882,0,8056.1914672216444,8056.1914672216444
2025-06-23,sh688205,-1816.5947879261003,-67090.849822063989,65274.255034137888,15712.142815471676,0
2025-06-23,sh688300,16517.364472785219,16517.364472785219,0,9176.3135959918018,9176.3135959918018
2025-06-23,sh688498,-719.94011144148214,-719.94011144148214,0,3477.9715528575084,3477.9715528575084
2025-06-23,sz300308,-19415.421436004137,-19415.421436004137,0,8056.1914672216444,8056.1914672216444
2025-06-24,sh688300,5597.5512935549941,5597.5512935549941,0,9176.3135959918018,9176.3135959918018
2025-06-24,sh688498,-3241.4694872632053,-3241.4694872632053,0,3477.9715528575084,3477.9715528575084
2025-06-24,sz300308,-14823.392299687854,-14823.392299687854,0,8056.1914672216444,8056.1914672216444
2025-06-25,sh688300,1009.394495559093,1009.394495559093,0,9176.3135959918018,9176.3135959918018
2025-06-25,sh688498,-309.53946820431349,-309.53946820431349,0,3477.9715528575084,3477.9715528575084
2025-06-25,sz002281,-8571.8875501999028,0,-8571.8875501999028,0,21400
2025-06-25,sz300308,3866.9719042664215,3866.9719042664215,0,8056.1914672216444,8056.1914672216444
2025-06-26,sh688300,-1284.6839034388574,-1284.6839034388574,0,9176.3135959918018,9176.3135959918018
2025-06-26,sh688498,4730.0413118862098,4730.0413118862098,0,3477.9715528575084,3477.9715528575084
2025-06-26,sz002281,15836.000000000042,15836.000000000042,0,21400,21400
2025-06-26,sz300308,31983.080124870034,31983.080124870034,0,8056.1914672216444,8056.1914672216444
2025-06-27,sh688300,9818.6555477112306,9818.6555477112306,0,9176.3135959918018,9176.3135959918018
2025-06-27,sh688498,27392.503950305752,27392.503950305752,0,3477.9715528575084,3477.9715528575084
2025-06-27,sz002281,1498.0000000000061,1498.0000000000061,0,21400,21400
2025-06-27,sz300308,70088.86576482821,70088.86576482821,0,8056.1914672216444,8056.1914672216444
2025-06-30,sh688300,2294.0783989979504,2294.0783989979504,0,9176.3135959918018,9176.3135959918018
2025-06-30,sh688498,39854.076024194153,39854.076024194153,0,3477.9715528575084,3477.9715528575084
2025-06-30,sz002281,17119.999999999938,17119.999999999938,0,21400,21400
2025-06-30,sz300308,60099.188345473529,60099.188345473529,0,8056.1914672216444,8056.1914672216444
2025-07-01,sh688300,-4037.577982236372,-4037.577982236372,0,9176.3135959918018,9176.3135959918018
2025-07-01,sh688498,-17595.003070517276,0,-17595.003070517276,3477.9715528575084,0
2025-07-01,sz002281,-16478.000000000065,-16478.000000000065,0,21400,21400
2025-07-01,sz300308,-4511.4672216441395,-4511.4672216441395,0,8056.1914672216444,8056.1914672216444
2025-07-02,sh688300,-12938.602170348409,-12938.602170348409,0,9176.3135959918018,9176.3135959918018
2025-07-02,sz002281,-33811.999999999964,-33811.999999999964,0,21400,21400
2025-07-02,sz300308,-51317.939646201914,-51317.939646201914,0,8056.1914672216444,8056.1914672216444
2025-07-02,sz300394,-13628.432330975691,-0,-13628.432330975691,0,7964.0950815433207
2025-07-03,sh688300,5597.5512935549941,5597.5512935549941,0,9176.3135959918018,9176.3135959918018
2025-07-03,sz002281,21186.000000000044,21186.000000000044,0,21400,21400
2025-07-03,sz300308,26827.117585848177,26827.117585848177,0,8056.1914672216444,8056.1914672216444
2025-07-03,sz300394,19225.325526845587,19225.325526845587,0,7964.0950815433207,7964.0950815433207
2025-07-04,sh688300,4679.9199339558008,4679.9199339558008,0,9176.3135959918018,9176.3135959918018
2025-07-04,sz002281,-14765.999999999951,-14765.999999999951,0,21400,21400
2025-07-04,sz300308,-22637.898022892838,-22637.898022892838,0,8056.1914672216444,8056.1914672216444
2025-07-04,sz300394,-14215.909720554857,-14215.909720554857,0,7964.0950815433207,7964.0950815433207
2025-07-07,sh688300,14223.286073787267,14223.286073787267,0,9176.3135959918018,9176.3135959918018
2025-07-07,sz002281,-24182.000000000055,-24182.000000000055,0,21400,21400
2025-07-07,sz300308,-17638.487940154308,-34641.62330905316,17003.135368898853,8056.1914672216444,0
2025-07-07,sz300394,-14279.622481207169,-14279.622481207169,0,7964.0950815433207,7964.0950815433207
2025-07-08,sh688300,30006.545458893219,30006.545458893219,0,9176.3135959918018,9176.3135959918018
2025-07-08,sz002281,23325.99999999992,23325.99999999992,0,21400,21400
2025-07-08,sz300394,52674.524869327557,52674.524869327557,0,7964.0950815433207,7964.0950815433207
2025-07-09,sh688300,-14039.759801867467,-14039.759801867467,0,9176.3135959918018,9176.3135959918018
2025-07-09,sz002281,-2353.9999999999877,-2353.9999999999877,0,21400,21400
2025-07-09,sz300394,8816.2532552684497,8816.2532552684497,0,7964.0950815433207,7964.0950815433207
2025-07-10,sh688300,0,0,0,9176.3135959918018,9176.3135959918018
2025-07-10,sz002281,-15621.999999999933,-15621.999999999933,0,21400,21400
2025-07-10,sz300394,20539.40121530023,20539.40121530023,0,7964.0950815433207,7964.0950815433207
2025-07-11,sh688300,-8258.6822363926094,-8258.6822363926094,0,9176.3135959918018,9176.3135959918018
2025-07-11,sz002281,-213.99999999995742,-213.99999999995742,0,21400,21400
2025-07-11,sz300394,-16780.34833681177,-16780.34833681177,0,7964.0950815433207,7964.0950815433207
2025-07-14,sh688300,2844.6572147574793,2844.6572147574793,0,9176.3135959918018,9176.3135959918018
2025-07-14,sz002281,6633.9999999998963,6633.9999999998963,0,21400,21400
2025-07-14,sz300394,-3847.1281723436723,2556.4745211753898,-6403.6026935190621,7964.0950815433207,0
2025-07-15,sh688300,12020.970810749215,12020.970810749215,0,9176.3135959918018,9176.3135959918018
2025-07-15,sz002281,44084.000000000051,44084.000000000051,0,21400,21400
2025-07-16,sh688300,-6790.4720610338863,-6790.4720610338863,0,9176.3135959918018,9176.3135959918018
2025-07-16,sz002281,-27392.000000000025,-27392.000000000025,0,21400,21400
2025-07-17,sh688300,6515.1826531541219,6515.1826531541219,0,9176.3135959918018,9176.3135959918018
2025-07-17,sz002281,39376.000000000073,39376.000000000073,0,21400,21400
2025-07-18,sh688300,825.86822363929343,825.86822363929343,0,9176.3135959918018,9176.3135959918018
2025-07-18,sz002281,-11984.000000000049,-11984.000000000049,0,21400,21400
2025-07-21,sh688300,1651.7364472785216,1651.7364472785216,0,9176.3135959918018,9176.3135959918018
2025-07-21,sz002281,-9844.0000000000182,-9844.0000000000182,0,21400,21400
2025-07-22,sh688300,10185.708091550894,10185.708091550894,0,9176.3135959918018,9176.3135959918018
2025-07-22,sz002281,-4494.0000000000182,-4494.0000000000182,0,21400,21400
2025-07-23,sh688300,-14039.759801867467,-14039.759801867467,0,9176.3135959918018,9176.3135959918018
2025-07-23,sz002281,-18190.000000000029,-18190.000000000029,0,21400,21400
2025-07-24,sh688300,0,0,0,9176.3135959918018,9176.3135959918018
2025-07-24,sz002281,3210.0000000001219,3210.0000000001219,0,21400,21400
2025-07-25,sh688300,4863.4462058756653,4863.4462058756653,0,9176.3135959918018,9176.3135959918018
2025-07-25,sz002281,8987.9999999998836,8987.9999999998836,0,21400,21400
2025-07-28,sh688256,12128.547612728215,0,12128.547612728215,0,3506.3361077149407
2025-07-28,sh688300,27712.467059895269,27712.467059895269,0,9176.3135959918018,9176.3135959918018
2025-07-28,sz002281,102292.00000000003,102292.00000000003,0,21400,21400
2025-07-29,sh688256,74786.642841451991,74786.642841451991,0,3506.3361077149407,3506.3361077149407
2025-07-29,sh688300,58728.407014347518,58728.407014347518,0,9176.3135959918018,9176.3135959918018
2025-07-29,sz002281,-3851.9999999999941,-3851.9999999999941,0,21400,21400
2025-07-30,sh688256,-61371.400893334554,-61371.400893334554,0,3506.3361077149407,3506.3361077149407
2025-07-30,sh688300,9726.8924117512652,9726.8924117512652,0,9176.3135959918018,9176.3135959918018
2025-07-30,sz002281,-14979.999999999909,-14979.999999999909,0,21400,21400
2025-07-31,sh688256,58359.458176807493,58359.458176807493,0,3506.3361077149407,3506.3361077149407
2025-07-31,sh688300,-22573.731446139776,-22573.731446139776,0,9176.3135959918018,9176.3135959918018
2025-07-31,sz002281,5350,5350,0,21400,21400
2025-08-01,sh688256,-48005.24765072536,-48005.24765072536,0,3506.3361077149407,3506.3361077149407
2025-08-01,sh688300,-25510.151796857219,-25510.151796857219,0,9176.3135959918018,9176.3135959918018
2025-08-01,sz002281,-38306.000000000131,-38306.000000000131,0,21400,21400
2025-08-04,sh688256,-94.671074908257154,-94.671074908257154,0,3506.3361077149407,3506.3361077149407
2025-08-04,sh688300,-3486.9991664769082,-3486.9991664769082,0,9176.3135959918018,9176.3135959918018
2025-08-04,sz002281,-5350,-5350,0,21400,21400
2025-08-05,sh688256,13976.255725351719,13976.255725351719,0,3506.3361077149407,3506.3361077149407
2025-08-05,sh688300,-8992.7873240719364,-8992.7873240719364,0,9176.3135959918018,9176.3135959918018
2025-08-05,sz002281,25466.000000000102,25466.000000000102,0,21400,21400
2025-08-06,sh688256,-1553.3068957176613,-1553.3068957176613,0,3506.3361077149407,3506.3361077149407
2025-08-06,sh688300,-3945.8148462764721,-3945.8148462764721,0,9176.3135959918018,9176.3135959918018
2025-08-06,sz002281,6848.0000000000064,6848.0000000000064,0,21400,21400
2025-08-07,sh688256,20378.825458039275,20378.825458039275,0,3506.3361077149407,3506.3361077149407
2025-08-07,sh688300,4037.577982236372,4037.577982236372,0,9176.3135959918018,9176.3135959918018
2025-08-07,sz002281,-23540.000000000029,-23540.000000000029,0,21400,21400
2025-08-08,sh688256,-24000.870657308864,-24000.870657308864,0,3506.3361077149407,3506.3361077149407
2025-08-08,sh688300,-8992.7873240719364,-8992.7873240719364,0,9176.3135959918018,9176.3135959918018
2025-08-08,sz002281,-6419.9999999999391,-6419.9999999999391,0,21400,21400
2025-08-11,sh688256,34355.081183390997,34355.081183390997,0,3506.3361077149407,3506.3361077149407
2025-08-11,sh688300,9268.0767319517017,9268.0767319517017,0,9176.3135959918018,9176.3135959918018
2025-08-11,sz002281,17761.999999999964,17761.999999999964,0,21400,21400
2025-08-12,sh688256,332937.13243585685,332937.13243585685,0,3506.3361077149407,3506.3361077149407
2025-08-12,sh688300,-1376.4470393987572,-1376.4470393987572,0,9176.3135959918018,9176.3135959918018
2025-08-12,sz002281,24609.999999999971,24609.999999999971,0,21400,21400
2025-08-13,sh688256,26171.292707984114,26171.292707984114,0,3506.3361077149407,3506.3361077149407
2025-08-13,sh688300,27620.703923935303,27620.703923935303,0,9176.3135959918018,9176.3135959918018
2025-08-13,sz002281,21400,21400,0,21400,21400
2025-08-14,sh688256,209436.9620499211,209436.9620499211,0,3506.3361077149407,3506.3361077149407
2025-08-14,sh688300,-14498.575481667031,-14498.575481667031,0,9176.3135959918018,9176.3135959918018
2025-08-14,sz002281,-23326.000000000073,-23326.000000000073,0,21400,21400
2025-08-15,sh688256,-59537.58710899936,-59537.58710899936,0,3506.3361077149407,3506.3361077149407
2025-08-15,sh688300,27987.756467774969,27987.756467774969,0,9176.3135959918018,9176.3135959918018
2025-08-15,sz002281,7918.0000000000973,7918.0000000000973,0,21400,21400
2025-08-18,sh688256,61890.338637276254,61890.338637276254,0,3506.3361077149407,3506.3361077149407
2025-08-18,sh688300,1743.4995832384216,1743.4995832384216,0,9176.3135959918018,9176.3135959918018
2025-08-18,sz002281,38092.000000000022,38092.000000000022,0,21400,21400
2025-08-19,sh688256,-37696.619494043247,-37696.619494043247,0,3506.3361077149407,3506.3361077149407
2025-08-19,sh688300,-14865.628025506696,-14865.628025506696,0,9176.3135959918018,9176.3135959918018
2025-08-19,sz002281,20115.999999999953,20115.999999999953,0,21400,21400
2025-08-20,sh688256,185951.52280044652,185951.52280044652,0,3506.3361077149407,3506.3361077149407
2025-08-20,sh688300,16517.364472785219,16517.364472785219,0,9176.3135959918018,9176.3135959918018
2025-08-20,sz002281,117700,117700,0,21400,21400
2025-08-21,sh688256,54123.804158687548,54123.804158687548,0,3506.3361077149407,3506.3361077149407
2025-08-21,sh688300,-15507.969977226125,-15507.969977226125,0,9176.3135959918018,9176.3135959918018
2025-08-21,sz002281,-60776.000000000073,-60776.000000000073,0,21400,21400
2025-08-22,sh688256,487594.60547494749,487594.60547494749,0,3506.3361077149407,3506.3361077149407
2025-08-22,sh688300,31474.755634251876,31474.755634251876,0,9176.3135959918018,9176.3135959918018
2025-08-22,sz002281,48364.000000000109,48364.000000000109,0,21400,21400
2025-08-25,sh688256,333526.19690195279,333526.19690195279,0,3506.3361077149407,3506.3361077149407
2025-08-25,sh688300,28079.519603734934,28079.519603734934,0,9176.3135959918018,9176.3135959918018
2025-08-25,sz002281,52001.999999999993,52001.999999999993,0,21400,21400
2025-08-26,sh688256,-131617.33847529546,-131617.33847529546,0,3506.3361077149407,3506.3361077149407
2025-08-26,sh688300,-5872.8407014347586,-5872.8407014347586,0,9176.3135959918018,9176.3135959918018
2025-08-26,sz002281,31029.999999999909,31029.999999999909,0,21400,21400
2025-08-27,sh688256,101424.27825176214,101424.27825176214,0,3506.3361077149407,3506.3361077149407
2025-08-27,sh688300,-42761.621357321834,-42761.621357321834,0,9176.3135959918018,9176.3135959918018
2025-08-27,sz002281,42800,42800,0,21400,21400
2025-08-28,sh688256,507854.21550532407,507854.21550532407,0,3506.3361077149407,3506.3361077149407
2025-08-28,sh688300,13672.707258027804,13672.707258027804,0,9176.3135959918018,9176.3135959918018
2025-08-28,sz002281,103361.99999999996,103361.99999999996,0,21400,21400
2025-08-29,sh688256,-224549.27067417229,-224549.27067417229,0,3506.3361077149407,3506.3361077149407
2025-08-29,sh688300,3395.2360305169432,3395.2360305169432,0,9176.3135959918018,9176.3135959918018
2025-08-29,sz002281,-41088.000000000036,-41088.000000000036,0,21400,21400
2025-09-01,sh688256,-103777.02978003903,-103777.02978003903,0,3506.3361077149407,3506.3361077149407
2025-09-01,sh688300,-26886.598836255976,-26886.598836255976,0,9176.3135959918018,9176.3135959918018
2025-09-01,sz002281,117272.00000000009,117272.00000000009,0,21400,21400
2025-09-02,sh688256,74386.92052517258,74386.92052517258,0,3506.3361077149407,3506.3361077149407
2025-09-02,sh688300,-37622.885743566338,-37622.885743566338,0,9176.3135959918018,9176.3135959918018
2025-09-02,sz002281,-158788.00000000003,-158788.00000000003,0,21400,21400
2025-09-03,sh688256,-176494.9343179393,-176494.9343179393,0,3506.3361077149407,3506.3361077149407
2025-09-03,sh688300,-2569.3678068777149,-2569.3678068777149,0,9176.3135959918018,9176.3135959918018
2025-09-03,sz002281,-18321.880008079752,-28247.999999999854,9926.1199919201008,21400,0
2025-09-04,sh603986,-62729.745298130627,-0,-62729.745298130627,0,4118.2763744427939
2025-09-04,sh688008,-63287.118702374333,-0,-63287.118702374333,0,6302.6451865984345
2025-09-04,sh688256,-477706.73765119119,-477706.73765119119,0,3506.3361077149407,3506.3361077149407
2025-09-04,sh688300,-21564.336950580746,-21564.336950580746,0,9176.3135959918018,9176.3135959918018
2025-09-05,sh603986,-17472.061672231805,22979.982169390842,-40452.043841622646,4118.2763744427939,0
2025-09-05,sh688008,7045.1128623334225,35042.707237487222,-27997.5943751538,6302.6451865984345,0
2025-09-05,sh688256,37312.044257320667,186989.39828832989,-149677.35403100922,3506.3361077149407,0
2025-09-05,sh688300,21931.389494420411,21931.389494420411,0,9176.3135959918018,9176.3135959918018
2025-09-08,sh688300,-3303.4728945570432,-3303.4728945570432,0,9176.3135959918018,9176.3135959918018
2025-09-09,sh688300,-9359.8398679116672,-9359.8398679116672,0,9176.3135959918018,9176.3135959918018
2025-09-10,sh688300,3665.0117586094793,2294.0783989979504,1370.9333596115287,9176.3135959918018,0
2025-09-12,sh601869,-9539.1961867346272,-0,-9539.1961867346272,0,12340.467294931132
2025-09-12,sh688082,6291.2940288849168,-0,6291.2940288849168,0,7726.3672140046137
2025-09-12,sz300604,5897.3966091584152,0,5897.3966091584152,0,19431.955196837425
2025-09-12,sz300776,-71831.977339127916,-0,-71831.977339127916,0,14975.362394410262
2025-09-15,sh601869,-29000.098143088089,-29000.098143088089,0,12340.467294931132,12340.467294931132
2025-09-15,sh688082,-11898.605509567044,-11898.605509567044,0,7726.3672140046137,7726.3672140046137
2025-09-15,sz300604,-25844.500411793881,-25844.500411793881,0,19431.955196837425,19431.955196837425
2025-09-15,sz300776,-18569.449369068647,-18569.449369068647,0,14975.362394410262,14975.362394410262
2025-09-16,sh601869,107362.06546590089,107362.06546590089,0,12340.467294931132,12340.467294931132
2025-09-16,sh688082,-8112.6855747049322,-8112.6855747049322,0,7726.3672140046137,7726.3672140046137
2025-09-16,sz300604,-2720.4737275572506,-2720.4737275572506,0,19431.955196837425,19431.955196837425
2025-09-16,sz300776,1647.2898633851203,1647.2898633851203,0,14975.362394410262,14975.362394410262
2025-09-17,sh601869,49732.083198572473,49732.083198572473,0,12340.467294931132,12340.467294931132
2025-09-17,sh688082,38168.254037182771,38168.254037182771,0,7726.3672140046137,7726.3672140046137
2025-09-17,sz300604,97742.734640092414,97742.734640092414,0,19431.955196837425,19431.955196837425
2025-09-17,sz300776,7637.4348211490969,7637.4348211490969,0,14975.362394410262,14975.362394410262
2025-09-18,sh601869,123034.45893046337,123034.45893046337,0,12340.467294931132,12340.467294931132
2025-09-18,sh688082,21247.509838512688,21247.509838512688,0,7726.3672140046137,7726.3672140046137
2025-09-18,sz300604,2720.4737275572506,2720.4737275572506,0,19431.955196837425,19431.955196837425
2025-09-18,sz300776,-10482.753676087226,-10482.753676087226,0,14975.362394410262,14975.362394410262
2025-09-19,sh601869,135374.92622539451,135374.92622539451,0,12340.467294931132,12340.467294931132
2025-09-19,sh688082,-14061.988329488344,-14061.988329488344,0,7726.3672140046137,7726.3672140046137
2025-09-19,sz300604,-17488.759677153794,-17488.759677153794,0,19431.955196837425,19431.955196837425
2025-09-19,sz300776,-19917.231984565624,-19917.231984565624,0,14975.362394410262,14975.362394410262
2025-09-22,sh601869,-65898.095354932288,-65898.095354932288,0,12340.467294931132,12340.467294931132
2025-09-22,sh688082,34305.070430180465,34305.070430180465,0,7726.3672140046137,7726.3672140046137
2025-09-22,sz300604,56352.670070828644,56352.670070828644,0,19431.955196837425,19431.955196837425
2025-09-22,sz300776,49268.942277609858,49268.942277609858,0,14975.362394410262,14975.362394410262
2025-09-23,sh601869,24557.529916912888,24557.529916912888,0,12340.467294931132,12340.467294931132
2025-09-23,sh688082,62429.047089157379,62429.047089157379,0,7726.3672140046137,7726.3672140046137
2025-09-23,sz300604,257258.91117445982,259999.56053368465,-2740.6493592248294,19431.955196837425,0
2025-09-23,sz300776,-27404.913181770753,-27404.913181770753,0,14975.362394410262,14975.362394410262
2025-09-24,sh601869,-86013.057045669979,-86013.057045669979,0,12340.467294931132,12340.467294931132
2025-09-24,sh688041,22127.282410011445,0,22127.282410011445,0,6184.798475073314
2025-09-24,sh688082,188523.36002171261,188523.36002171261,0,7726.3672140046137,7726.3672140046137
2025-09-24,sz300776,35491.608874752179,35491.608874752179,0,14975.362394410262,14975.362394410262
2025-09-25,sh601869,-27395.837394747097,-27395.837394747097,0,12340.467294931132,12340.467294931132
2025-09-25,sh688041,49663.931754838894,49663.931754838894,0,6184.798475073314,6184.798475073314
2025-09-25,sh688082,-45199.248201927163,-45199.248201927163,0,7726.3672140046137,7726.3672140046137
2025-09-25,sz300776,22762.55083950375,22762.55083950375,0,14975.362394410262,14975.362394410262
2025-09-26,sh601869,-62689.573858250129,-62689.573858250129,0,12340.467294931132,12340.467294931132
2025-09-26,sh688041,-54549.922550146584,-54549.922550146584,0,6184.798475073314,6184.798475073314
2025-09-26,sh688082,8499.0039354052515,8499.0039354052515,0,7726.3672140046137,7726.3672140046137
2025-09-26,sz300776,-26955.652309938429,-26955.652309938429,0,14975.362394410262,14975.362394410262
2025-09-29,sh601869,31468.191602074352,31468.191602074352,0,12340.467294931132,12340.467294931132
2025-09-29,sh688041,-20162.443028739122,-20162.443028739122,0,6184.798475073314,6184.798475073314
2025-09-29,sh688082,142396.94775410485,142396.94775410485,0,7726.3672140046137,7726.3672140046137
2025-09-29,sz300776,-10782.260923975584,-10782.260923975584,0,14975.362394410262,14975.362394410262
2025-09-30,sh601869,-58123.60095912555,-58123.60095912555,0,12340.467294931132,12340.467294931132
2025-09-30,sh688041,-20038.747059237419,-20038.747059237419,0,6184.798475073314,6184.798475073314
2025-09-30,sh688082,-8344.4765911248596,-8344.4765911248596,0,7726.3672140046137,7726.3672140046137
2025-09-30,sz300776,4941.8695901555739,4941.8695901555739,0,14975.362394410262,14975.362394410262
2025-10-09,sh601869,-35293.736463503032,-35293.736463503032,0,12340.467294931132,12340.467294931132
2025-10-09,sh688041,64631.144064516062,64631.144064516062,0,6184.798475073314,6184.798475073314
2025-10-09,sh688082,-29437.459085357597,-29437.459085357597,0,7726.3672140046137,7726.3672140046137
2025-10-09,sz300776,20965.507352174238,20965.507352174238,0,14975.362394410262,14975.362394410262
2025-10-10,sh601869,-83298.154240785138,-83298.154240785138,0,12340.467294931132,12340.467294931132
2025-10-10,sh688041,-133344.25512258065,-133344.25512258065,0,6184.798475073314,6184.798475073314
2025-10-10,sh688082,-44658.402496946677,-44658.402496946677,0,7726.3672140046137,7726.3672140046137
2025-10-10,sz300776,-57804.898842423601,-57804.898842423601,0,14975.362394410262,14975.362394410262
2025-10-13,sh601869,-32455.428985668819,-32455.428985668819,0,12340.467294931132,12340.467294931132
2025-10-13,sh688041,-5650.151235515681,15523.844172433961,-21173.995407949642,6184.798475073314,0
2025-10-13,sh688082,32528.005970959486,32528.005970959486,0,7726.3672140046137,7726.3672140046137
2025-10-13,sz300776,-30849.246532485173,-30849.246532485173,0,14975.362394410262,14975.362394410262
2025-10-14,sh601869,-42204.398148664492,-42204.398148664492,0,12340.467294931132,12340.467294931132
2025-10-14,sh688082,-129339.3871624373,-129339.3871624373,0,7726.3672140046137,7726.3672140046137
2025-10-14,sh688249,-106351.94175367431,-0,-106351.94175367431,0,37993
2025-10-14,sz300776,-11531.029043695842,-11531.029043695842,0,14975.362394410262,14975.362394410262
2025-10-15,sh601869,10242.587854792819,10242.587854792819,0,12340.467294931132,12340.467294931132
2025-10-15,sh688082,22246.999791030728,10585.123083186356,11661.876707844374,7726.3672140046137,0
2025-10-15,sh688249,34193.699999999946,34193.699999999946,0,37993,37993
2025-10-15,sz300776,4357.8527389144438,31148.753780373318,-26790.901041458874,14975.362394410262,0
2025-10-16,sh601869,-4319.1635532260016,-4319.1635532260016,0,12340.467294931132,12340.467294931132
2025-10-16,sh688249,32673.980000000247,32673.980000000247,0,37993,37993
2025-10-16,sh688268,-39917.219512519689,-0,-39917.219512519689,0,17860.520771513355
2025-10-16,sz002409,16363.288443879859,0,16363.288443879859,0,15965.336691410394
2025-10-17,sh601869,-37761.829922489116,-37761.829922489116,0,12340.467294931132,12340.467294931132
2025-10-17,sh688249,-98401.870000000126,-98401.870000000126,0,37993,37993
2025-10-17,sh688268,-49473.642537092048,-49473.642537092048,0,17860.520771513355,17860.520771513355
2025-10-17,sz002409,-65777.187168610893,-65777.187168610893,0,15965.336691410394,15965.336691410394
2025-10-20,sh601869,-3331.9261696315316,-3331.9261696315316,0,12340.467294931132,12340.467294931132
2025-10-20,sh688249,-10258.110000000119,-10258.110000000119,0,37993,37993
2025-10-20,sh688268,-3214.8937388723989,-3214.8937388723989,0,17860.520771513355,17860.520771513355
2025-10-20,sz002409,49332.89037645817,49332.89037645817,0,15965.336691410394,15965.336691410394
2025-10-21,sh601869,69723.64021636096,69723.64021636096,0,12340.467294931132,12340.467294931132
2025-10-21,sh688249,1899.650000000162,1899.650000000162,0,37993,37993
2025-10-21,sh688268,11787.94370919888,11787.94370919888,0,17860.520771513355,17860.520771513355
2025-10-21,sz002409,27779.685843054001,27779.685843054001,0,15965.336691410394,15965.336691410394
2025-10-22,sh601869,44549.08693470138,44549.08693470138,0,12340.467294931132,12340.467294931132
2025-10-22,sh688249,-13677.479999999978,-13677.479999999978,0,37993,37993
2025-10-22,sh688268,3036.2885311573009,3036.2885311573009,0,17860.520771513355,17860.520771513355
2025-10-22,sz002409,-28737.606044538665,-28737.606044538665,0,15965.336691410394,15965.336691410394
2025-10-23,sh601869,-75400.25517202921,-75400.25517202921,0,12340.467294931132,12340.467294931132
2025-10-23,sh688249,-39512.719999999965,-39512.719999999965,0,37993,37993
2025-10-23,sh688268,-28934.043649851716,-28934.043649851716,0,17860.520771513355,17860.520771513355
2025-10-23,sz002409,-6865.0947773063508,-6865.0947773063508,0,15965.336691410394,15965.336691410394
2025-10-24,sh601869,54421.460770646248,54421.460770646248,0,12340.467294931132,12340.467294931132
2025-10-24,sh688249,94602.569999999803,94602.569999999803,0,37993,37993
2025-10-24,sh688268,34649.410296735994,34649.410296735994,0,17860.520771513355,17860.520771513355
2025-10-24,sz002409,74558.122348886332,74558.122348886332,0,15965.336691410394,15965.336691410394
2025-10-27,sh601869,43068.230859309588,43068.230859309588,0,12340.467294931132,12340.467294931132
2025-10-27,sh688249,29254.610000000117,29254.610000000117,0,37993,37993
2025-10-27,sh688268,18753.54681008897,18753.54681008897,0,17860.520771513355,17860.520771513355
2025-10-27,sz002409,48534.623541887697,48534.623541887697,0,15965.336691410394,15965.336691410394
2025-10-28,sh601869,-26038.38599230468,-26038.38599230468,0,12340.467294931132,12340.467294931132
2025-10-28,sh688249,-35333.489999999991,-35333.489999999991,0,37993,37993
2025-10-28,sh688268,62869.033115726939,62869.033115726939,0,17860.520771513355,17860.520771513355
2025-10-28,sz002409,-30653.446447507984,-30653.446447507984,0,15965.336691410394,15965.336691410394
2025-10-29,sh601869,-3331.9261696313565,-3331.9261696313565,0,12340.467294931132,12340.467294931132
2025-10-29,sh688249,-3419.3700000001295,-3419.3700000001295,0,37993,37993
2025-10-29,sh688268,-4107.9197774478889,-4107.9197774478889,0,17860.520771513355,17860.520771513355
2025-10-29,sz002409,-4501.4757831327934,11814.34915164361,-16315.824934776403,15965.336691410394,0
2025-10-30,sh601869,-30851.168237327831,-30851.168237327831,0,12340.467294931132,12340.467294931132
2025-10-30,sh688249,-3419.3699999998598,-3419.3699999998598,0,37993,37993
2025-10-30,sh688268,-67512.768516320502,-67512.768516320502,0,17860.520771513355,17860.520771513355
2025-10-30,sz300604,-61451.702236408048,-0,-61451.702236408048,0,13915.075921908894
2025-10-31,sh601869,-20393.052939012145,-44549.08693470138,24156.033995689235,12340.467294931132,0
2025-10-31,sh688249,-94982.5,-94982.5,0,37993,37993
2025-10-31,sh688268,-3393.4989465876238,-3393.4989465876238,0,17860.520771513355,17860.520771513355
2025-10-31,sz300604,-61226.33405639921,-61226.33405639921,0,13915.075921908894,13915.075921908894
2025-11-03,sh688072,-15480.727597651123,-0,-15480.727597651123,0,3528.8781471437028
2025-11-03,sh688249,-7598.6000000001077,-7598.6000000001077,0,37993,37993
2025-11-03,sh688268,-22325.650964391694,-22325.650964391694,0,17860.520771513355,17860.520771513355
2025-11-03,sz300604,-16419.789587852589,-16419.789587852589,0,13915.075921908894,13915.075921908894
2025-11-04,sh688072,33277.320927565139,33277.320927565139,0,3528.8781471437028,3528.8781471437028
2025-11-04,sh688249,-36473.280000000035,-36473.280000000035,0,37993,37993
2025-11-04,sh688268,-31970.332181008889,-31970.332181008889,0,17860.520771513355,17860.520771513355
2025-11-04,sz300604,-15445.734273318865,-15445.734273318865,0,13915.075921908894,13915.075921908894
2025-11-05,sh688072,19091.23077604732,19091.23077604732,0,3528.8781471437028,3528.8781471437028
2025-11-05,sh688249,-14057.409999999903,-14057.409999999903,0,37993,37993
2025-11-05,sh688268,-10537.70725519294,-10537.70725519294,0,17860.520771513355,17860.520771513355
2025-11-05,sz300604,-34075.294078816827,-19898.558568329616,-14176.735510487209,13915.075921908894,0
2025-11-06,sh688072,62814.031019157948,62814.031019157948,0,3528.8781471437028,3528.8781471437028
2025-11-06,sh688249,37613.070000000072,37613.070000000072,0,37993,37993
2025-11-06,sh688268,23218.677002967437,23218.677002967437,0,17860.520771513355,17860.520771513355
2025-11-07,sh688012,22493.980032573923,0,22493.980032573923,0,5432.8543821421163
2025-11-07,sh688072,18703.054179861665,18703.054179861665,0,3528.8781471437028,3528.8781471437028
2025-11-07,sh688249,-18616.570000000076,-18616.570000000076,0,37993,37993
2025-11-07,sh688268,-357.21041543032294,-357.21041543032294,0,17860.520771513355,17860.520771513355
2025-11-10,sh688012,26577.523637439212,26577.523637439212,0,5432.8543821421163,5432.8543821421163
2025-11-10,sh688072,16726.882417461184,16726.882417461184,0,3528.8781471437028,3528.8781471437028
2025-11-10,sh688249,-7598.6000000001077,-7598.6000000001077,0,37993,37993
2025-11-10,sh688268,30362.885311572754,30362.885311572754,0,17860.520771513355,17860.520771513355
2025-11-11,sh688012,-37665.97943139125,-37665.97943139125,0,5432.8543821421163,5432.8543821421163
2025-11-11,sh688072,-13903.779899746181,-13903.779899746181,0,3528.8781471437028,3528.8781471437028
2025-11-11,sh688249,-41792.299999999916,-41792.299999999916,0,37993,37993
2025-11-11,sh688268,7501.4187240356396,7501.4187240356396,0,17860.520771513355,17860.520771513355
2025-11-12,sh688012,-12213.056651055425,-12213.056651055425,0,5432.8543821421163,5432.8543821421163
2025-11-12,sh688072,24455.125559705884,24455.125559705884,0,3528.8781471437028,3528.8781471437028
2025-11-12,sh688249,-32673.979999999978,-32673.979999999978,0,37993,37993
2025-11-12,sh688268,-48759.221706231532,-48759.221706231532,0,17860.520771513355,17860.520771513355
2025-11-13,sh688012,2808.7857155674519,2808.7857155674519,0,5432.8543821421163,5432.8543821421163
2025-11-13,sh688072,-16338.705821275327,-16338.705821275327,0,3528.8781471437028,3528.8781471437028
2025-11-13,sh688249,26975.030000000032,26975.030000000032,0,37993,37993
2025-11-13,sh688268,6251.1822700296998,6251.1822700296998,0,17860.520771513355,17860.520771513355
2025-11-14,sh688012,-34639.879540538161,-34639.879540538161,0,5432.8543821421163,5432.8543821421163
2025-11-14,sh688072,-22584.820141719818,-22584.820141719818,0,3528.8781471437028,3528.8781471437028
2025-11-14,sh688249,-24695.450000000081,-24695.450000000081,0,37993,37993
2025-11-14,sh688268,-54653.193560830907,-54653.193560830907,0,17860.520771513355,17860.520771513355
2025-11-17,sh688012,-17575.283926229666,-17575.283926229666,0,5432.8543821421163,5432.8543821421163
2025-11-17,sh688072,-66589.930636601683,-66589.930636601683,0,3528.8781471437028,3528.8781471437028
2025-11-17,sh688249,3799.3000000000538,3799.3000000000538,0,37993,37993
2025-11-17,sh688268,4643.7354005934367,4643.7354005934367,0,17860.520771513355,17860.520771513355
2025-11-18,sh688012,38942.700211194569,38942.700211194569,0,5432.8543821421163,5432.8543821421163
2025-11-18,sh688072,56673.783043127878,56673.783043127878,0,3528.8781471437028,3528.8781471437028
2025-11-18,sh688249,11777.829999999951,11777.829999999951,0,37993,37993
2025-11-18,sh688268,-2906.9123032415919,10716.312462908038,-13623.224766149629,17860.520771513355,2763.9517971103305
2025-11-19,sh688012,-5030.8231578635332,-5030.8231578635332,0,5432.8543821421163,5432.8543821421163
2025-11-19,sh688072,-28901.512025106917,-28901.512025106917,0,3528.8781471437028,3528.8781471437028
2025-11-19,sh688249,-23175.729999999978,-23175.729999999978,0,37993,37993
2025-11-19,sh688268,-1335.3873937282169,1768.9291501506132,-3104.3165438788301,2763.9517971103305,0
2025-11-20,sh688012,-54513.260870413949,-54513.260870413949,0,5432.8543821421163,5432.8543821421163
2025-11-20,sh688072,-39346.991340652203,-39346.991340652203,0,3528.8781471437028,3528.8781471437028
2025-11-20,sh688249,-18236.640000000018,-18236.640000000018,0,37993,37993
2025-11-20,sz300054,-32572.89942031564,-0,-32572.89942031564,0,29482.677165354326
2025-11-21,sh688012,-60342.71362245248,-60342.71362245248,0,5432.8543821421163,5432.8543821421163
2025-11-21,sh688072,-62990.474926515177,-62990.474926515177,0,3528.8781471437028,3528.8781471437028
2025-11-21,sh688249,-21708.053115344032,-63828.239999999991,42120.186884655959,37993,0
2025-11-21,sz300054,-38327.480314960536,-38327.480314960536,0,29482.677165354326,29482.677165354326
2025-11-24,sh688012,14945.782405272988,14945.782405272988,0,5432.8543821421163,5432.8543821421163
2025-11-24,sh688072,-8151.7085199019612,-8151.7085199019612,0,3528.8781471437028,3528.8781471437028
2025-11-24,sz300054,19163.740157480268,19163.740157480268,0,29482.677165354326,29482.677165354326
2025-11-25,sh688012,-6084.7969079991954,-6084.7969079991954,0,5432.8543821421163,5432.8543821421163
2025-11-25,sh688072,10269.035408188263,10269.035408188263,0,3528.8781471437028,3528.8781471437028
2025-11-25,sz300054,-21522.354330708775,-21522.354330708775,0,29482.677165354326,29482.677165354326
2025-11-26,sh688012,2988.0699101780715,2988.0699101780715,0,5432.8543821421163,5432.8543821421163
2025-11-26,sh688072,16197.550695389507,16197.550695389507,0,3528.8781471437028,3528.8781471437028
2025-11-26,sz300054,-5012.0551181100764,-5012.0551181100764,0,29482.677165354326,29482.677165354326
2025-11-27,sh688012,-16591.937283062034,-16591.937283062034,0,5432.8543821421163,5432.8543821421163
2025-11-27,sh688072,-18314.87758367581,-18314.87758367581,0,3528.8781471437028,3528.8781471437028
2025-11-27,sz300054,645.44369585860932,6486.1889763779182,-5840.7452805193088,29482.677165354326,0
2025-11-28,sh688012,8752.328409631049,8752.328409631049,0,5432.8543821421163,5432.8543821421163
2025-11-28,sh688072,46934.079357011287,46934.079357011287,0,3528.8781471437028,3528.8781471437028
2025-12-01,sh688012,-22166.045879139903,-22166.045879139903,0,5432.8543821421163,5432.8543821421163
2025-12-01,sh688072,-40723.2538180384,-40723.2538180384,0,3528.8781471437028,3528.8781471437028
2025-12-02,sh688012,-5910.9455677705892,-5910.9455677705892,0,5432.8543821421163,5432.8543821421163
2025-12-02,sh688072,-7128.4772004017641,1023.374662671746,-8151.8518630735098,3528.8781471437028,0
2025-12-03,sh688012,-1847.0732542217686,-3352.0711537816328,1504.9978995598642,5432.8543821421163,0
2025-12-04,sz002371,63913.859168830997,0,63913.859168830997,0,3105.520345494826
2025-12-04,sz300054,4849.4904103454373,0,4849.4904103454373,0,38509.808407206176
2025-12-04,sz300223,25506.052697486251,-0,25506.052697486251,0,14524.070385126162
2025-12-05,sz002371,2204.9194453012628,2204.9194453012628,0,3105.520345494826,3105.520345494826
2025-12-05,sz300054,-4621.1770088646426,-4621.1770088646426,0,38509.808407206176,38509.808407206176
2025-12-05,sz300223,-13797.866865869895,-13797.866865869895,0,14524.070385126162,14524.070385126162
2025-12-08,sz002371,38819.004318685322,38819.004318685322,0,3105.520345494826,3105.520345494826
2025-12-08,sz300054,11167.844438089758,11167.844438089758,0,38509.808407206176,38509.808407206176
2025-12-08,sz300223,35148.250332005337,35148.250332005337,0,14524.070385126162,14524.070385126162
2025-12-09,sz002371,-17204.5827140414,-17204.5827140414,0,3105.520345494826,3105.520345494826
2025-12-09,sz300054,3465.8827566484133,3465.8827566484133,0,38509.808407206176,38509.808407206176
2025-12-09,sz300223,46622.265936254887,46622.265936254887,0,14524.070385126162,14524.070385126162
2025-12-10,sz002371,3322.9067696794427,3322.9067696794427,0,3105.520345494826,3105.520345494826
2025-12-10,sz300054,9627.4521018015439,9627.4521018015439,0,38509.808407206176,38509.808407206176
2025-12-10,sz300223,12926.422642762293,12926.422642762293,0,14524.070385126162,14524.070385126162
2025-12-11,sz002371,-16862.97547603675,-16862.97547603675,0,3105.520345494826,3105.520345494826
2025-12-11,sz300054,3080.7846725764284,3080.7846725764284,0,38509.808407206176,38509.808407206176
2025-12-11,sz300223,-62889.224767596257,-62889.224767596257,0,14524.070385126162,14524.070385126162
2025-12-12,sz002371,6211.0406909896519,6211.0406909896519,0,3105.520345494826,3105.520345494826
2025-12-12,sz300054,58534.908778953504,58534.908778953504,0,38509.808407206176,38509.808407206176
2025-12-12,sz300223,67246.44588313406,67246.44588313406,0,14524.070385126162,14524.070385126162
2025-12-15,sz002371,-18943.674107518509,-18943.674107518509,0,3105.520345494826,3105.520345494826
2025-12-15,sz300054,60460.39919931371,60460.39919931371,0,38509.808407206176,38509.808407206176
2025-12-15,sz300223,-72765.592629481936,-72765.592629481936,0,14524.070385126162,14524.070385126162
2025-12-15,sz300666,1289.3667627532482,0,1289.3667627532482,0,602.62935658366234
2025-12-16,sz002371,-19005.784514428349,-19005.784514428349,0,3105.520345494826,3105.520345494826
2025-12-16,sz300054,-54683.927938232839,-54683.927938232839,0,38509.808407206176,38509.808407206176
2025-12-16,sz300223,-31807.714143426263,-31807.714143426263,0,14524.070385126162,14524.070385126162
2025-12-16,sz300666,-150.65733914591559,-150.65733914591559,0,602.62935658366234,602.62935658366234
2025-12-17,sz002371,5776.2678426204184,5776.2678426204184,0,3105.520345494826,3105.520345494826
2025-12-17,sz300054,25416.473548756217,25416.473548756217,0,38509.808407206176,38509.808407206176
2025-12-17,sz300223,33695.843293492595,33695.843293492595,0,14524.070385126162,14524.070385126162
2025-12-17,sz300666,1120.8906032456116,1120.8906032456116,0,602.62935658366234,602.62935658366234
2025-12-18,sz002371,-5093.0533666114725,-5093.0533666114725,0,3105.520345494826,3105.520345494826
2025-12-18,sz300054,-53913.731770088867,-53913.731770088867,0,38509.808407206176,38509.808407206176
2025-12-18,sz300223,6535.8316733068141,6535.8316733068141,0,14524.070385126162,14524.070385126162
2025-12-18,sz300666,-283.23579759432062,-283.23579759432062,0,602.62935658366234,602.62935658366234
2025-12-19,sz002371,16335.037017302757,16335.037017302757,0,3105.520345494826,3105.520345494826
2025-12-19,sz300054,-12708.236774377972,-12708.236774377972,0,38509.808407206176,38509.808407206176
2025-12-19,sz300223,-53158.097609561708,-53158.097609561708,0,14524.070385126162,14524.070385126162
2025-12-19,sz300666,-946.12808983635432,-946.12808983635432,0,602.62935658366234,602.62935658366234
2025-12-22,sz002371,52607.514652682345,52607.514652682345,0,3105.520345494826,3105.520345494826
2025-12-22,sz300054,84721.578495853697,84721.578495853697,0,38509.808407206176,38509.808407206176
2025-12-22,sz300223,57224.837317397047,57224.837317397047,0,14524.070385126162,14524.070385126162
2025-12-22,sz300666,1735.5725469609449,1735.5725469609449,0,602.62935658366234,602.62935658366234
2025-12-23,sz002371,50060.987969376605,50060.987969376605,0,3105.520345494826,3105.520345494826
2025-12-23,sz300054,21950.59079210753,21950.59079210753,0,38509.808407206176,38509.808407206176
2025-12-23,sz300223,74072.758964143344,74072.758964143344,0,14524.070385126162,14524.070385126162
2025-12-23,sz300666,1771.7303083559746,1771.7303083559746,0,602.62935658366234,602.62935658366234
2025-12-24,sz002371,-3928.0295177956291,-993.76651055832315,-2934.2630072373058,3105.520345494826,0
2025-12-24,sz300054,-13863.531026594201,-13863.531026594201,0,38509.808407206176,38509.808407206176
2025-12-24,sz300223,116047.32237715817,116047.32237715817,0,14524.070385126162,14524.070385126162
2025-12-24,sz300666,668.91858580786482,668.91858580786482,0,602.62935658366234,602.62935658366234
2025-12-25,sh688535,23562.944266060254,0,23562.944266060254,0,18787.012821330609
2025-12-25,sz300054,-1155.2942522162291,-1155.2942522162291,0,38509.808407206176,38509.808407206176
2025-12-25,sz300223,99780.363545816595,99780.363545816595,0,14524.070385126162,14524.070385126162
2025-12-25,sz300666,-307.34097185767087,-307.34097185767087,0,602.62935658366234,602.62935658366234
2025-12-26,sh688535,-40655.095745359467,-40655.095745359467,0,18787.012821330609,18787.012821330609
2025-12-26,sz300054,-16944.315699170631,-16944.315699170631,0,38509.808407206176,38509.808407206176
2025-12-26,sz300223,-38924.508632138008,-38924.508632138008,0,14524.070385126162,14524.070385126162
2025-12-26,sz300666,-958.18067696802518,-958.18067696802518,0,602.62935658366234,602.62935658366234
2025-12-29,sh688535,4565.2441155832439,4565.2441155832439,0,18787.012821330609,18787.012821330609
2025-12-29,sz300054,-25416.473548756217,-25416.473548756217,0,38509.808407206176,38509.808407206176
2025-12-29,sz300223,-5809.6281540505479,-5809.6281540505479,0,14524.070385126162,14524.070385126162
2025-12-29,sz300666,-686.99746650537543,-686.99746650537543,0,602.62935658366234,602.62935658366234
2025-12-30,sh688535,-21980.805000956578,-21980.805000956578,0,18787.012821330609,18787.012821330609
2025-12-30,sz300054,8087.0597655133297,8087.0597655133297,0,38509.808407206176,38509.808407206176
2025-12-30,sz300223,20478.939243027839,20478.939243027839,0,14524.070385126162,14524.070385126162
2025-12-30,sz300666,-307.34097185766234,-307.34097185766234,0,602.62935658366234,602.62935658366234
2025-12-31,sh688535,-17152.54270587505,-17152.54270587505,0,18787.012821330609,18787.012821330609
2025-12-31,sz300054,-12323.138690305987,-12323.138690305987,0,38509.808407206176,38509.808407206176
2025-12-31,sz300223,-92227.846945551049,-92227.846945551049,0,14524.070385126162,14524.070385126162
2025-12-31,sz300666,-608.65565014950209,-608.65565014950209,0,602.62935658366234,602.62935658366234
2026-01-05,sh688535,57168.880015309165,57168.880015309165,0,18787.012821330609,18787.012821330609
2026-01-05,sz300054,56224.320274521051,56224.320274521051,0,38509.808407206176,38509.808407206176
2026-01-05,sz300223,140157.27921646755,140157.27921646755,0,14524.070385126162,14524.070385126162
2026-01-05,sz300666,5001.8236596443958,5001.8236596443958,0,602.62935658366234,602.62935658366234
2026-01-06,sh688535,30754.339988518215,30754.339988518215,0,18787.012821330609,18787.012821330609
2026-01-06,sz300054,47367.064340863479,47367.064340863479,0,38509.808407206176,38509.808407206176
2026-01-06,sz300223,137542.94654714473,137542.94654714473,0,14524.070385126162,14524.070385126162
2026-01-06,sz300666,4067.748156939721,4067.748156939721,0,602.62935658366234,602.62935658366234
2026-01-07,sh688535,32407.597116795194,32407.597116795194,0,18787.012821330609,18787.012821330609
2026-01-07,sz300054,174834.53016871601,174834.53016871601,0,38509.808407206176,38509.808407206176
2026-01-07,sz300223,-16702.680942895171,-16702.680942895171,0,14524.070385126162,14524.070385126162
2026-01-07,sz300666,2259.8600871887338,2259.8600871887338,0,602.62935658366234,602.62935658366234
2026-01-08,sh688535,17265.264782803039,17265.264782803039,0,18787.012821330609,18787.012821330609
2026-01-08,sz300054,27341.963969116419,27341.963969116419,0,38509.808407206176,38509.808407206176
2026-01-08,sz300223,1329.7537215827324,-43426.970451527151,44756.724173109884,14524.070385126162,0
2026-01-08,sz300666,891.89144774382271,891.89144774382271,0,602.62935658366234,602.62935658366234
2026-01-09,sh688120,10793.103853534916,0,10793.103853534916,0,14645.322305772508
2026-01-09,sh688535,-56285.890412706678,-56285.890412706678,0,18787.012821330609,18787.012821330609
2026-01-09,sz300054,-20410.198455819318,-20410.198455819318,0,38509.808407206176,38509.808407206176
2026-01-09,sz300666,741.23410859790704,741.23410859790704,0,602.62935658366234,602.62935658366234
2026-01-12,sh688120,32981.265832599827,32981.265832599827,0,14645.322305772508,14645.322305772508
2026-01-12,sh688535,-30735.552975696795,-30735.552975696795,0,18787.012821330609,18787.012821330609
2026-01-12,sz300054,-770.19616814397023,-770.19616814397023,0,38509.808407206176,38509.808407206176
2026-01-12,sz300666,1036.5224933238985,1036.5224933238985,0,602.62935658366234,602.62935658366234
2026-01-13,sh688120,-45854.504139373727,-45854.504139373727,0,14645.322305772508,14645.322305772508
2026-01-13,sh688535,-74452.931810933354,-74452.931810933354,0,18787.012821330609,18787.012821330609
2026-01-13,sz300054,-58534.908778953504,-58534.908778953504,0,38509.808407206176,38509.808407206176
2026-01-13,sz300666,-90.394403487552779,-90.394403487552779,0,602.62935658366234,602.62935658366234
2026-01-14,sh688120,56530.944100281871,56530.944100281871,0,14645.322305772508,14645.322305772508
2026-01-14,sh688535,37217.072399056102,37217.072399056102,0,18787.012821330609,18787.012821330609
2026-01-14,sz300054,16559.217615098645,16559.217615098645,0,38509.808407206176,38509.808407206176
2026-01-14,sz300666,3163.8041220642272,3163.8041220642272,0,602.62935658366234,602.62935658366234
2026-01-15,sh688120,26595.905307282912,26595.905307282912,0,14645.322305772508,14645.322305772508
2026-01-15,sh688535,32539.106206544602,32539.106206544602,0,18787.012821330609,18787.012821330609
2026-01-15,sz300054,107057.26737203321,107057.26737203321,0,38509.808407206176,38509.808407206176
2026-01-15,sz300666,4995.7973660785565,4995.7973660785565,0,602.62935658366234,602.62935658366234
2026-01-16,sh688120,145940.63677702309,145940.63677702309,0,14645.322305772508,14645.322305772508
2026-01-16,sh688535,127808.04822351209,127808.04822351209,0,18787.012821330609,18787.012821330609
2026-01-16,sz300054,56224.320274521051,56224.320274521051,0,38509.808407206176,38509.808407206176
2026-01-16,sz300666,295.288384726,295.288384726,0,602.62935658366234,602.62935658366234
2026-01-19,sh688120,-22304.825871691472,-22304.825871691472,0,14645.322305772508,14645.322305772508
2026-01-19,sh688535,35582.602283600274,35582.602283600274,0,18787.012821330609,18787.012821330609
2026-01-19,sz300054,-28497.258221332646,-28497.258221332646,0,38509.808407206176,38509.808407206176
2026-01-19,sz300666,-1386.0475201424217,-1386.0475201424217,0,602.62935658366234,602.62935658366234
2026-01-20,sh688120,-3881.0104110299312,-3881.0104110299312,0,14645.322305772508,14645.322305772508
2026-01-20,sh688535,69248.929259424491,69248.929259424491,0,18787.012821330609,18787.012821330609
2026-01-20,sz300054,-15789.021446954401,-15789.021446954401,0,38509.808407206176,38509.808407206176
2026-01-20,sz300666,506.2086595302784,506.2086595302784,0,602.62935658366234,602.62935658366234
2026-01-21,sh688120,2313.9609243122827,2313.9609243122827,0,14645.322305772508,14645.322305772508
2026-01-21,sh688535,42439.861963385854,42439.861963385854,0,18787.012821330609,18787.012821330609
2026-01-21,sz300054,-20795.2965398913,-20795.2965398913,0,38509.808407206176,38509.808407206176
2026-01-21,sz300666,-2326.1493164129365,-2326.1493164129365,0,602.62935658366234,602.62935658366234
2026-01-22,sh688120,22612.3776401125,22612.3776401125,0,14645.322305772508,14645.322305772508
2026-01-22,sh688535,-17039.820628946796,-17039.820628946796,0,18787.012821330609,18787.012821330609
2026-01-22,sz300054,-5391.3731770088862,-5391.3731770088862,0,38509.808407206176,38509.808407206176
2026-01-22,sz300666,-66.289229224202515,-66.289229224202515,0,602.62935658366234,602.62935658366234
2026-01-23,sh688120,31399.571023576336,31399.571023576336,0,14645.322305772508,14645.322305772508
2026-01-23,sh688535,-41070.772849741457,-48151.113861070393,7080.3410113289365,18787.012821330609,0
2026-01-23,sz300054,41590.5930797826,41590.5930797826,0,38509.808407206176,38509.808407206176
2026-01-23,sz300666,-994.33843836304629,-994.33843836304629,0,602.62935658366234,602.62935658366234
2026-01-26,sh688120,-53177.165292259982,-53177.165292259982,0,14645.322305772508,14645.322305772508
2026-01-26,sz300054,-92038.44209322278,-92038.44209322278,0,38509.808407206176,38509.808407206176
2026-01-26,sz300666,-2428.59630703216,-2428.59630703216,0,602.62935658366234,602.62935658366234
2026-01-26,sz300776,-185609.76275822369,-0,-185609.76275822369,0,18277.216463281286
2026-01-27,sh688120,54641.697522837145,54641.697522837145,0,14645.322305772508,14645.322305772508
2026-01-27,sz300054,68162.360880755048,68162.360880755048,0,38509.808407206176,38509.808407206176
2026-01-27,sz300666,843.68109921713074,843.68109921713074,0,602.62935658366234,602.62935658366234
2026-01-27,sz300776,-19038.278493491307,30522.951493679517,-49561.229987170824,18277.216463281286,0
2026-01-28,sh688120,-26376.225472696107,-26376.225472696107,0,14645.322305772508,14645.322305772508
2026-01-28,sz002281,-23074.743708999675,0,-23074.743708999675,0,20200
2026-01-28,sz300054,-5776.471261080872,-5776.471261080872,0,38509.808407206176,38509.808407206176
2026-01-28,sz300666,-512.23495309611815,-512.23495309611815,0,602.62935658366234,602.62935658366234
2026-01-29,sh688120,-41870.976472203729,-41870.976472203729,0,14645.322305772508,14645.322305772508
2026-01-29,sz002281,-44642.00000000016,-44642.00000000016,0,20200,20200
2026-01-29,sz300054,-108597.65970832143,-108597.65970832143,0,38509.808407206176,38509.808407206176
2026-01-29,sz300666,-3055.3308378791639,-3055.3308378791639,0,602.62935658366234,602.62935658366234
2026-01-30,sh688120,-32673.714064178384,-32673.714064178384,0,14645.322305772508,14645.322305772508
2026-01-30,sz002281,48884.000000000036,48884.000000000036,0,20200,20200
2026-01-30,sz300054,28112.160137260387,28112.160137260387,0,38509.808407206176,38509.808407206176
2026-01-30,sz300666,0,0,0,602.62935658366234,602.62935658366234
2026-02-02,sh688120,-124368.0770206202,-124368.0770206202,0,14645.322305772508,14645.322305772508
2026-02-02,sz002281,-66457.99999999984,-66457.99999999984,0,20200,20200
2026-02-02,sz300054,-87802.363168430122,-87802.363168430122,0,38509.808407206176,38509.808407206176
2026-02-02,sz300666,0,0,0,602.62935658366234,602.62935658366234
2026-02-03,sh688120,68159.330011065409,68159.330011065409,0,14645.322305772508,14645.322305772508
2026-02-03,sz002281,52519.999999999884,52519.999999999884,0,20200,20200
2026-02-03,sz300054,56609.418358593037,56609.418358593037,0,38509.808407206176,38509.808407206176
2026-02-03,sz300666,0,0,0,602.62935658366234,602.62935658366234
2026-02-04,sh688120,-25233.890332846226,-25233.890332846226,0,14645.322305772508,14645.322305772508
2026-02-04,sz002281,-40803.99999999992,-40803.99999999992,0,20200,20200
2026-02-04,sz300054,1155.2942522162291,1155.2942522162291,0,38509.808407206176,38509.808407206176
2026-02-04,sz300666,0,0,0,602.62935658366234,602.62935658366234
2026-02-05,sh688120,834.78337142927273,834.78337142927273,0,14645.322305772508,14645.322305772508
2026-02-05,sz002281,-68074.000000000087,-68074.000000000087,0,20200,20200
2026-02-05,sz300054,-12323.138690305987,-12323.138690305987,0,38509.808407206176,38509.808407206176
2026-02-05,sz300666,0,0,0,602.62935658366234,602.62935658366234
2026-02-06,sh688120,-19478.278666677619,-19478.278666677619,0,14645.322305772508,14645.322305772508
2026-02-06,sz002281,8484.0000000000346,8484.0000000000346,0,20200,20200
2026-02-06,sz300054,385.09808407225876,385.09808407225876,0,38509.808407206176,38509.808407206176
2026-02-06,sz300666,-59.744030225027927,6104.6353821924968,-6164.3794124175247,602.62935658366234,0
2026-02-09,sh688120,14249.898603516844,14249.898603516844,0,14645.322305772508,14645.322305772508
2026-02-09,sz002281,25253.243538240196,66659.999999999942,-41406.756461759745,20200,0
2026-02-09,sz300054,58149.810694881249,58149.810694881249,0,38509.808407206176,38509.808407206176
2026-02-10,bj920045,25708.800826370727,0,25708.800826370727,0,2482.7388557024965
2026-02-10,sh688120,205.03451228054539,205.03451228054539,0,14645.322305772508,14645.322305772508
2026-02-10,sz300054,-18484.708035459116,-18484.708035459116,0,38509.808407206176,38509.808407206176
2026-02-10,sz300776,-7788.1142663992123,-0,-7788.1142663992123,0,7833.3921793626969
2026-02-11,bj920045,-38904.51786885802,-38904.51786885802,0,2482.7388557024965,2482.7388557024965
2026-02-11,sh688120,6810.0748721842665,6810.0748721842665,0,14645.322305772508,14645.322305772508
2026-02-11,sz300054,4236.0789247926577,4236.0789247926577,0,38509.808407206176,38509.808407206176
2026-02-11,sz300776,-23735.17830346898,-23735.17830346898,0,7833.3921793626969,7833.3921793626969
2026-02-12,bj920045,26441.168813231532,26441.168813231532,0,2482.7388557024965,2482.7388557024965
2026-02-12,sh688120,18204.135626075153,18204.135626075153,0,14645.322305772508,14645.322305772508
2026-02-12,sz300054,54298.829854160853,54298.829854160853,0,38509.808407206176,38509.808407206176
2026-02-12,sz300776,41751.980316003275,41751.980316003275,0,7833.3921793626969,7833.3921793626969
2026-02-13,bj920045,-44267.233797175475,-44267.233797175475,0,2482.7388557024965,2482.7388557024965
2026-02-13,sh688120,26390.870795001949,26390.870795001949,0,14645.322305772508,14645.322305772508
2026-02-13,sz300054,-16944.315699170631,-16944.315699170631,0,38509.808407206176,38509.808407206176
2026-02-13,sz300776,-27886.87615853122,-27886.87615853122,0,7833.3921793626969,7833.3921793626969
2026-02-24,bj920045,248.27388557016496,248.27388557016496,0,2482.7388557024965,2482.7388557024965
2026-02-24,sh688120,32761.585998013441,32761.585998013441,0,14645.322305772508,14645.322305772508
2026-02-24,sz300054,5776.471261080872,5776.471261080872,0,38509.808407206176,38509.808407206176
2026-02-24,sz300776,-4856.703151204908,-4856.703151204908,0,7833.3921793626969,7833.3921793626969
2026-02-25,bj920045,-24057.739511757187,-24057.739511757187,0,2482.7388557024965,2482.7388557024965
2026-02-25,sh688120,96732.35382962726,96732.35382962726,0,14645.322305772508,14645.322305772508
2026-02-25,sz300054,62000.791535601922,62000.791535601922,0,38509.808407206176,38509.808407206176
2026-02-25,sz300776,-20210.151822755746,-20210.151822755746,0,7833.3921793626969,7833.3921793626969
2026-02-26,bj920045,322.75605124131323,322.75605124131323,0,2482.7388557024965,2482.7388557024965
2026-02-26,sh688120,-14030.218768930039,-14030.218768930039,0,14645.322305772508,14645.322305772508
2026-02-26,sz300054,-8087.0597655133297,-8087.0597655133297,0,38509.808407206176,38509.808407206176
2026-02-26,sz300776,51152.050931238417,51152.050931238417,0,7833.3921793626969,7833.3921793626969
2026-02-27,bj920045,5188.924208418297,5188.924208418297,0,2482.7388557024965,2482.7388557024965
2026-02-27,sh688120,-29510.324446131821,-29510.324446131821,0,14645.322305772508,14645.322305772508
2026-02-27,sz300054,-43130.98541607082,-43130.98541607082,0,38509.808407206176,38509.808407206176
2026-02-27,sz300776,32351.909700767901,32351.909700767901,0,7833.3921793626969,7833.3921793626969
2026-03-02,bj920045,5685.471979558627,5685.471979558627,0,2482.7388557024965,2482.7388557024965
2026-03-02,sh688120,-74847.310702823248,-19053.564319809851,-55793.746383013393,14645.322305772508,0
2026-03-02,sz300054,-30422.748641692844,-30422.748641692844,0,38509.808407206176,38509.808407206176
2026-03-02,sz300776,-27730.208314943884,-27730.208314943884,0,7833.3921793626969,7833.3921793626969
2026-03-03,bj920045,-47693.413418044904,-47693.413418044904,0,2482.7388557024965,2482.7388557024965
2026-03-03,sh688300,-138779.20249832474,-0,-138779.20249832474,0,23964.934164934166
2026-03-03,sz300054,-107442.36545610547,-107442.36545610547,0,38509.808407206176,38509.808407206176
2026-03-03,sz300776,-57888.768205490334,-57888.768205490334,0,7833.3921793626969,7833.3921793626969
2026-03-04,bj920045,6728.222298953785,6728.222298953785,0,2482.7388557024965,2482.7388557024965
2026-03-04,sh688300,-19411.59667359673,-19411.59667359673,0,23964.934164934166,23964.934164934166
2026-03-04,sz300054,-7701.9616814410711,-7701.9616814410711,0,38509.808407206176,38509.808407206176
2026-03-04,sz300776,1958.3480448406742,1958.3480448406742,0,7833.3921793626969,7833.3921793626969
2026-03-05,bj920045,-4940.6503228479905,-4940.6503228479905,0,2482.7388557024965,2482.7388557024965
2026-03-05,sh688300,50326.36174636161,50326.36174636161,0,23964.934164934166,23964.934164934166
2026-03-05,sz300054,12708.236774377972,12708.236774377972,0,38509.808407206176,38509.808407206176
2026-03-05,sz300776,36660.275399417362,36660.275399417362,0,7833.3921793626969,7833.3921793626969
2026-03-06,bj920045,-7473.0439556644915,-7473.0439556644915,0,2482.7388557024965,2482.7388557024965
2026-03-06,sh688300,162002.95495495509,162002.95495495509,0,23964.934164934166,23964.934164934166
2026-03-06,sz300054,6931.7655132971004,6931.7655132971004,0,38509.808407206176,38509.808407206176
2026-03-06,sz300776,-33370.250684085127,-33370.250684085127,0,7833.3921793626969,7833.3921793626969
2026-03-09,bj920045,-40518.298125064728,-40518.298125064728,0,2482.7388557024965,2482.7388557024965
2026-03-09,sh688300,198908.9535689535,198908.9535689535,0,23964.934164934166,23964.934164934166
2026-03-09,sz300054,-42745.887331998834,-42745.887331998834,0,38509.808407206176,38509.808407206176
2026-03-09,sz300776,-17703.466325359623,-17703.466325359623,0,7833.3921793626969,7833.3921793626969
2026-03-10,bj920045,99384.036393770934,99384.036393770934,0,2482.7388557024965,2482.7388557024965
2026-03-10,sh688300,399255.80318780313,399255.80318780313,0,23964.934164934166,23964.934164934166
2026-03-10,sz300054,95119.226765799205,95119.226765799205,0,38509.808407206176,38509.808407206176
2026-03-10,sz300776,25301.856739341543,25301.856739341543,0,7833.3921793626969,7833.3921793626969
2026-03-11,bj920045,1787.5719761057242,1787.5719761057242,0,2482.7388557024965,2482.7388557024965
2026-03-11,sh688300,-9585.9736659734626,-9585.9736659734626,0,23964.934164934166,23964.934164934166
2026-03-11,sz300054,11552.942522162017,11552.942522162017,0,38509.808407206176,38509.808407206176
2026-03-11,sz300776,25771.86027010321,25771.86027010321,0,7833.3921793626969,7833.3921793626969
2026-03-12,bj920045,9757.1637029108279,9757.1637029108279,0,2482.7388557024965,2482.7388557024965
2026-03-12,sh688300,-29295.289410359699,-58953.738045738239,29658.44863537854,23964.934164934166,0
2026-03-12,sz300054,28882.356305404632,28882.356305404632,0,38509.808407206176,38509.808407206176
2026-03-12,sz300776,-20836.823197104746,-20836.823197104746,0,7833.3921793626969,7833.3921793626969
2026-03-13,bj920045,-13307.480266565415,-13307.480266565415,0,2482.7388557024965,2482.7388557024965
2026-03-13,sh688268,62759.693750543076,0,62759.693750543076,0,23202.649006622516
2026-03-13,sz300054,42360.789247926572,42360.789247926572,0,38509.808407206176,38509.808407206176
2026-03-13,sz300776,-39088.626975019819,-39088.626975019819,0,7833.3921793626969,7833.3921793626969
2026-03-16,bj920045,-25348.763716722438,-25348.763716722438,0,2482.7388557024965,2482.7388557024965
2026-03-16,sh688268,-18562.119205297946,-18562.119205297946,0,23202.649006622516,23202.649006622516
2026-03-16,sz300054,22720.786960251775,22720.786960251775,0,38509.808407206176,38509.808407206176
2026-03-16,sz300776,-18173.469856121515,-18173.469856121515,0,7833.3921793626969,7833.3921793626969
2026-03-17,bj920045,-57649.196229411966,-57649.196229411966,0,2482.7388557024965,2482.7388557024965
2026-03-17,sh688268,-100235.44370860911,-100235.44370860911,0,23202.649006622516,23202.649006622516
2026-03-17,sz300054,-38894.906491278161,-38894.906491278161,0,38509.808407206176,38509.808407206176
2026-03-17,sz300776,-6815.0511960455815,-6815.0511960455815,0,7833.3921793626969,7833.3921793626969
2026-03-18,bj920045,5690.8605765498796,22294.994924208393,-16604.134347658513,2482.7388557024965,0
2026-03-18,sh688268,-56846.490066225233,-56846.490066225233,0,23202.649006622516,23202.649006622516
2026-03-18,sz300054,61615.69345152966,61615.69345152966,0,38509.808407206176,38509.808407206176
2026-03-18,sz300776,-9086.7349280607013,-9086.7349280607013,0,7833.3921793626969,7833.3921793626969
2026-03-19,sh688268,267758.56953642366,267758.56953642366,0,23202.649006622516,23202.649006622516
2026-03-19,sz300054,-55839.222190448789,-55839.222190448789,0,38509.808407206176,38509.808407206176
2026-03-19,sz300776,-13116.443733943162,-26163.529879071433,13047.086145128271,7833.3921793626969,0
2026-03-20,sh688268,-62647.152317880857,-62647.152317880857,0,23202.649006622516,23202.649006622516
2026-03-20,sz300054,-14633.727194738445,-14633.727194738445,0,38509.808407206176,38509.808407206176
2026-03-20,sz300502,36460.39205387752,0,36460.39205387752,0,6032.8804575923641
2026-03-23,sh688268,277503.68211920548,277503.68211920548,0,23202.649006622516,23202.649006622516
2026-03-23,sz300054,-133243.93708893339,-133243.93708893339,0,38509.808407206176,38509.808407206176
2026-03-23,sz300502,-71574.093748875661,-71574.093748875661,0,6032.8804575923641,6032.8804575923641
2026-03-24,sh688268,-696.07947019870187,-696.07947019870187,0,23202.649006622516,23202.649006622516
2026-03-24,sz300054,51988.241349728392,51988.241349728392,0,38509.808407206176,38509.808407206176
2026-03-24,sz300502,32577.554470998628,32577.554470998628,0,6032.8804575923641,6032.8804575923641
2026-03-25,sh688268,-8817.0066225164501,-8817.0066225164501,0,23202.649006622516,23202.649006622516
2026-03-25,sz300054,120920.79839862742,120920.79839862742,0,38509.808407206176,38509.808407206176
2026-03-25,sz300502,35334.580840118302,35334.580840118302,0,6032.8804575923641,6032.8804575923641
2026-03-26,sh688268,105108.00000000003,105108.00000000003,0,23202.649006622516,23202.649006622516
2026-03-26,sz300054,-52758.437517872364,-52758.437517872364,0,38509.808407206176,38509.808407206176
2026-03-26,sz300502,-82740.95547587912,-82740.95547587912,0,6032.8804575923641,6032.8804575923641
2026-03-27,sh688268,103019.76158940392,103019.76158940392,0,23202.649006622516,23202.649006622516
2026-03-27,sz300054,301916.89791249629,301916.89791249629,0,38509.808407206176,38509.808407206176
2026-03-27,sz300502,-41325.231134507834,-41325.231134507834,0,6032.8804575923641,6032.8804575923641
2026-03-30,sh688268,-48261.509933774796,-48261.509933774796,0,23202.649006622516,23202.649006622516
2026-03-30,sz300054,-41205.494995710622,-41205.494995710622,0,38509.808407206176,38509.808407206176
2026-03-30,sz300502,47273.651265693843,47273.651265693843,0,6032.8804575923641,6032.8804575923641
2026-03-31,sh688268,-174251.89403973523,-174251.89403973523,0,23202.649006622516,23202.649006622516
2026-03-31,sz300054,-103976.48269945651,-103976.48269945651,0,38509.808407206176,38509.808407206176
2026-03-31,sz300502,-66964.973079275034,-66964.973079275034,0,6032.8804575923641,6032.8804575923641
2026-04-01,sh688268,-46405.298013245032,-46405.298013245032,0,23202.649006622516,23202.649006622516
2026-04-01,sz300054,-23105.885044323761,-23105.885044323761,0,38509.808407206176,38509.808407206176
2026-04-01,sz300502,76533.1214850166,76533.1214850166,0,6032.8804575923641,6032.8804575923641
2026-04-02,sh688268,150817.21854304636,150817.21854304636,0,23202.649006622516,23202.649006622516
2026-04-02,sz300054,-45056.475836431295,-45056.475836431295,0,38509.808407206176,38509.808407206176
2026-04-02,sz300502,-56491.892604894754,-56491.892604894754,0,6032.8804575923641,6032.8804575923641
2026-04-03,sh688268,220889.21854304627,220889.21854304627,0,23202.649006622516,23202.649006622516
2026-04-03,sz300054,85491.774663997669,85491.774663997669,0,38509.808407206176,38509.808407206176
2026-04-03,sz300502,33651.407192450053,33651.407192450053,0,6032.8804575923641,6032.8804575923641
2026-04-07,sh688268,47565.430463576093,47565.430463576093,0,23202.649006622516,23202.649006622516
2026-04-07,sz300054,-9627.4521018015439,-9627.4521018015439,0,38509.808407206176,38509.808407206176
2026-04-07,sz300502,14653.866631491694,14653.866631491694,0,6032.8804575923641,6032.8804575923641
2026-04-08,sh688268,-272167.07284768188,-272167.07284768188,0,23202.649006622516,23202.649006622516
2026-04-08,sz300054,87417.265084358136,87417.265084358136,0,38509.808407206176,38509.808407206176
2026-04-08,sz300502,184431.18846905633,184431.18846905633,0,6032.8804575923641,6032.8804575923641
2026-04-09,sh688268,48474.459113016812,156849.90728476801,-108375.4481717512,23202.649006622516,0
2026-04-09,sz300054,22335.688876179516,22335.688876179516,0,38509.808407206176,38509.808407206176
2026-04-09,sz300502,-49554.080078663668,-49554.080078663668,0,6032.8804575923641,6032.8804575923641
2026-04-10,sh688019,-20888.303157667331,-0,-20888.303157667331,0,5463.6154822396265
2026-04-10,sh688409,-37904.130894927825,-0,-37904.130894927825,0,11404
2026-04-10,sz300054,-13093.334858450231,-13093.334858450231,0,38509.808407206176,38509.808407206176
2026-04-10,sz300502,140047.28694254914,140047.28694254914,0,6032.8804575923641,6032.8804575923641
2026-04-13,sh688019,-41982.421365529277,-41982.421365529277,0,5463.6154822396265,5463.6154822396265
2026-04-13,sh688409,-39457.839999999931,-39457.839999999931,0,11404,11404
2026-04-13,sz300054,-12708.236774377972,-12708.236774377972,0,38509.808407206176,38509.808407206176
2026-04-13,sz300502,-42145.702876740193,-42145.702876740193,0,6032.8804575923641,6032.8804575923641
2026-04-14,sh688019,27400.031643431652,27400.031643431652,0,5463.6154822396265,5463.6154822396265
2026-04-14,sh688409,124759.75999999998,124759.75999999998,0,11404,11404
2026-04-14,sz300054,52758.437517872633,52758.437517872633,0,38509.808407206176,38509.808407206176
2026-04-14,sz300502,31370.978379480224,31370.978379480224,0,6032.8804575923641,6032.8804575923641
2026-04-15,sh688019,-41818.51290106208,-41818.51290106208,0,5463.6154822396265,5463.6154822396265
2026-04-15,sh688409,-27141.52000000011,-27141.52000000011,0,11404,11404
2026-04-15,sz300054,-46981.966256791762,-46981.966256791762,0,38509.808407206176,38509.808407206176
2026-04-15,sz300502,-99192.620483733699,-99192.620483733699,0,6032.8804575923641,6032.8804575923641
2026-04-16,sh688019,6725.71065863695,6725.71065863695,0,5463.6154822396265,5463.6154822396265
2026-04-16,sh688409,-11175.919999999884,-11175.919999999884,0,11404,11404
2026-04-16,sz300054,-1925.4904203601993,-1925.4904203601993,0,38509.808407206176,38509.808407206176
2026-04-16,sz300502,174603.62620363824,174603.62620363824,0,6032.8804575923641,6032.8804575923641
2026-04-17,sh688019,-35513.500634557575,-35513.500634557575,0,5463.6154822396265,5463.6154822396265
2026-04-17,sh688409,114.03999999989628,114.03999999989628,0,11404,11404
2026-04-17,sz300054,46981.966256791493,46981.966256791493,0,38509.808407206176,38509.808407206176
2026-04-17,sz300502,221925.54051299271,221925.54051299271,0,6032.8804575923641,6032.8804575923641
2026-04-20,sh688019,5419.9065583816564,5419.9065583816564,0,5463.6154822396265,5463.6154822396265
2026-04-20,sh688409,24746.680000000018,24746.680000000018,0,11404,11404
2026-04-20,sz300054,-18484.708035458843,-18484.708035458843,0,38509.808407206176,38509.808407206176
2026-04-20,sz300502,-25850.89276078343,-25850.89276078343,0,6032.8804575923641,6032.8804575923641
2026-04-21,sh688019,-3698.8676814761861,-3698.8676814761861,0,5463.6154822396265,5463.6154822396265
2026-04-21,sh688409,-12772.47999999989,-12772.47999999989,0,11404,11404
2026-04-21,sz300054,-8472.1578495853155,-8472.1578495853155,0,38509.808407206176,38509.808407206176
2026-04-21,sz300502,-25923.63995610032,-19395.710671159301,-6527.9292849410213,6032.8804575923641,0
2026-04-22,sh688019,14292.818101538938,14292.818101538938,0,5463.6154822396265,5463.6154822396265
2026-04-22,sh688256,32415.345992991239,0,32415.345992991239,0,2783.5089581800689
2026-04-22,sh688409,30220.599999999904,30220.599999999904,0,11404,11404
2026-04-22,sz300054,87417.265084357859,87417.265084357859,0,38509.808407206176,38509.808407206176
2026-04-23,sh688019,-16980.91691880078,-16980.91691880078,0,5463.6154822396265,5463.6154822396265
2026-04-23,sh688256,-26153.85017105981,-26153.85017105981,0,2783.5089581800689,2783.5089581800689
2026-04-23,sh688409,-4105.4399999999932,-4105.4399999999932,0,11404,11404
2026-04-23,sz300054,53143.535601944619,53143.535601944619,0,38509.808407206176,38509.808407206176
2026-04-24,sh688019,5676.6964860469025,5676.6964860469025,0,5463.6154822396265,5463.6154822396265
2026-04-24,sh688256,55107.91035404901,55107.91035404901,0,2783.5089581800689,2783.5089581800689
2026-04-24,sh688409,14939.240000000025,14939.240000000025,0,11404,11404
2026-04-24,sz300054,40435.298827566374,40435.298827566374,0,38509.808407206176,38509.808407206176
2026-04-27,sh688019,42359.4108338039,42359.4108338039,0,5463.6154822396265,5463.6154822396265
2026-04-27,sh688256,7885.6808785240519,7885.6808785240519,0,2783.5089581800689,2783.5089581800689
2026-04-27,sh688409,189762.56,189762.56,0,11404,11404
2026-04-27,sz300054,-26571.767800972175,-26571.767800972175,0,38509.808407206176,38509.808407206176
2026-04-28,sh688019,7146.4090507693918,7146.4090507693918,0,5463.6154822396265,5463.6154822396265
2026-04-28,sh688256,33215.612397962745,33215.612397962745,0,2783.5089581800689,2783.5089581800689
2026-04-28,sh688409,-12889.133568719953,-67511.680000000022,54622.546431280069,11404,0
2026-04-28,sz300054,111293.34629682587,111293.34629682587,0,38509.808407206176,38509.808407206176
2026-04-29,sh688019,-54466.782742446805,-54466.782742446805,0,5463.6154822396265,5463.6154822396265
2026-04-29,sh688256,78703.715792541392,78703.715792541392,0,2783.5089581800689,2783.5089581800689
2026-04-29,sh688347,-30183.356139784119,-0,-30183.356139784119,0,9994
2026-04-29,sz300054,-8857.2559336575741,-8857.2559336575741,0,38509.808407206176,38509.808407206176
2026-04-30,sh688019,22105.788241141487,22105.788241141487,0,5463.6154822396265,5463.6154822396265
2026-04-30,sh688256,529295.36243377277,529295.36243377277,0,2783.5089581800689,2783.5089581800689
2026-04-30,sh688347,88346.960000000036,88346.960000000036,0,9994,9994
2026-04-30,sz300054,130548.25050042896,130548.25050042896,0,38509.808407206176,38509.808407206176
2026-05-06,sh688019,40556.41772466476,40556.41772466476,0,5463.6154822396265,5463.6154822396265
2026-05-06,sh688256,233592.07177047158,233592.07177047158,0,2783.5089581800689,2783.5089581800689
2026-05-06,sh688347,109934,109934,0,9994,9994
2026-05-06,sz300054,89342.755504718341,89342.755504718341,0,38509.808407206176,38509.808407206176
2026-05-07,sh688019,25892.073770333613,25892.073770333613,0,5463.6154822396265,5463.6154822396265
2026-05-07,sh688256,80329.285024118391,80329.285024118391,0,2783.5089581800689,2783.5089581800689
2026-05-07,sh688347,139116.47999999986,139116.47999999986,0,9994,9994
2026-05-07,sz300054,158660.41063768961,158660.41063768961,0,38509.808407206176,38509.808407206176
2026-05-08,sh688019,-42069.839213245221,-42069.839213245221,0,5463.6154822396265,5463.6154822396265
2026-05-08,sh688256,-195277.07096112266,-195277.07096112266,0,2783.5089581800689,2783.5089581800689
2026-05-08,sh688347,-69558.239999999802,-69558.239999999802,0,9994,9994
2026-05-08,sz300054,-177530.21675722045,-177530.21675722045,0,38509.808407206176,38509.808407206176
2026-05-11,sh688019,59679.071912503452,59679.071912503452,0,5463.6154822396265,5463.6154822396265
2026-05-11,sh688256,48627.901499405882,48627.901499405882,0,2783.5089581800689,2783.5089581800689
2026-05-11,sh688347,54467.299999999886,54467.299999999886,0,9994,9994
2026-05-11,sz300054,145567.07577923939,145567.07577923939,0,38509.808407206176,38509.808407206176
2026-05-12,sh688019,5463.6154822396265,5463.6154822396265,0,5463.6154822396265,5463.6154822396265
2026-05-12,sh688256,216751.84257348167,216751.84257348167,0,2783.5089581800689,2783.5089581800689
2026-05-12,sh688347,-37477.5,-37477.5,0,9994,9994
2026-05-12,sz300054,-118610.20989419495,-118610.20989419495,0,38509.808407206176,38509.808407206176
2026-05-13,sh688019,65142.687394743079,65142.687394743079,0,5463.6154822396265,5463.6154822396265
2026-05-13,sh688256,108584.6844586051,108584.6844586051,0,2783.5089581800689,2783.5089581800689
2026-05-13,sh688347,-399.75999999992047,-399.75999999992047,0,9994,9994
2026-05-13,sz300054,327333.37146125251,327333.37146125251,0,38509.808407206176,38509.808407206176
2026-05-14,sh688019,-67246.179355405286,-67246.179355405286,0,5463.6154822396265,5463.6154822396265
2026-05-14,sh688256,-156711.55434553837,-156711.55434553837,0,2783.5089581800689,2783.5089581800689
2026-05-14,sh688347,-27583.439999999908,-27583.439999999908,0,9994,9994
2026-05-14,sz300054,-150573.35087217655,-150573.35087217655,0,38509.808407206176,38509.808407206176
2026-05-15,sh688019,24378.652281753155,24378.652281753155,0,5463.6154822396265,5463.6154822396265
2026-05-15,sh688256,-143573.39206292774,-143573.39206292774,0,2783.5089581800689,2783.5089581800689
2026-05-15,sh688347,-77653.380000000107,-77653.380000000107,0,9994,9994
2026-05-15,sz300054,7701.9616814413448,7701.9616814413448,0,38509.808407206176,38509.808407206176
2026-05-18,sh688019,49423.865652339773,49423.865652339773,0,5463.6154822396265,5463.6154822396265
2026-05-18,sh688256,22240.236575858777,22240.236575858777,0,2783.5089581800689,2783.5089581800689
2026-05-18,sh688347,-22886.259999999922,-22886.259999999922,0,9994,9994
2026-05-18,sz300054,114374.13096940229,114374.13096940229,0,38509.808407206176,38509.808407206176
2026-05-19,sh688019,64891.361082559939,64891.361082559939,0,5463.6154822396265,5463.6154822396265
2026-05-19,sh688256,284502.45061558497,284502.45061558497,0,2783.5089581800689,2783.5089581800689
2026-05-19,sh688347,19388.359999999979,19388.359999999979,0,9994,9994
2026-05-19,sz300054,167902.7646554189,167902.7646554189,0,38509.808407206176,38509.808407206176
2026-05-20,sh688019,83380.235874459075,83380.235874459075,0,5463.6154822396265,5463.6154822396265
2026-05-20,sh688256,120275.42208296088,120275.42208296088,0,2783.5089581800689,2783.5089581800689
2026-05-20,sh688347,280431.64000000001,280431.64000000001,0,9994,9994
2026-05-20,sz300054,-6546.6674292251155,-6546.6674292251155,0,38509.808407206176,38509.808407206176
2026-05-21,sh688019,-80063.821276739618,-80063.821276739618,0,5463.6154822396265,5463.6154822396265
2026-05-21,sh688256,-199048.72559945669,-199048.72559945669,0,2783.5089581800689,2783.5089581800689
2026-05-21,sh688347,-87947.200000000114,-87947.200000000114,0,9994,9994
2026-05-21,sz300054,-148647.86045181582,-148647.86045181582,0,38509.808407206176,38509.808407206176
2026-05-22,sh688019,26897.379019065691,26897.379019065691,0,5463.6154822396265,5463.6154822396265
2026-05-22,sh688256,-13639.193895082592,-13639.193895082592,0,2783.5089581800689,2783.5089581800689
2026-05-22,sh688347,99940,99940,0,9994,9994
2026-05-22,sz300054,770.19616814451751,770.19616814451751,0,38509.808407206176,38509.808407206176
2026-05-25,sh688019,75780.346738663648,75780.346738663648,0,5463.6154822396265,5463.6154822396265
2026-05-25,sh688256,335412.8294606983,335412.8294606983,0,2783.5089581800689,2783.5089581800689
2026-05-25,sh688347,357785.20000000013,357785.20000000013,0,9994,9994
2026-05-25,sz300054,154039.2336288247,154039.2336288247,0,38509.808407206176,38509.808407206176
2026-05-26,sh688019,42364.874449286013,42364.874449286013,0,5463.6154822396265,5463.6154822396265
2026-05-26,sh688256,12414.449953483208,12414.449953483208,0,2783.5089581800689,2783.5089581800689
2026-05-26,sh688347,76154.279999999766,76154.279999999766,0,9994,9994
2026-05-26,sz300054,98200.011438375645,98200.011438375645,0,38509.808407206176,38509.808407206176
2026-05-27,sh688019,-111042.52106103807,-111042.52106103807,0,5463.6154822396265,5463.6154822396265
2026-05-27,sh688256,-197517.79567245778,-197517.79567245778,0,2783.5089581800689,2783.5089581800689
2026-05-27,sh688347,-68059.139999999737,-68059.139999999737,0,9994,9994
2026-05-27,sz300054,-236835.32170431819,-236835.32170431819,0,38509.808407206176,38509.808407206176
2026-05-28,sh688019,-41523.477665021128,-41523.477665021128,0,5463.6154822396265,5463.6154822396265
2026-05-28,sh688256,143350.71134627354,143350.71134627354,0,2783.5089581800689,2783.5089581800689
2026-05-28,sh688347,17059.892439287622,340195.75999999989,-323135.86756071227,9994,0
2026-05-28,sz300054,44671.377752359032,44671.377752359032,0,38509.808407206176,38509.808407206176
2026-05-29,sh688019,-78883.680332575823,-78883.680332575823,0,5463.6154822396265,5463.6154822396265
2026-05-29,sh688256,-226855.98009167562,-226855.98009167562,0,2783.5089581800689,2783.5089581800689
2026-05-29,sz300054,-285742.77838146937,-285742.77838146937,0,38509.808407206176,38509.808407206176
2026-05-29,sz300308,-54611.476919999302,-0,-54611.476919999302,0,1800
2026-06-01,sh688019,-68213.239295761654,-68213.239295761654,0,5463.6154822396265,5463.6154822396265
2026-06-01,sh688256,-200412.64498896495,-200412.64498896495,0,2783.5089581800689,2783.5089581800689
2026-06-01,sz300054,28902.766950573983,-50832.947097512435,79735.714048086418,38509.808407206176,0
2026-06-01,sz300308,-56088.000000000146,-56088.000000000146,0,1800,1800
2026-06-02,sh688019,25974.028002567135,25974.028002567135,0,5463.6154822396265,5463.6154822396265
2026-06-02,sh688256,172577.55540716427,172577.55540716427,0,2783.5089581800689,2783.5089581800689
2026-06-02,sz300223,-17394.717274299703,-0,-17394.717274299703,0,18500
2026-06-02,sz300308,111257.9999999999,111257.9999999999,0,1800,1800
2026-06-03,sh688019,20259.086208144527,20259.086208144527,0,5463.6154822396265,5463.6154822396265
2026-06-03,sh688256,217392.04963386312,217392.04963386312,0,2783.5089581800689,2783.5089581800689
2026-06-03,sz300223,38665.000000000065,38665.000000000065,0,18500,18500
2026-06-03,sz300308,149742.00000000009,149742.00000000009,0,1800,1800
2026-06-04,sh688019,15085.042346463586,15085.042346463586,0,5463.6154822396265,5463.6154822396265
2026-06-04,sh688256,-53443.37199705682,-53443.37199705682,0,2783.5089581800689,2783.5089581800689
2026-06-04,sz300223,111924.99999999968,111924.99999999968,0,18500,18500
2026-06-04,sz300308,9000,9000,0,1800,1800
2026-06-05,sh688019,-40305.091412481619,-40305.091412481619,0,5463.6154822396265,5463.6154822396265
2026-06-05,sh688256,-166175.48480335023,-166175.48480335023,0,2783.5089581800689,2783.5089581800689
2026-06-05,sz300223,-204424.99999999968,-204424.99999999968,0,18500,18500
2026-06-05,sz300308,-180017.99999999997,-180017.99999999997,0,1800,1800
2026-06-08,sh688019,-55559.505838894824,-55559.505838894824,0,5463.6154822396265,5463.6154822396265
2026-06-08,sh688256,-135946.57751751496,-135946.57751751496,0,2783.5089581800689,2783.5089581800689
2026-06-08,sz300223,183149.99999999959,183149.99999999959,0,18500,18500
2026-06-08,sz300308,-45000,-45000,0,1800,1800
2026-06-09,sh688019,81872.278001360872,81872.278001360872,0,5463.6154822396265,5463.6154822396265
2026-06-09,sh688256,54695.951028238611,54695.951028238611,0,2783.5089581800689,2783.5089581800689
2026-06-09,sz300223,196654.99999999991,196654.99999999991,0,18500,18500
2026-06-09,sz300308,45017.999999999985,45017.999999999985,0,1800,1800
2026-06-10,sh688019,10757.858884529793,10757.858884529793,0,5463.6154822396265,5463.6154822396265
2026-06-10,sh688256,-108584.68445860446,-108584.68445860446,0,2783.5089581800689,2783.5089581800689
2026-06-10,sz300223,-202389.99999999997,-202389.99999999997,0,18500,18500
2026-06-10,sz300308,-59400,-59400,0,1800,1800
2026-06-11,sh688019,76763.797525466653,76763.797525466653,0,5463.6154822396265,5463.6154822396265
2026-06-11,sh688256,-32010.353019070793,-32010.353019070793,0,2783.5089581800689,2783.5089581800689
2026-06-11,sz300223,-64009.999999999622,-64009.999999999622,0,18500,18500
2026-06-11,sz300308,-41400,-41400,0,1800,1800
2026-06-12,sh688019,-29776.704378205901,-29776.704378205901,0,5463.6154822396265,5463.6154822396265
2026-06-12,sh688256,57061.933642691416,57061.933642691416,0,2783.5089581800689,2783.5089581800689
2026-06-12,sz300223,2034.9999999997267,2034.9999999997267,0,18500,18500
2026-06-12,sz300308,45000,45000,0,1800,1800
2026-06-15,sh688019,47369.546231017492,47369.546231017492,0,5463.6154822396265,5463.6154822396265
2026-06-15,sh688256,264433.35102710658,264433.35102710658,0,2783.5089581800689,2783.5089581800689
2026-06-15,sz300223,345950.00000000029,345950.00000000029,0,18500,18500
2026-06-15,sz300308,172800,172800,0,1800,1800
2026-06-16,sh688019,-4316.2562309692612,-4316.2562309692612,0,5463.6154822396265,5463.6154822396265
2026-06-16,sh688256,-77966.085918623707,-77966.085918623707,0,2783.5089581800689,2783.5089581800689
2026-06-16,sz300223,-42180.000000000022,-42180.000000000022,0,18500,18500
2026-06-16,sz300308,5561.9999999998527,5561.9999999998527,0,1800,1800
2026-06-17,sh688019,69606.461243732891,69606.461243732891,0,5463.6154822396265,5463.6154822396265
2026-06-17,sh688256,36213.451545922675,36213.451545922675,0,2783.5089581800689,2783.5089581800689
2026-06-17,sz300223,179079.99999999959,179079.99999999959,0,18500,18500
2026-06-17,sz300308,50435.999999999971,50435.999999999971,0,1800,1800
2026-06-18,sh688019,2021.5377284286867,2021.5377284286867,0,5463.6154822396265,5463.6154822396265
2026-06-18,sh688256,521796.58930043585,521796.58930043585,0,2783.5089581800689,2783.5089581800689
2026-06-18,sz300223,265475.00000000041,265475.00000000041,0,18500,18500
2026-06-18,sz300308,165186.00000000038,165186.00000000038,0,1800,1800
2026-06-22,sh688019,61247.129555906104,61247.129555906104,0,5463.6154822396265,5463.6154822396265
2026-06-22,sh688256,-140483.69711934816,-140483.69711934816,0,2783.5089581800689,2783.5089581800689
2026-06-22,sz300223,123949.9999999998,123949.9999999998,0,18500,18500
2026-06-22,sz300308,26009.999999999673,26009.999999999673,0,1800,1800
2026-06-23,sh688019,-60646.13185285982,-60646.13185285982,0,5463.6154822396265,5463.6154822396265
2026-06-23,sh688256,-122446.55907034126,-122446.55907034126,0,2783.5089581800689,2783.5089581800689
2026-06-23,sz300223,23125,23125,0,18500,18500
2026-06-23,sz300308,-130175.99999999988,-130175.99999999988,0,1800,1800
2026-06-24,sh688019,99437.801776761291,99437.801776761291,0,5463.6154822396265,5463.6154822396265
2026-06-24,sh688256,111340.35832720276,111340.35832720276,0,2783.5089581800689,2783.5089581800689
2026-06-24,sz300223,70300.000000000204,70300.000000000204,0,18500,18500
2026-06-24,sz300308,3906.000000000131,3906.000000000131,0,1800,1800
2026-06-25,sh688019,23220.365799518411,23220.365799518411,0,5463.6154822396265,5463.6154822396265
2026-06-25,sh688256,144742.46582536359,144742.46582536359,0,2783.5089581800689,2783.5089581800689
2026-06-25,sz300223,731860,731860,0,18500,18500
2026-06-25,sz300308,20196.000000000051,20196.000000000051,0,1800,1800
2026-06-26,sh688019,32399.239809681021,32399.239809681021,0,5463.6154822396265,5463.6154822396265
2026-06-26,sh688256,-130824.92103446324,-130824.92103446324,0,2783.5089581800689,2783.5089581800689
2026-06-26,sz300223,-76775.000000000102,-76775.000000000102,0,18500,18500
2026-06-26,sz300308,-125117.99999999999,-125117.99999999999,0,1800,1800
2026-06-29,sh688019,42739.060689438003,165656.82142150545,-122917.76073206744,5463.6154822396265,0
2026-06-29,sh688256,66804.214996321651,66804.214996321651,0,2783.5089581800689,2783.5089581800689
2026-06-29,sz300223,163540.00000000006,163540.00000000006,0,18500,18500
2026-06-29,sz300308,-61002.000000000182,-61002.000000000182,0,1800,1800
2026-06-30,sh688249,-25613.19865457129,-0,-25613.19865457129,0,25989
2026-06-30,sh688256,316067.44220134668,316067.44220134668,0,2783.5089581800689,2783.5089581800689
2026-06-30,sz300223,126724.9999999999,126724.9999999999,0,18500,18500
2026-06-30,sz300308,90000,90000,0,1800,1800
2026-07-01,sh688249,58475.25,58475.25,0,25989,25989
2026-07-01,sh688256,-306798.35737060726,-306798.35737060726,0,2783.5089581800689,2783.5089581800689
2026-07-01,sz300223,187775.00000000012,187775.00000000012,0,18500,18500
2026-07-01,sz300308,-84293.999999999869,-84293.999999999869,0,1800,1800
2026-07-02,sh688249,-22090.650000000038,-22090.650000000038,0,25989,25989
2026-07-02,sh688256,-315455.07023054699,-315455.07023054699,0,2783.5089581800689,2783.5089581800689
2026-07-02,sz300223,-451030.00000000047,-451030.00000000047,0,18500,18500
2026-07-02,sz300308,-144306.00000000012,-144306.00000000012,0,1800,1800
2026-07-03,sh688249,17412.630000000045,17412.630000000045,0,25989,25989
2026-07-03,sh688256,-52886.670205421309,-52886.670205421309,0,2783.5089581800689,2783.5089581800689
2026-07-03,sz300223,72141.84579940082,460465.00000000029,-388323.15420059947,18500,0
2026-07-03,sz300308,-48600,-48600,0,1800,1800
2026-07-06,sh688037,107363.48939831117,0,107363.48939831117,0,12194.214361596176
2026-07-06,sh688249,9875.8199999998815,9875.8199999998815,0,25989,25989
2026-07-06,sh688256,46623.775049516153,46623.775049516153,0,2783.5089581800689,2783.5089581800689
2026-07-06,sz300308,-30743.999999999869,-30743.999999999869,0,1800,1800
2026-07-07,sh688037,137062.96942434114,137062.96942434114,0,12194.214361596176,12194.214361596176
2026-07-07,sh688249,-35864.819999999883,-35864.819999999883,0,25989,25989
2026-07-07,sh688256,50799.038486786259,50799.038486786259,0,2783.5089581800689,2783.5089581800689
2026-07-07,sz300308,41364.000000000029,41364.000000000029,0,1800,1800
2026-07-08,sh688037,292661.14467830822,292661.14467830822,0,12194.214361596176,12194.214361596176
2026-07-08,sh688249,-41322.510000000089,-41322.510000000089,0,25989,25989
2026-07-08,sh688256,71118.653881500635,71118.653881500635,0,2783.5089581800689,2783.5089581800689
2026-07-08,sz300308,11609.999999999673,11609.999999999673,0,1800,1800
2026-07-09,sh688037,312415.7719440941,312415.7719440941,0,12194.214361596176,12194.214361596176
2026-07-09,sh688249,174126.2999999999,174126.2999999999,0,25989,25989
2026-07-09,sh688256,338084.9980605513,338084.9980605513,0,2783.5089581800689,2783.5089581800689
2026-07-09,sz300308,119790.00000000032,119790.00000000032,0,1800,1800
2026-07-10,sh688037,-590078.03295763873,-590078.03295763873,0,12194.214361596176,12194.214361596176
2026-07-10,sh688249,-288218.00999999989,-288218.00999999989,0,25989,25989
2026-07-10,sh688256,-375801.54444389109,-375801.54444389109,0,2783.5089581800689,2783.5089581800689
2026-07-10,sz300308,-181656.00000000012,-181656.00000000012,0,1800,1800
2026-07-13,sh688037,-34148.470978979618,-63775.741111148222,29627.270132168604,12194.214361596176,0
2026-07-13,sh688249,-17262.083571677875,-78746.669999999838,61484.586428321963,25989,0
2026-07-13,sh688256,52606.694475218603,-27835.08958180069,80441.784057019293,2783.5089581800689,0
2026-07-13,sz300308,7370.6731336798111,25235.999999999967,-17865.326866320156,1800,0
2026-07-14,sh600206,-26387.879845880758,-0,-26387.879845880758,0,55344.868577466652
2026-07-14,sh688072,155568.05511519988,0,155568.05511519988,0,3536
2026-07-14,sh688082,-48565.628036848539,-0,-48565.628036848539,0,7499.8059200488251
2026-07-14,sz002409,-87737.054422399291,-0,-87737.054422399291,0,15799.999999999998
2026-07-15,sh600206,-275617.44551578414,-275617.44551578414,0,55344.868577466652,55344.868577466652
2026-07-15,sh688072,-268771.35999999999,-268771.35999999999,0,3536,3536
2026-07-15,sh688082,-266318.1082209337,-266318.1082209337,0,7499.8059200488251,7499.8059200488251
2026-07-15,sz002409,-255801.99999999994,-255801.99999999994,0,15799.999999999998,15799.999999999998
2026-07-16,sh600206,-98556.007348806437,-213631.19270902124,115075.1853602148,55344.868577466652,0
2026-07-16,sh688072,-142405.59880385274,-183872,41466.40119614725,3536,0
2026-07-16,sh688082,-172640.54734152451,-224244.19700945969,51603.649667935199,7499.8059200488251,0
2026-07-16,sz002409,-65642.160900479823,-241740.00000000015,176097.83909952032,15799.999999999998,0
2026-07-17,sh688498,-328734.03973499907,-0,-328734.03973499907,0,3417
2026-07-20,sh688498,106018.86399479921,-863065.85999999975,969084.72399479896,3417,0
2026-07-22,sh688012,-35537.380537666155,-0,-35537.380537666155,0,12477
2026-07-22,sh688041,-100826.37155547873,-0,-100826.37155547873,0,14771
2026-07-23,sh688012,-221965.83000000025,-221965.83000000025,0,12477,12477
2026-07-23,sh688041,-289511.60000000033,-289511.60000000033,0,14771,14771
2026-07-23,sz002371,-7720.1427120599528,-0,-7720.1427120599528,0,300
2026-07-24,sh688012,165944.10000000015,165944.10000000015,0,12477,12477
2026-07-24,sh688041,33677.879999999597,33677.879999999597,0,14771,14771
2026-07-24,sz002371,5100,5100,0,300,300
2026-07-27,sh688012,140615.78999999978,140615.78999999978,0,12477,12477
2026-07-27,sh688041,-10191.989999999967,-10191.989999999967,0,14771,14771
2026-07-27,sz002371,3900,3900,0,300,300
2026-07-28,sh688012,-209239.28999999978,-209239.28999999978,0,12477,12477
2026-07-28,sh688041,-226144.01000000004,-226144.01000000004,0,14771,14771
2026-07-28,sz002371,-16500,-16500,0,300,300
2026-07-29,sh688012,-286971,-286971,0,12477,12477
2026-07-29,sh688041,-210929.8799999996,-210929.8799999996,0,14771,14771
2026-07-29,sz002371,-2583.0000000000041,-2583.0000000000041,0,300,300
2026-07-30,sh688012,-168439.5,-168439.5,0,12477,12477
2026-07-30,sh688041,1172.159806896525,-156277.17999999976,157449.33980689629,14771,0
2026-07-30,sz002371,-11495.999999999982,-11495.999999999982,0,300,300
2026-07-31,sh688012,-31192.5,-31192.5,0,12477,12477
2026-07-31,sz002371,5678.9999999999854,5678.9999999999854,0,300,300
2026-08-03,sh688012,-51517.139260814874,-426089.5499999997,374572.41073918482,12477,0
2026-08-03,sz002371,-961.52381999998579,-13710.000000000015,12748.476180000029,300,0
2026-08-13,bj920045,-198159.03701307377,-0,-198159.03701307377,0,5645
2026-08-14,bj920045,118488.55000000005,118488.55000000005,0,5645,5645
2026-08-14,sh688498,1539.9657141121781,0,1539.9657141121781,0,1440
2026-08-17,bj920045,138246.05000000005,138246.05000000005,0,5645,5645
2026-08-17,sh688498,109454.39999999999,109454.39999999999,0,1440,1440
2026-08-18,bj920045,-96416.600000000224,-96416.600000000224,0,5645,5645
2026-08-18,sh688498,26625.600000000013,26625.600000000013,0,1440,1440
2026-08-19,bj920045,-188542.99999999988,-188542.99999999988,0,5645,5645
2026-08-19,sh688019,-123548.69512271963,-0,-123548.69512271963,0,7873
2026-08-19,sh688498,-137376.00000000012,-137376.00000000012,0,1440,1440
2026-08-20,bj920045,47299.388840600004,214792.25000000006,-167492.86115940005,5645,0
2026-08-20,sh688019,58957.859602898599,-1810.7899999999195,60768.64960289852,7873,0
2026-08-20,sh688498,38736.000000000131,38736.000000000131,0,1440,1440
2026-08-21,sh688120,-51770.866978545084,-0,-51770.866978545084,0,7395
2026-08-21,sh688498,60480,60480,0,1440,1440
2026-08-21,sz300394,-25259.683395000233,-0,-25259.683395000233,0,7500
2026-08-24,sh688120,-37270.799999999734,-37270.799999999734,0,7395,7395
2026-08-24,sh688498,-66240,-66240,0,1440,1440
2026-08-24,sz300394,-176849.99999999988,-176849.99999999988,0,7500,7500
2026-08-25,sh688120,-22588.48973778636,-30763.200000000186,8174.7102622138264,7395,0
2026-08-25,sh688498,-62839.958400000003,17280,-80119.958400000003,1440,0
2026-08-25,sz300394,-3291.9778500000684,57000.000000000167,-60291.977850000236,7500,0
2026-08-28,sh688825,895.81269026030361,-0,895.81269026030361,0,34094
2026-08-31,sh601869,61380.095090000235,-0,61380.095090000235,0,4700
2026-08-31,sh688825,-20115.460000000116,-20115.460000000116,0,34094,34094
2026-09-01,sh601869,-87138.000000000102,-87138.000000000102,0,4700,4700
2026-09-01,sh688825,-51481.93999999993,-51481.93999999993,0,34094,34094
2026-09-02,sh601869,36519.000000000182,36519.000000000182,0,4700,4700
2026-09-02,sh688825,-74324.919999999984,-74324.919999999984,0,34094,34094
2026-09-03,sh601869,-67398.000000000146,-67398.000000000146,0,4700,4700
2026-09-03,sh688825,41935.619999999893,41935.619999999893,0,34094,34094
2026-09-04,sh601869,-68901.999999999854,-68901.999999999854,0,4700,4700
2026-09-04,sh688825,-25570.5,-25570.5,0,34094,34094
2026-09-07,sh601869,102036.9999999999,102036.9999999999,0,4700,4700
2026-09-07,sh688825,125124.98000000005,125124.98000000005,0,34094,34094
2026-09-08,sh601869,76798.000000000146,76798.000000000146,0,4700,4700
2026-09-08,sh688825,-2727.5199999999418,-2727.5199999999418,0,34094,34094
2026-09-09,sh601869,118345.99999999977,118345.99999999977,0,4700,4700
2026-09-09,sh688825,-51822.880000000107,-51822.880000000107,0,34094,34094
2026-09-10,sh601869,-29562.999999999829,-29562.999999999829,0,4700,4700
2026-09-10,sh688825,11251.020000000184,11251.020000000184,0,34094,34094
2026-09-11,sh601869,179775,179775,0,4700,4700
2026-09-11,sh688825,-16024.180000000204,-16024.180000000204,0,34094,34094
