date,symbol,pnl,carry,execution,units_before,units_after,log_contribution,carry_log_contribution,execution_log_contribution
2023-02-08,sh688256,-37364.02584025637,-0,-37364.02584025637,0,16893.771181488839,-0.018990506485165301,-0,-0.018990506485165301
2023-02-08,sz002281,-27260.684874962284,-0,-27260.684874962284,0,39846.997389033946,-0.013855418447715822,-0,-0.013855418447715822
2023-02-09,sh688256,48400.65443496556,48400.65443496556,0,16893.771181488839,16893.771181488839,0.02440903981617475,0.02440903981617475,0
2023-02-09,sz002281,47417.926892950447,47417.926892950447,0,39846.997389033946,39846.997389033946,0.023913438341741595,0.023913438341741595,0
2023-02-10,sh688256,456.13182190021593,456.13182190021593,0,16893.771181488839,16893.771181488839,0.00021929617534775794,0.00021929617534775794,0
2023-02-10,sz002281,97892.631134611016,81287.874673629223,16604.756460981793,39846.997389033946,49149.860272007325,0.047064200680226383,0.039081070783029984,0.0079831298971964042
2023-02-13,sh688256,95128.825522963656,95128.825522963656,0,16893.771181488839,16893.771181488839,0.043213371721810716,0.043213371721810716,0
2023-02-13,sz002281,50132.857477447447,50132.857477447447,0,49149.860272007325,49149.860272007325,0.022773431646399681,0.022773431646399681,0
2023-02-14,sh688256,-22907.953722098893,-22907.953722098893,0,16893.771181488839,16893.771181488839,-0.010145681637472276,-0.010145681637472276,0
2023-02-14,sz002281,-10812.969259841555,-10812.969259841555,0,49149.860272007325,49149.860272007325,-0.0047889455774609967,-0.0047889455774609967,0
2023-02-15,sh688256,41051.863971017876,41051.863971017876,0,16893.771181488839,16893.771181488839,0.01803162987667219,0.01803162987667219,0
2023-02-15,sz002281,30472.913368644589,30472.913368644589,0,49149.860272007325,49149.860272007325,0.013384929257176209,0.013384929257176209,0
2023-02-16,sh688256,-97510.847259553557,-97510.847259553557,0,16893.771181488839,16893.771181488839,-0.043852251779068201,-0.043852251779068201,0
2023-02-16,sz002281,-78148.277832491643,-78148.277832491643,0,49149.860272007325,49149.860272007325,-0.035144581879071324,-0.035144581879071324,0
2023-02-17,sh688256,-5659.4133457987755,-5659.4133457987755,0,16893.771181488839,16893.771181488839,-0.0026905121174789393,-0.0026905121174789393,0
2023-02-17,sz002281,-60945.826737289179,-60945.826737289179,0,49149.860272007325,49149.860272007325,-0.028973936930790624,-0.028973936930790624,0
2023-02-20,sh688256,27773.359822367624,27773.359822367624,0,16893.771181488839,16893.771181488839,0.013295481021204859,0.013295481021204859,0
2023-02-20,sz002281,9514.5721420009904,39319.888217605898,-29805.316075604907,49149.860272007325,0,0.0045547536973535195,0.018822959515760528,-0.014268205818407008
2023-02-21,sh688037,-10178.35053944098,-0,-10178.35053944098,0,6588.1677309147108,-0.0048040950440275164,-0,-0.0048040950440275164
2023-02-21,sh688256,32317.784270188095,32317.784270188095,0,16893.771181488839,16893.771181488839,0.015253719808994532,0.015253719808994532,0
2023-02-22,sh688037,15014.434258754602,15014.434258754602,0,6588.1677309147108,6588.1677309147108,0.0070418376909166143,0.0070418376909166143,0
2023-02-22,sh688256,-10203.837793619245,-10203.837793619245,0,16893.771181488839,16893.771181488839,-0.004785646154147366,-0.004785646154147366,0
2023-02-23,sh688037,-2701.1487696750091,-2701.1487696750091,0,6588.1677309147108,6588.1677309147108,-0.001270213605742133,-0.001270213605742133,0
2023-02-23,sh688256,-13379.866775739187,-13379.866775739187,0,16893.771181488839,16893.771181488839,-0.0062918744100147594,-0.0062918744100147594,0
2023-02-24,sh688037,-4822.5387790296572,-4822.5387790296572,0,6588.1677309147108,6588.1677309147108,-0.0022506849232873799,-0.0022506849232873799,0
2023-02-24,sh688256,53401.210704686244,53401.210704686244,0,16893.771181488839,16893.771181488839,0.024922412307177601,0.024922412307177601,0
2023-02-27,sh688037,-10778.242407776439,-10778.242407776439,0,6588.1677309147108,6588.1677309147108,-0.0050225516410774187,-0.0050225516410774187,0
2023-02-27,sh688256,-31304.157999298724,-31304.157999298724,0,16893.771181488839,16893.771181488839,-0.014587420117633134,-0.014587420117633134,0
2023-02-28,sh688037,9519.9023711718055,9519.9023711718055,0,6588.1677309147108,6588.1677309147108,0.0044842661719501986,0.0044842661719501986,0
2023-02-28,sh688256,-13599.48580109863,-13599.48580109863,0,16893.771181488839,16893.771181488839,-0.0064059180184929928,-0.0064059180184929928,0
2023-03-01,sh688037,-1324.221713913907,-1324.221713913907,0,6588.1677309147108,6588.1677309147108,-0.00061373807299656795,-0.00061373807299656795,0
2023-03-01,sh688256,75177.281757625387,75177.281757625387,0,16893.771181488839,16893.771181488839,0.034842473548235997,0.034842473548235997,0
2023-03-02,sh688037,-3188.6731817626846,-3188.6731817626846,0,6588.1677309147108,6588.1677309147108,-0.0014505334483291951,-0.0014505334483291951,0
2023-03-02,sh688256,10203.837793619245,10203.837793619245,0,16893.771181488839,16893.771181488839,0.0046417450699003139,0.0046417450699003139,0
2023-03-03,sh688037,25700.442318298261,25700.442318298261,0,6588.1677309147108,6588.1677309147108,0.011540044014455591,0.011540044014455591,0
2023-03-03,sh688256,25053.462662148017,25053.462662148017,0,16893.771181488839,16893.771181488839,0.011249536418673264,0.011249536418673264,0
2023-03-06,sh688037,40681.935738398322,40681.935738398322,0,6588.1677309147108,6588.1677309147108,0.018010267360227747,0.018010267360227747,0
2023-03-06,sh688256,-28111.235245997454,-28111.235245997454,0,16893.771181488839,16893.771181488839,-0.012445102560073135,-0.012445102560073135,0
2023-03-07,sh688037,-34080.591672021808,-34080.591672021808,0,6588.1677309147108,6588.1677309147108,-0.015290464890777055,-0.015290464890777055,0
2023-03-07,sh688256,-37994.091387168439,-37994.091387168439,0,16893.771181488839,16893.771181488839,-0.017046280358137031,-0.017046280358137031,0
2023-03-08,sh688037,-1676.9707637404008,12128.816792614036,-13805.787556354437,6588.1677309147108,0,-0.00076145042012076543,0.0055072472591617761,-0.0062686976792825418
2023-03-08,sh688256,20306.927713333062,24158.092789529033,-3851.1650761959709,16893.771181488839,0,0.0092206250538266043,0.010969296723381004,-0.0017486716695543987
2023-03-13,sh688037,-3942.9977915469372,-0,-3942.9977915469372,0,3242.8176795580112,-0.0017752958385683802,-0,-0.0017752958385683802
2023-03-13,sh688256,22712.39892553963,0,22712.39892553963,0,6399.9785418517704,0.01022603344664731,0,0.01022603344664731
2023-03-14,sh688037,1209.5709944751534,1209.5709944751534,0,3242.8176795580112,3242.8176795580112,0.00053847914559821883,0.00053847914559821883,0
2023-03-14,sh688256,30540.697601716638,30540.697601716638,0,6399.9785418517704,6399.9785418517704,0.013596166595977155,0.013596166595977155,0
2023-03-15,sh688037,-16204.359944751381,-16204.359944751381,0,3242.8176795580112,3242.8176795580112,-0.00718144501941237,-0.00718144501941237,0
2023-03-15,sh688256,4684.7842926354915,4684.7842926354915,0,6399.9785418517704,6399.9785418517704,0.0020762017716266321,0.0020762017716266321,0
2023-03-16,sh688037,-12527.004696132595,-12527.004696132595,0,3242.8176795580112,3242.8176795580112,-0.0056147748774632083,-0.0056147748774632083,0
2023-03-16,sh688256,-26532.87963454051,-6617.5778122746779,-19915.301822265832,6399.9785418517704,17510.172926301013,-0.01189239962884072,-0.0029660889056335122,-0.0089263107232072092
2023-03-17,sh688037,693.96298342541002,693.96298342541002,0,3242.8176795580112,3242.8176795580112,0.00029780400214808643,0.00029780400214808643,0
2023-03-17,sh688256,240799.89808249145,240799.89808249145,0,17510.172926301013,17510.172926301013,0.10333573270990626,0.10333573270990626,0
2023-03-20,sh688037,29.185359116023207,29.185359116023207,0,3242.8176795580112,3242.8176795580112,1.1566043557120275e-05,1.1566043557120275e-05,0
2023-03-20,sh688256,141832.40070303812,141832.40070303812,0,17510.172926301013,17510.172926301013,0.056207625125354335,0.056207625125354335,0
2023-03-21,sh688037,-7873.561325966888,-7873.561325966888,0,3242.8176795580112,3242.8176795580112,-0.0030264363118167417,-0.0030264363118167417,0
2023-03-21,sh688256,21152.288894971844,21152.288894971844,0,17510.172926301013,17510.172926301013,0.0081305082337590744,0.0081305082337590744,0
2023-03-22,sh688037,-7072.5853591160139,-7072.5853591160139,0,3242.8176795580112,3242.8176795580112,-0.0025814807769292407,-0.0025814807769292407,0
2023-03-22,sh688256,274419.43010098941,274419.43010098941,0,17510.172926301013,17510.172926301013,0.10016259227023652,0.10016259227023652,0
2023-03-23,sh688037,-4565.1562048900187,5924.6279005524802,-10489.784105442499,3242.8176795580112,0,-0.001566958700681311,0.0020335880790071704,-0.0036005467796884814
2023-03-23,sh688256,80494.264942205657,80494.264942205657,0,17510.172926301013,17510.172926301013,0.027629106901321126,0.027629106901321126,0
2023-03-24,sh688256,188024.23688262026,188024.23688262026,0,17510.172926301013,17510.172926301013,0.061757433554497962,0.061757433554497962,0
2023-03-27,sh688256,39835.643407334901,39835.643407334901,0,17510.172926301013,17510.172926301013,0.012608546114797343,0.012608546114797343,0
2023-03-28,sh688256,-169095.73994928881,-169095.73994928881,0,17510.172926301013,17510.172926301013,-0.054651771237112463,-0.054651771237112463,0
2023-03-29,sh688041,41014.174615171149,0,41014.174615171149,0,3947.4624631721576,0.013532722375459666,0,0.013532722375459666
2023-03-29,sh688256,0,0,0,17510.172926301013,17510.172926301013,0,0,0
2023-03-30,sh688041,7894.9249263443153,7894.9249263443153,0,3947.4624631721576,3947.4624631721576,0.0025639184410917665,0.0025639184410917665,0
2023-03-30,sh688256,48170.485720253921,48170.485720253921,0,17510.172926301013,17510.172926301013,0.015643618882604727,0.015643618882604727,0
2023-03-31,sh688041,2644.7998503253525,2644.7998503253525,0,3947.4624631721576,3947.4624631721576,0.00083532492611460387,0.00083532492611460387,0
2023-03-31,sh688256,115759.75321577607,115759.75321577607,0,17510.172926301013,17510.172926301013,0.036561181478484146,0.036561181478484146,0
2023-04-03,sh688041,30119.138594003543,30119.138594003543,0,3947.4624631721576,3947.4624631721576,0.0088967144806830229,0.0088967144806830229,0
2023-04-03,sh688256,294381.02723697282,294381.02723697282,0,17510.172926301013,17510.172926301013,0.086955473168111933,0.086955473168111933,0
2023-04-04,sh688041,4263.2594602259232,4263.2594602259232,0,3947.4624631721576,3947.4624631721576,0.0011912468304698994,0.0011912468304698994,0
2023-04-04,sh688256,53003.293447912933,53003.293447912933,0,17510.172926301013,17510.172926301013,0.01481026569303532,0.01481026569303532,0
2023-04-06,sh688041,-18355.700453750498,-18355.700453750498,0,3947.4624631721576,3947.4624631721576,-0.0051648571603787555,-0.0051648571603787555,0
2023-04-06,sh688256,-88251.271548556964,-88251.271548556964,0,17510.172926301013,17510.172926301013,-0.024831807041009037,-0.024831807041009037,0
2023-04-07,sh688041,1657.9342345322568,1657.9342345322568,0,3947.4624631721576,3947.4624631721576,0.00046007880408395491,0.00046007880408395491,0
2023-04-07,sh688256,205656.98101940547,205656.98101940547,0,17510.172926301013,17510.172926301013,0.057070067019647987,0.057070067019647987,0
2023-04-10,sh688041,-27040.117872729257,-27040.117872729257,0,3947.4624631721576,3947.4624631721576,-0.0075359210658109592,-0.0075359210658109592,0
2023-04-10,sh688256,-210489.78874706474,-210489.78874706474,0,17510.172926301013,17510.172926301013,-0.058662260298682614,-0.058662260298682614,0
2023-04-11,sh688041,4736.9549558066001,4736.9549558066001,0,3947.4624631721576,3947.4624631721576,0.0013781487133028801,0.0013781487133028801,0
2023-04-11,sh688256,-71564.076749792046,-71564.076749792046,0,17510.172926301013,17510.172926301013,-0.020820535810782401,-0.020820535810782401,0
2023-04-12,sh688041,26408.523878621727,26408.523878621727,0,3947.4624631721576,3947.4624631721576,0.0076693736409148543,0.0076693736409148543,0
2023-04-12,sh688256,52880.722237428738,52880.722237428738,0,17510.172926301013,17510.172926301013,0.01535723916657785,0.01535723916657785,0
2023-04-13,sh688041,-25540.082136723857,-25540.082136723857,0,3947.4624631721576,3947.4624631721576,-0.0075938759931036999,-0.0075938759931036999,0
2023-04-13,sh688256,-211522.88894971597,-211522.88894971597,0,17510.172926301013,17510.172926301013,-0.062892459773163156,-0.062892459773163156,0
2023-04-14,sh688041,4480.8860895008165,3236.9192198011424,1243.9668696996746,3947.4624631721576,2572.6245936243176,0.0013668365491735935,0.00098738048858536308,0.00037945606058823036
2023-04-14,sh688256,60094.237768467181,82262.792407762288,-22168.554639295107,17510.172926301013,11411.14583903211,0.018330972699602731,0.025093204570289716,-0.0067622318706869813
2023-04-17,sh688041,7949.4099942991506,7949.4099942991506,0,2572.6245936243176,2572.6245936243176,0.0023932916276108332,0.0023932916276108332,0
2023-04-17,sh688256,13784.664173550771,13784.664173550771,0,11411.14583903211,11411.14583903211,0.0041500842678444151,0.0041500842678444151,0
2023-04-18,sh688041,6354.3827462520612,6354.3827462520612,0,2572.6245936243176,2572.6245936243176,0.0019072573400205539,0.0019072573400205539,0
2023-04-18,sh688256,-7816.6348997370205,-7816.6348997370205,0,11411.14583903211,11411.14583903211,-0.0023461498751515221,-0.0023461498751515221,0
2023-04-19,sh688041,20452.365519313331,20452.365519313331,0,2572.6245936243176,2572.6245936243176,0.0059460634846594355,0.0059460634846594355,0
2023-04-19,sh688256,199272.83978701767,199272.83978701767,0,11411.14583903211,11411.14583903211,0.057934078824431121,0.057934078824431121,0
2023-04-20,sh688041,17365.216006964143,17365.216006964143,0,2572.6245936243176,2572.6245936243176,0.0046600792062379782,0.0046600792062379782,0
2023-04-20,sh688256,339732.63391966384,339732.63391966384,0,11411.14583903211,11411.14583903211,0.091169668282534824,0.091169668282534824,0
2023-04-21,sh688041,-15204.211348319708,-15204.211348319708,0,2572.6245936243176,2572.6245936243176,-0.0039696450948307205,-0.0039696450948307205,0
2023-04-21,sh688256,-139079.04548612321,-139079.04548612321,0,11411.14583903211,11411.14583903211,-0.036311942662434926,-0.036311942662434926,0
2023-04-24,sh688041,-5453.964138483565,-5453.964138483565,0,2572.6245936243176,2572.6245936243176,-0.0014615685262136483,-0.0014615685262136483,0
2023-04-24,sh688256,-38284.394289952936,-38284.394289952936,0,11411.14583903211,11411.14583903211,-0.010259558794038327,-0.010259558794038327,0
2023-04-25,sh688041,24388.481147558541,24388.481147558541,0,2572.6245936243176,2572.6245936243176,0.0065192317457865414,0.0065192317457865414,0
2023-04-25,sh688256,38284.394289952936,38284.394289952936,0,11411.14583903211,11411.14583903211,0.010233718004544754,0.010233718004544754,0
2023-04-26,sh688041,-16104.629956088242,-16104.629956088242,0,2572.6245936243176,2572.6245936243176,-0.0043223523184929826,-0.0043223523184929826,0
2023-04-26,sh688256,-76580.199725744635,-76580.199725744635,0,11411.14583903211,11411.14583903211,-0.020553505714677619,-0.020553505714677619,0
2023-04-27,sh688041,-13351.921640910203,-13351.921640910203,0,2572.6245936243176,2572.6245936243176,-0.0036628809100315947,-0.0036628809100315947,0
2023-04-27,sh688256,-55526.635652730081,-55526.635652730081,0,11411.14583903211,11411.14583903211,-0.015232822600417821,-0.015232822600417821,0
2023-04-28,sh688041,17622.47846632656,17622.47846632656,0,2572.6245936243176,2572.6245936243176,0.0047745887573787636,0.0047745887573787636,0
2023-04-28,sh688256,143597.8592383801,143597.8592383801,0,11411.14583903211,11411.14583903211,0.038906032747512094,0.038906032747512094,0
2023-05-04,sh688041,-5145.2491872486353,-5145.2491872486353,0,2572.6245936243176,2572.6245936243176,-0.0013886684397424408,-0.0013886684397424408,0
2023-05-04,sh688256,-127896.12256387186,-127896.12256387186,0,11411.14583903211,11411.14583903211,-0.034518310485337718,-0.034518310485337718,0
2023-05-05,sh688041,231.53621342619735,231.53621342619735,0,2572.6245936243176,2572.6245936243176,6.5345356928203524e-05,6.5345356928203524e-05,0
2023-05-05,sh688256,-190086.86738659706,-190086.86738659706,0,11411.14583903211,11411.14583903211,-0.053647306453426948,-0.053647306453426948,0
2023-05-08,sh688041,-9209.9960451750521,-9209.9960451750521,0,2572.6245936243176,2572.6245936243176,-0.0026725443672403325,-0.0026725443672403325,0
2023-05-08,sh688256,3138.0651057338951,3138.0651057338951,0,11411.14583903211,11411.14583903211,0.00091059954653901901,0.00091059954653901901,0
2023-05-09,sh688041,617.42990246982311,617.42990246982311,0,2572.6245936243176,2572.6245936243176,0.0001787091015036505,0.0001787091015036505,0
2023-05-09,sh688256,23061.925740683739,23061.925740683739,0,11411.14583903211,11411.14583903211,0.0066750509030665756,0.0066750509030665756,0
2023-05-10,sh688041,-16337.408340661339,-29353.646613253455,13016.238272592116,2572.6245936243176,1215.9354410545825,-0.0047708996241660612,-0.0085719410738193808,0.0038010414496533204
2023-05-10,sh688256,-68134.604492484184,-94358.764942956244,26224.16045047206,11411.14583903211,5389.4485876497874,-0.019896874228017086,-0.027554933243769338,0.0076580590157522537
2023-05-11,sh688041,-1542.1530857017165,-1872.5405792240474,330.387493522331,1215.9354410545825,1014.4874608445089,-0.00045553995343832382,-0.00055313383358627545,9.7593880147951685e-05
2023-05-11,sh688256,7554.0176169596798,-11069.927399032675,18623.945015992354,5389.4485876497874,0,0.0022313976902859048,-0.0032699699262517625,0.0055013676165376665
2023-05-12,sh688041,-172.75571774035666,-1552.1658150920998,1379.4100973517432,1014.4874608445089,0,-5.0986702115184022e-05,-0.00045810244131204935,0.00040711573919686533
2023-05-17,sh688072,-953.79984605712343,-0,-953.79984605712343,0,1715.9299790535629,-0.00028154897314401313,-0,-0.00028154897314401313
2023-05-18,sh688072,1388.187353054328,1388.187353054328,0,1715.9299790535629,1715.9299790535629,0.00040974809538106327,0.00040974809538106327,0
2023-05-19,sh688072,-1388.187353054328,-1388.187353054328,0,1715.9299790535629,1715.9299790535629,-0.00041076444809139178,-0.00041076444809139178,0
2023-05-19,sh688498,-16749.225676753871,-0,-16749.225676753871,0,1853.3419334032089,-0.0049560935891920042,-0,-0.0049560935891920042
2023-05-22,sh688072,-7840.084074295758,-7840.084074295758,0,1715.9299790535629,1715.9299790535629,-0.0023341209545444342,-0.0023341209545444342,0
2023-05-22,sh688498,-15251.150769975005,-15251.150769975005,0,1853.3419334032089,1853.3419334032089,-0.0045405164352542689,-0.0045405164352542689,0
2023-05-23,sh688072,-10975.088146026565,-10975.088146026565,0,1715.9299790535629,1715.9299790535629,-0.0032843314281447303,-0.0032843314281447303,0
2023-05-23,sh688498,-456.83615995061064,-3198.868177053937,2742.0320171033263,1853.3419334032089,0,-0.00013670973186506486,-0.00095727188233963722,0.0008205621504745722
2023-05-24,sh688072,3809.3645534989078,3809.3645534989078,0,1715.9299790535629,1715.9299790535629,0.0011372256691538577,0.0011372256691538577,0
2023-05-24,sz002409,23752.126419087457,0,23752.126419087457,0,10175.202235622886,0.0070908224932065417,0,0.0070908224932065417
2023-05-25,sh688072,815.0667400504326,815.0667400504326,0,1715.9299790535629,1715.9299790535629,0.0002426548541170966,0.0002426548541170966,0
2023-05-25,sz002409,-9899.745715824225,-4477.0889836740471,-5422.6567321501789,10175.202235622886,26195.082611584152,-0.0029472695111090424,-0.0013328814940178587,-0.0016143880170911842
2023-05-26,sh688072,11234.193572863671,11234.193572863671,0,1715.9299790535629,1715.9299790535629,0.0033306589417403795,0.0033306589417403795,0
2023-05-26,sz002409,25933.131785468177,25933.131785468177,0,26195.082611584152,26195.082611584152,0.0076885284830092012,0.0076885284830092012,0
2023-05-29,sh688072,8294.8055187449281,8294.8055187449281,0,1715.9299790535629,1715.9299790535629,0.0024377421485806887,0.0024377421485806887,0
2023-05-29,sz002409,13883.393784139631,13883.393784139631,0,26195.082611584152,26195.082611584152,0.0040801600611922745,0.0040801600611922745,0
2023-05-30,sh688072,2869.0349249775522,2869.0349249775522,0,1715.9299790535629,1715.9299790535629,0.00083776896792583423,0.00083776896792583423,0
2023-05-30,sz002409,18860.45948034056,18860.45948034056,0,26195.082611584152,26195.082611584152,0.0055073249669749325,0.0055073249669749325,0
2023-05-31,sh688072,-7580.9786474586517,-7580.9786474586517,0,1715.9299790535629,1715.9299790535629,-0.0022137580418215433,-0.0022137580418215433,0
2023-05-31,sz002409,-14407.295436371209,-14407.295436371209,0,26195.082611584152,26195.082611584152,-0.0042071436441596362,-0.0042071436441596362,0
2023-06-01,sh688072,588.56398281540248,588.56398281540248,0,1715.9299790535629,1715.9299790535629,0.00017417081907588155,0.00017417081907588155,0
2023-06-01,sz002409,-68893.067268466199,-68893.067268466199,0,26195.082611584152,26195.082611584152,-0.020387183560571332,-0.020387183560571332,0
2023-06-02,sh688072,4428.8152759372269,4428.8152759372269,0,1715.9299790535629,1715.9299790535629,0.001325073890253569,0.001325073890253569,0
2023-06-02,sz002409,-10189.683874284614,-11787.787175212943,1598.1033009283285,26195.082611584152,20569.973947428836,-0.0030486898212062049,-0.0035268323550557436,0.00047814253384953888
2023-06-05,sh688072,15416.732829726418,15107.047535587571,309.68529413884687,1715.9299790535629,1276.090520455951,0.0046094804751831212,0.0045168870357980987,9.2593439385022303e-05
2023-06-05,sz002409,-5142.4934868572091,-5142.4934868572091,0,20569.973947428836,20569.973947428836,-0.0015375646437692937,-0.0015375646437692937,0
2023-06-06,sh688072,-6103.540959340834,-6103.540959340834,0,1276.090520455951,1276.090520455951,-0.0018377664328006011,-0.0018377664328006011,0
2023-06-06,sz002409,-50807.835650149202,-50807.835650149202,0,20569.973947428836,20569.973947428836,-0.015298158151653975,-0.015298158151653975,0
2023-06-07,sh688072,-7031.2587677122783,-7031.2587677122783,0,1276.090520455951,1276.090520455951,-0.0021360876982765287,-0.0021360876982765287,0
2023-06-07,sz002409,4738.9324515490134,-15838.879939520122,20577.812391069136,20569.973947428836,0,0.0014396818048002052,-0.0048118320930884972,0.006251513897888702
2023-06-08,sh688037,-8354.9781275410969,-0,-8354.9781275410969,0,5019.3911395038795,-0.0025422640306403572,-0,-0.0025422640306403572
2023-06-08,sh688072,209.27884535479598,209.27884535479598,0,1276.090520455951,1276.090520455951,6.3679649760618314e-05,6.3679649760618314e-05,0
2023-06-09,sh688037,22903.481769556285,22903.481769556285,0,5019.3911395038795,5019.3911395038795,0.0069445100523179825,0.0069445100523179825,0
2023-06-09,sh688072,8565.1195733003296,8565.1195733003296,0,1276.090520455951,1276.090520455951,0.0025970094667070341,0.0025970094667070341,0
2023-06-12,sh688037,-18250.506183236084,-18250.506183236084,0,5019.3911395038795,5019.3911395038795,-0.0055279683086679196,-0.0055279683086679196,0
2023-06-12,sh688072,-6407.2505032093131,-6407.2505032093131,0,1276.090520455951,1276.090520455951,-0.0019407175544518152,-0.0019407175544518152,0
2023-06-13,sh688037,9009.8070954094001,9009.8070954094001,0,5019.3911395038795,5019.3911395038795,0.0027336635128144592,0.0027336635128144592,0
2023-06-13,sh688072,4401.2362050525544,4401.2362050525544,0,1276.090520455951,1276.090520455951,0.0013353780716526477,0.0013353780716526477,0
2023-06-14,sh688037,22481.852913837942,22481.852913837942,0,5019.3911395038795,5019.3911395038795,0.006778020341794826,0.006778020341794826,0
2023-06-14,sh688072,6145.6519465158635,6145.6519465158635,0,1276.090520455951,1276.090520455951,0.0018528434496355925,0.0018528434496355925,0
2023-06-15,sh688037,-112077.20466111707,-37349.289469048381,-74727.915192068685,5019.3911395038795,13523.566313865895,-0.034276363008868035,-0.011422463718962945,-0.022853899289905086
2023-06-15,sh688072,-9963.7147837200573,-9963.7147837200573,0,1276.090520455951,1276.090520455951,-0.0030471843572138732,-0.0030471843572138732,0
2023-06-16,sh688037,26578.198170200063,34322.811304591407,-7744.6131343913448,13523.566313865895,10988.224602728005,0.0082419014585440094,0.01064350663431423,-0.002401605175770222
2023-06-16,sh688072,4664.1108522665027,4664.1108522665027,0,1276.090520455951,1276.090520455951,0.0014463411624045721,0.0014463411624045721,0
2023-06-19,sh688037,-26448.656618766116,-26448.656618766116,0,10988.224602728005,10988.224602728005,-0.0082001079582920983,-0.0082001079582920983,0
2023-06-19,sh688072,-3521.439894393794,-5387.654177365036,1866.214282971242,1276.090520455951,836.1975688327941,-0.0010917827592868106,-0.0016703814690153349,0.00057859870972852415
2023-06-20,sh688037,-32189.657381757646,-33349.261669279615,1159.6042875219691,10988.224602728005,10697.648504431958,-0.010081117388521703,-0.010444280835963894,0.00036316344744218997
2023-06-20,sh688072,-2501.9031259477119,-2501.9031259477119,0,836.1975688327941,836.1975688327941,-0.00078354295009309266,-0.00078354295009309266,0
2023-06-21,sh688037,-19225.699416200681,-64945.424070406392,45719.724654205711,10697.648504431958,0,-0.006072354876084967,-0.020512734231193583,0.014440379355108619
2023-06-21,sh688072,-49.38613369432278,-3374.0571902403212,3324.6710565459985,836.1975688327941,0,-1.5598398958479519e-05,-0.0010656815228308723,0.0010500831238723929
2023-09-04,sh688082,3591.6023420250444,0,3591.6023420250444,0,5365.7762923271293,0.0011382258006325315,0,0.0011382258006325315
2023-09-04,sh688361,-5662.8727075325269,-0,-5662.8727075325269,0,5516.1143161130158,-0.0017946384949111874,-0,-0.0017946384949111874
2023-09-05,sh688082,-7726.7178609510538,-7726.7178609510538,0,5365.7762923271293,5365.7762923271293,-0.0024589757380338454,-0.0024589757380338454,0
2023-09-05,sh688361,-16548.342948339046,-16548.342948339046,0,5516.1143161130158,5516.1143161130158,-0.0052663983009236673,-0.0052663983009236673,0
2023-09-06,sh688082,11804.707843119701,11804.707843119701,0,5365.7762923271293,5365.7762923271293,0.0037474936630410229,0.0037474936630410229,0
2023-09-06,sh688361,28077.021869015269,28077.021869015269,0,5516.1143161130158,5516.1143161130158,0.008913262651605974,0.008913262651605974,0
2023-09-07,sh688082,-52409.811892123209,-23985.020026702339,-28424.791865420866,5365.7762923271293,13392.48435023919,-0.016728384252783664,-0.0076556395993798657,-0.009072744653403797
2023-09-07,sh688361,-21347.362403357398,-21347.362403357398,0,5516.1143161130158,5516.1143161130158,-0.0068137409422845182,-0.0068137409422845182,0
2023-09-08,sh688082,-17945.92902932037,-17945.92902932037,0,13392.48435023919,13392.48435023919,-0.0058138135251443847,-0.0058138135251443847,0
2023-09-08,sh688361,-992.90057690038043,-992.90057690038043,0,5516.1143161130158,5516.1143161130158,-0.00032166285700092873,-0.00032166285700092873,0
2023-09-11,sh688082,23570.772456420855,23570.772456420855,0,13392.48435023919,13392.48435023919,0.0076381671031818281,0.0076381671031818281,0
2023-09-11,sh688361,-6343.531463529921,-6343.531463529921,0,5516.1143161130158,5516.1143161130158,-0.0020556370578145469,-0.0020556370578145469,0
2023-09-12,sh688082,-6562.3173316171351,-6562.3173316171351,0,13392.48435023919,13392.48435023919,-0.0021256342236798554,-0.0021256342236798554,0
2023-09-12,sh688361,-8053.5269015250469,-8053.5269015250469,0,5516.1143161130158,5516.1143161130158,-0.0026086596453861934,-0.0026086596453861934,0
2023-09-13,sh688082,3348.1210875597976,3348.1210875597976,0,13392.48435023919,13392.48435023919,0.0010867214212230919,0.0010867214212230919,0
2023-09-13,sh688361,-1323.8674358670955,-1323.8674358670955,0,5516.1143161130158,5516.1143161130158,-0.00042969625762997912,-0.00042969625762997912,0
2023-09-14,sh688082,-39909.603363712842,-39909.603363712842,0,13392.48435023919,13392.48435023919,-0.013051286215549792,-0.013051286215549792,0
2023-09-14,sh688361,-8053.5269015249687,-8053.5269015249687,0,5516.1143161130158,5516.1143161130158,-0.0026336739976724698,-0.0026336739976724698,0
2023-09-15,sh688082,38838.204615693729,38838.204615693729,0,13392.48435023919,13392.48435023919,0.01271660239675383,0.01271660239675383,0
2023-09-15,sh688361,1544.5120085116507,1544.5120085116507,0,5516.1143161130158,5516.1143161130158,0.0005057119736507548,0.0005057119736507548,0
2023-09-18,sh688082,-55310.960366487794,-55310.960366487794,0,13392.48435023919,13392.48435023919,-0.018203585746527633,-0.018203585746527633,0
2023-09-18,sh688361,-16217.376089372332,-16217.376089372332,0,5516.1143161130158,5516.1143161130158,-0.0053373579896371284,-0.0053373579896371284,0
2023-09-19,sh688082,-5188.20810660393,-15669.206689779876,10480.998583175946,13392.48435023919,5715.1661904882121,-0.0017289617766424981,-0.0052217372318693889,0.003492775455226891
2023-09-19,sh688361,1036.761659808386,-8660.2994762973976,9697.0611361057836,5516.1143161130158,0,0.00034549910960886098,-0.0028860304870454404,0.0032315295966543018
2023-09-20,sh688082,-3322.6799092434485,-15088.038742888883,11765.358833645434,5715.1661904882121,0,-0.0011086582145588876,-0.0050343332944446173,0.00392567507988573
2023-09-21,sh688205,-8577.9907551344586,-0,-8577.9907551344586,0,18066.520829893787,-0.0028678610868957469,-0,-0.0028678610868957469
2023-09-22,sh688019,39336.25045494864,0,39336.25045494864,0,13123.096500949969,0.012880181723239239,0,0.012880181723239239
2023-09-22,sh688205,96113.890815034945,96113.890815034945,0,18066.520829893787,18066.520829893787,0.031471336629886756,0.031471336629886756,0
2023-09-25,sh688019,-9212.4137436668534,-9212.4137436668534,0,13123.096500949969,13123.096500949969,-0.0029669263864590357,-0.0029669263864590357,0
2023-09-25,sh688205,-25130.530474382227,-25130.530474382227,0,18066.520829893787,18066.520829893787,-0.0080934743102929665,-0.0080934743102929665,0
2023-09-26,sh688019,-33936.327551456787,-33936.327551456787,0,13123.096500949969,13123.096500949969,-0.011054083093182353,-0.011054083093182353,0
2023-09-26,sh688205,-1734.3859996697408,-1734.3859996697408,0,18066.520829893787,18066.520829893787,-0.00056494171111860498,-0.00056494171111860498,0
2023-09-27,sh688019,-33293.295822909968,-33293.295822909968,0,13123.096500949969,13123.096500949969,-0.01096675396193827,-0.01096675396193827,0
2023-09-27,sh688205,578.1286665565375,578.1286665565375,0,18066.520829893787,18066.520829893787,0.00019043458112987861,0.00019043458112987861,0
2023-09-28,sh688019,24080.882079243111,24080.882079243111,0,13123.096500949969,13123.096500949969,0.0079662348699653784,0.0079662348699653784,0
2023-09-28,sh688205,-17361.926517527903,-17361.926517527903,0,18066.520829893787,18066.520829893787,-0.0057435265028320994,-0.0057435265028320994,0
2023-10-09,sh688019,-236.21573701710838,-236.21573701710838,0,13123.096500949969,13123.096500949969,-7.8315680263496017e-05,-7.8315680263496017e-05,0
2023-10-09,sh688205,-19800.906829563657,-19800.906829563657,0,18066.520829893787,18066.520829893787,-0.0065648525698314003,-0.0065648525698314003,0
2023-10-10,sh688019,-5918.516521928349,-5918.516521928349,0,13123.096500949969,13123.096500949969,-0.0019707156744992317,-0.0019707156744992317,0
2023-10-10,sh688205,0,0,0,18066.520829893787,18066.520829893787,0,0,0
2023-10-11,sh688019,13267.450562460361,13267.450562460361,0,13123.096500949969,13123.096500949969,0.0044091180725092704,0.0044091180725092704,0
2023-10-11,sh688205,4390.1645616642281,4390.1645616642281,0,18066.520829893787,18066.520829893787,0.0014589655954620649,0.0014589655954620649,0
2023-10-12,sh688019,116953.0360164662,116953.0360164662,0,13123.096500949969,13123.096500949969,0.038227119830507077,0.038227119830507077,0
2023-10-12,sh688205,-33585.662222772582,-33585.662222772582,0,18066.520829893787,18066.520829893787,-0.010977766615619109,-0.010977766615619109,0
2023-10-13,sh688019,-19194.599320987592,-18516.689162840423,-677.91015814717025,13123.096500949969,20220.732792235285,-0.0062233991121391774,-0.006003602626379236,-0.00021979648575994133
2023-10-13,sh688205,-14814.54708051291,-14814.54708051291,0,18066.520829893787,18066.520829893787,-0.0048032697951031992,-0.0048032697951031992,0
2023-10-16,sh688019,-57103.349405272405,-57103.349405272405,0,20220.732792235285,20220.732792235285,-0.018808823173941031,-0.018808823173941031,0
2023-10-16,sh688205,-5287.4997260624805,-18192.986475703005,12905.486749640524,18066.520829893787,0,-0.0017416079514696273,-0.0059924447373275068,0.0042508367858578788
2023-10-17,sh688012,67402.278391444066,0,67402.278391444066,0,12823.824845050132,0.022073525501734824,0,0.022073525501734824
2023-10-17,sh688019,30391.761386729635,30391.761386729635,0,20220.732792235285,20220.732792235285,0.0099529769025993829,0.0099529769025993829,0
2023-10-18,sh688012,-28391.948206940975,-28391.948206940975,0,12823.824845050132,12823.824845050132,-0.009243682597261299,-0.009243682597261299,0
2023-10-18,sh688019,-33788.844495825295,-33788.844495825295,0,20220.732792235285,20220.732792235285,-0.011000772175657619,-0.011000772175657619,0
2023-10-19,sh688012,-7745.5902064102702,-7745.5902064102702,0,12823.824845050132,12823.824845050132,-0.0025503303380921272,-0.0025503303380921272,0
2023-10-19,sh688019,909.93297565062232,909.93297565062232,0,20220.732792235285,20220.732792235285,0.00029960656471493525,0.00029960656471493525,0
2023-10-20,sh688012,-21518.378089994087,-21518.378089994087,0,12823.824845050132,12823.824845050132,-0.0071815665618385508,-0.0071815665618385508,0
2023-10-20,sh688019,-52856.995518903124,-52856.995518903124,0,20220.732792235285,20220.732792235285,-0.017640550323554108,-0.017640550323554108,0
2023-10-23,sh688012,-19107.499019124632,-19107.499019124632,0,12823.824845050132,12823.824845050132,-0.0064850051577342686,-0.0064850051577342686,0
2023-10-23,sh688019,-6632.4003558529457,-6632.4003558529457,0,20220.732792235285,20220.732792235285,-0.002251008908743904,-0.002251008908743904,0
2023-10-24,sh688012,84509.005728880235,84509.005728880235,0,12823.824845050132,12823.824845050132,0.027930893142038952,0.027930893142038952,0
2023-10-24,sh688019,101568.74081539776,101568.74081539776,0,20220.732792235285,20220.732792235285,0.033569270183909365,0.033569270183909365,0
2023-10-25,sh688012,-7745.5902064102702,-7745.5902064102702,0,12823.824845050132,12823.824845050132,-0.0024933115498896393,-0.0024933115498896393,0
2023-10-25,sh688019,-18400.866840934039,-18400.866840934039,0,20220.732792235285,20220.732792235285,-0.0059232534383903326,-0.0059232534383903326,0
2023-10-26,sh688012,-12477.581574233765,-12477.581574233765,0,12823.824845050132,12823.824845050132,-0.0040296894842558927,-0.0040296894842558927,0
2023-10-26,sh688019,18319.983909765,18319.983909765,0,20220.732792235285,20220.732792235285,0.005916518844113477,0.005916518844113477,0
2023-10-27,sh688012,6976.1607157072331,6976.1607157072331,0,12823.824845050132,12823.824845050132,0.002238785047721268,0.002238785047721268,0
2023-10-27,sh688019,26509.380690620601,26509.380690620601,0,20220.732792235285,20220.732792235285,0.0085073735444318264,0.0085073735444318264,0
2023-10-30,sh688012,35457.87569656362,35457.87569656362,0,12823.824845050132,12823.824845050132,0.011189888337133979,0.011189888337133979,0
2023-10-30,sh688019,36660.188552322332,36660.188552322332,0,20220.732792235285,20220.732792235285,0.011569317345159537,0.011569317345159537,0
2023-10-31,sh688012,12657.115122064595,12657.115122064595,0,12823.824845050132,12823.824845050132,0.0039128060530937443,0.0039128060530937443,0
2023-10-31,sh688019,47235.631802661883,47235.631802661883,0,20220.732792235285,20220.732792235285,0.014602369043556175,0.014602369043556175,0
2023-11-01,sh688012,-25391.173193199313,-25391.173193199313,0,12823.824845050132,12823.824845050132,-0.0079019444833165701,-0.0079019444833165701,0
2023-11-01,sh688019,-77162.316335169904,-77162.316335169904,0,20220.732792235285,20220.732792235285,-0.024013555232175427,-0.024013555232175427,0
2023-11-02,sh688012,-17389.106489887909,-17389.106489887909,0,12823.824845050132,12823.824845050132,-0.0055605879383584305,-0.0055605879383584305,0
2023-11-02,sh688019,-52493.022328642874,-52493.022328642874,0,20220.732792235285,20220.732792235285,-0.016785915192271208,-0.016785915192271208,0
2023-11-03,sh688012,-6886.3939417920001,-6886.3939417920001,0,12823.824845050132,12823.824845050132,-0.0022222085246133565,-0.0022222085246133565,0
2023-11-03,sh688019,19897.201067559414,19897.201067559414,0,20220.732792235285,20220.732792235285,0.0064207377913629128,0.0064207377913629128,0
2023-11-06,sh688012,-20479.648277544988,-20479.648277544988,0,12823.824845050132,12823.824845050132,-0.0066301453579252732,-0.0066301453579252732,0
2023-11-06,sh688019,-12536.854331185681,-12536.854331185681,0,20220.732792235285,20220.732792235285,-0.0040587204145510012,-0.0040587204145510012,0
2023-11-07,sh688012,18927.965471293985,18927.965471293985,0,12823.824845050132,12823.824845050132,0.006188011070591937,0.006188011070591937,0
2023-11-07,sh688019,-46042.608567919764,-46042.608567919764,0,20220.732792235285,20220.732792235285,-0.015052445650818331,-0.015052445650818331,0
2023-11-08,sh688012,58104.750372922041,58104.750372922041,0,12823.824845050132,12823.824845050132,0.018726057276471773,0.018726057276471773,0
2023-11-08,sh688019,57831.295785792907,57831.295785792907,0,20220.732792235285,20220.732792235285,0.01863792805763461,0.01863792805763461,0
2023-11-09,sh688012,-32367.333908906545,-32367.333908906545,0,12823.824845050132,12823.824845050132,-0.010327502067633079,-0.010327502067633079,0
2023-11-09,sh688019,-21717.067018860656,-21717.067018860656,0,20220.732792235285,20220.732792235285,-0.0069293027090653716,-0.0069293027090653716,0
2023-11-10,sh688012,15657.890135806258,15657.890135806258,0,12823.824845050132,12823.824845050132,0.0050266919449412249,0.0050266919449412249,0
2023-11-10,sh688019,0,0,0,20220.732792235285,20220.732792235285,0,0,0
2023-11-13,sh688012,14721.750922117502,14721.750922117502,0,12823.824845050132,12823.824845050132,0.0046732371407164413,0.0046732371407164413,0
2023-11-13,sh688019,40320.141187717156,40320.141187717156,0,20220.732792235285,20220.732792235285,0.012799128467408437,0.012799128467408437,0
2023-11-14,sh688012,15491.18041282054,15491.18041282054,0,12823.824845050132,12823.824845050132,0.0048706651240371934,0.0048706651240371934,0
2023-11-14,sh688019,-10130.587128909974,-10130.587128909974,0,20220.732792235285,20220.732792235285,-0.0031852122368909832,-0.0031852122368909832,0
2023-11-15,sh688012,-52757.215412536119,-52757.215412536119,0,12823.824845050132,12823.824845050132,-0.01682786129238184,-0.01682786129238184,0
2023-11-15,sh688019,-42908.394985123276,-42908.394985123276,0,20220.732792235285,20220.732792235285,-0.013686403147744842,-0.013686403147744842,0
2023-11-16,sh688012,-20569.415051460401,-20569.415051460401,0,12823.824845050132,12823.824845050132,-0.0067436228765788662,-0.0067436228765788662,0
2023-11-16,sh688019,-53766.928494553744,-53766.928494553744,0,20220.732792235285,20220.732792235285,-0.017627331068586209,-0.017627331068586209,0
2023-11-17,sh688012,23929.257160863544,23929.257160863544,0,12823.824845050132,12823.824845050132,0.0079242904986682895,0.0079242904986682895,0
2023-11-17,sh688019,-10820.329255822086,6248.2064328009401,-17068.535688623026,20220.732792235285,2174.3221704736243,-0.0035832049335241135,0.0020691241076275764,-0.0056523290411516899
2023-11-20,sh688012,-24185.733657764675,-24185.733657764675,0,12823.824845050132,12823.824845050132,-0.0080231554514768634,-0.0080231554514768634,0
2023-11-20,sh688019,611.03794438849422,-1474.1904315811423,2085.2283759696365,2174.3221704736243,0,0.00020270017374502357,-0.00048903453436724995,0.00069173470811227341
2023-11-21,sh688012,-25557.882916184848,-25557.882916184848,0,12823.824845050132,12823.824845050132,-0.0086539195479234023,-0.0086539195479234023,0
2023-11-21,sh688535,-72675.896183747362,-0,-72675.896183747362,0,9204.6273422907761,-0.024608116435540305,-0,-0.024608116435540305
2023-11-22,sh688012,-5190.7798053014194,-19889.752334672779,14698.97252937136,12823.824845050132,0,-0.0017827957153988432,-0.0068312212370063548,0.005048425521607512
2023-11-22,sh688535,19421.763692233533,19421.763692233533,0,9204.6273422907761,9204.6273422907761,0.0066704885190159097,0.0066704885190159097,0
2023-11-23,sh688300,-446.42835972912951,0,-446.42835972912951,0,17908.401055408973,-0.00015434742854152252,0,-0.00015434742854152252
2023-11-23,sh688535,-52107.395384708099,-52107.395384708099,0,9204.6273422907761,9204.6273422907761,-0.018015527710887293,-0.018015527710887293,0
2023-11-24,sh688300,-50680.77498680749,-50680.77498680749,0,17908.401055408973,17908.401055408973,-0.017955699979150103,-0.017955699979150103,0
2023-11-24,sh688535,-36109.753063806733,-36109.753063806733,0,9204.6273422907761,9204.6273422907761,-0.012793330261892919,-0.012793330261892919,0
2023-11-27,sh688300,11425.559873351018,11425.559873351018,0,17908.401055408973,17908.401055408973,0.004104730656533509,0.004104730656533509,0
2023-11-27,sh688535,-3145.6208487665099,9342.6967524251431,-12488.317601191653,9204.6273422907761,0,-0.001130091345622251,0.0033564441654908624,-0.0044865355111131135
2023-11-28,sh688041,20207.537637349065,0,20207.537637349065,0,6206.7941567859334,0.0071959724931036119,0,0.0071959724931036119
2023-11-28,sh688300,20934.920833773034,20934.920833773034,0,17908.401055408973,17908.401055408973,0.0074549961093080125,0.0074549961093080125,0
2023-11-29,sh688041,-868.9511819500342,-868.9511819500342,0,6206.7941567859334,6206.7941567859334,-0.0003074294356239048,-0.0003074294356239048,0
2023-11-29,sh688300,-3707.0390184696707,-3707.0390184696707,0,17908.401055408973,17908.401055408973,-0.001311526972926606,-0.001311526972926606,0
2023-11-30,sh688041,7261.9491634395526,7261.9491634395526,0,6206.7941567859334,6206.7941567859334,0.002572899468662937,0.002572899468662937,0
2023-11-30,sh688300,-10745.040633245409,-10745.040633245409,0,17908.401055408973,17908.401055408973,-0.0038069544021628156,-0.0038069544021628156,0
2023-12-01,sh688041,806.88324038214307,806.88324038214307,0,6206.7941567859334,6206.7941567859334,0.0002851165936824054,0.0002851165936824054,0
2023-12-01,sh688300,17765.133846965782,17765.133846965782,0,17908.401055408973,17908.401055408973,0.0062774069348125539,0.0062774069348125539,0
2023-12-04,sh688041,5027.5032669966204,5027.5032669966204,0,6206.7941567859334,6206.7941567859334,0.0017695871779700848,0.0017695871779700848,0
2023-12-04,sh688300,-1522.2140897097779,-1522.2140897097779,0,17908.401055408973,17908.401055408973,-0.00053579090698135153,-0.00053579090698135153,0
2023-12-05,sh688041,868.9511819500342,868.9511819500342,0,6206.7941567859334,6206.7941567859334,0.00030704178739870166,0.00030704178739870166,0
2023-12-05,sh688300,-26307.441150395804,-26307.441150395804,0,17908.401055408973,17908.401055408973,-0.009295670367323523,-0.009295670367323523,0
2023-12-06,sh688041,17006.615989593425,17006.615989593425,0,6206.7941567859334,6206.7941567859334,0.0060241921187985624,0.0060241921187985624,0
2023-12-06,sh688300,-5641.1463324537854,-5641.1463324537854,0,17908.401055408973,17908.401055408973,-0.0019982428778160437,-0.0019982428778160437,0
2023-12-07,sh688041,-15082.509800989772,-15082.509800989772,0,6206.7941567859334,6206.7941567859334,-0.0053492951913702196,-0.0053492951913702196,0
2023-12-07,sh688300,-3313.0541952507006,-3313.0541952507006,0,17908.401055408973,17908.401055408973,-0.0011750368545585489,-0.0011750368545585489,0
2023-12-08,sh688041,44564.782045722954,44564.782045722954,0,6206.7941567859334,6206.7941567859334,0.015653238615344334,0.015653238615344334,0
2023-12-08,sh688300,29065.33491292872,29065.33491292872,0,17908.401055408973,17908.401055408973,0.010209106876371148,0.010209106876371148,0
2023-12-11,sh688041,11668.773014757526,11668.773014757526,0,6206.7941567859334,6206.7941567859334,0.0040485179040576722,0.0040485179040576722,0
2023-12-11,sh688300,-15150.507292875929,-15150.507292875929,0,17908.401055408973,17908.401055408973,-0.0052565166837328448,-0.0052565166837328448,0
2023-12-12,sh688041,-9620.5309430181787,-9620.5309430181787,0,6206.7941567859334,6206.7941567859334,-0.0033514285668227715,-0.0033514285668227715,0
2023-12-12,sh688300,-10189.880200527752,-10189.880200527752,0,17908.401055408973,17908.401055408973,-0.003549768281898652,-0.003549768281898652,0
2023-12-13,sh688041,-18744.518353493495,-18744.518353493495,0,6206.7941567859334,6206.7941567859334,-0.0065733844071208082,-0.0065733844071208082,0
2023-12-13,sh688300,555.16043271778403,555.16043271778403,0,17908.401055408973,17908.401055408973,0.00019468534016492292,0.00019468534016492292,0
2023-12-14,sh688041,-12723.928021411146,-12723.928021411146,0,6206.7941567859334,6206.7941567859334,-0.0044949086561955594,-0.0044949086561955594,0
2023-12-14,sh688300,-10745.040633245409,-10745.040633245409,0,17908.401055408973,17908.401055408973,-0.0037958385234712548,-0.0037958385234712548,0
2023-12-15,sh688041,-10923.957715943274,-10923.957715943274,0,6206.7941567859334,6206.7941567859334,-0.0038834913944436082,-0.0038834913944436082,0
2023-12-15,sh688300,-1271.6118924299471,-8828.8417203166609,7557.2298278867138,17908.401055408973,0,-0.00045206087113615616,-0.0031386729732314628,0.0026866121020953067
2023-12-18,sh688041,8627.4438779324519,8627.4438779324519,0,6206.7941567859334,6206.7941567859334,0.0030690196798730516,0.0030690196798730516,0
2023-12-19,sh688041,5399.91091640379,5399.91091640379,0,6206.7941567859334,6206.7941567859334,0.0019161156644887573,0.0019161156644887573,0
2023-12-20,sh688008,-20508.913292662659,-0,-20508.913292662659,0,26509.607584755191,-0.0073098077435819067,-0,-0.0073098077435819067
2023-12-20,sh688041,-9806.734767721764,-9806.734767721764,0,6206.7941567859334,6206.7941567859334,-0.0034953263842600999,-0.0034953263842600999,0
2023-12-21,sh688008,29425.664419078435,29425.664419078435,0,26509.607584755191,26509.607584755191,0.010459057045735418,0.010459057045735418,0
2023-12-21,sh688041,16448.004515482669,16448.004515482669,0,6206.7941567859334,6206.7941567859334,0.0058462781015204239,0.0058462781015204239,0
2023-12-22,sh688008,-33402.105556791677,-33402.105556791677,0,26509.607584755191,26509.607584755191,-0.011870477107453523,-0.011870477107453523,0
2023-12-22,sh688041,-11544.637131621832,-11544.637131621832,0,6206.7941567859334,6206.7941567859334,-0.0041027458748602854,-0.0041027458748602854,0
2023-12-25,sh688008,-51693.734790272509,-51693.734790272509,0,26509.607584755191,26509.607584755191,-0.018749318362698417,-0.018749318362698417,0
2023-12-25,sh688041,-16758.344223322038,-16758.344223322038,0,6206.7941567859334,6206.7941567859334,-0.006078251694320972,-0.006078251694320972,0
2023-12-26,sh688008,-4446.9509405727731,-38969.12314959029,34522.172209017517,26509.607584755191,0,-0.001637443665511211,-0.014349100024837273,0.012711656359326062
2023-12-26,sh688041,-9992.9385924253493,-9992.9385924253493,0,6206.7941567859334,6206.7941567859334,-0.0036795715124084204,-0.0036795715124084204,0
2023-12-27,sh688041,779.36973568582971,-3227.5329615286605,4006.9026972144902,6206.7941567859334,0,0.00028770020974890542,-0.0011914266970941406,0.0014791269068430461
2024-02-22,sh688041,1104.3177499068174,0,1104.3177499068174,0,4871.6470889596376,0.000407236199678416,0,0.000407236199678416
2024-02-22,sz002371,3663.483011509697,0,3663.483011509697,0,2866.511861428392,0.0013509724889593912,0,0.0013509724889593912
2024-02-23,sh688041,-6966.4553372123146,-6966.4553372123146,0,4871.6470889596376,4871.6470889596376,-0.002571444989931131,-0.002571444989931131,0
2024-02-23,sz002371,-2952.5072172712471,-2952.5072172712471,0,2866.511861428392,2866.511861428392,-0.0010898239526539101,-0.0010898239526539101,0
2024-02-26,sh688041,3653.735316719728,3653.735316719728,0,4871.6470889596376,4871.6470889596376,0.0013518796039110527,0.0013518796039110527,0
2024-02-26,sz002371,-6644.5744947910471,-6644.5744947910471,0,2866.511861428392,2866.511861428392,-0.0024584880834335079,-0.0024584880834335079,0
2024-02-27,sh688041,28499.135470413854,28499.135470413854,0,4871.6470889596376,4871.6470889596376,0.010455885239133073,0.010455885239133073,0
2024-02-27,sz002371,20532.824463411602,20532.824463411602,0,2866.511861428392,2866.511861428392,0.0075331708376758762,0.0075331708376758762,0
2024-02-28,sh688041,-56627.4194937922,-22994.174259889485,-33633.245233902715,4871.6470889596376,13431.653325893836,-0.020860408818012047,-0.008470593923964485,-0.012389814894047562
2024-02-28,sz002371,-14375.556985063427,-14375.556985063427,0,2866.511861428392,2866.511861428392,-0.0052956676884760084,-0.0052956676884760084,0
2024-02-29,sh688041,24714.242119644703,24714.242119644703,0,13431.653325893836,13431.653325893836,0.0091013036536333886,0.0091013036536333886,0
2024-02-29,sz002371,48051.338333124149,48051.338333124149,0,2866.511861428392,2866.511861428392,0.017695457502442082,0.017695457502442082,0
2024-03-01,sh688041,31833.018382368453,31833.018382368453,0,13431.653325893836,13431.653325893836,0.011453407914403156,0.011453407914403156,0
2024-03-01,sz002371,23031.486110128379,17179.005585540337,5852.4805245880407,2866.511861428392,4230.1894041386768,0.00828664759733614,0.0061809457140257658,0.0021057018833103734
2024-03-04,sh688041,-16252.300524331649,-16252.300524331649,0,13431.653325893836,13431.653325893836,-0.0058069497499407124,-0.0058069497499407124,0
2024-03-04,sz002371,59.222651657983796,59.222651657983796,0,4230.1894041386768,4230.1894041386768,2.1160263540616343e-05,2.1160263540616343e-05,0
2024-03-05,sh688041,268.63306651801418,268.63306651801418,0,13431.653325893836,13431.653325893836,9.631293688705731e-05,9.631293688705731e-05,0
2024-03-05,sz002371,-3286.8571670156962,-3286.8571670156962,0,4230.1894041386768,4230.1894041386768,-0.0011784359646667927,-0.0011784359646667927,0
2024-03-06,sh688041,-25251.508252680542,-25251.508252680542,0,13431.653325893836,13431.653325893836,-0.0091002114910294866,-0.0091002114910294866,0
2024-03-06,sz002371,-376.48685696833644,-376.48685696833644,0,4230.1894041386768,4230.1894041386768,-0.00013567942111501936,-0.00013567942111501936,0
2024-03-07,sh688041,-47279.419707146248,-47279.419707146248,0,13431.653325893836,13431.653325893836,-0.017263138433387688,-0.017263138433387688,0
2024-03-07,sz002371,846.03788082768722,846.03788082768722,0,4230.1894041386768,4230.1894041386768,0.00030891388149611201,0.00030891388149611201,0
2024-03-08,sh688041,18804.314656251448,18804.314656251448,0,13431.653325893836,13431.653325893836,0.0068590672608452689,0.0068590672608452689,0
2024-03-08,sz002371,33215.447201296905,33215.447201296905,0,4230.1894041386768,4230.1894041386768,0.012115676142284169,0.012115676142284169,0
2024-03-11,sh688041,20281.796522099572,20281.796522099572,0,13431.653325893836,13431.653325893836,0.007286729642712435,0.007286729642712435,0
2024-03-11,sz002371,11316.906846882239,5702.2953167788719,5614.6115301033669,4230.1894041386768,6002.1894406040847,0.0040658745636826619,0.0020486885503953143,0.0020171860132873472
2024-03-12,sh688041,-51174.599171655544,-51174.599171655544,0,13431.653325893836,13431.653325893836,-0.018529942825580847,-0.018529942825580847,0
2024-03-12,sz002371,-23474.562902202582,-23474.562902202582,0,6002.1894406040847,6002.1894406040847,-0.0084999651286812982,-0.0084999651286812982,0
2024-03-13,sh688041,-4029.4959977681128,-4029.4959977681128,0,13431.653325893836,13431.653325893836,-0.0014872356415970259,-0.0014872356415970259,0
2024-03-13,sz002371,-26277.5853709646,-26277.5853709646,0,6002.1894406040847,6002.1894406040847,-0.0096987220139822979,-0.0096987220139822979,0
2024-03-14,sh688041,14103.235992188489,14103.235992188489,0,13431.653325893836,13431.653325893836,0.0052325964208896113,0.0052325964208896113,0
2024-03-14,sz002371,-12094.41172281732,-12094.41172281732,0,6002.1894406040847,6002.1894406040847,-0.0044872804743983363,-0.0044872804743983363,0
2024-03-15,sh688041,-671.58266629465368,-671.58266629465368,0,13431.653325893836,13431.653325893836,-0.0002492637735345699,-0.0002492637735345699,0
2024-03-15,sz002371,-3337.2173289757702,-3337.2173289757702,0,6002.1894406040847,6002.1894406040847,-0.0012386373655458366,-0.0012386373655458366,0
2024-03-18,sh688041,33444.816781475776,33444.816781475776,0,13431.653325893836,13431.653325893836,0.012255820723432167,0.012255820723432167,0
2024-03-18,sz002371,40148.645168200681,40148.645168200681,0,6002.1894406040847,6002.1894406040847,0.014712432144125097,0.014712432144125097,0
2024-03-19,sh688041,-34116.399447770425,-34116.399447770425,0,13431.653325893836,13431.653325893836,-0.012441683319089323,-0.012441683319089323,0
2024-03-19,sz002371,-13246.832095413176,-13246.832095413176,0,6002.1894406040847,6002.1894406040847,-0.004830899291251264,-0.004830899291251264,0
2024-03-20,sh688041,-6178.5605299110803,-6178.5605299110803,0,13431.653325893836,13431.653325893836,-0.0022732906262605498,-0.0022732906262605498,0
2024-03-20,sz002371,4981.8172357012945,4981.8172357012945,0,6002.1894406040847,6002.1894406040847,0.0018329703769732243,0.0018329703769732243,0
2024-03-21,sh688041,-13028.703726117197,-13028.703726117197,0,13431.653325893836,13431.653325893836,-0.0047870274802676912,-0.0047870274802676912,0
2024-03-21,sz002371,21781.945479952337,21781.945479952337,0,6002.1894406040847,6002.1894406040847,0.0080031577797877469,0.0080031577797877469,0
2024-03-22,sh688041,-6150.2330446400028,12088.487993304529,-18238.721037944531,13431.653325893836,0,-0.0022378499067941459,0.0043985685636213417,-0.0066364184704154876
2024-03-22,sz002371,50730.505151985715,50730.505151985715,0,6002.1894406040847,6002.1894406040847,0.018459016983906232,0.018459016983906232,0
2024-03-25,sh688012,-6564.0331388424202,-0,-6564.0331388424202,0,6618.0600356722707,-0.0023638168641702947,-0,-0.0023638168641702947
2024-03-25,sz002371,19074.958042239763,19074.958042239763,0,6002.1894406040847,6002.1894406040847,0.0068692077797064249,0.0068692077797064249,0
2024-03-26,sh688012,3618.7055293161757,-17458.442374103484,21077.14790341966,6618.0600356722707,0,0.0012992288005326603,-0.0062681284677953159,0.0075673572683279755
2024-03-26,sz002371,648.18559463104975,-26319.600697048856,26967.786291679906,6002.1894406040847,0,0.00023271896146636359,-0.0094495622722269943,0.009682281233693359
2024-04-29,sz002371,27537.025533333959,0,27537.025533333959,0,3951.1908646003262,0.0097800946548494052,0,0.0097800946548494052
2024-04-29,sz002409,29079.908401457535,0,29079.908401457535,0,8110.1491019993218,0.010328067436925232,0,0.010328067436925232
2024-04-30,sz002371,-11707.378531810742,-11707.378531810742,0,3951.1908646003262,3951.1908646003262,-0.0041253355635207916,-0.0041253355635207916,0
2024-04-30,sz002409,-486.60894611997776,-486.60894611997776,0,8110.1491019993218,8110.1491019993218,-0.00017146666826408957,-0.00017146666826408957,0
2024-05-06,sz002371,-612.43458401305509,-612.43458401305509,0,3951.1908646003262,3951.1908646003262,-0.00021668286789875292,-0.00021668286789875292,0
2024-05-06,sz002409,-10218.78786851913,-10218.78786851913,0,8110.1491019993218,8110.1491019993218,-0.0036154657486692637,-0.0036154657486692637,0
2024-05-07,sz002371,-4946.8909624795342,-4946.8909624795342,0,3951.1908646003262,3951.1908646003262,-0.0017592161095294594,-0.0017592161095294594,0
2024-05-07,sz002409,-13057.340054218903,-13057.340054218903,0,8110.1491019993218,8110.1491019993218,-0.0046434585167150202,-0.0046434585167150202,0
2024-05-08,sz002371,-12556.884567699826,-12556.884567699826,0,3951.1908646003262,3951.1908646003262,-0.0044945122259622385,-0.0044945122259622385,0
2024-05-08,sz002409,-5758.2058624195251,-5758.2058624195251,0,8110.1491019993218,8110.1491019993218,-0.0020610467914011217,-0.0020610467914011217,0
2024-05-09,sz002371,3571.8765415986804,3571.8765415986804,0,3951.1908646003262,3951.1908646003262,0.0012820350033449601,0.0012820350033449601,0
2024-05-09,sz002409,-729.91341917990906,-729.91341917990906,0,8110.1491019993218,8110.1491019993218,-0.00026198401369746595,-0.00026198401369746595,0
2024-05-10,sz002371,-47062.63438825449,-47062.63438825449,0,3951.1908646003262,3951.1908646003262,-0.017057449619377066,-0.017057449619377066,0
2024-05-10,sz002409,-9651.0774313792317,-9651.0774313792317,0,8110.1491019993218,8110.1491019993218,-0.0034979505333331586,-0.0034979505333331586,0
2024-05-13,sz002371,-13060.208532137909,-18586.401827079964,5526.1932949420543,3951.1908646003262,0,-0.0047929473377851372,-0.0068209971484678167,0.0020280498106826786
2024-05-13,sz002409,1216.5223652998868,1216.5223652998868,0,8110.1491019993218,8110.1491019993218,0.00044644981110157677,0.00044644981110157677,0
2024-05-14,sz002409,-7461.3371738393325,-7461.3371738393325,0,8110.1491019993218,8110.1491019993218,-0.0027549360116398466,-0.0027549360116398466,0
2024-05-14,sz300054,-13732.308951325615,-0,-13732.308951325615,0,37221.428571428572,-0.0050703555638277591,-0,-0.0050703555638277591
2024-05-15,sz002409,2189.7402575397846,2189.7402575397846,0,8110.1491019993218,8110.1491019993218,0.00081146817558568594,0.00081146817558568594,0
2024-05-15,sz300054,-744.42857142855553,-744.42857142855553,0,37221.428571428572,37221.428571428572,-0.00027586837874081196,-0.00027586837874081196,0
2024-05-16,sz002409,405.50745510000064,405.50745510000064,0,8110.1491019993218,8110.1491019993218,0.00015037592250365884,0.00015037592250365884,0
2024-05-16,sz300054,-5583.2142857143654,-5583.2142857143654,0,37221.428571428572,37221.428571428572,-0.0020704452857540153,-0.0020704452857540153,0
2024-05-17,sz002409,4703.8864791595925,4703.8864791595925,0,8110.1491019993218,8110.1491019993218,0.0017404351287050813,0.0017404351287050813,0
2024-05-17,sz300054,12655.28571428571,12655.28571428571,0,37221.428571428572,37221.428571428572,0.0046824479966781837,0.0046824479966781837,0
2024-05-20,sz002409,18572.241443578441,18572.241443578441,0,8110.1491019993218,8110.1491019993218,0.0068282087175546811,0.0068282087175546811,0
2024-05-20,sz300054,-1488.8571428571111,-1488.8571428571111,0,37221.428571428572,37221.428571428572,-0.00054738828121177413,-0.00054738828121177413,0
2024-05-21,sz002409,-6082.6118264994911,-6082.6118264994911,0,8110.1491019993218,8110.1491019993218,-0.002238377066186984,-0.002238377066186984,0
2024-05-21,sz300054,-16005.214285714275,-16005.214285714275,0,37221.428571428572,37221.428571428572,-0.0058898554795939716,-0.0058898554795939716,0
2024-05-22,sz002409,-15328.181802778723,-15328.181802778723,0,8110.1491019993218,8110.1491019993218,-0.0056797964962256101,-0.0056797964962256101,0
2024-05-22,sz300054,0,0,0,37221.428571428572,37221.428571428572,0,0,0
2024-05-23,sz002409,-11435.310233819017,-11435.310233819017,0,8110.1491019993218,8110.1491019993218,-0.0042625620942381573,-0.0042625620942381573,0
2024-05-23,sz300054,-5211.0000000000209,-5211.0000000000209,0,37221.428571428572,37221.428571428572,-0.0019424231279169225,-0.0019424231279169225,0
2024-05-24,sz002409,-9813.2804134191865,-9813.2804134191865,0,8110.1491019993218,8110.1491019993218,-0.0036840415209177537,-0.0036840415209177537,0
2024-05-24,sz300054,-11538.64285714281,-11538.64285714281,0,37221.428571428572,37221.428571428572,-0.0043317665031385819,-0.0043317665031385819,0
2024-05-27,sz002409,3264.3586887019846,39415.324635716701,-36150.965947014716,8110.1491019993218,0,0.0012226417323764735,0.014762722295678848,-0.013540080563302375
2024-05-27,sz300054,30521.571428571438,30521.571428571438,0,37221.428571428572,37221.428571428572,0.011431631914542851,0.011431631914542851,0
2024-05-28,sh688300,-619.33241205771265,0,-619.33241205771265,0,19384.592258549419,-0.00023154356446181503,0,-0.00023154356446181503
2024-05-28,sz300054,-23449.500000000095,-23449.500000000095,0,37221.428571428572,37221.428571428572,-0.0087668281348423881,-0.0087668281348423881,0
2024-05-29,sh688300,-21810.88368583209,-15061.828184892918,-6749.0555009391719,19384.592258549419,31553.173339630499,-0.0082468165208704966,-0.0056949610707599839,-0.0025518554501105118
2024-05-29,sz300054,-14144.142857142821,-14144.142857142821,0,37221.428571428572,37221.428571428572,-0.0053479791405062378,-0.0053479791405062378,0
2024-05-30,sh688300,25494.964058421439,25494.964058421439,0,31553.173339630499,31553.173339630499,0.0096600483544531119,0.0096600483544531119,0
2024-05-30,sz300054,-676.51837277143568,19355.142857142841,-20031.661229914276,37221.428571428572,0,-0.00025633298319906092,0.0073336685424974183,-0.0075900015256964793
2024-05-31,sh688008,-3090.7861589980366,0,-3090.7861589980366,0,22846.438816284775,-0.0011693716248201936,0,-0.0011693716248201936
2024-05-31,sh688300,-13948.059702370183,-11390.695575606518,-2557.3641267636644,31553.173339630499,39098.784523858696,-0.0052771251061047748,-0.0043095689924395201,-0.00096755611366525511
2024-06-03,sh688008,31299.621178310244,31299.621178310244,0,22846.438816284775,22846.438816284775,0.011809563854515643,0.011809563854515643,0
2024-06-03,sh688300,273.69149166692864,273.69149166692864,0,39098.784523858696,39098.784523858696,0.00010326569541736297,0.00010326569541736297,0
2024-06-04,sh688008,-16906.364724050778,-16906.364724050778,0,22846.438816284775,22846.438816284775,-0.0063713363147170042,-0.0063713363147170042,0
2024-06-04,sh688300,-8406.2386726294753,-8406.2386726294753,0,39098.784523858696,39098.784523858696,-0.0031679769482856556,-0.0031679769482856556,0
2024-06-05,sh688008,-35640.444553404304,-35640.444553404304,0,22846.438816284775,22846.438816284775,-0.013562664469055314,-0.013562664469055314,0
2024-06-05,sh688300,9618.3009928690481,9618.3009928690481,0,39098.784523858696,39098.784523858696,0.003660161672035154,0.003660161672035154,0
2024-06-06,sh688008,-12885.391492384615,-12885.391492384615,0,22846.438816284775,22846.438816284775,-0.0049379633214625077,-0.0049379633214625077,0
2024-06-06,sh688300,2111.3343642884497,2111.3343642884497,0,39098.784523858696,39098.784523858696,0.00080910942103399859,0.00080910942103399859,0
2024-06-07,sh688008,-13936.327677933699,-13936.327677933699,0,22846.438816284775,22846.438816284775,-0.0053943160107198171,-0.0053943160107198171,0
2024-06-07,sh688300,-27056.358890510226,-27056.358890510226,0,39098.784523858696,39098.784523858696,-0.010472669223037419,-0.010472669223037419,0
2024-06-11,sh688008,11651.683796305353,11651.683796305353,0,22846.438816284775,22846.438816284775,0.0044678747003113759,0.0044678747003113759,0
2024-06-11,sh688300,78471.260539384326,78471.260539384326,0,39098.784523858696,39098.784523858696,0.030090050999893231,0.030090050999893231,0
2024-06-12,sh688008,11194.755019979422,11194.755019979422,0,22846.438816284775,22846.438816284775,0.0041548507755980848,0.0041548507755980848,0
2024-06-12,sh688300,71589.874463185392,71589.874463185392,0,39098.784523858696,39098.784523858696,0.026570054003636615,0.026570054003636615,0
2024-06-13,sh688008,25131.082697913287,25131.082697913287,0,22846.438816284775,22846.438816284775,0.0091624390191723214,0.0091624390191723214,0
2024-06-13,sh688300,-11416.845080966801,-11416.845080966801,0,39098.784523858696,39098.784523858696,-0.0041624210187482915,-0.0041624210187482915,0
2024-06-14,sh688008,6853.9316448855297,6853.9316448855297,0,22846.438816284775,22846.438816284775,0.0024881498148432903,0.0024881498148432903,0
2024-06-14,sh688300,3010.6064083373262,3010.6064083373262,0,39098.784523858696,39098.784523858696,0.0010929259533920619,0.0010929259533920619,0
2024-06-17,sh688008,18962.544217516326,18962.544217516326,0,22846.438816284775,22846.438816284775,0.006766649652279284,0.006766649652279284,0
2024-06-17,sh688300,67054.415458417512,67054.415458417512,0,39098.784523858696,39098.784523858696,0.023927893421936637,0.023927893421936637,0
2024-06-18,sh688008,12565.541348956562,12565.541348956562,0,22846.438816284775,22846.438816284775,0.0044313400858547198,0.0044313400858547198,0
2024-06-18,sh688300,-32491.089939326695,-32491.089939326695,0,39098.784523858696,39098.784523858696,-0.011458246428292986,-0.011458246428292986,0
2024-06-19,sh688008,18048.686664864952,18048.686664864952,0,22846.438816284775,22846.438816284775,0.0064010537920898567,0.0064010537920898567,0
2024-06-19,sh688300,-30066.965298847274,-30066.965298847274,0,39098.784523858696,39098.784523858696,-0.01066339428549554,-0.01066339428549554,0
2024-06-20,sh688008,20790.259322819231,20790.259322819231,0,22846.438816284775,22846.438816284775,0.0073405150029971803,0.0073405150029971803,0
2024-06-20,sh688300,16538.785853592301,16538.785853592301,0,39098.784523858696,39098.784523858696,0.0058394271954270707,0.0058394271954270707,0
2024-06-21,sh688008,16677.900335887814,16677.900335887814,0,22846.438816284775,22846.438816284775,0.005835015701344138,0.005835015701344138,0
2024-06-21,sh688300,-2111.3343642884497,-2111.3343642884497,0,39098.784523858696,39098.784523858696,-0.0007386822632523386,-0.0007386822632523386,0
2024-06-24,sh688008,7310.860421211135,7310.860421211135,0,22846.438816284775,22846.438816284775,0.0025910379357779729,0.0025910379357779729,0
2024-06-24,sh688300,-94736.354901309416,-94736.354901309416,0,39098.784523858696,39098.784523858696,-0.033575458332434388,-0.033575458332434388,0
2024-06-25,sh688008,-12063.849224294114,-49576.772231338,37512.923007043886,22846.438816284775,0,-0.004383479377911996,-0.018014047975821425,0.013630568597909426
2024-06-25,sh688300,-39755.566733302876,-77571.988495335725,37816.421762032849,39098.784523858696,16886.321553058868,-0.014445448023479766,-0.028186294900649927,0.013740846877170159
2024-06-26,sh688300,1390.4518108216726,10908.563723276042,-9518.1119124543693,16886.321553058868,0,0.00050988630684548509,0.0040002301601254169,-0.0034903438532799319
2024-07-12,sh688008,21608.008833088606,0,21608.008833088606,0,10271.22114065676,0.0078961392044435037,0,0.0078961392044435037
2024-07-12,sz002281,-3890.7897853755471,-0,-3890.7897853755471,0,13595.79694323144,-0.0014217977231436004,-0,-0.0014217977231436004
2024-07-15,sh688008,7022.8881235176268,6573.5815300203321,449.30659349729427,10271.22114065676,14001.731682563015,0.0025589687260788073,0.0023952523887317318,0.00016371633734707516
2024-07-15,sz002281,-8973.2259825327037,-8973.2259825327037,0,13595.79694323144,13595.79694323144,-0.0032696241571106852,-0.0032696241571106852,0
2024-07-16,sh688008,10221.264128270957,10221.264128270957,0,14001.731682563015,14001.731682563015,0.0037169431759693015,0.0037169431759693015,0
2024-07-16,sz002281,2719.1593886462301,2719.1593886462301,0,13595.79694323144,13595.79694323144,0.00098881711764464198,0.00098881711764464198,0
2024-07-17,sh688008,-45980.171004706193,-25483.151662264692,-20497.019342441505,14001.731682563015,23665.54101375983,-0.016835077586419656,-0.0093303444942998311,-0.0075047330921198278
2024-07-17,sz002281,-4214.6970524016806,-4214.6970524016806,0,13595.79694323144,13595.79694323144,-0.0015431598084568699,-0.0015431598084568699,0
2024-07-18,sh688008,-4969.7636128894164,-4969.7636128894164,0,23665.54101375983,23665.54101375983,-0.0018437484905939714,-0.0018437484905939714,0
2024-07-18,sz002281,-16450.914301310055,-16450.914301310055,0,13595.79694323144,13595.79694323144,-0.0061031772886068055,-0.0061031772886068055,0
2024-07-19,sh688008,236.65541013755123,236.65541013755123,0,23665.54101375983,23665.54101375983,8.8241761407239217e-05,8.8241761407239217e-05,0
2024-07-19,sz002281,-5980.5807429104634,-1223.6217248908761,-4756.9590180195873,13595.79694323144,0,-0.0022299806232441424,-0.00045625213570134381,-0.0017737284875427985
2024-07-22,sh688008,21772.297732659084,21772.297732659084,0,23665.54101375983,23665.54101375983,0.0081192954842101185,0.0081192954842101185,0
2024-07-22,sz002371,-16724.762803293077,-0,-16724.762803293077,0,4481.1445997921392,-0.0062369756637843934,-0,-0.0062369756637843934
2024-07-23,sh688008,-121404.22540058799,-121404.22540058799,0,23665.54101375983,23665.54101375983,-0.046825135305387261,-0.046825135305387261,0
2024-07-23,sz002371,-59218.325886253137,-59218.325886253137,0,4481.1445997921392,4481.1445997921392,-0.022840276876960247,-0.022840276876960247,0
2024-07-24,sh688008,17672.705556292,4259.7973824767623,13412.908173815236,23665.54101375983,0,0.0070398960277375695,0.0016968839647299087,0.005343012063007661
2024-07-24,sz002371,-3835.0995209482608,-10221.490832125895,6386.3913111776346,4481.1445997921392,0,-0.0015277062019453829,-0.0040717157017885041,0.0025440094998431216
2024-09-27,sh688019,21685.876595926256,0,21685.876595926256,0,6892.2462602062105,0.0085110932343140724,0,0.0085110932343140724
2024-09-27,sh688041,39891.288390540794,0,39891.288390540794,0,10004.902501501392,0.015656202470163583,0,0.015656202470163583
2024-09-30,sh688019,81790.286369867128,81790.286369867128,0,6892.2462602062105,6892.2462602062105,0.030250465259054761,0.030250465259054761,0
2024-09-30,sh688041,171984.27400080892,171984.27400080892,0,10004.902501501392,10004.902501501392,0.063609073114603357,0.063609073114603357,0
2024-10-08,sh688019,107815.40824840576,107815.40824840576,0,6892.2462602062105,6892.2462602062105,0.036093180637987547,0.036093180637987547,0
2024-10-08,sh688041,206701.28568101887,206701.28568101887,0,10004.902501501392,10004.902501501392,0.069197037449418547,0.069197037449418547,0
2024-10-09,sh688019,-97076.270244314699,-73181.870790869507,-23894.399453445189,6892.2462602062105,11055.737930552212,-0.030766256558320944,-0.023193435496679959,-0.0075728210616409853
2024-10-09,sh688041,113341.50676431303,70634.611660599854,42706.895103713177,10004.902501501392,14011.5368592042,0.035921176895666179,0.022386135960705135,0.013535040934961043
2024-10-10,sh688019,-56273.706066510793,-56273.706066510793,0,11055.737930552212,11055.737930552212,-0.017947776532828665,-0.017947776532828665,0
2024-10-10,sh688041,420.34610577614194,420.34610577614194,0,14011.5368592042,14011.5368592042,0.00013406399720676388,0.00013406399720676388,0
2024-10-11,sh688019,-10095.715049612041,-39325.259818974242,29229.544769362201,11055.737930552212,0,-0.0033091782908173644,-0.012890052406808249,0.0095808741159908849
2024-10-11,sh688041,-102704.56517796696,-102704.56517796696,0,14011.5368592042,14011.5368592042,-0.033664551325448294,-0.033664551325448294,0
2024-10-14,sh688041,7005.7684296020998,7005.7684296020998,0,14011.5368592042,14011.5368592042,0.0023140205218288331,0.0023140205218288331,0
2024-10-14,sh688256,58754.426288325674,0,58754.426288325674,0,2330.3243517640303,0.019406714558960522,0,0.019406714558960522
2024-10-15,sh688041,-100883.06538627027,-100883.06538627027,0,14011.5368592042,14011.5368592042,-0.033682560768495268,-0.033682560768495268,0
2024-10-15,sh688256,-29012.538179462219,-29012.538179462219,0,2330.3243517640303,2330.3243517640303,-0.0096866265565619895,-0.0096866265565619895,0
2024-10-16,sh688041,-48059.571427070303,-48059.571427070303,0,14011.5368592042,14011.5368592042,-0.016595036152056378,-0.016595036152056378,0
2024-10-16,sh688256,-20893.688137916248,-20893.688137916248,0,2330.3243517640303,2330.3243517640303,-0.0072146192673538849,-0.0072146192673538849,0
2024-10-17,sh688041,36570.111202522952,36570.111202522952,0,14011.5368592042,14011.5368592042,0.012643995161466592,0.012643995161466592,0
2024-10-17,sh688256,24866.891157673948,24866.891157673948,0,2330.3243517640303,2330.3243517640303,0.0085976454853288597,0.0085976454853288597,0
2024-10-18,sh688041,235533.93460322244,235533.93460322244,0,14011.5368592042,14011.5368592042,0.07613493924551322,0.07613493924551322,0
2024-10-18,sh688256,112011.70061624167,112011.70061624167,0,2330.3243517640303,2330.3243517640303,0.036207114000665536,0.036207114000665536,0
2024-10-21,sh688041,-23679.497292055064,-23679.497292055064,0,14011.5368592042,14011.5368592042,-0.0072414387181307634,-0.0072414387181307634,0
2024-10-21,sh688256,22350.140857768834,22350.140857768834,0,2330.3243517640303,2330.3243517640303,0.0068349075728658497,0.0068349075728658497,0
2024-10-22,sh688041,-44696.802580861367,-44696.802580861367,0,14011.5368592042,14011.5368592042,-0.013843022721079075,-0.013843022721079075,0
2024-10-22,sh688256,-35970.886693829656,-35970.886693829656,0,2330.3243517640303,2330.3243517640303,-0.011140523998315246,-0.011140523998315246,0
2024-10-23,sh688041,-43295.648894940823,-43295.648894940823,0,14011.5368592042,14011.5368592042,-0.013677793004865968,-0.013677793004865968,0
2024-10-23,sh688256,-3129.6256044190018,-3129.6256044190018,0,2330.3243517640303,2330.3243517640303,-0.00098869914858750753,-0.00098869914858750753,0
2024-10-24,sh688041,-17094.074968229106,-17094.074968229106,0,14011.5368592042,14011.5368592042,-0.005446503389535306,-0.005446503389535306,0
2024-10-24,sh688256,9696.4796276901325,9696.4796276901325,0,2330.3243517640303,2330.3243517640303,0.0030894862258958196,0.0030894862258958196,0
2024-10-25,sh688041,-25220.766346567718,-25220.766346567718,0,14011.5368592042,14011.5368592042,-0.0080845612622429206,-0.0080845612622429206,0
2024-10-25,sh688256,-5175.6503852679198,-5175.6503852679198,0,2330.3243517640303,2330.3243517640303,-0.0016590638855565169,-0.0016590638855565169,0
2024-10-28,sh688041,7986.5760097464972,7986.5760097464972,0,14011.5368592042,14011.5368592042,0.0025610833466123335,0.0025610833466123335,0
2024-10-28,sh688256,20033.798452115323,20033.798452115323,0,2330.3243517640303,2330.3243517640303,0.0064243084298560476,0.0064243084298560476,0
2024-10-29,sh688041,55485.685962448544,55485.685962448544,0,14011.5368592042,14011.5368592042,0.017561022880265488,0.017561022880265488,0
2024-10-29,sh688256,-1078.9401748667979,-1078.9401748667979,0,2330.3243517640303,2330.3243517640303,-0.00034148073991725688,-0.00034148073991725688,0
2024-10-30,sh688041,-18775.459391333476,-18775.459391333476,0,14011.5368592042,14011.5368592042,-0.0058926016342372104,-0.0058926016342372104,0
2024-10-30,sh688256,17579.966909707939,17579.966909707939,0,2330.3243517640303,2330.3243517640303,0.0055174011768680227,0.0055174011768680227,0
2024-10-31,sh688041,45257.264055229418,45257.264055229418,0,14011.5368592042,14011.5368592042,0.014078008361459702,0.014078008361459702,0
2024-10-31,sh688256,13059.137667285591,13059.137667285591,0,2330.3243517640303,2330.3243517640303,0.0040622572555235291,0.0040622572555235291,0
2024-11-01,sh688041,-63612.377340786952,-63612.377340786952,0,14011.5368592042,14011.5368592042,-0.020013712611783873,-0.020013712611783873,0
2024-11-01,sh688256,-66609.991270823055,-66609.991270823055,0,2330.3243517640303,2330.3243517640303,-0.020956821268066646,-0.020956821268066646,0
2024-11-04,sh688041,7986.576009746298,7986.576009746298,0,14011.5368592042,14011.5368592042,0.002561680285957896,0.002561680285957896,0
2024-11-04,sh688256,-109.52524453296877,-109.52524453296877,0,2330.3243517640303,2330.3243517640303,-3.513003061542721e-05,-3.513003061542721e-05,0
2024-11-05,sh688041,67675.723029956454,67675.723029956454,0,14011.5368592042,14011.5368592042,0.021306982557350678,0.021306982557350678,0
2024-11-05,sh688256,42101.970063320754,42101.970063320754,0,2330.3243517640303,2330.3243517640303,0.013255358075335111,0.013255358075335111,0
2024-11-06,sh688041,54785.10911948837,54785.10911948837,0,14011.5368592042,14011.5368592042,0.016739368413948182,0.016739368413948182,0
2024-11-06,sh688256,28371.698982727095,28371.698982727095,0,2330.3243517640303,2330.3243517640303,0.0086688578234950658,0.0086688578234950658,0
2024-11-07,sh688041,119938.75551478798,119938.75551478798,0,14011.5368592042,14011.5368592042,0.035384019251181842,0.035384019251181842,0
2024-11-07,sh688256,31277.613449376873,31277.613449376873,0,2330.3243517640303,2330.3243517640303,0.0092274400519965372,0.0092274400519965372,0
2024-11-08,sh688041,-66694.915449812266,-66694.915449812266,0,14011.5368592042,14011.5368592042,-0.019634610990952796,-0.019634610990952796,0
2024-11-08,sh688256,-70378.125747625527,-70378.125747625527,0,2330.3243517640303,2330.3243517640303,-0.020718927552533174,-0.020718927552533174,0
2024-11-11,sh688041,28863.765929960682,28863.765929960682,0,14011.5368592042,14011.5368592042,0.008634719120572721,0.008634719120572721,0
2024-11-11,sh688256,-766.676711730384,-766.676711730384,0,2330.3243517640303,2330.3243517640303,-0.00022935461984205412,-0.00022935461984205412,0
2024-11-12,sh688041,-135071.2153227283,-135071.2153227283,0,14011.5368592042,14011.5368592042,-0.041144353044642971,-0.041144353044642971,0
2024-11-12,sh688256,-11761.147003352988,-11761.147003352988,0,2330.3243517640303,2330.3243517640303,-0.0035825899941723102,-0.0035825899941723102,0
2024-11-13,sh688041,29424.22740432874,29424.22740432874,0,14011.5368592042,14011.5368592042,0.0090139756258869122,0.0090139756258869122,0
2024-11-13,sh688256,79778.654182641476,79778.654182641476,0,2330.3243517640303,2330.3243517640303,0.0244398207771667,0.0244398207771667,0
2024-11-14,sh688041,-67395.492292772236,-67395.492292772236,0,14011.5368592042,14011.5368592042,-0.020538365375916228,-0.020538365375916228,0
2024-11-14,sh688256,-7820.568524520073,-7820.568524520073,0,2330.3243517640303,2330.3243517640303,-0.0023832705770028043,-0.0023832705770028043,0
2024-11-15,sh688041,-67255.37692418012,-67255.37692418012,0,14011.5368592042,14011.5368592042,-0.021029423742131573,-0.021029423742131573,0
2024-11-15,sh688256,-23958.064660486009,-23958.064660486009,0,2330.3243517640303,2330.3243517640303,-0.0074912121056838425,-0.0074912121056838425,0
2024-11-18,sh688041,10992.175833346415,16953.959599636994,-5961.7837662905786,14011.5368592042,0,0.0034847836177426209,0.0053748121904540975,-0.0018900285727114767
2024-11-18,sh688256,-7853.1930654446605,-7853.1930654446605,0,2330.3243517640303,2330.3243517640303,-0.0024896507257835686,-0.0024896507257835686,0
2024-11-19,sh600206,-1352.5286756399198,-0,-1352.5286756399198,0,55400.268428659925,-0.00042735676877424163,-0,-0.00042735676877424163
2024-11-19,sh688256,19299.746281309657,19299.746281309657,0,2330.3243517640303,2330.3243517640303,0.0060981163338669139,0.0060981163338669139,0
2024-11-20,sh600206,108584.5261201735,108584.5261201735,0,55400.268428659925,55400.268428659925,0.033527668034302148,0.033527668034302148,0
2024-11-20,sh688256,21895.727609174864,21895.727609174864,0,2330.3243517640303,2330.3243517640303,0.0067607486340867419,0.0067607486340867419,0
2024-11-21,sh600206,35456.171794342386,35456.171794342386,0,55400.268428659925,55400.268428659925,0.010575800982146015,0.010575800982146015,0
2024-11-21,sh688256,61497.259643052726,61497.259643052726,0,2330.3243517640303,2330.3243517640303,0.018343288234971399,0.018343288234971399,0
2024-11-22,sh600206,64264.311377245518,64264.311377245518,0,55400.268428659925,55400.268428659925,0.018813051904560417,0.018813051904560417,0
2024-11-22,sh688256,-34908.258789425214,-34908.258789425214,0,2330.3243517640303,2330.3243517640303,-0.010219216084774182,-0.010219216084774182,0
2024-11-25,sh600206,129636.62812306422,129636.62812306422,0,55400.268428659925,55400.268428659925,0.037116013185411266,0.037116013185411266,0
2024-11-25,sh688256,-4693.2732444527801,-4693.2732444527801,0,2330.3243517640303,2330.3243517640303,-0.0013437220185832295,-0.0013437220185832295,0
2024-11-26,sh600206,-142378.68986165602,-142378.68986165602,0,55400.268428659925,55400.268428659925,-0.040896333914364147,-0.040896333914364147,0
2024-11-26,sh688256,-4847.0746516691461,-4847.0746516691461,0,2330.3243517640303,2330.3243517640303,-0.0013922559875717492,-0.0013922559875717492,0
2024-11-27,sh600206,-127974.62007020455,-127974.62007020455,0,55400.268428659925,55400.268428659925,-0.037836011729535997,-0.037836011729535997,0
2024-11-27,sh688256,76087.420409447383,76087.420409447383,0,2330.3243517640303,2330.3243517640303,0.022495433309375767,0.022495433309375767,0
2024-11-28,sh600206,44447.412004159538,-22714.110055750578,67161.522059910116,55400.268428659925,0,0.013120710207500656,-0.0067051205508858354,0.019825830758386492
2024-11-28,sh688256,17952.818805990108,17952.818805990108,0,2330.3243517640303,2330.3243517640303,0.005299605136495242,0.005299605136495242,0
2024-11-29,sh688256,45528.609290463515,23412.768762173138,22115.840528290373,2330.3243517640303,4129.2613665840727,0.01322895898130981,0.00680289959259871,0.0064260593887110985
2024-12-02,sh688120,1094.3823097526927,0,1094.3823097526927,0,1336.721427727219,0.00031571736855727224,0,0.00031571736855727224
2024-12-02,sh688256,2774.8636383446019,2774.8636383446019,0,4129.2613665840727,4129.2613665840727,0.00080051791608491013,0.00080051791608491013,0
2024-12-03,sh688120,-3363.1911121616899,-3363.1911121616899,0,1336.721427727219,1336.721427727219,-0.0009670870261166988,-0.0009670870261166988,0
2024-12-03,sh688256,22141.099447623659,22141.099447623659,0,4129.2613665840727,4129.2613665840727,0.00636668250648226,0.00636668250648226,0
2024-12-04,sh688120,-1739.0745774731145,-1739.0745774731145,0,1336.721427727219,1336.721427727219,-0.00050232908056587703,-0.00050232908056587703,0
2024-12-04,sh688256,-48192.609409402678,-48192.609409402678,0,4129.2613665840727,4129.2613665840727,-0.013920362869009819,-0.013920362869009819,0
2024-12-05,sh688120,-314.12953551589567,-314.12953551589567,0,1336.721427727219,1336.721427727219,-9.0757943916045734e-05,-9.0757943916045734e-05,0
2024-12-05,sh688256,48551.855148295683,48551.855148295683,0,4129.2613665840727,4129.2613665840727,0.014027546118298763,0.014027546118298763,0
2024-12-06,sh688120,2239.0083914430879,2239.0083914430879,0,1336.721427727219,1336.721427727219,0.00064645127971088351,0.00064645127971088351,0
2024-12-06,sh688256,-45781.120771317801,-45781.120771317801,0,4129.2613665840727,4129.2613665840727,-0.013218022863300719,-0.013218022863300719,0
2024-12-09,sh688120,-5088.8984753575251,-5088.8984753575251,0,1336.721427727219,1336.721427727219,-0.0014884233406428546,-0.0014884233406428546,0
2024-12-09,sh688256,-40462.632131157239,-40462.632131157239,0,4129.2613665840727,4129.2613665840727,-0.011834688072378721,-0.011834688072378721,0
2024-12-10,sh688120,4925.4605251928242,1887.4506559508413,3038.0098692419824,1336.721427727219,0,0.0014495454525577237,0.00055546999133721149,0.00089407546122051223
2024-12-10,sh688256,-1577.3778420351364,-1577.3778420351364,0,4129.2613665840727,4129.2613665840727,-0.00046421666891703194,-0.00046421666891703194,0
2024-12-11,sh688249,-9087.1243617424479,-0,-9087.1243617424479,0,24303.311898301305,-0.0026696294464781129,-0,-0.0026696294464781129
2024-12-11,sh688256,17652.592342146818,17652.592342146818,0,4129.2613665840727,4129.2613665840727,0.0051860058746057303,0.0051860058746057303,0
2024-12-12,sh688249,5832.7948555923613,5832.7948555923613,0,24303.311898301305,24303.311898301305,0.0016879853680660372,0.0016879853680660372,0
2024-12-12,sh688256,89208.562563682484,89208.562563682484,0,4129.2613665840727,4129.2613665840727,0.025816568564780588,0.025816568564780588,0
2024-12-13,sh688249,1215.1655949150825,1215.1655949150825,0,24303.311898301305,24303.311898301305,0.00034805016704097592,0.00034805016704097592,0
2024-12-13,sh688256,-24915.963085968262,-24915.963085968262,0,4129.2613665840727,4129.2613665840727,-0.0071364801228297253,-0.0071364801228297253,0
2024-12-16,sh688249,-49335.723153551677,-49335.723153551677,0,24303.311898301305,24303.311898301305,-0.014238826136357286,-0.014238826136357286,0
2024-12-16,sh688256,20092.985809798036,20092.985809798036,0,4129.2613665840727,4129.2613665840727,0.0057990541785625368,0.0057990541785625368,0
2024-12-17,sh688249,-7777.0598074564241,-7777.0598074564241,0,24303.311898301305,24303.311898301305,-0.0022613662679359012,-0.0022613662679359012,0
2024-12-17,sh688256,-14547.38779447579,-14547.38779447579,0,4129.2613665840727,4129.2613665840727,-0.0042300011648964452,-0.0042300011648964452,0
2024-12-18,sh688249,0,0,0,24303.311898301305,24303.311898301305,0,0,0
2024-12-18,sh688256,131772.98873043107,131772.98873043107,0,4129.2613665840727,4129.2613665840727,0.037720339926262739,0.037720339926262739,0
2024-12-19,sh688249,-4131.5630227112633,-4131.5630227112633,0,24303.311898301305,24303.311898301305,-0.0011530383457073168,-0.0011530383457073168,0
2024-12-19,sh688256,51186.323900175994,51186.323900175994,0,4129.2613665840727,4129.2613665840727,0.014285100797994643,0.014285100797994643,0
2024-12-20,sh688249,-555.15500573273312,22602.080065420294,-23157.235071153027,24303.311898301305,0,-0.0001516174040158247,0.0061728142041227218,-0.0063244316081385466
2024-12-20,sh688256,110660.07536308671,110660.07536308671,0,4129.2613665840727,4129.2613665840727,0.030222177916962013,0.030222177916962013,0
2024-12-23,sh688205,3663.5503239578229,-0,3663.5503239578229,0,1989.962185261475,0.00099528498539055012,-0,0.00099528498539055012
2024-12-23,sh688256,-75379.66624699223,-75379.66624699223,0,4129.2613665840727,4129.2613665840727,-0.020478564066326699,-0.020478564066326699,0
2024-12-24,sh688205,-7193.7132997202361,-7193.7132997202361,0,1989.962185261475,1989.962185261475,-0.0019675511814500383,-0.0019675511814500383,0
2024-12-24,sh688256,29239.299736781657,29239.299736781657,0,4129.2613665840727,4129.2613665840727,0.0079972354116633858,0.0079972354116633858,0
2024-12-25,sh688205,780.06517662249007,780.06517662249007,0,1989.962185261475,1989.962185261475,0.00021246627499506938,0.00021246627499506938,0
2024-12-25,sh688256,7758.8821078115516,7758.8821078115516,0,4129.2613665840727,4129.2613665840727,0.0021132859522203736,0.0021132859522203736,0
2024-12-26,sh688205,18813.102499461987,18813.102499461987,0,1989.962185261475,1989.962185261475,0.0051260416430849668,0.0051260416430849668,0
2024-12-26,sh688256,-30098.186101031253,-30098.186101031253,0,4129.2613665840727,4129.2613665840727,-0.008200909729781122,-0.008200909729781122,0
2024-12-27,sh688205,-10068.129730275072,-4974.9054631536874,-5093.2242671213844,1989.962185261475,6059.4185572716606,-0.0027503895342010109,-0.001359033731791565,-0.0013913558024094459
2024-12-27,sh688256,2382.5838085190026,2382.5838085190026,0,4129.2613665840727,4129.2613665840727,0.00065086900416095597,0.00065086900416095597,0
2024-12-30,sh688205,14772.862442628322,14772.862442628322,0,6059.4185572716606,6059.4185572716606,0.0039846513262965432,0.0039846513262965432,0
2024-12-30,sh688256,87020.054039392795,87020.054039392795,0,4129.2613665840727,4129.2613665840727,0.023471725611002983,0.023471725611002983,0
2024-12-31,sh688205,-21068.598323633589,-21068.598323633589,0,6059.4185572716606,6059.4185572716606,-0.0056750222851114519,-0.0056750222851114519,0
2024-12-31,sh688256,-70668.179027719962,-70668.179027719962,0,4129.2613665840727,4129.2613665840727,-0.019035129184682784,-0.019035129184682784,0
2025-01-02,sh688205,-14654.814301889812,-26564.490955078963,11909.676653189152,6059.4185572716606,0,-0.0040139384186311791,-0.0072759864860397205,0.0032620480674085423
2025-01-02,sh688256,-17005.274820922321,-34310.032694946931,17304.75787402461,4129.2613665840727,0,-0.0046577271138999905,-0.0093974823250390725,0.0047397552111390811
2025-01-16,sh603986,-15460.863230134742,-0,-15460.863230134742,0,3831.6231485723015,-0.0043029286600647114,-0,-0.0043029286600647114
2025-01-16,sh688256,-68356.861379977752,-0,-68356.861379977752,0,1073.6514027495018,-0.019024468010989157,-0,-0.019024468010989157
2025-01-17,sh603986,25250.396549091427,25250.396549091427,0,3831.6231485723015,3831.6231485723015,0.0070978149381388175,0.0070978149381388175,0
2025-01-17,sh688256,-12978.826796704921,-1440.8401824898149,-11537.986614215106,1073.6514027495018,0,-0.0036483114448546483,-0.00040501609354387958,-0.0032432953513107684
2025-01-20,sh603986,-14201.464838291929,-6858.6054359443888,-7342.8594023475407,3831.6231485723015,7561.7854400987399,-0.0039930759774697436,-0.0019284582905397583,-0.0020646176869299855
2025-01-21,sh603986,-6805.6068960889088,-6805.6068960889088,0,7561.7854400987399,7561.7854400987399,-0.0019149600620730566,-0.0019149600620730566,0
2025-01-21,sh688205,15787.942317667872,0,15787.942317667872,0,15737.134258010479,0.0044424074828685401,0,0.0044424074828685401
2025-01-22,sh603986,31078.938158805922,31078.938158805922,0,7561.7854400987399,7561.7854400987399,0.0084869082821493521,0.0084869082821493521,0
2025-01-22,sh688205,178065.67412938853,178065.67412938853,0,15737.134258010479,15737.134258010479,0.048625440058897997,0.048625440058897997,0
2025-01-23,sh603986,-43404.648426166837,-43404.648426166837,0,7561.7854400987399,7561.7854400987399,-0.011660310265928515,-0.011660310265928515,0
2025-01-23,sh688205,-46487.494598163081,-46487.494598163081,0,15737.134258010479,15737.134258010479,-0.012488492135175848,-0.012488492135175848,0
2025-01-24,sh603986,226.8535632029708,226.8535632029708,0,7561.7854400987399,7561.7854400987399,6.1109725002347613e-05,6.1109725002347613e-05,0
2025-01-24,sh688205,69133.230795440046,69133.230795440046,0,15737.134258010479,15737.134258010479,0.018623082938544051,0.018623082938544051,0
2025-01-27,sh603986,-23441.53486430605,-23441.53486430605,0,7561.7854400987399,7561.7854400987399,-0.0063716791373738639,-0.0063716791373738639,0
2025-01-27,sh688205,-111733.65323187431,-111733.65323187431,0,15737.134258010479,15737.134258010479,-0.030370493713879728,-0.030370493713879728,0
2025-02-05,sh603986,60116.194248784894,60116.194248784894,0,7561.7854400987399,7561.7854400987399,0.016836893072359999,0.016836893072359999,0
2025-02-05,sh688205,-142484.01357202692,-142484.01357202692,0,15737.134258010479,15737.134258010479,-0.039905854504111396,-0.039905854504111396,0
2025-02-06,sh603986,39926.227123721357,39926.227123721357,0,7561.7854400987399,7561.7854400987399,0.011027615508197452,0.011027615508197452,0
2025-02-06,sh688205,143805.93284969984,143805.93284969984,0,15737.134258010479,15737.134258010479,0.039719168313851499,0.039719168313851499,0
2025-02-07,sh603986,-15652.895861004339,-15652.895861004339,0,7561.7854400987399,7561.7854400987399,-0.0041947983105441716,-0.0041947983105441716,0
2025-02-07,sh688205,52294.497139368716,52294.497139368716,0,15737.134258010479,15737.134258010479,0.014014331290446966,0.014014331290446966,0
2025-02-10,sh603986,-29717.816779588098,-29717.816779588098,0,7561.7854400987399,7561.7854400987399,-0.0079865143458266782,-0.0079865143458266782,0
2025-02-10,sh688205,-27838.990502420624,-27838.990502420624,0,15737.134258010479,15737.134258010479,-0.0074815891984914727,-0.0074815891984914727,0
2025-02-11,sh603986,-4763.9248272621717,-4763.9248272621717,0,7561.7854400987399,7561.7854400987399,-0.0012789310113987781,-0.0012789310113987781,0
2025-02-11,sh688205,70219.093059242805,70219.093059242805,0,15737.134258010479,15737.134258010479,0.018851131989287388,0.018851131989287388,0
2025-02-12,sh603986,7410.5497312966872,7410.5497312966872,0,7561.7854400987399,7561.7854400987399,0.0019611555159888927,0.0019611555159888927,0
2025-02-12,sh688205,34495.798293559084,34495.798293559084,0,15737.134258010479,15737.134258010479,0.0091290967006324979,0.0091290967006324979,0
2025-02-13,sh603986,-55201.033712720673,-55201.033712720673,0,7561.7854400987399,7561.7854400987399,-0.014760510563736357,-0.014760510563736357,0
2025-02-13,sh688205,-63924.239356038532,-63924.239356038532,0,15737.134258010479,15737.134258010479,-0.017093056901870716,-0.017093056901870716,0
2025-02-14,sh603986,-2722.2427584355419,-2722.2427584355419,0,7561.7854400987399,7561.7854400987399,-0.00074542658201749603,-0.00074542658201749603,0
2025-02-14,sh688205,-54340.324592910234,-54340.324592910234,0,15737.134258010479,15737.134258010479,-0.014879908230628685,-0.014879908230628685,0
2025-02-17,sh603986,1285.5035248167987,1285.5035248167987,0,7561.7854400987399,7561.7854400987399,0.00035392927012207472,0.00035392927012207472,0
2025-02-17,sh688205,15973.191271880645,15973.191271880645,0,15737.134258010479,15737.134258010479,0.0043977941866652544,0.0043977941866652544,0
2025-02-18,sh603986,-30398.37746919701,-30398.37746919701,0,7561.7854400987399,7561.7854400987399,-0.0084212958485898794,-0.0084212958485898794,0
2025-02-18,sh688205,-31474.268516020958,-31474.268516020958,0,15737.134258010479,15737.134258010479,-0.0087193511252353032,-0.0087193511252353032,0
2025-02-19,sh603986,30549.613177998956,30549.613177998956,0,7561.7854400987399,7561.7854400987399,0.0084583610039888017,0.0084583610039888017,0
2025-02-19,sh688205,35471.500617555474,35471.500617555474,0,15737.134258010479,15737.134258010479,0.0098210984154971336,0.0098210984154971336,0
2025-02-20,sh603986,6654.3711872868571,6654.3711872868571,0,7561.7854400987399,7561.7854400987399,0.0018107750961911377,0.0018107750961911377,0
2025-02-20,sh688205,53506.256477235722,53506.256477235722,0,15737.134258010479,15737.134258010479,0.014560022877067308,0.014560022877067308,0
2025-02-21,sh603986,73046.847351353907,73046.847351353907,0,7561.7854400987399,7561.7854400987399,0.019544797936949,0.019544797936949,0
2025-02-21,sh688205,-8120.3612771334911,-8120.3612771334911,0,15737.134258010479,15737.134258010479,-0.0021727264911681025,-0.0021727264911681025,0
2025-02-24,sh603986,37430.837928488676,37430.837928488676,0,7561.7854400987399,7561.7854400987399,0.01007976669999922,0.01007976669999922,0
2025-02-24,sh688205,-149864.72953903372,-149864.72953903372,0,15737.134258010479,15737.134258010479,-0.040357138496283036,-0.040357138496283036,0
2025-02-25,sh603986,-45370.712640592435,-45370.712640592435,0,7561.7854400987399,7561.7854400987399,-0.01254136245988033,-0.01254136245988033,0
2025-02-25,sh688205,-34025.595052293669,-43324.330612302852,9298.7355600091851,15737.134258010479,0,-0.0094053475387146507,-0.011975701987419441,0.0025703544487047916
2025-02-26,sh603986,-1739.2106512226328,-1739.2106512226328,0,7561.7854400987399,7561.7854400987399,-0.00048504221726745835,-0.00048504221726745835,0
2025-02-26,sh688256,16861.983352758292,0,16861.983352758292,0,1949.6825178406934,0.0047025780271063352,0,0.0047025780271063352
2025-02-27,sh603986,-22912.209883499192,-22912.209883499192,0,7561.7854400987399,7561.7854400987399,-0.0063923797325002047,-0.0063923797325002047,0
2025-02-27,sh688256,5016.2565870136677,1310.1866519889957,3706.0699350246723,1949.6825178406934,2745.3675068253287,0.00139950782150175,0.00036553482368361045,0.0010339729978181397
2025-02-28,sh603986,-14443.010190588568,-14443.010190588568,0,7561.7854400987399,7561.7854400987399,-0.0041125108911838574,-0.0041125108911838574,0
2025-02-28,sh688256,-111585.46231491544,-111585.46231491544,0,2745.3675068253287,2745.3675068253287,-0.031772907656528848,-0.031772907656528848,0
2025-03-03,sh603986,-17014.017240222165,-17014.017240222165,0,7561.7854400987399,7561.7854400987399,-0.0050018139681393932,-0.0050018139681393932,0
2025-03-03,sh688256,-78067.270424084985,-78067.270424084985,0,2745.3675068253287,2745.3675068253287,-0.022950368402036767,-0.022950368402036767,0
2025-03-04,sh603986,37203.984365285709,37203.984365285709,0,7561.7854400987399,7561.7854400987399,0.011053138637432297,0.011053138637432297,0
2025-03-04,sh688256,-13836.652234399713,-13836.652234399713,0,2745.3675068253287,2745.3675068253287,-0.0041108079694674093,-0.0041108079694674093,0
2025-03-05,sh603986,10435.263907336226,10435.263907336226,0,7561.7854400987399,7561.7854400987399,0.0030632868748113884,0.0030632868748113884,0
2025-03-05,sh688256,47610.16330336481,47610.16330336481,0,2745.3675068253287,2745.3675068253287,0.01397603258047867,0.01397603258047867,0
2025-03-06,sh603986,13989.303064182626,13989.303064182626,0,7561.7854400987399,7561.7854400987399,0.0039959835019162514,0.0039959835019162514,0
2025-03-06,sh688256,117186.01202883932,117186.01202883932,0,2745.3675068253287,2745.3675068253287,0.03347367403323618,0.03347367403323618,0
2025-03-07,sh603986,-23063.445592301028,-23063.445592301028,0,7561.7854400987399,7561.7854400987399,-0.0065295556830234063,-0.0065295556830234063,0
2025-03-07,sh688256,-46064.521397022334,-46064.521397022334,0,2745.3675068253287,2745.3675068253287,-0.013041453683489785,-0.013041453683489785,0
2025-03-10,sh603986,-16333.456550613253,-16333.456550613253,0,7561.7854400987399,7561.7854400987399,-0.0046451648772866004,-0.0046451648772866004,0
2025-03-10,sh688256,53433.087785341435,53433.087785341435,0,2745.3675068253287,2745.3675068253287,0.015196140626836311,0.015196140626836311,0
2025-03-11,sh603986,-32818.148810028557,-32818.148810028557,0,7561.7854400987399,7561.7854400987399,-0.0092959366729315519,-0.0092959366729315519,0
2025-03-11,sh688256,23953.331497051055,23953.331497051055,0,2745.3675068253287,2745.3675068253287,0.0067849242195611083,0.0067849242195611083,0
2025-03-12,sh603986,7442.9860704363555,2268.5356320296005,5174.450438406755,7561.7854400987399,0,0.0021186572683005432,0.00064574210669139491,0.0014729151616091481
2025-03-12,sh688256,-33166.784849956843,-33166.784849956843,0,2745.3675068253287,2745.3675068253287,-0.0094409755874233121,-0.0094409755874233121,0
2025-03-13,sh688256,-58978.730149128547,-58978.730149128547,0,2745.3675068253287,2745.3675068253287,-0.016993576573204269,-0.016993576573204269,0
2025-03-14,sh688256,29498.97386083817,29498.97386083817,0,2745.3675068253287,2745.3675068253287,0.0085356540726995462,0.0085356540726995462,0
2025-03-17,sh688256,-11607.413818857514,-11607.413818857514,0,2745.3675068253287,2745.3675068253287,-0.0033516888649930462,-0.0033516888649930462,0
2025-03-17,sh688409,-3557.1992403165268,0,-3557.1992403165268,0,17314.991730843121,-0.0010271560289304941,0,-0.0010271560289304941
2025-03-18,sh688256,-3132.4643252877536,-3132.4643252877536,0,2745.3675068253287,2745.3675068253287,-0.00090927949137317254,-0.00090927949137317254,0
2025-03-18,sh688409,-18007.591400076832,-18007.591400076832,0,17314.991730843121,17314.991730843121,-0.0052271731929823774,-0.0052271731929823774,0
2025-03-19,sh688256,-84941.670661175667,-84941.670661175667,0,2745.3675068253287,2745.3675068253287,-0.025098925236398402,-0.025098925236398402,0
2025-03-19,sh688409,-14890.892888525075,-14890.892888525075,0,17314.991730843121,17314.991730843121,-0.0044000242095913415,-0.0044000242095913415,0
2025-03-20,sh688256,-2945.9692679459913,-496.91151873533829,-2449.0577492106531,2745.3675068253287,1994.2881368702101,-0.000884864711570557,-0.00014925460101910799,-0.00073561011055144911
2025-03-20,sh688409,-7681.5141317803791,-10042.695203889103,2361.1810721087245,17314.991730843121,12575.816954261903,-0.0023072544783816168,-0.0030164695510134093,0.00070921507263179253
2025-03-21,sh688256,-20079.856852074765,-24868.773066771573,4788.9162146968092,1994.2881368702101,1695.6574757064086,-0.0060631539185463197,-0.0075091769816902579,0.0014460230631439391
2025-03-21,sh688409,-4275.7777644490006,-4275.7777644490006,0,12575.816954261903,12575.816954261903,-0.0012910798567109057,-0.0012910798567109057,0
2025-03-24,sh688256,-8240.764612884539,-988.56830833678532,-7252.1963045477532,1695.6574757064086,0,-0.0024959439154628831,-0.00029941530551119087,-0.0021965286099516921
2025-03-24,sh688409,12324.300615176626,12324.300615176626,0,12575.816954261903,12575.816954261903,0.0037327559489674935,0.0037327559489674935,0
2025-03-25,sh688019,-11865.841673330036,-0,-11865.841673330036,0,9527.5071871140499,-0.0036170263368386895,-0,-0.0036170263368386895
2025-03-25,sh688409,-34331.98028513496,-34331.98028513496,0,12575.816954261903,12575.816954261903,-0.010465307081104004,-0.010465307081104004,0
2025-03-26,sh688019,19731.467384513177,19731.467384513177,0,9527.5071871140499,9527.5071871140499,0.0060344394494735833,0.0060344394494735833,0
2025-03-26,sh688409,4904.5686121621493,4904.5686121621493,0,12575.816954261903,12575.816954261903,0.0014999554639869674,0.0014999554639869674,0
2025-03-27,sh688019,25543.246768652742,25543.246768652742,0,9527.5071871140499,9527.5071871140499,0.0076737541196613837,0.0076737541196613837,0
2025-03-27,sh688409,67909.411553014259,67909.411553014259,0,12575.816954261903,12575.816954261903,0.020401483467961251,0.020401483467961251,0
2025-03-28,sh688019,-30278.417840648424,-30278.417840648424,0,9527.5071871140499,9527.5071871140499,-0.0090296039590555197,-0.0090296039590555197,0
2025-03-28,sh688409,-14336.431327858578,-14336.431327858578,0,12575.816954261903,12575.816954261903,-0.0042753983301918501,-0.0042753983301918501,0
2025-03-31,sh688019,18778.716665801829,18778.716665801829,0,9527.5071871140499,9527.5071871140499,0.0056176466489621761,0.0056176466489621761,0
2025-03-31,sh688409,4904.5686121621493,4904.5686121621493,0,12575.816954261903,12575.816954261903,0.0014672000179273873,0.0014672000179273873,0
2025-04-01,sh688019,-1581.5661930609019,-1581.5661930609019,0,9527.5071871140499,9527.5071871140499,-0.00047372593497271176,-0.00047372593497271176,0
2025-04-01,sh688409,-30559.235198856422,-30559.235198856422,0,12575.816954261903,12575.816954261903,-0.0091533963802119551,-0.0091533963802119551,0
2025-04-02,sh688019,-15110.62639876287,-15110.62639876287,0,9527.5071871140499,9527.5071871140499,-0.0045668177138821131,-0.0045668177138821131,0
2025-04-02,sh688409,-12324.300615176715,-12324.300615176715,0,12575.816954261903,12575.816954261903,-0.0037247188088248419,-0.0037247188088248419,0
2025-04-03,sh688019,-19902.962513881237,-19902.962513881237,0,9527.5071871140499,9527.5071871140499,-0.0060764718611379968,-0.0060764718611379968,0
2025-04-03,sh688409,-19366.758109563321,-19366.758109563321,0,12575.816954261903,12575.816954261903,-0.0059127660323005241,-0.0059127660323005241,0
2025-04-07,sh688019,-53573.172913142349,-53573.172913142349,0,9527.5071871140499,9527.5071871140499,-0.016739066464513973,-0.016739066464513973,0
2025-04-07,sh688409,-56458.616031749196,-99851.98661683948,43393.370585090284,12575.816954261903,0,-0.017640630092642592,-0.031198992885915253,0.01355836279327266
2025-04-08,sh688019,9706.7185576620996,-11271.041002355987,20977.759560018087,9527.5071871140499,0,0.003080874248236398,-0.0035773840323787736,0.006658258280615172
2025-04-16,sh688268,4140.6871352512871,-0,4140.6871352512871,0,9349.2206572769956,0.0013035672981340507,-0,0.0013035672981340507
2025-04-16,sz002371,37819.777239884032,0,37819.777239884032,0,2848.2330364255195,0.011906387327096465,0,0.011906387327096465
2025-04-17,sh688268,-6637.9466666666749,-6637.9466666666749,0,9349.2206572769956,9349.2206572769956,-0.0020813752314408985,-0.0020813752314408985,0
2025-04-17,sz002371,-9832.1004417408876,-9832.1004417408876,0,2848.2330364255195,2848.2330364255195,-0.003082924789866531,-0.003082924789866531,0
2025-04-18,sh688268,-17202.566009389637,-17202.566009389637,0,9349.2206572769956,9349.2206572769956,-0.0054404115181339793,-0.0054404115181339793,0
2025-04-18,sz002371,-20695.261242667879,-20695.261242667879,0,2848.2330364255195,2848.2330364255195,-0.006544996692583357,-0.006544996692583357,0
2025-04-21,sh688268,6637.9466666666749,6637.9466666666749,0,9349.2206572769956,9349.2206572769956,0.0021076746452745264,0.0021076746452745264,0
2025-04-21,sz002371,6032.5575711492356,6032.5575711492356,0,2848.2330364255195,2848.2330364255195,0.0019154520633192958,0.0019154520633192958,0
2025-04-22,sh688268,18604.949107981174,18604.949107981174,0,9349.2206572769956,9349.2206572769956,0.0058675776864841045,0.0058675776864841045,0
2025-04-22,sz002371,11541.040263596264,11541.040263596264,0,2848.2330364255195,2848.2330364255195,0.0036397815407322089,0.0036397815407322089,0
2025-04-23,sh688268,-12247.479061032818,-12247.479061032818,0,9349.2206572769956,9349.2206572769956,-0.0038594556192610625,-0.0038594556192610625,0
2025-04-23,sz002371,-12785.71810051425,-12785.71810051425,0,2848.2330364255195,2848.2330364255195,-0.0040290668245613883,-0.0040290668245613883,0
2025-04-24,sh688268,-24494.958122065771,-24494.958122065771,0,9349.2206572769956,9349.2206572769956,-0.0077786003999558454,-0.0077786003999558454,0
2025-04-24,sz002371,823.13934752693888,823.13934752693888,0,2848.2330364255195,2848.2330364255195,0.00026139550947525592,0.00026139550947525592,0
2025-04-25,sh688268,747.93765258221015,747.93765258221015,0,9349.2206572769956,9349.2206572769956,0.00023861376048789449,0.00023861376048789449,0
2025-04-25,sz002371,-6118.0045622419238,-6118.0045622419238,0,2848.2330364255195,2848.2330364255195,-0.0019518205431142948,-0.0019518205431142948,0
2025-04-28,sh688268,2430.7973708920003,2430.7973708920003,0,9349.2206572769956,9349.2206572769956,0.00077556091686114268,0.00077556091686114268,0
2025-04-28,sz002371,2403.9086827431215,2403.9086827431215,0,2848.2330364255195,2848.2330364255195,0.000766981914808707,0.000766981914808707,0
2025-04-29,sh688268,4113.6570892018572,4113.6570892018572,0,9349.2206572769956,9349.2206572769956,0.0013106167080910943,0.0013106167080910943,0
2025-04-29,sz002371,0,0,0,2848.2330364255195,2848.2330364255195,0,0,0
2025-04-30,sh688268,3272.2272300469617,3272.2272300469617,0,9349.2206572769956,9349.2206572769956,0.0010425217519774799,0.0010425217519774799,0
2025-04-30,sz002371,-7300.0212723585728,-7300.0212723585728,0,2848.2330364255195,2848.2330364255195,-0.0023257648174460394,-0.0023257648174460394,0
2025-05-06,sh688268,20194.316619718345,20194.316619718345,0,9349.2206572769956,9349.2206572769956,0.0064031933030195207,0.0064031933030195207,0
2025-05-06,sz002371,13947.797179375744,13947.797179375744,0,2848.2330364255195,2848.2330364255195,0.0044225532942099117,0.0044225532942099117,0
2025-05-07,sh688268,-2524.2895774648182,-2524.2895774648182,0,9349.2206572769956,9349.2206572769956,-0.00079886732088883599,-0.00079886732088883599,0
2025-05-07,sz002371,-19558.816261134096,-19558.816261134096,0,2848.2330364255195,2848.2330364255195,-0.006189820409582927,-0.006189820409582927,0
2025-05-08,sh688268,-560.95323943664096,-560.95323943664096,0,9349.2206572769956,9349.2206572769956,-0.00017812851758487863,-0.00017812851758487863,0
2025-05-08,sz002371,1244.6778369179856,1244.6778369179856,0,2848.2330364255195,2848.2330364255195,0.00039524260201013832,0.00039524260201013832,0
2025-05-09,sh688268,-14397.799812206566,-14397.799812206566,0,9349.2206572769956,9349.2206572769956,-0.0045943799387709577,-0.0045943799387709577,0
2025-05-09,sz002371,-16961.227731913925,-16961.227731913925,0,2848.2330364255195,2848.2330364255195,-0.0054123772690855458,-0.0054123772690855458,0
2025-05-12,sh688268,1402.3830985915361,1402.3830985915361,0,9349.2206572769956,9349.2206572769956,0.00044945329311988199,0.00044945329311988199,0
2025-05-12,sz002371,2730.128922863878,-8798.1918495184254,11528.320772382303,2848.2330364255195,0,0.00087498589811542393,-0.0028197546763349362,0.0036947405744503603
2025-05-13,sh600206,-49075.501301426775,-0,-49075.501301426775,0,61784.565916398715,-0.015863221143377921,-0,-0.015863221143377921
2025-05-13,sh688268,-7946.8375586853927,-7946.8375586853927,0,9349.2206572769956,9349.2206572769956,-0.0025687448572280372,-0.0025687448572280372,0
2025-05-14,sh600206,-617.84565916408371,-617.84565916408371,0,61784.565916398715,61784.565916398715,-0.00020144406043441719,-0.00020144406043441719,0
2025-05-14,sh688268,4300.6415023473592,4300.6415023473592,0,9349.2206572769956,9349.2206572769956,0.0014021927221722977,0.0014021927221722977,0
2025-05-15,sh600206,1853.5369774920316,1853.5369774920316,0,61784.565916398715,61784.565916398715,0.00060631067813285498,0.00060631067813285498,0
2025-05-15,sh688268,-25523.372394366168,-25523.372394366168,0,9349.2206572769956,9349.2206572769956,-0.0083489530624872976,-0.0083489530624872976,0
2025-05-16,sh600206,1235.691318327948,1235.691318327948,0,61784.565916398715,61784.565916398715,0.00040559759865225857,0.00040559759865225857,0
2025-05-16,sh688268,1443.3120158134179,-6076.9934272300334,7520.3054430434513,9349.2206572769956,0,0.00047374605537570742,-0.0019946841938205699,0.0024684302491962775
2025-05-19,sh600206,-33363.665594855251,-33363.665594855251,0,61784.565916398715,61784.565916398715,-0.010991169072614453,-0.010991169072614453,0
2025-05-19,sh688498,8524.4960535118607,0,8524.4960535118607,0,12248.915456874467,0.0028082698861911434,0,0.0028082698861911434
2025-05-20,sh600206,0,0,0,61784.565916398715,61784.565916398715,0,0,0
2025-05-20,sh688498,-3466.4430742954896,-3466.4430742954896,0,12248.915456874467,12248.915456874467,-0.0011473116907671776,-0.0011473116907671776,0
2025-05-21,sh600206,43249.196141479057,43249.196141479057,0,61784.565916398715,61784.565916398715,0.014319178707065712,0.014319178707065712,0
2025-05-21,sh688498,-41768.801707941893,-41768.801707941893,0,12248.915456874467,12248.915456874467,-0.013829041679283279,-0.013829041679283279,0
2025-05-22,sh600206,-45102.733118971089,-45102.733118971089,0,61784.565916398715,61784.565916398715,-0.015051774229851808,-0.015051774229851808,0
2025-05-22,sh688498,-3968.6486080273035,-3968.6486080273035,0,12248.915456874467,12248.915456874467,-0.0013244253444258975,-0.0013244253444258975,0
2025-05-23,sh600206,-36452.89389067523,-36452.89389067523,0,61784.565916398715,61784.565916398715,-0.012414810167991515,-0.012414810167991515,0
2025-05-23,sh688498,-34848.164474807847,-34848.164474807847,0,12248.915456874467,12248.915456874467,-0.011868285353562951,-0.011868285353562951,0
2025-05-26,sh600206,-10525.026041618052,3707.0739549840632,-14232.099996602115,61784.565916398715,0,-0.0036096688715940304,0.0012713801758865563,-0.0048810490474805873
2025-05-26,sh688498,40678.64823228008,40678.64823228008,0,12248.915456874467,12248.915456874467,0.013951172156910999,0.013951172156910999,0
2025-05-27,sh688205,-17331.521831251473,-0,-17331.521831251473,0,15656.353560440373,-0.0059421526305717572,-0,-0.0059421526305717572
2025-05-27,sh688498,-10987.277164816465,-10987.277164816465,0,12248.915456874467,12248.915456874467,-0.0037670135688840914,-0.0037670135688840914,0
2025-05-28,sh688205,63236.012030618687,63236.012030618687,0,15656.353560440373,15656.353560440373,0.02133089555141986,0.02133089555141986,0
2025-05-28,sh688498,61550.800170794268,61550.800170794268,0,12248.915456874467,12248.915456874467,0.020762436583031355,0.020762436583031355,0
2025-05-29,sh688205,30467.264028616934,30467.264028616934,0,15656.353560440373,15656.353560440373,0.010049056557834125,0.010049056557834125,0
2025-05-29,sh688498,-21472.348795900944,-21472.348795900944,0,12248.915456874467,12248.915456874467,-0.0070822521929398618,-0.0070822521929398618,0
2025-05-30,sh688205,-51509.403213848818,-51509.403213848818,0,15656.353560440373,15656.353560440373,-0.017163172673126944,-0.017163172673126944,0
2025-05-30,sh688498,-18606.102578992381,-18606.102578992381,0,12248.915456874467,12248.915456874467,-0.0061996398989786995,-0.0061996398989786995,0
2025-06-03,sh688205,-35539.922582199586,-35539.922582199586,0,15656.353560440373,15656.353560440373,-0.012149774271877871,-0.012149774271877871,0
2025-06-03,sh688498,-46251.904765157939,-46251.904765157939,0,12248.915456874467,12248.915456874467,-0.015811801537871612,-0.015811801537871612,0
2025-06-04,sh688205,96756.265003521505,96756.265003521505,0,15656.353560440373,15656.353560440373,0.032788542682565737,0.032788542682565737,0
2025-06-04,sh688498,37199.95624252766,37199.95624252766,0,12248.915456874467,12248.915456874467,0.012606236433406179,0.012606236433406179,0
2025-06-05,sh688205,74680.806483300636,74680.806483300636,0,15656.353560440373,15656.353560440373,0.024037494720966224,0.024037494720966224,0
2025-06-05,sh688498,103919.79873612309,103919.79873612309,0,12248.915456874467,12248.915456874467,0.033448642712261042,0.033448642712261042,0
2025-06-06,sh688205,-51822.530285057779,-51822.530285057779,0,15656.353560440373,15656.353560440373,-0.016299089203941533,-0.016299089203941533,0
2025-06-06,sh688498,16830.00983774546,16830.00983774546,0,12248.915456874467,12248.915456874467,0.0052933314938448878,0.0052933314938448878,0
2025-06-09,sh688205,6732.2320309893557,6732.2320309893557,0,15656.353560440373,15656.353560440373,0.0021224478016400737,0.0021224478016400737,0
2025-06-09,sh688498,13106.339538855771,13106.339538855771,0,12248.915456874467,12248.915456874467,0.0041319909078809331,0.0041319909078809331,0
2025-06-10,sh688205,43054.97229121103,43054.97229121103,0,15656.353560440373,15656.353560440373,0.013550483013546928,0.013550483013546928,0
2025-06-10,sh688498,-51996.646114432166,-51996.646114432166,0,12248.915456874467,12248.915456874467,-0.016364652732080664,-0.016364652732080664,0
2025-06-11,sh688205,-19413.878414945983,-19413.878414945983,0,15656.353560440373,15656.353560440373,-0.0061120953238275851,-0.0061120953238275851,0
2025-06-11,sh688498,26212.679077711367,26212.679077711367,0,12248.915456874467,12248.915456874467,0.0082525701352147169,0.0082525701352147169,0
2025-06-12,sh688205,35696.486117804066,35696.486117804066,0,15656.353560440373,15656.353560440373,0.011093665436874565,0.011093665436874565,0
2025-06-12,sh688498,40666.399316823146,40666.399316823146,0,12248.915456874467,12248.915456874467,0.012638202736660093,0.012638202736660093,0
2025-06-13,sh688205,-7515.0497090114413,-7515.0497090114413,0,15656.353560440373,15656.353560440373,-0.0023159880999381686,-0.0023159880999381686,0
2025-06-13,sh688498,-14882.432280102345,-14882.432280102345,0,12248.915456874467,12248.915456874467,-0.0045864681397279391,-0.0045864681397279391,0
2025-06-16,sh688205,63877.922526596696,63877.922526596696,0,15656.353560440373,15656.353560440373,0.019383676429154936,0.019383676429154936,0
2025-06-16,sh688498,60460.64669513228,60460.64669513228,0,12248.915456874467,12248.915456874467,0.018346708313000289,0.018346708313000289,0
2025-06-17,sh688205,22388.585591429841,22388.585591429841,0,15656.353560440373,15656.353560440373,0.0066535911559296489,0.0066535911559296489,0
2025-06-17,sh688498,-8623.2364816395457,-8623.2364816395457,0,12248.915456874467,12248.915456874467,-0.0025627116887495397,-0.0025627116887495397,0
2025-06-18,sh688205,76716.132446157702,76716.132446157702,0,15656.353560440373,15656.353560440373,0.022085008918563499,0.022085008918563499,0
2025-06-18,sh688498,129115.81783091371,129115.81783091371,0,12248.915456874467,12248.915456874467,0.037169808974985244,0.037169808974985244,0
2025-06-19,sh688205,-12211.955777143508,-12211.955777143508,0,15656.353560440373,15656.353560440373,-0.0034396235534011406,-0.0034396235534011406,0
2025-06-19,sh688498,-42111.771340734449,-42111.771340734449,0,12248.915456874467,12248.915456874467,-0.01186121561708724,-0.01186121561708724,0
2025-06-20,sh688205,-135114.33122660036,-135114.33122660036,0,15656.353560440373,15656.353560440373,-0.039029696765530843,-0.039029696765530843,0
2025-06-20,sh688498,12934.854722459406,12934.854722459406,0,12248.915456874467,12248.915456874467,0.0037364168030193019,0.0037364168030193019,0
2025-06-23,sh688205,-1810.1445875235804,-66852.629703080325,65042.485115556745,15656.353560440373,0,-0.00053256302096769991,-0.019668726288332286,0.019136163267364583
2025-06-23,sh688498,-2535.5254995729365,-2535.5254995729365,0,12248.915456874467,12248.915456874467,-0.0007459774921298153,-0.0007459774921298153,0
2025-06-24,sh601869,-7617.0776106617213,0,-7617.0776106617213,0,25573.682408407301,-0.0022487613871430196,0,-0.0022487613871430196
2025-06-24,sh688498,-11415.989205807029,-11415.989205807029,0,12248.915456874467,12248.915456874467,-0.0033702998753914696,-0.0033702998753914696,0
2025-06-25,sh601869,6393.4206021018254,6393.4206021018254,0,25573.682408407301,25573.682408407301,0.0018913342721854278,0.0018913342721854278,0
2025-06-25,sh688498,-1090.1534756618109,-1090.1534756618109,0,12248.915456874467,12248.915456874467,-0.00032249475809293976,-0.00032249475809293976,0
2025-06-26,sh601869,9462.2624911108178,9462.2624911108178,0,25573.682408407301,25573.682408407301,0.0027862374856833321,0.0027862374856833321,0
2025-06-26,sh688498,16658.525021349269,16658.525021349269,0,12248.915456874467,12248.915456874467,0.0049052334908570314,0.0049052334908570314,0
2025-06-27,sh601869,22504.840519398309,22504.840519398309,0,25573.682408407301,25573.682408407301,0.0064887285008921568,0.0064887285008921568,0
2025-06-27,sh688498,96472.458138343354,96472.458138343354,0,12248.915456874467,12248.915456874467,0.027815508762829056,0.027815508762829056,0
2025-06-30,sh601869,24039.261463902803,24039.261463902803,0,25573.682408407301,25573.682408407301,0.0066596247972647979,0.0066596247972647979,0
2025-06-30,sh688498,140360.32222032439,140360.32222032439,0,12248.915456874467,12248.915456874467,0.038884184683217478,0.038884184683217478,0
2025-07-01,sh601869,-17134.367213632755,-17134.367213632755,0,25573.682408407301,25573.682408407301,-0.0046510832244636103,-0.0046510832244636103,0
2025-07-01,sh688498,0,0,0,12248.915456874467,12248.915456874467,0,0,0
2025-07-02,sh601869,-24294.998287987008,-24294.998287987008,0,25573.682408407301,25573.682408407301,-0.0066219322527696555,-0.0066219322527696555,0
2025-07-02,sh688498,11256.753304867772,11256.753304867772,0,12248.915456874467,12248.915456874467,0.003068181231683122,0.003068181231683122,0
2025-07-03,sh601869,7416.3678984380958,7416.3678984380958,0,25573.682408407301,25573.682408407301,0.0020191199183688929,0.0020191199183688929,0
2025-07-03,sh688498,14037.257113577974,14037.257113577974,0,12248.915456874467,12248.915456874467,0.0038216692895264542,0.0038216692895264542,0
2025-07-04,sh601869,-31711.366186424922,-31711.366186424922,0,25573.682408407301,25573.682408407301,-0.0087315600981254359,-0.0087315600981254359,0
2025-07-04,sh688498,-71790.893492741132,-71790.893492741132,0,12248.915456874467,12248.915456874467,-0.01976724993003718,-0.01976724993003718,0
2025-07-07,sh601869,-14321.262148708147,-14321.262148708147,0,25573.682408407301,25573.682408407301,-0.0040053326795290731,-0.0040053326795290731,0
2025-07-07,sh688498,4813.8237745516735,4813.8237745516735,0,12248.915456874467,12248.915456874467,0.0013463174877673093,0.0013463174877673093,0
2025-07-08,sh601869,45265.417862880822,45265.417862880822,0,25573.682408407301,25573.682408407301,0.012368859948284381,0.012368859948284381,0
2025-07-08,sh688498,133856.14811272416,133856.14811272416,0,12248.915456874467,12248.915456874467,0.036576442401093638,0.036576442401093638,0
2025-07-09,sh601869,-17901.577685885,-17901.577685885,0,25573.682408407301,25573.682408407301,-0.0048180872308816623,-0.0048180872308816623,0
2025-07-09,sh688498,-50735.007822373991,-50735.007822373991,0,12248.915456874467,12248.915456874467,-0.013654980451270586,-0.013654980451270586,0
2025-07-10,sh601869,9717.9993151946583,9717.9993151946583,0,25573.682408407301,25573.682408407301,0.0026524135000990361,0.0026524135000990361,0
2025-07-10,sh688498,-44561.554432109377,-44561.554432109377,0,12248.915456874467,12248.915456874467,-0.012162551645411124,-0.012162551645411124,0
2025-07-11,sh601869,-10996.683435615132,-10996.683435615132,0,25573.682408407301,25573.682408407301,-0.0030276872353584574,-0.0030276872353584574,0
2025-07-11,sh688498,-17760.927412467838,-17760.927412467838,0,12248.915456874467,12248.915456874467,-0.0048900683128420839,-0.0048900683128420839,0
2025-07-14,sh601869,18924.524982221454,18924.524982221454,0,25573.682408407301,25573.682408407301,0.0051789527454970527,0.0051789527454970527,0
2025-07-14,sh688498,54201.45089666931,54201.45089666931,0,12248.915456874467,12248.915456874467,0.014832961630209356,0.014832961630209356,0
2025-07-15,sh601869,1534.4209445044962,1534.4209445044962,0,25573.682408407301,25573.682408407301,0.00040989417512112458,0.00040989417512112458,0
2025-07-15,sh688498,104262.76836891547,104262.76836891547,0,12248.915456874467,12248.915456874467,0.027852006054454804,0.027852006054454804,0
2025-07-16,sh601869,-255.73682408402215,-255.73682408402215,0,25573.682408407301,25573.682408407301,-6.7419508000395086e-05,-6.7419508000395086e-05,0
2025-07-16,sh688498,-6516.4230230569992,-6516.4230230569992,0,12248.915456874467,12248.915456874467,-0.0017179146402185991,-0.0017179146402185991,0
2025-07-17,sh601869,100760.30868912471,100760.30868912471,0,25573.682408407301,25573.682408407301,0.025887821354768002,0.025887821354768002,0
2025-07-17,sh688498,105781.63388556785,105781.63388556785,0,12248.915456874467,12248.915456874467,0.027177924286575967,0.027177924286575967,0
2025-07-18,sh601869,-22249.103695314468,-22249.103695314468,0,25573.682408407301,25573.682408407301,-0.005673879703980725,-0.005673879703980725,0
2025-07-18,sh688498,-126911.01304867658,-126911.01304867658,0,12248.915456874467,12248.915456874467,-0.032364351886236348,-0.032364351886236348,0
2025-07-21,sh601869,-13042.578028287673,-13042.578028287673,0,25573.682408407301,25573.682408407301,-0.0034365840603549072,-0.0034365840603549072,0
2025-07-21,sh688498,-90482.738479931693,-90482.738479931693,0,12248.915456874467,12248.915456874467,-0.023841263293421053,-0.023841263293421053,0
2025-07-22,sh601869,-13554.0516764559,-13554.0516764559,0,25573.682408407301,25573.682408407301,-0.0035956039408270701,-0.0035956039408270701,0
2025-07-22,sh688498,65531.697694278679,65531.697694278679,0,12248.915456874467,12248.915456874467,0.017384176783679487,0.017384176783679487,0
2025-07-23,sh601869,-2557.3682408405848,-2557.3682408405848,0,25573.682408407301,25573.682408407301,-0.00067480673673568213,-0.00067480673673568213,0
2025-07-23,sh688498,-9211.1844235697154,-9211.1844235697154,0,12248.915456874467,12248.915456874467,-0.0024305335473692106,-0.0024305335473692106,0
2025-07-24,sh601869,-18668.788158137431,-18668.788158137431,0,25573.682408407301,25573.682408407301,-0.0049960124327726304,-0.0049960124327726304,0
2025-07-24,sh688498,-75257.336567036793,-75257.336567036793,0,12248.915456874467,12248.915456874467,-0.020139849783574915,-0.020139849783574915,0
2025-07-25,sh601869,-7416.3678984380958,-7416.3678984380958,0,25573.682408407301,25573.682408407301,-0.0020066241156782528,-0.0020066241156782528,0
2025-07-25,sh688498,19365.535337318743,19365.535337318743,0,12248.915456874467,12248.915456874467,0.0052396740227877636,0.0052396740227877636,0
2025-07-28,sh601869,2301.6314167567443,2301.6314167567443,0,25573.682408407301,25573.682408407301,0.00061604286984811457,0.00061604286984811457,0
2025-07-28,sh688498,66376.872860802527,66376.872860802527,0,12248.915456874467,12248.915456874467,0.017766093628636771,0.017766093628636771,0
2025-07-29,sh601869,97179.993151947667,97179.993151947667,0,25573.682408407301,25573.682408407301,0.025046712160324565,0.025046712160324565,0
2025-07-29,sh688498,123616.05479077729,123616.05479077729,0,12248.915456874467,12248.915456874467,0.031860217749742202,0.031860217749742202,0
2025-07-30,sh601869,113035.67624516031,113035.67624516031,0,25573.682408407301,25573.682408407301,0.02773439326973964,0.02773439326973964,0
2025-07-30,sh688498,56651.233988044412,56651.233988044412,0,12248.915456874467,12248.915456874467,0.013899926596915774,0.013899926596915774,0
2025-07-31,sh601869,57029.311770748202,57029.311770748202,0,25573.682408407301,25573.682408407301,0.013432702353179383,0.013432702353179383,0
2025-07-31,sh688498,113057.48966695121,113057.48966695121,0,12248.915456874467,12248.915456874467,0.026629597313021981,0.026629597313021981,0
2025-08-01,sh601869,-3068.8418890088105,-3068.8418890088105,0,25573.682408407301,25573.682408407301,-0.00072068416240588212,-0.00072068416240588212,0
2025-08-01,sh688498,-141977.17906063204,-141977.17906063204,0,12248.915456874467,12248.915456874467,-0.033341797353108209,-0.033341797353108209,0
2025-08-04,sh601869,27875.313825163863,27875.313825163863,0,25573.682408407301,25573.682408407301,0.0066772295984154403,0.0066772295984154403,0
2025-08-04,sh688498,-50735.007822373991,-50735.007822373991,0,12248.915456874467,12248.915456874467,-0.012153021775187244,-0.012153021775187244,0
2025-08-05,sh601869,132471.67487554983,132471.67487554983,0,25573.682408407301,25573.682408407301,0.03130394009896087,0.03130394009896087,0
2025-08-05,sh688498,5328.2782237404208,5328.2782237404208,0,12248.915456874467,12248.915456874467,0.0012591076734197249,0.0012591076734197249,0
2025-08-06,sh601869,-100248.83504095649,-100248.83504095649,0,25573.682408407301,25573.682408407301,-0.023558572485855255,-0.023558572485855255,0
2025-08-06,sh688498,9051.9485226302841,9051.9485226302841,0,12248.915456874467,12248.915456874467,0.0021272165938037348,0.0021272165938037348,0
2025-08-07,sh601869,18413.051334053227,18413.051334053227,0,25573.682408407301,25573.682408407301,0.0043389449700006249,0.0043389449700006249,0
2025-08-07,sh688498,49375.378206661051,49375.378206661051,0,12248.915456874467,12248.915456874467,0.011635064988683268,0.011635064988683268,0
2025-08-08,sh601869,49101.470224141878,49101.470224141878,0,25573.682408407301,25573.682408407301,0.011297908427256797,0.011297908427256797,0
2025-08-08,sh688498,88449.418514090576,88449.418514090576,0,12248.915456874467,12248.915456874467,0.020351598969535162,0.020351598969535162,0
2025-08-11,sh601869,-20970.419574893811,-20970.419574893811,0,25573.682408407301,25573.682408407301,-0.0047206288160359881,-0.0047206288160359881,0
2025-08-11,sh688498,75257.336567036444,75257.336567036444,0,12248.915456874467,12248.915456874467,0.016941098882055632,0.016941098882055632,0
2025-08-12,sh601869,26852.366528827595,26852.366528827595,0,25573.682408407301,25573.682408407301,0.0058472876006787963,0.0058472876006787963,0
2025-08-12,sh688498,220945.93701110178,220945.93701110178,0,12248.915456874467,12248.915456874467,0.048112498260382608,0.048112498260382608,0
2025-08-13,sh601869,32734.313482761376,32734.313482761376,0,25573.682408407301,25573.682408407301,0.0068491214046858141,0.0068491214046858141,0
2025-08-13,sh688498,91915.861588385887,91915.861588385887,0,12248.915456874467,12248.915456874467,0.01923189546549323,0.01923189546549323,0
2025-08-14,sh601869,-114570.09718966481,-114570.09718966481,0,25573.682408407301,25573.682408407301,-0.024305698814343375,-0.024305698814343375,0
2025-08-14,sh688498,-139600.88946199819,-139600.88946199819,0,12248.915456874467,12248.915456874467,-0.029615905517306796,-0.029615905517306796,0
2025-08-15,sh601869,12531.104380119628,12531.104380119628,0,25573.682408407301,25573.682408407301,0.0027239383060672071,0.0027239383060672071,0
2025-08-15,sh688498,12677.627497865031,12677.627497865031,0,12248.915456874467,12248.915456874467,0.0027557886459130946,0.0027557886459130946,0
2025-08-18,sh601869,54471.943529907614,54471.943529907614,0,25573.682408407301,25573.682408407301,0.011622423007362718,0.011622423007362718,0
2025-08-18,sh688498,93949.181554227354,93949.181554227354,0,12248.915456874467,12248.915456874467,0.020045496056501747,0.020045496056501747,0
2025-08-19,sh601869,98714.414096452165,98714.414096452165,0,25573.682408407301,25573.682408407301,0.020556154184091232,0.020556154184091232,0
2025-08-19,sh688498,-16915.75224594364,-16915.75224594364,0,12248.915456874467,12248.915456874467,-0.0035225130442222041,-0.0035225130442222041,0
2025-08-20,sh601869,60098.153659757198,60098.153659757198,0,25573.682408407301,25573.682408407301,0.012396684961974838,0.012396684961974838,0
2025-08-20,sh688498,-50649.26541417616,-50649.26541417616,0,12248.915456874467,12248.915456874467,-0.010447625237369506,-0.010447625237369506,0
2025-08-21,sh601869,-132727.41169963402,-132727.41169963402,0,25573.682408407301,25573.682408407301,-0.027907862952951074,-0.027907862952951074,0
2025-08-21,sh688498,-59443.986712211547,-59443.986712211547,0,12248.915456874467,12248.915456874467,-0.012498960186880667,-0.012498960186880667,0
2025-08-22,sh601869,66235.837437775001,66235.837437775001,0,25573.682408407301,25573.682408407301,0.014084687763852724,0.014084687763852724,0
2025-08-22,sh688498,18434.617762596019,18434.617762596019,0,12248.915456874467,12248.915456874467,0.0039200204190980676,0.0039200204190980676,0
2025-08-25,sh601869,150884.72620960287,150884.72620960287,0,25573.682408407301,25573.682408407301,0.030631276570521355,0.030631276570521355,0
2025-08-25,sh688498,215029.71084543134,215029.71084543134,0,12248.915456874467,12248.915456874467,0.043653421451259153,0.043653421451259153,0
2025-08-26,sh601869,165154.84099349467,165154.84099349467,0,25573.682408407301,25573.682408407301,0.032280345580900219,0.032280345580900219,0
2025-08-26,sh688498,-154740.54896669526,-154740.54896669526,0,12248.915456874467,12248.915456874467,-0.030244819745973345,-0.030244819745973345,0
2025-08-27,sh601869,110989.78165248741,110989.78165248741,0,25573.682408407301,25573.682408407301,0.021028252789674292,0.021028252789674292,0
2025-08-27,sh688498,205475.55678906926,205475.55678906926,0,12248.915456874467,12248.915456874467,0.038929637358763015,0.038929637358763015,0
2025-08-28,sh601869,192825.56535939121,192825.56535939121,0,25573.682408407301,25573.682408407301,0.034329142855809222,0.034329142855809222,0
2025-08-28,sh688498,169108.52679760868,169108.52679760868,0,12248.915456874467,12248.915456874467,0.030106748364774397,0.030106748364774397,0
2025-08-29,sh601869,212261.56398978052,212261.56398978052,0,25573.682408407301,25573.682408407301,0.036372353564896216,0.036372353564896216,0
2025-08-29,sh688498,-140274.57981212638,-140274.57981212638,0,12248.915456874467,12248.915456874467,-0.024036931214449917,-0.024036931214449917,0
2025-09-01,sh601869,18668.788158137431,18668.788158137431,0,25573.682408407301,25573.682408407301,0.0030453386659173875,0.0030453386659173875,0
2025-09-01,sh688498,505647.47897523496,505647.47897523496,0,12248.915456874467,12248.915456874467,0.082483544513076934,0.082483544513076934,0
2025-09-02,sh601869,-215741.75621605548,-235277.87815734724,19536.121941291767,25573.682408407301,22864.81812706514,-0.034410843108589328,-0.037526857545770551,0.0031160144371812225
2025-09-02,sh688498,-35759.471737963839,-57496.40915456861,21736.937416604771,12248.915456874467,10941.718985138748,-0.0057036412106926809,-0.0091706860527442022,0.0034670448420515212
2025-09-03,sh601869,188514.33831966703,189320.69409209938,-806.35577243234923,22864.81812706514,22764.462298104281,0.029417736341546208,0.029543568475708194,-0.00012583213416198771
2025-09-03,sh688498,345933.38743414683,345933.38743414683,0,10941.718985138748,10941.718985138748,0.053983040621658637,0.053983040621658637,0
2025-09-04,sh601869,-115188.17922840771,-115188.17922840771,0,22764.462298104281,22764.462298104281,-0.017752659814733562,-0.017752659814733562,0
2025-09-04,sh688498,-262393.36298261257,-262393.36298261257,0,10941.718985138748,10941.718985138748,-0.040439740795255336,-0.040439740795255336,0
2025-09-05,sh601869,-48881.155214054263,87643.179847701671,-136524.33506175593,22764.462298104281,0,-0.007825768875229306,0.014031486489522774,-0.021857255364752082
2025-09-05,sh688498,-61520.605322620569,77719.029951440316,-139239.63527406089,10941.718985138748,0,-0.0098493179265248931,0.012442651220978583,-0.022291969147503476
2025-09-16,sh603986,-333.47226614341406,-0,-333.47226614341406,0,4317.1314741035858,-5.3703674673589671e-05,-0,-5.3703674673589671e-05
2025-09-16,sh688041,37061.567748852263,0,37061.567748852263,0,3185.2659624513535,0.0059685394539574473,0,0.0059685394539574473
2025-09-17,sh603986,-11051.856573705189,-11051.856573705189,0,4317.1314741035858,4317.1314741035858,-0.0017776645504745251,-0.0017776645504745251,0
2025-09-17,sh688041,-10543.230335713988,-10543.230335713988,0,3185.2659624513535,3185.2659624513535,-0.0016958532433255175,-0.0016958532433255175,0
2025-09-18,sh603986,18477.322709163353,18477.322709163353,0,4317.1314741035858,4317.1314741035858,0.0029719255535291069,0.0029719255535291069,0
2025-09-18,sh688041,3567.4978779455305,3567.4978779455305,0,3185.2659624513535,3185.2659624513535,0.0005738027241559856,0.0005738027241559856,0
2025-09-19,sh603986,-24521.306772908396,-24521.306772908396,0,4317.1314741035858,4317.1314741035858,-0.0039528033648271385,-0.0039528033648271385,0
2025-09-19,sh688041,-25004.337805243107,-25004.337805243107,0,3185.2659624513535,3185.2659624513535,-0.0040306673509356624,-0.0040306673509356624,0
2025-09-22,sh603986,42351.059760956188,42351.059760956188,0,4317.1314741035858,4317.1314741035858,0.0067870490725404596,0.0067870490725404596,0
2025-09-22,sh688041,80427.965551896763,80427.965551896763,0,3185.2659624513535,3185.2659624513535,0.012889135527809341,0.012889135527809341,0
2025-09-23,sh603986,-4058.1035856573608,-4058.1035856573608,0,4317.1314741035858,4317.1314741035858,-0.00064654328309638191,-0.00064654328309638191,0
2025-09-23,sh688041,-45789.334140858809,-20863.492054056493,-24925.842086802317,3185.2659624513535,8668.3491669054201,-0.0072952268963416573,-0.0033240035313933198,-0.0039712233649483383
2025-09-24,sh603986,24737.163346613626,24737.163346613626,0,4317.1314741035858,4317.1314741035858,0.0039348432611032184,0.0039348432611032184,0
2025-09-24,sh688041,45335.466142915262,45335.466142915262,0,8668.3491669054201,8668.3491669054201,0.0072113342561504114,0.0072113342561504114,0
2025-09-25,sh603986,-10317.944223107634,-10317.944223107634,0,4317.1314741035858,4317.1314741035858,-0.0016245160400687321,-0.0016245160400687321,0
2025-09-25,sh688041,69606.843810250779,69606.843810250779,0,8668.3491669054201,8668.3491669054201,0.010959298850934654,0.010959298850934654,0
2025-09-26,sh603986,-31083.346613545767,-31083.346613545767,0,4317.1314741035858,4317.1314741035858,-0.0049126816160705569,-0.0049126816160705569,0
2025-09-26,sh688041,-76454.839652105744,-76454.839652105744,0,8668.3491669054201,8668.3491669054201,-0.012083585782711077,-0.012083585782711077,0
2025-09-29,sh603986,29874.549800796758,29874.549800796758,0,4317.1314741035858,4317.1314741035858,0.0047613731371607473,0.0047613731371607473,0
2025-09-29,sh688041,-28258.818284111836,-28258.818284111836,0,8668.3491669054201,8668.3491669054201,-0.0045038596117116577,-0.0045038596117116577,0
2025-09-30,sh603986,69808.015936255048,69808.015936255048,0,4317.1314741035858,4317.1314741035858,0.011087673587851061,0.011087673587851061,0
2025-09-30,sh688041,-28085.451300773395,-28085.451300773395,0,8668.3491669054201,8668.3491669054201,-0.0044608389511430662,-0.0044608389511430662,0
2025-10-09,sh603986,62936.4015924415,52625.832669322699,10310.568923118797,4317.1314741035858,7527.9789317307041,0.0098440574508055715,0.0082313527161602153,0.0016127047346453569
2025-10-09,sh688041,90584.24879416154,90584.24879416154,0,8668.3491669054201,8668.3491669054201,0.014168534055097368,0.014168534055097368,0
2025-10-10,sh603986,-78817.939415220462,-78817.939415220462,0,7527.9789317307041,7527.9789317307041,-0.012438473398911028,-0.012438473398911028,0
2025-10-10,sh688041,-186889.60803848089,-186889.60803848089,0,8668.3491669054201,8668.3491669054201,-0.029493557372430462,-0.029493557372430462,0
2025-10-13,sh603986,-53975.608940509264,-53975.608940509264,0,7527.9789317307041,7527.9789317307041,-0.0087218133198034842,-0.0087218133198034842,0
2025-10-13,sh688041,21757.556408932527,21757.556408932527,0,8668.3491669054201,8668.3491669054201,0.0035157610820650232,0.0035157610820650232,0
2025-10-14,sh603986,-89206.550341008799,-89206.550341008799,0,7527.9789317307041,7527.9789317307041,-0.014730127134455,-0.014730127134455,0
2025-10-14,sh688041,-142160.9263372487,-142160.9263372487,0,8668.3491669054201,8668.3491669054201,-0.023474156443609485,-0.023474156443609485,0
2025-10-15,sh603986,-5967.4285378397617,45243.153379701464,-51210.581917541225,7527.9789317307041,0,-0.0010048026927740067,0.0076180958108244615,-0.0086228985035984689
2025-10-15,sh688041,1551.6243970480864,116589.2962948778,-115037.67189782971,8668.3491669054201,0,0.00026126435573406209,0.019631443949914198,-0.019370179594180137
2025-10-29,sh688347,32500.517672291182,0,32500.517672291182,0,4208,0.0054733078310394007,0,0.0054733078310394007
2025-10-29,sh688498,-29890.902276016768,-0,-29890.902276016768,0,1888.5595732068762,-0.005033830880904323,-0,-0.005033830880904323
2025-10-30,sh688347,-28025.279999999984,-28025.279999999984,0,4208,4208,-0.0047236082641789788,-0.0047236082641789788,0
2025-10-30,sh688498,15461.63722584461,15461.63722584461,0,1888.5595732068762,1888.5595732068762,0.0026060298907892082,0.0026060298907892082,0
2025-10-31,sh688347,-34884.320000000029,-34884.320000000029,0,4208,4208,-0.0059114975591931648,-0.0059114975591931648,0
2025-10-31,sh688498,-16336.040308239435,-16336.040308239435,0,1888.5595732068762,1888.5595732068762,-0.0027683057146889634,-0.0027683057146889634,0
2025-11-03,sh688347,-9678.3999999999887,-9678.3999999999887,0,4208,4208,-0.0016447768433214423,-0.0016447768433214423,0
2025-11-03,sh688498,27287.797273266176,27287.797273266176,0,1888.5595732068762,1888.5595732068762,0.0046373715759131942,0.0046373715759131942,0
2025-11-04,sh688347,5975.3600000000069,5975.3600000000069,0,4208,4208,0.0010148925767868196,0.0010148925767868196,0
2025-11-04,sh688498,-16883.722584469469,-16883.722584469469,0,1888.5595732068762,1888.5595732068762,-0.0028676372167544756,-0.0028676372167544756,0
2025-11-05,sh688347,-13465.600000000011,-13465.600000000011,0,4208,4208,-0.0022884128931822739,-0.0022884128931822739,0
2025-11-05,sh688498,17522.055720213328,17522.055720213328,0,1888.5595732068762,1888.5595732068762,0.0029777877127788112,0.0029777877127788112,0
2025-11-06,sh688347,26468.320000000025,26468.320000000025,0,4208,4208,0.0044439911827973237,0.0044439911827973237,0
2025-11-06,sh688498,113475.99051570838,113475.99051570838,0,1888.5595732068762,1888.5595732068762,0.019052448410439356,0.019052448410439356,0
2025-11-07,sh688347,-6312,-6312,0,4208,4208,-0.0010509775627674627,-0.0010509775627674627,0
2025-11-07,sh688498,-34418.998221695256,-34418.998221695256,0,1888.5595732068762,1888.5595732068762,-0.0057309244081012222,-0.0057309244081012222,0
2025-11-10,sh688347,-29077.280000000046,-29077.280000000046,0,4208,4208,-0.0048634861714156674,-0.0048634861714156674,0
2025-11-10,sh688498,15474.857142857069,15474.857142857069,0,1888.5595732068762,1888.5595732068762,0.0025883354192317233,0.0025883354192317233,0
2025-11-11,sh688347,-19146.399999999987,-19146.399999999987,0,4208,4208,-0.0032126430412627136,-0.0032126430412627136,0
2025-11-11,sh688498,-5214.3129816241235,-5214.3129816241235,0,1888.5595732068762,1888.5595732068762,-0.00087492825363413406,-0.00087492825363413406,0
2025-11-12,sh688347,-3871.3600000000069,-3871.3600000000069,0,4208,4208,-0.00065242731383097447,-0.00065242731383097447,0
2025-11-12,sh688498,-23610.771784232384,-23610.771784232384,0,1888.5595732068762,1888.5595732068762,-0.0039790441634626776,-0.0039790441634626776,0
2025-11-13,sh688347,12497.759999999995,12497.759999999995,0,4208,4208,0.0021112772218590324,0.0021112772218590324,0
2025-11-13,sh688498,-13544.749259039763,-13544.749259039763,0,1888.5595732068762,1888.5595732068762,-0.002288147682977003,-0.002288147682977003,0
2025-11-14,sh688347,-19440.959999999959,-19440.959999999959,0,4208,4208,-0.0033030140093072229,-0.0033030140093072229,0
2025-11-14,sh688498,-46790.951985773587,-46790.951985773587,0,1888.5595732068762,1888.5595732068762,-0.0079497704803585881,-0.0079497704803585881,0
2025-11-17,sh688347,2365.3298128191741,5764.9599999999591,-3399.630187180785,4208,0,0.00040435404788862671,0.00098552214548788125,-0.00058116809759925449
2025-11-17,sh688498,-8604.277415530496,-8604.277415530496,0,1888.5595732068762,1888.5595732068762,-0.0014709045576945193,-0.0014709045576945193,0
2025-11-18,sh688498,34847.701244813274,34847.701244813274,0,1888.5595732068762,1888.5595732068762,0.0059619988096889683,0.0059619988096889683,0
2025-11-18,sz300223,-37971.34448032613,-0,-37971.34448032613,0,13722.103904485319,-0.0064964144694533987,-0,-0.0064964144694533987
2025-11-19,sh688498,25671.190278601101,25671.190278601101,0,1888.5595732068762,1888.5595732068762,0.0044001107180629334,0.0044001107180629334,0
2025-11-19,sz300223,-44047.953533397784,-44047.953533397784,0,13722.103904485319,13722.103904485319,-0.0075499371220274902,-0.0075499371220274902,0
2025-11-20,sh688498,30859.063426200308,30859.063426200308,0,1888.5595732068762,1888.5595732068762,0.0052739548745035928,0.0052739548745035928,0
2025-11-20,sz300223,21594.600038120858,-27581.428848015559,49176.028886136417,13722.103904485319,0,0.0036906157701891789,-0.0047137921559622861,0.0084044079261514654
2025-11-21,sh688498,-75929.537640782422,-75929.537640782422,0,1888.5595732068762,1888.5595732068762,-0.013002885172762175,-0.013002885172762175,0
2025-11-24,sh688498,2852.894939878679,-23284.050978067589,26136.945917946268,1888.5595732068762,0,0.00049162571534725418,-0.0040124289395533103,0.0045040546549005639
2025-12-03,sh688205,-25306.109432639991,-0,-25306.109432639991,0,4770,-0.0043679141176955292,-0,-0.0043679141176955292
2025-12-03,sz002371,3777.5469668826227,0,3777.5469668826227,0,3105.4765746717117,0.00065201649312488636,0,0.00065201649312488636
2025-12-04,sh688205,-4626.8999999999942,-4626.8999999999942,0,4770,4770,-0.00079701474758588715,-0.00079701474758588715,0
2025-12-04,sz002371,49501.29660026708,49501.29660026708,0,3105.4765746717117,3105.4765746717117,0.0085269323769772525,0.0085269323769772525,0
2025-12-05,sh688205,21083.400000000009,21083.400000000009,0,4770,4770,0.0036105481637072976,0.0036105481637072976,0
2025-12-05,sz002371,2204.8883680168519,2204.8883680168519,0,3105.4765746717117,3105.4765746717117,0.00037758879726812667,0.00037758879726812667,0
2025-12-08,sh688205,76415.400000000052,76415.400000000052,0,4770,4770,0.012879750459281079,0.012879750459281079,0
2025-12-08,sz002371,88236.98980857592,38818.457183396393,49418.532625179527,3105.4765746717117,7112.2598870111979,0.01487226933330958,0.0065428178316992679,0.0083294515016103104
2025-12-09,sh688205,131175,131175,0,4770,4770,0.021640806725048693,0.021640806725048693,0
2025-12-09,sz002371,-39401.919774042181,-39401.919774042181,0,7112.2598870111979,7112.2598870111979,-0.0065003951242685052,-0.0065003951242685052,0
2025-12-10,sh688205,37587.599999999977,37587.599999999977,0,4770,4770,0.0061317067400442947,0.0061317067400442947,0
2025-12-10,sz002371,7610.1180791019333,7610.1180791019333,0,7112.2598870111979,7112.2598870111979,0.001241446975017354,0.001241446975017354,0
2025-12-11,sh688205,-44074.800000000047,-44074.800000000047,0,4770,4770,-0.0072121056410434162,-0.0072121056410434162,0
2025-12-11,sz002371,-38619.57118647045,-38619.57118647045,0,7112.2598870111979,7112.2598870111979,-0.0063194484650780265,-0.0063194484650780265,0
2025-12-12,sh688205,51945.300000000068,51945.300000000068,0,4770,4770,0.0085114423728136369,0.0085114423728136369,0
2025-12-12,sz002371,14224.519774022396,14224.519774022396,0,7112.2598870111979,7112.2598870111979,0.0023307436926447529,0.0023307436926447529,0
2025-12-15,sh688205,-53493.751017216142,-50418.900000000103,-3074.8510172160363,4770,7762,-0.00878736898557805,-0.0082822660539241932,-0.00050510293165385595
2025-12-15,sz002371,-43384.785310768471,-43384.785310768471,0,7112.2598870111979,7112.2598870111979,-0.0071267785420976249,-0.0071267785420976249,0
2025-12-16,sh688205,-81811.479999999938,-81811.479999999938,0,7762,7762,-0.013689149980708941,-0.013689149980708941,0
2025-12-16,sz002371,-43527.030508508564,-43527.030508508564,0,7112.2598870111979,7112.2598870111979,-0.0072831838373522634,-0.0072831838373522634,0
2025-12-17,sh688205,50918.720000000016,50918.720000000016,0,7762,7762,0.0085636116378417157,0.0085636116378417157,0
2025-12-17,sz002371,13228.803389840925,13228.803389840925,0,7112.2598870111979,7112.2598870111979,0.0022248464742232652,0.0022248464742232652,0
2025-12-18,sh688205,16533.059999999965,16533.059999999965,0,7762,7762,0.0027644920814785699,0.0027644920814785699,0
2025-12-18,sz002371,-11664.106214698268,-11664.106214698268,0,7112.2598870111979,7112.2598870111979,-0.0019503545785268068,-0.0019503545785268068,0
2025-12-19,sh688205,-86391.059999999969,-86391.059999999969,0,7762,7762,-0.014498996669007606,-0.014498996669007606,0
2025-12-19,sz002371,37410.487005678835,37410.487005678835,0,7112.2598870111979,7112.2598870111979,0.0062785955685841794,0.0062785955685841794,0
2025-12-22,sh688205,24139.820000000105,24139.820000000105,0,7762,7762,0.0040192972657818312,0.0040192972657818312,0
2025-12-22,sz002371,120481.68248596968,120481.68248596968,0,7112.2598870111979,7112.2598870111979,0.020060286157587363,0.020060286157587363,0
2025-12-23,sh688205,30194.179999999895,30194.179999999895,0,7762,7762,0.004909048953365149,0.004909048953365149,0
2025-12-23,sz002371,114649.62937862054,114649.62937862054,0,7112.2598870111979,7112.2598870111979,0.018640037355040651,0.018640037355040651,0
2025-12-24,sh688205,-18473.559999999965,-18473.559999999965,0,7762,7762,-0.0029733506683749817,-0.0029733506683749817,0
2025-12-24,sz002371,-2275.9231638435349,-2275.9231638435349,0,7112.2598870111979,7112.2598870111979,-0.00036631367534921747,-0.00036631367534921747,0
2025-12-25,sh688205,-21888.839999999946,-21888.839999999946,0,7762,7762,-0.0035513334534193232,-0.0035513334534193232,0
2025-12-25,sz002371,-56186.853107388706,-56186.853107388706,0,7112.2598870111979,7112.2598870111979,-0.0091159810699254704,-0.0091159810699254704,0
2025-12-26,sh688205,-56584.980000000156,-56584.980000000156,0,7762,7762,-0.0093598451034613613,-0.0093598451034613613,0
2025-12-26,sz002371,-100922.96779668888,-100922.96779668888,0,7112.2598870111979,7112.2598870111979,-0.016693888483456643,-0.016693888483456643,0
2025-12-29,sh688205,-13583.5,-13583.5,0,7762,7762,-0.0022874893334352418,-0.0022874893334352418,0
2025-12-29,sz002371,-44167.133898339394,-44167.133898339394,0,7112.2598870111979,7112.2598870111979,-0.0074378361748339865,-0.0074378361748339865,0
2025-12-30,sh688205,-6830.5599999999649,-6830.5599999999649,0,7762,7762,-0.0011522625638273709,-0.0011522625638273709,0
2025-12-30,sz002371,44096.011299469348,44096.011299469348,0,7112.2598870111979,7112.2598870111979,0.0074386555472007463,0.0074386555472007463,0
2025-12-31,sh688205,-41914.800000000047,-41914.800000000047,0,7762,7762,-0.0070731418017183729,-0.0070731418017183729,0
2025-12-31,sz002371,568.98079096078266,568.98079096078266,0,7112.2598870111979,7112.2598870111979,9.6015770489647827e-05,9.6015770489647827e-05,0
