date,symbol,pnl,carry,execution,units_before,units_after,log_contribution,carry_log_contribution,execution_log_contribution
2023-01-19,sh688012,13227.950328453242,0,13227.950328453242,0,6799.6045687950736,0.0065930180320927911,0,0.0065930180320927911
2023-01-19,sh688019,-499.74972756535686,-0,-499.74972756535686,0,7521.6072869825894,-0.00024908310687292467,-0,-0.00024908310687292467
2023-01-20,sh688012,-2645.0461772613517,-2645.0461772613517,0,6799.6045687950736,6799.6045687950736,-0.0013185342447065702,-0.0013185342447065702,0
2023-01-20,sh688019,-10695.725562089219,-10695.725562089219,0,7521.6072869825894,7521.6072869825894,-0.0053317331647494363,-0.0053317331647494363,0
2023-01-30,sh688012,-6616.0152454375993,-6616.0152454375993,0,6799.6045687950736,6799.6045687950736,-0.0033184340931276929,-0.0033184340931276929,0
2023-01-30,sh688019,-4716.0477689381551,-4716.0477689381551,0,7521.6072869825894,7521.6072869825894,-0.002365456112280776,-0.002365456112280776,0
2023-01-31,sh603986,-59158.538773137749,-0,-59158.538773137749,0,9129.1432407485099,-0.030367835406879685,-0,-0.030367835406879685
2023-01-31,sh688012,-19504.278760598383,-9172.6665633044831,-10331.6121972939,6799.6045687950736,12558.924910867132,-0.010012125711947085,-0.004708602244298552,-0.0053035234676485337
2023-01-31,sh688019,-776.60873311907335,-2504.6952265651903,1728.0864934461169,7521.6072869825894,0,-0.00039865633384464491,-0.001285734468128321,0.0008870781342836761
2023-02-01,sh603986,4108.114458336855,4108.114458336855,0,9129.1432407485099,9129.1432407485099,0.0021458381158760823,0.0021458381158760823,0
2023-02-01,sh688012,7585.5906461637378,7585.5906461637378,0,12558.924910867132,12558.924910867132,0.0039622677763854353,0.0039622677763854353,0
2023-02-02,sh603986,19079.909373164286,19079.909373164286,0,9129.1432407485099,9129.1432407485099,0.0098198626340444562,0.0098198626340444562,0
2023-02-02,sh688012,26461.65478719704,26461.65478719704,0,12558.924910867132,12558.924910867132,0.013619027742618953,0.013619027742618953,0
2023-02-03,sh603986,3925.5315935219214,3925.5315935219214,0,9129.1432407485099,9129.1432407485099,0.0019979935931969954,0.0019979935931969954,0
2023-02-03,sh688012,-6153.8732063250091,-6153.8732063250091,0,12558.924910867132,12558.924910867132,-0.0031321615803256834,-0.0031321615803256834,0
2023-02-06,sh603986,-28574.218343542794,-28574.218343542794,0,9129.1432407485099,9129.1432407485099,-0.014686483684995793,-0.014686483684995793,0
2023-02-06,sh688012,-7334.4121479462665,-7334.4121479462665,0,12558.924910867132,12558.924910867132,-0.0037697172694205871,-0.0037697172694205871,0
2023-02-07,sh603986,-8216.22891667371,-8216.22891667371,0,9129.1432407485099,9129.1432407485099,-0.0042965886071384277,-0.0042965886071384277,0
2023-02-07,sh688012,-22593.505914650053,-22593.505914650053,0,12558.924910867132,12558.924910867132,-0.011815031091843084,-0.011815031091843084,0
2023-02-08,sh603986,1429.5504277120317,-3742.9487287068578,5172.4991564188895,9129.1432407485099,0,0.0007679045476301652,-0.0020105812950723867,0.0027784858427025521
2023-02-08,sh688012,-3311.2789856724985,2536.9028319951376,-5848.1818176676361,12558.924910867132,0,-0.0017787033897361209,0.0013627355732408872,-0.0031414389629770079
2023-02-08,sh688256,-40976.105676432177,-0,-40976.105676432177,0,18526.937010634567,-0.022010932446410312,-0,-0.022010932446410312
2023-02-08,sz002281,-27260.684874962284,-0,-27260.684874962284,0,39846.997389033946,-0.014643487547690246,-0,-0.014643487547690246
2023-02-09,sh688256,53079.674535468068,53079.674535468068,0,18526.937010634567,18526.937010634567,0.028285229605909332,0.028285229605909332,0
2023-02-09,sz002281,47417.926892950447,47417.926892950447,0,39846.997389033946,39846.997389033946,0.025268183374167311,0.025268183374167311,0
2023-02-10,sh688256,500.22729928715228,500.22729928715228,0,18526.937010634567,18526.937010634567,0.00025419418110057807,0.00025419418110057807,0
2023-02-10,sz002281,81287.874673629223,81287.874673629223,0,39846.997389033946,39846.997389033946,0.041307031354576654,0.041307031354576654,0
2023-02-13,sh688256,104325.18230688325,104325.18230688325,0,18526.937010634567,18526.937010634567,0.050139111625760312,0.050139111625760312,0
2023-02-13,sz002281,40643.937336814612,40643.937336814612,0,39846.997389033946,39846.997389033946,0.019533643421263402,0.019533643421263402,0
2023-02-14,sh688256,-25122.526586420503,-25122.526586420503,0,18526.937010634567,18526.937010634567,-0.011755694953403424,-0.011755694953403424,0
2023-02-14,sz002281,-8766.3394255874227,-8766.3394255874227,0,39846.997389033946,39846.997389033946,-0.004102071970774771,-0.004102071970774771,0
2023-02-15,sh688256,45020.45693584199,45020.45693584199,0,18526.937010634567,18526.937010634567,0.020892843207565334,0.020892843207565334,0
2023-02-15,sz002281,24705.138381201086,24705.138381201086,0,39846.997389033946,39846.997389033946,0.011465023186130961,0.011465023186130961,0
2023-02-16,sh688256,-106937.48042538269,-106937.48042538269,0,18526.937010634567,18526.937010634567,-0.050835905008176085,-0.050835905008176085,0
2023-02-16,sz002281,-63356.725848563969,-63356.725848563969,0,39846.997389033946,39846.997389033946,-0.030118499931499829,-0.030118499931499829,0
2023-02-17,sh688256,-6206.5238985625956,-6206.5238985625956,0,18526.937010634567,18526.937010634567,-0.0031162794195940448,-0.0031162794195940448,0
2023-02-17,sz002281,-49410.276762402173,-49410.276762402173,0,39846.997389033946,39846.997389033946,-0.02480877075600724,-0.02480877075600724,0
2023-02-20,sh688256,30458.284445483197,30458.284445483197,0,18526.937010634567,18526.937010634567,0.015267523576767266,0.015267523576767266,0
2023-02-20,sz002281,31877.597911227185,31877.597911227185,0,39846.997389033946,39846.997389033946,0.015978968827068715,0.015978968827068715,0
2023-02-21,sh688256,35442.030501343863,35442.030501343863,0,18526.937010634567,18526.937010634567,0.017387004493476264,0.017387004493476264,0
2023-02-21,sz002281,-11157.15926892955,-11157.15926892955,0,39846.997389033946,39846.997389033946,-0.0054734329720740153,-0.0054734329720740153,0
2023-02-22,sh688256,-11190.269954423264,-11190.269954423264,0,18526.937010634567,18526.937010634567,-0.0054704476595385347,-0.0054704476595385347,0
2023-02-22,sz002281,1195.4099216710638,1195.4099216710638,0,39846.997389033946,39846.997389033946,0.00058438513412357172,0.00058438513412357172,0
2023-02-23,sh688256,-14673.334112422606,-14673.334112422606,0,18526.937010634567,18526.937010634567,-0.0072025603661137628,-0.0072025603661137628,0
2023-02-23,sz002281,7969.3994778067608,7969.3994778067608,0,39846.997389033946,39846.997389033946,0.0039118635465393752,0.0039118635465393752,0
2023-02-24,sh688256,58563.647890615888,58563.647890615888,0,18526.937010634567,18526.937010634567,0.028289857184406249,0.028289857184406249,0
2023-02-24,sz002281,14344.91906005234,14344.91906005234,0,39846.997389033946,39846.997389033946,0.0069294814470697418,0.0069294814470697418,0
2023-02-27,sh688256,-34330.414280705751,-34330.414280705751,0,18526.937010634567,18526.937010634567,-0.016465633191119156,-0.016465633191119156,0
2023-02-27,sz002281,-9164.8093994778246,-9164.8093994778246,0,39846.997389033946,39846.997389033946,-0.0043956472125398615,-0.0043956472125398615,0
2023-02-28,sh688256,-14914.184293560953,-14914.184293560953,0,18526.937010634567,18526.937010634567,-0.0072216371814568543,-0.0072216371814568543,0
2023-02-28,sz002281,18728.088772845909,18728.088772845909,0,39846.997389033946,39846.997389033946,0.0090683780994982345,0.0090683780994982345,0
2023-03-01,sh688256,82444.869697323869,82444.869697323869,0,18526.937010634567,18526.937010634567,0.038942299835289448,0.038942299835289448,0
2023-03-01,sz002281,18329.618798955649,18329.618798955649,0,39846.997389033946,39846.997389033946,0.0086578766363028005,0.0086578766363028005,0
2023-03-02,sh688256,11190.269954423264,11190.269954423264,0,18526.937010634567,18526.937010634567,0.0051321286154579959,0.0051321286154579959,0
2023-03-02,sz002281,13946.449086161796,13946.449086161796,0,39846.997389033946,39846.997389033946,0.0063961790672285778,0.0063961790672285778,0
2023-03-03,sh688256,27475.447586771137,27475.447586771137,0,18526.937010634567,18526.937010634567,0.012492321594597565,0.012492321594597565,0
2023-03-03,sz002281,-14743.389033942458,-14743.389033942458,0,39846.997389033946,39846.997389033946,-0.006703408802517589,-0.006703408802517589,0
2023-03-06,sh688256,-30828.823185695946,-30828.823185695946,0,18526.937010634567,18526.937010634567,-0.014012450098536843,-0.014012450098536843,0
2023-03-06,sz002281,19525.028720626571,19525.028720626571,0,39846.997389033946,39846.997389033946,0.008874600531207472,0.008874600531207472,0
2023-03-07,sh688256,-41667.081336917181,-41667.081336917181,0,18526.937010634567,18526.937010634567,-0.019358140438230309,-0.019358140438230309,0
2023-03-07,sz002281,-41839.347258485672,-41839.347258485672,0,39846.997389033946,39846.997389033946,-0.01943817359139214,-0.01943817359139214,0
2023-03-08,sh688256,22270.052469792787,26493.519925207424,-4223.4674554146377,18526.937010634567,0,0.01051502749954031,0.012509179803282576,-0.0019941523037422669
2023-03-08,sz002281,-8299.8052493934374,31080.657963446523,-39380.463212839961,39846.997389033946,0,-0.0039188358696764687,0.01467504280166106,-0.018593878671337528
2023-03-13,sh688037,-5727.1715430708464,-0,-5727.1715430708464,0,4710.1657458563532,-0.0026785259049108235,-0,-0.0026785259049108235
2023-03-13,sh688256,32304.946199015594,0,32304.946199015594,0,9102.9997820656808,0.015108615937216626,0,0.015108615937216626
2023-03-14,sh688037,1756.8918232044416,1756.8918232044416,0,4710.1657458563532,4710.1657458563532,0.00080813170407436914,0.00080813170407436914,0
2023-03-14,sh688256,43439.514960017412,43439.514960017412,0,9102.9997820656808,9102.9997820656808,0.01998122410563347,0.01998122410563347,0
2023-03-15,sh688037,-23536.698232044197,-23536.698232044197,0,4710.1657458563532,4710.1657458563532,-0.01075596679642744,-0.01075596679642744,0
2023-03-15,sh688256,6663.3958404720725,6663.3958404720725,0,9102.9997820656808,9102.9997820656808,0.0030450857509823955,0.0030450857509823955,0
2023-03-16,sh688037,-33267.967736970611,-18195.370276243091,-15072.59746072752,4710.1657458563532,9466.8899486277296,-0.015465996975236738,-0.0084588738296435938,-0.0070071231455931448
2023-03-16,sh688256,-24038.732963307593,-9412.5017746558387,-14626.231188651755,9102.9997820656808,17262.568392576839,-0.011175403746886449,-0.0043757925078922654,-0.0067996112389941835
2023-03-17,sh688037,2025.9144490063213,2025.9144490063213,0,9466.8899486277296,9466.8899486277296,0.00090438913122739388,0.00090438913122739388,0
2023-03-17,sh688256,237394.84053471661,237394.84053471661,0,17262.568392576839,17262.568392576839,0.1059755083411166,0.1059755083411166,0
2023-03-20,sh688037,85.202009537652799,85.202009537652799,0,9466.8899486277296,9466.8899486277296,3.5044974813876422e-05,3.5044974813876422e-05,0
2023-03-20,sh688256,139826.80397987229,139826.80397987229,0,17262.568392576839,17262.568392576839,0.057513042830450306,0.057513042830450306,0
2023-03-21,sh688037,-22985.608795268236,-22985.608795268236,0,9466.8899486277296,9466.8899486277296,-0.0091913772796010929,-0.0091913772796010929,0
2023-03-21,sh688256,20853.182618233041,20853.182618233041,0,17262.568392576839,17262.568392576839,0.0083386727161238478,0.0083386727161238478,0
2023-03-22,sh688037,-20647.286977957054,-20647.286977957054,0,9466.8899486277296,9466.8899486277296,-0.0078726044658047507,-0.0078726044658047507,0
2023-03-22,sh688256,270538.97184846416,270538.97184846416,0,17262.568392576839,17262.568392576839,0.10315381000042566,0.10315381000042566,0
2023-03-23,sh688037,-13327.246752854535,17296.007936142843,-30623.254688997378,9466.8899486277296,0,-0.004798375202029621,0.0062272978893498235,-0.011025673091379444
2023-03-23,sh688256,69203.965356781802,79356.026900675628,-10152.06154389382,17262.568392576839,14074.35376997895,0.024916368504918251,0.028571542095162224,-0.0036551735902439738
2023-03-24,sh688256,151130.41078203396,151130.41078203396,0,14074.35376997895,14074.35376997895,0.052468797971005003,0.052468797971005003,0
2023-03-27,sh688256,32019.154826702194,32019.154826702194,0,14074.35376997895,14074.35376997895,0.01077145535619739,0.01077145535619739,0
2023-03-28,sh688256,-135916.03435668666,-135916.03435668666,0,14074.35376997895,14074.35376997895,-0.046544254582305961,-0.046544254582305961,0
2023-03-29,sh688256,0,0,0,14074.35376997895,14074.35376997895,0,0,0
2023-03-30,sh688256,38718.547221211957,38718.547221211957,0,14074.35376997895,14074.35376997895,0.013481241625046719,0.013481241625046719,0
2023-03-31,sh688256,93045.552773330899,93045.552773330899,0,14074.35376997895,14074.35376997895,0.031672804412673672,0.031672804412673672,0
2023-04-03,sh688256,236618.03558088627,236618.03558088627,0,14074.35376997895,14074.35376997895,0.07629678946203812,0.07629678946203812,0
2023-04-04,sh688256,42603.068861726097,42603.068861726097,0,14074.35376997895,14074.35376997895,0.013139554979215979,0.013139554979215979,0
2023-04-06,sh688041,-17584.798002356882,-0,-17584.798002356882,0,7800.2950942393836,-0.0054624099237598417,-0,-0.0054624099237598417
2023-04-06,sh688256,-70934.743000693794,-70934.743000693794,0,14074.35376997895,14074.35376997895,-0.022034637193694844,-0.022034637193694844,0
2023-04-07,sh688041,3276.1239395804437,3276.1239395804437,0,7800.2950942393836,7800.2950942393836,0.0010053332826931106,0.0010053332826931106,0
2023-04-07,sh688256,165303.28502840284,165303.28502840284,0,14074.35376997895,14074.35376997895,0.05072607057681755,0.05072607057681755,0
2023-04-10,sh688041,-53432.021395539734,-53432.021395539734,0,7800.2950942393836,7800.2950942393836,-0.016479374084220094,-0.016479374084220094,0
2023-04-10,sh688256,-147303.0356451417,-169187.80666891718,21884.771023775491,14074.35376997895,12200.887002205429,-0.045430843990868199,-0.052180491843015563,0.0067496478521473632
2023-04-11,sh688041,9360.3541130872818,9360.3541130872818,0,7800.2950942393836,7800.2950942393836,0.0029974912971474717,0.0029974912971474717,0
2023-04-11,sh688256,-49865.025178013457,-49865.025178013457,0,12200.887002205429,12200.887002205429,-0.015968410724349819,-0.015968410724349819,0
2023-04-12,sh688041,52183.97418046146,52183.97418046146,0,7800.2950942393836,7800.2950942393836,0.016583049140046536,0.016583049140046536,0
2023-04-12,sh688256,36846.678746660175,36846.678746660175,0,12200.887002205429,12200.887002205429,0.011709155806921155,0.011709155806921155,0
2023-04-13,sh688041,-50467.909259728804,-50467.909259728804,0,7800.2950942393836,7800.2950942393836,-0.016324367551246152,-0.016324367551246152,0
2023-04-13,sh688256,-147386.7149866414,-147386.7149866414,0,12200.887002205429,12200.887002205429,-0.047673758293224434,-0.047673758293224434,0
2023-04-14,sh688041,6396.2419772762414,6396.2419772762414,0,7800.2950942393836,7800.2950942393836,0.0021141505277077113,0.0021141505277077113,0
2023-04-14,sh688256,57319.767136361195,57319.767136361195,0,12200.887002205429,12200.887002205429,0.018945908608514719,0.018945908608514719,0
2023-04-17,sh688041,24102.911841199722,24102.911841199722,0,7800.2950942393836,7800.2950942393836,0.0078337780677984695,0.0078337780677984695,0
2023-04-17,sh688256,14738.671498664138,14738.671498664138,0,12200.887002205429,12200.887002205429,0.0047902710799183892,0.0047902710799183892,0
2023-04-18,sh688041,19266.728882771269,19266.728882771269,0,7800.2950942393836,7800.2950942393836,0.0062116558160877017,0.0062116558160877017,0
2023-04-18,sh688256,-8357.6075965107466,-8357.6075965107466,0,12200.887002205429,12200.887002205429,-0.0026945197677986682,-0.0026945197677986682,0
2023-04-19,sh688041,62012.34599920312,62012.34599920312,0,7800.2950942393836,7800.2950942393836,0.019123337486709507,0.019123337486709507,0
2023-04-19,sh688256,213064.08971951334,213064.08971951334,0,12200.887002205429,12200.887002205429,0.065704601694268519,0.065704601694268519,0
2023-04-20,sh688041,52651.991886115837,52651.991886115837,0,7800.2950942393836,7800.2950942393836,0.014681956827717233,0.014681956827717233,0
2023-04-20,sh688256,363244.8078296599,363244.8078296599,0,12200.887002205429,12200.887002205429,0.10129046205854642,0.10129046205854642,0
2023-04-21,sh688041,-41961.674632586961,-46099.74400695473,4138.0693743677712,7800.2950942393836,6633.4398965990158,-0.011281563440265617,-0.012394099881575709,0.0011125364413100919
2023-04-21,sh688256,-114236.53472297662,-148704.41078287963,34467.876059903007,12200.887002205429,9947.4733631066047,-0.030712947587476051,-0.039979773419041659,0.0092668258315656109
2023-04-24,sh688041,-14062.892580789943,-14062.892580789943,0,6633.4398965990158,6633.4398965990158,-0.0038867434916509736,-0.0038867434916509736,0
2023-04-24,sh688256,-33373.773133222843,-33373.773133222843,0,9947.4733631066047,9947.4733631066047,-0.0092239412889054163,-0.0092239412889054163,0
2023-04-25,sh688041,62885.010219758697,62885.010219758697,0,6633.4398965990158,6633.4398965990158,0.017264626769438195,0.017264626769438195,0
2023-04-25,sh688256,33373.773133222843,33373.773133222843,0,9947.4733631066047,9947.4733631066047,0.0091625291149584117,0.0091625291149584117,0
2023-04-26,sh688041,-41525.33375270987,-41525.33375270987,0,6633.4398965990158,6633.4398965990158,-0.011419507749593143,-0.011419507749593143,0
2023-04-26,sh688256,-66757.493739808546,-66757.493739808546,0,9947.4733631066047,9947.4733631066047,-0.018358376639306617,-0.018358376639306617,0
2023-04-27,sh688041,-34427.553063348874,-34427.553063348874,0,6633.4398965990158,6633.4398965990158,-0.0097228244041888106,-0.0097228244041888106,0
2023-04-27,sh688256,-48404.405384876591,-48404.405384876591,0,9947.4733631066047,9947.4733631066047,-0.013670083757632789,-0.013670083757632789,0
2023-04-28,sh688041,45439.06329170322,45439.06329170322,0,6633.4398965990158,6633.4398965990158,0.01267732613920638,0.01267732613920638,0
2023-04-28,sh688256,125179.00480133355,125179.00480133355,0,9947.4733631066047,9947.4733631066047,0.034924467070551329,0.034924467070551329,0
2023-05-04,sh688041,-13266.879793198032,-13266.879793198032,0,6633.4398965990158,6633.4398965990158,-0.0036775568914634272,-0.0036775568914634272,0
2023-05-04,sh688256,-111491.28145369882,-111491.28145369882,0,9947.4733631066047,9947.4733631066047,-0.030905196763624472,-0.030905196763624472,0
2023-05-05,sh688041,597.009590693934,597.009590693934,0,6633.4398965990158,6633.4398965990158,0.00017243171568860182,0.00017243171568860182,0
2023-05-05,sh688256,-165705.01128262997,-165705.01128262997,0,9947.4733631066047,9947.4733631066047,-0.04785986664041933,-0.04785986664041933,0
2023-05-08,sh688041,-23747.714829824465,-23747.714829824465,0,6633.4398965990158,6633.4398965990158,-0.007047048861567911,-0.007047048861567911,0
2023-05-08,sh688256,2735.555174854373,2735.555174854373,0,9947.4733631066047,9947.4733631066047,0.00081176614755804738,0.00081176614755804738,0
2023-05-09,sh688041,1592.0255751837299,1592.0255751837299,0,6633.4398965990158,6633.4398965990158,0.00047238003749013518,0.00047238003749013518,0
2023-05-09,sh688256,20103.843666838315,20103.843666838315,0,9947.4733631066047,9947.4733631066047,0.005965139362752339,0.005965139362752339,0
2023-05-10,sh688041,-39245.944442180917,-75687.549220194749,36441.604778013832,6633.4398965990158,2835.112847787309,-0.011776973126316514,-0.022712416424994004,0.01093544329867749
2023-05-10,sh688256,-57587.167324253707,-82255.657239528286,24668.489915274575,9947.4733631066047,4282.9954401961159,-0.017280830710994614,-0.024683382667082903,0.0074025519560882878
2023-05-11,sh688041,-4366.0737855924335,-4366.0737855924335,0,2835.112847787309,2835.112847787309,-0.0013320694233349378,-0.0013320694233349378,0
2023-05-11,sh688256,-8797.2726341628313,-8797.2726341628313,0,4282.9954401961159,4282.9954401961159,-0.0026840082097053736,-0.0026840082097053736,0
2023-05-12,sh688041,-482.78758860821745,-4337.7226571145857,3854.9350685063682,2835.112847787309,0,-0.00014760463847510774,-0.001326189818703604,0.0011785851802284964
2023-05-12,sh688256,-55.678940722571902,-55.678940722571902,0,4282.9954401961159,4282.9954401961159,-1.7022951935704119e-05,-1.7022951935704119e-05,0
2023-05-15,sh688256,-21701.937895473751,-21701.937895473751,0,4282.9954401961159,4282.9954401961159,-0.0066576823307130011,-0.0066576823307130011,0
2023-05-16,sh688256,6328.5935349480205,-11324.239943878554,17652.833478826575,4282.9954401961159,0,0.0019460572211240982,-0.0034822301029177752,0.0054282873240418736
2023-05-22,sh688037,-2386.2668497492941,-0,-2386.2668497492941,0,2997.8224629300239,-0.00073580758488795285,-0,-0.00073580758488795285
2023-05-22,sh688072,-21813.686532058797,-0,-21813.686532058797,0,4518.6526944505404,-0.0067262703692771673,-0,-0.0067262703692771673
2023-05-23,sh688037,-15816.511314418838,-15816.511314418838,0,2997.8224629300239,2997.8224629300239,-0.0049294696543147193,-0.0049294696543147193,0
2023-05-23,sh688072,-28901.302633705596,-28901.302633705596,0,4518.6526944505404,4518.6526944505404,-0.0090075549197210971,-0.0090075549197210971,0
2023-05-24,sh688037,12282.078630624334,12282.078630624334,0,2997.8224629300239,2997.8224629300239,0.0038412714896373912,0.0038412714896373912,0
2023-05-24,sh688072,10031.408981680195,10031.408981680195,0,4518.6526944505404,4518.6526944505404,0.003137365138352141,0.003137365138352141,0
2023-05-25,sh688037,7274.4989816286306,1118.1877786729128,6156.3112029557178,2997.8224629300239,5892.6035919344376,0.0022606217693918974,0.00034748779828271093,0.0019131339711091866
2023-05-25,sh688072,11444.778423717775,2146.3600298639808,9298.4183938537935,4518.6526944505404,9516.1884935336748,0.003556576929333866,0.00066700239022878492,0.0028895745391050807
2023-05-26,sh688037,14660.797736732879,14660.797736732879,0,5892.6035919344376,5892.6035919344376,0.0044894394782919516,0.0044894394782919516,0
2023-05-26,sh688072,62302.486067164944,62302.486067164944,0,9516.1884935336748,9516.1884935336748,0.019078309759697681,0.019078309759697681,0
2023-05-29,sh688037,27771.840728786883,27771.840728786883,0,5892.6035919344376,5892.6035919344376,0.0083124277886973859,0.0083124277886973859,0
2023-05-29,sh688072,46001.255177741812,46001.255177741812,0,9516.1884935336748,9516.1884935336748,0.013768698862587912,0.013768698862587912,0
2023-05-30,sh688037,-8019.8334886227103,-8019.8334886227103,0,5892.6035919344376,5892.6035919344376,-0.0023713505787573098,-0.0023713505787573098,0
2023-05-30,sh688072,15911.067161188275,15911.067161188275,0,9516.1884935336748,9516.1884935336748,0.0047046760228696407,0.0047046760228696407,0
2023-05-31,sh688037,654.0789987046636,654.0789987046636,0,5892.6035919344376,5892.6035919344376,0.0001943667642317123,0.0001943667642317123,0
2023-05-31,sh688072,-42042.520764431836,-42042.520764431836,0,9516.1884935336748,9516.1884935336748,-0.012493397184912439,-0.012493397184912439,0
2023-06-01,sh688037,-25485.510535116377,-25485.510535116377,0,5892.6035919344376,5892.6035919344376,-0.0076454902527859307,-0.0076454902527859307,0
2023-06-01,sh688072,3264.0526532822191,3264.0526532822191,0,9516.1884935336748,9516.1884935336748,0.00097919493160097699,0.00097919493160097699,0
2023-06-02,sh688037,7141.8355534245575,7141.8355534245575,0,5892.6035919344376,5892.6035919344376,0.0021394704003689017,0.0021394704003689017,0
2023-06-02,sh688072,24561.28250181031,24561.28250181031,0,9516.1884935336748,9516.1884935336748,0.0073577914969667176,0.0073577914969667176,0
2023-06-05,sh688037,45066.632271114642,45066.632271114642,0,5892.6035919344376,5892.6035919344376,0.013184980715730562,0.013184980715730562,0
2023-06-05,sh688072,83780.523497070491,83780.523497070491,0,9516.1884935336748,9516.1884935336748,0.024511363086047705,0.024511363086047705,0
2023-06-06,sh688037,-7960.9074527034199,-7960.9074527034199,0,5892.6035919344376,5892.6035919344376,-0.0023034707383737208,-0.0023034707383737208,0
2023-06-06,sh688072,-45515.929564571714,-45515.929564571714,0,9516.1884935336748,9516.1884935336748,-0.013169932260205639,-0.013169932260205639,0
2023-06-07,sh688037,-19640.047771917471,-19640.047771917471,0,5892.6035919344376,5892.6035919344376,-0.0057880356622889957,-0.0057880356622889957,0
2023-06-07,sh688072,-52434.198599370458,-52434.198599370458,0,9516.1884935336748,9516.1884935336748,-0.015452661568911751,-0.015452661568911751,0
2023-06-08,sh688037,-8620.8790550002141,-8620.8790550002141,0,5892.6035919344376,5892.6035919344376,-0.002570501033206074,-0.002570501033206074,0
2023-06-08,sh688072,1560.6549129396719,1560.6549129396719,0,9516.1884935336748,9516.1884935336748,0.00046534292391710883,0.00046534292391710883,0
2023-06-09,sh688037,26887.950189996936,26887.950189996936,0,5892.6035919344376,5892.6035919344376,0.0079188806788751051,0.0079188806788751051,0
2023-06-09,sh688072,63872.657168597922,63872.657168597922,0,9516.1884935336748,9516.1884935336748,0.018811398681815292,0.018811398681815292,0
2023-06-12,sh688037,-21425.50666027359,-21425.50666027359,0,5892.6035919344376,5892.6035919344376,-0.0062899919432334046,-0.0062899919432334046,0
2023-06-12,sh688072,-47780.782426032456,-47780.782426032456,0,9516.1884935336748,9516.1884935336748,-0.014027240581357375,-0.014027240581357375,0
2023-06-13,sh688037,10577.223447522241,10577.223447522241,0,5892.6035919344376,5892.6035919344376,0.0031169506905991719,0.0031169506905991719,0
2023-06-13,sh688072,32821.334114197489,32821.334114197489,0,9516.1884935336748,9516.1884935336748,0.0096719598050657423,0.0096719598050657423,0
2023-06-14,sh688037,26392.971488274427,26392.971488274427,0,5892.6035919344376,5892.6035919344376,0.0076475136005648347,0.0076475136005648347,0
2023-06-14,sh688072,45829.963784858199,45829.963784858199,0,9516.1884935336748,9516.1884935336748,0.013279492667728095,0.013279492667728095,0
2023-06-15,sh688037,-43846.863327584164,-43846.863327584164,0,5892.6035919344376,5892.6035919344376,-0.012790774957721259,-0.012790774957721259,0
2023-06-15,sh688072,-74302.399757510866,-74302.399757510866,0,9516.1884935336748,9516.1884935336748,-0.021675102892002647,-0.021675102892002647,0
2023-06-16,sh688037,14955.4279163295,14955.4279163295,0,5892.6035919344376,5892.6035919344376,0.0044063283720412877,0.0044063283720412877,0
2023-06-16,sh688072,34781.668943865589,34781.668943865589,0,9516.1884935336748,9516.1884935336748,0.010247747878010343,0.010247747878010343,0
2023-06-19,sh688037,-14183.496845786087,-14183.496845786087,0,5892.6035919344376,5892.6035919344376,-0.0041817567923722581,-0.0041817567923722581,0
2023-06-19,sh688072,-40177.347819699258,-40177.347819699258,0,9516.1884935336748,9516.1884935336748,-0.011845590616424494,-0.011845590616424494,0
2023-06-20,sh688037,5631.6069222574151,-17884.051901521081,23515.658823778496,5892.6035919344376,0,0.0016365357246211174,-0.0051970761173234575,0.0068336118419445747
2023-06-20,sh688072,-24508.469255083528,-28472.435972652664,3963.9667175691361,9516.1884935336748,7971.9831923896108,-0.0071221209231067768,-0.0082740431424776269,0.0011519222193708491
2023-06-20,sh688256,173084.4227844144,0,173084.4227844144,0,11364.038537160834,0.050298049059961006,0,0.050298049059961006
2023-06-21,sh688072,-32166.952181292054,-32166.952181292054,0,7971.9831923896108,7971.9831923896108,-0.0095647425735342784,-0.0095647425735342784,0
2023-06-21,sh688256,-274725.63163586298,-274725.63163586298,0,11364.038537160834,11364.038537160834,-0.081688806889104779,-0.081688806889104779,0
2023-06-26,sh688072,-16306.124566331462,19451.638989430634,-35757.763555762096,7971.9831923896108,0,-0.0051542662731299174,0.0061485441493151424,-0.011302810422445058
2023-06-26,sh688256,-79897.671706148685,-217212.23259929221,137314.56089314353,11364.038537160834,0,-0.025255165499404628,-0.068659458600570614,0.043404293101165989
2023-09-01,sh688072,-19275.374338031383,0,-19275.374338031383,0,4983.8129705700949,-0.0062056290600672678,0,-0.0062056290600672678
2023-09-04,sh688072,-50117.223232052929,-50117.223232052929,0,4983.8129705700949,4983.8129705700949,-0.01631761684444466,-0.01631761684444466,0
2023-09-05,sh688072,13665.615165303294,13665.615165303294,0,4983.8129705700949,4983.8129705700949,0.0044758423511329255,0.0044758423511329255,0
2023-09-06,sh688072,51239.884321816273,32170.512725029883,19069.37159678639,4983.8129705700949,9781.9167358296927,0.016569645566096372,0.010403106888092276,0.0061665386780040956
2023-09-06,sh688082,13713.038568696826,0,13713.038568696826,0,6377.382960110388,0.0044344399236040614,0,0.0044344399236040614
2023-09-07,sh688072,-72082.944426329006,-72082.944426329006,0,9781.9167358296927,9781.9167358296927,-0.02344606321052782,-0.02344606321052782,0
2023-09-07,sh688082,-28506.901831693518,-28506.901831693518,0,6377.382960110388,6377.382960110388,-0.0092722991215390335,-0.0092722991215390335,0
2023-09-08,sh688072,8940.6718965484924,8940.6718965484924,0,9781.9167358296927,9781.9167358296927,0.0029559922185607899,0.0029559922185607899,0
2023-09-08,sh688082,-8545.6931665478514,-8545.6931665478514,0,6377.382960110388,6377.382960110388,-0.0028254031458503099,-0.0028254031458503099,0
2023-09-11,sh688072,-33972.596823536653,-33972.596823536653,0,9781.9167358296927,9781.9167358296927,-0.011273836899532303,-0.011273836899532303,0
2023-09-11,sh688082,11224.194009794224,11224.194009794224,0,6377.382960110388,6377.382960110388,0.0037247589064919292,0.0037247589064919292,0
2023-09-12,sh688072,-39773.273447883555,-39773.273447883555,0,9781.9167358296927,9781.9167358296927,-0.013344313282921301,-0.013344313282921301,0
2023-09-12,sh688082,-3124.9176504540574,-3124.9176504540574,0,6377.382960110388,6377.382960110388,-0.0010484397309069933,-0.0010484397309069933,0
2023-09-13,sh688072,2240.058932505131,2240.058932505131,0,9781.9167358296927,9781.9167358296927,0.00075650570723892951,0.00075650570723892951,0
2023-09-13,sh688082,1594.345740027597,1594.345740027597,0,6377.382960110388,6377.382960110388,0.00053843746436353591,0.00053843746436353591,0
2023-09-14,sh688072,-45769.58840694715,-45769.58840694715,0,9781.9167358296927,9781.9167358296927,-0.015618507118722657,-0.015618507118722657,0
2023-09-14,sh688082,-19004.601221128982,-19004.601221128982,0,6377.382960110388,6377.382960110388,-0.0064851686412726152,-0.0064851686412726152,0
2023-09-15,sh688072,11000.591635817351,21940.839238465953,-10940.247602648602,9781.9167358296927,0,0.0037764745040861848,0.007532233058496215,-0.0037557585544100306
2023-09-15,sh688082,18494.410584320161,18494.410584320161,0,6377.382960110388,6377.382960110388,0.0063490830631672051,0.0063490830631672051,0
2023-09-18,sh688082,-26338.591625255875,-26338.591625255875,0,6377.382960110388,6377.382960110388,-0.0090370581209020234,-0.0090370581209020234,0
2023-09-19,sh688082,1244.801882266559,-7461.5380633291652,8706.3399455957242,6377.382960110388,0,0.00042894880745468727,-0.0025711865475452657,0.0030001353549999532
2023-09-28,sh688205,-12926.888475433068,-0,-12926.888475433068,0,14640.246658259774,-0.0044638816987898396,-0,-0.0044638816987898396
2023-09-28,sz002281,-502.19933281336137,0,-502.19933281336137,0,50280.018909549312,-0.00017341825259422529,0,-0.00017341825259422529
2023-10-09,sh688205,-16045.710337452765,-16045.710337452765,0,14640.246658259774,14640.246658259774,-0.0054829081322938563,-0.0054829081322938563,0
2023-10-09,sz002281,91006.834226284191,91006.834226284191,0,50280.018909549312,50280.018909549312,0.031097539527989829,0.031097539527989829,0
2023-10-10,sh688205,0,0,0,14640.246658259774,14640.246658259774,0,0,0
2023-10-10,sz002281,-17598.00661834233,-17598.00661834233,0,50280.018909549312,50280.018909549312,-0.0059546689571563383,-0.0059546689571563383,0
2023-10-11,sh688205,3557.5799379571558,3557.5799379571558,0,14640.246658259774,14640.246658259774,0.0012099507467103275,0.0012099507467103275,0
2023-10-11,sz002281,-16089.606051055795,-16089.606051055795,0,50280.018909549312,50280.018909549312,-0.0054721555650914548,-0.0054721555650914548,0
2023-10-12,sh688205,-27216.218537704946,-27216.218537704946,0,14640.246658259774,14640.246658259774,-0.0093631469388332639,-0.0093631469388332639,0
2023-10-12,sz002281,-27151.210211156584,-27151.210211156584,0,50280.018909549312,50280.018909549312,-0.0093407822406340376,-0.0093407822406340376,0
2023-10-13,sh688205,-12005.002259773019,-12005.002259773019,0,14640.246658259774,14640.246658259774,-0.0042086880960425519,-0.0042086880960425519,0
2023-10-13,sz002281,-42235.215884021418,-42235.215884021418,0,50280.018909549312,50280.018909549312,-0.014806731933778834,-0.014806731933778834,0
2023-10-16,sh688205,-4284.737549852367,-14742.728384867562,10457.990835015195,14640.246658259774,0,-0.0015133476873948777,-0.005207057292902076,0.0036937096055071994
2023-10-16,sz002281,16089.606051055795,16089.606051055795,0,50280.018909549312,50280.018909549312,0.0056827676900067965,0.0056827676900067965,0
2023-10-17,sz002281,-30168.011345729657,-30168.011345729657,0,50280.018909549312,50280.018909549312,-0.010689941649009277,-0.010689941649009277,0
2023-10-18,sz002281,-50782.819098644708,-50782.819098644708,0,50280.018909549312,50280.018909549312,-0.018256907823478982,-0.018256907823478982,0
2023-10-19,sz002281,-37207.213993066587,-37207.213993066587,0,50280.018909549312,50280.018909549312,-0.013591142752704281,-0.013591142752704281,0
2023-10-20,sh688012,-8728.207798003983,-0,-8728.207798003983,0,13686.165983874889,-0.0032654210064171295,-0,-0.0032654210064171295
2023-10-20,sz002281,-82999.978589263468,-92515.234793570722,9515.2562043072576,50280.018909549312,42345.0708126635,-0.031052179312176045,-0.034612053023946682,0.0035598737117706353
2023-10-23,sh688012,-20029.827992468829,-20392.387315973516,362.55932350468731,13686.165983874889,12316.089776948886,-0.0076820767872109947,-0.0078211298317069095,0.00013905304449591442
2023-10-23,sz002281,-19813.432468229883,-65211.409051501752,45397.976583271869,42345.0708126635,0,-0.0075990822136061988,-0.025010651710250437,0.017411569496644238
2023-10-24,sh688012,81163.031630093028,81163.031630093028,0,12316.089776948886,12316.089776948886,0.030885750196354603,0.030885750196354603,0
2023-10-25,sh688012,-7438.918225277117,-7438.918225277117,0,12316.089776948886,12316.089776948886,-0.0027914264832893218,-0.0027914264832893218,0
2023-10-26,sh688012,-11983.555352971252,-11983.555352971252,0,12316.089776948886,12316.089776948886,-0.0045132361270821212,-0.0045132361270821212,0
2023-10-27,sh688012,6699.952838660156,6699.952838660156,0,12316.089776948886,12316.089776948886,0.0025258405195786333,0.0025258405195786333,0
2023-10-30,sh688012,34053.988233263677,34053.988233263677,0,12316.089776948886,12316.089776948886,0.012740436573433704,0.012740436573433704,0
2023-10-31,sh688012,12155.980609848661,12155.980609848661,0,12316.089776948886,12316.089776948886,0.0044657459371332661,0.0044657459371332661,0
2023-10-31,sh688019,52258.549550315714,0,52258.549550315714,0,15007.277817488683,0.019198237709076551,0,0.019198237709076551
2023-11-01,sh688012,-24385.857758358841,-24385.857758358841,0,12316.089776948886,12316.089776948886,-0.0089873550003303181,-0.0089873550003303181,0
2023-11-01,sh688019,-57267.772151536847,-57267.772151536847,0,15007.277817488683,15007.277817488683,-0.021105913251194579,-0.021105913251194579,0
2023-11-02,sh688012,-16700.617737542623,-16700.617737542623,0,12316.089776948886,12316.089776948886,-0.006314504445402434,-0.006314504445402434,0
2023-11-02,sh688019,-38958.893214200674,-38958.893214200674,0,15007.277817488683,15007.277817488683,-0.014730359574425353,-0.014730359574425353,0
2023-11-03,sh688012,-6613.7402102216274,-6613.7402102216274,0,12316.089776948886,12316.089776948886,-0.0025232255717177036,-0.0025232255717177036,0
2023-11-03,sh688019,14767.161372408784,14767.161372408784,0,15007.277817488683,15007.277817488683,0.0056338589076959118,0.0056338589076959118,0
2023-11-06,sh688012,-19668.795373787299,-19668.795373787299,0,12316.089776948886,12316.089776948886,-0.007533886257622433,-0.007533886257622433,0
2023-11-06,sh688019,-9304.5122468428381,-9304.5122468428381,0,15007.277817488683,15007.277817488683,-0.0035639771332305558,-0.0035639771332305558,0
2023-11-07,sh688012,18178.548510776545,18178.548510776545,0,12316.089776948886,12316.089776948886,0.0070235015514764042,0.0070235015514764042,0
2023-11-07,sh688019,-34171.571590421743,-34171.571590421743,0,15007.277817488683,15007.277817488683,-0.013202598983050583,-0.013202598983050583,0
2023-11-08,sh688012,55804.202779355299,55804.202779355299,0,12316.089776948886,12316.089776948886,0.021223887040507792,0.021223887040507792,0
2023-11-08,sh688019,42920.814558017621,42920.814558017621,0,15007.277817488683,15007.277817488683,0.016323976949688672,0.016323976949688672,0
2023-11-09,sh688012,-31085.810597018997,-31085.810597018997,0,12316.089776948886,12316.089776948886,-0.011707032715717349,-0.011707032715717349,0
2023-11-09,sh688019,-16117.816375982817,-16117.816375982817,0,15007.277817488683,15007.277817488683,-0.0060700300232045569,-0.0060700300232045569,0
2023-11-10,sh688012,15037.945617654634,15037.945617654634,0,12316.089776948886,12316.089776948886,0.0056977222157938668,0.0056977222157938668,0
2023-11-10,sh688019,0,0,0,15007.277817488683,15007.277817488683,0,0,0
2023-11-13,sh688012,14138.871063937273,14138.871063937273,0,12316.089776948886,12316.089776948886,0.0052978623144248112,0.0052978623144248112,0
2023-11-13,sh688019,29924.511968072431,29924.511968072431,0,15007.277817488683,15007.277817488683,0.011212772470750395,0.011212772470750395,0
2023-11-14,sh688012,14877.836450554234,14877.836450554234,0,12316.089776948886,12316.089776948886,0.0055214381941982209,0.0055214381941982209,0
2023-11-14,sh688019,-7518.6461865619012,-7518.6461865619012,0,15007.277817488683,15007.277817488683,-0.0027903076069638604,-0.0027903076069638604,0
2023-11-15,sh688012,-50668.393342367592,-50668.393342367592,0,12316.089776948886,12316.089776948886,-0.019071433688377461,-0.019071433688377461,0
2023-11-15,sh688019,-31845.443528710981,-31845.443528710981,0,15007.277817488683,15007.277817488683,-0.011986530941113148,-0.011986530941113148,0
2023-11-16,sh688012,-13586.312166743643,-19755.008002226004,6168.6958354823619,12316.089776948886,6221.6184805694038,-0.0052348751855724185,-0.0076117050684861376,0.0023768298829137191
2023-11-16,sh688019,-27066.862154278322,-39904.351716702498,12837.489562424174,15007.277817488683,7629.4014399613834,-0.010428999665528909,-0.01537534969271854,0.0049463500271896312
2023-11-17,sh688012,11609.540084742506,11609.540084742506,0,6221.6184805694038,6221.6184805694038,0.0043985648820635418,0.0043985648820635418,0
2023-11-17,sh688019,-4858.504521629693,2357.4850449481569,-7215.9895665778495,7629.4014399613834,0,-0.0018407660606876901,0.00089319222406810306,-0.002733958284755793
2023-11-17,sh688535,122951.7552988775,0,122951.7552988775,0,10566.386821153472,0.046583350339300493,0,0.046583350339300493
2023-11-20,sh688012,-11733.972454353958,-11733.972454353958,0,6221.6184805694038,6221.6184805694038,-0.0042438136466119991,-0.0042438136466119991,0
2023-11-20,sh688535,132988.54453103759,132988.54453103759,0,10566.386821153472,10566.386821153472,0.048097828959404877,0.048097828959404877,0
2023-11-21,sh688012,-12399.685631774792,-12399.685631774792,0,6221.6184805694038,6221.6184805694038,-0.0044898069861290957,-0.0044898069861290957,0
2023-11-21,sh688535,-115194.74912421516,-115194.74912421516,0,10566.386821153472,10566.386821153472,-0.041710911449072088,-0.041710911449072088,0
2023-11-22,sh688012,-9649.7302633631571,-9649.7302633631571,0,6221.6184805694038,6221.6184805694038,-0.0035676935600568145,-0.0035676935600568145,0
2023-11-22,sh688535,22295.07619263382,22295.07619263382,0,10566.386821153472,10566.386821153472,0.008242924681058748,0.008242924681058748,0
2023-11-23,sh688012,-4370.7998631660939,11945.507482693265,-16316.307345859359,6221.6184805694038,0,-0.0016315901192396401,0.0044591774019017523,-0.0060907675211413926
2023-11-23,sh688535,-59816.315794549817,-59816.315794549817,0,10566.386821153472,10566.386821153472,-0.022329027380587889,-0.022329027380587889,0
2023-11-24,sh688535,-41451.935499385087,-41451.935499385087,0,10566.386821153472,10566.386821153472,-0.015784520257461014,-0.015784520257461014,0
2023-11-27,sh688535,10724.882623470779,10724.882623470779,0,10566.386821153472,10566.386821153472,0.0041078906276651008,0.0041078906276651008,0
2023-11-28,sh688535,6931.5497546767401,6931.5497546767401,0,10566.386821153472,10566.386821153472,0.0026460025509082059,0.0026460025509082059,0
2023-11-29,sh688535,-17867.760114570548,-17867.760114570548,0,10566.386821153472,10566.386821153472,-0.0068350066075977605,-0.0068350066075977605,0
2023-11-30,sh688535,-27874.128434202914,-27874.128434202914,0,10566.386821153472,10566.386821153472,-0.0107569442411274,-0.0107569442411274,0
2023-12-01,sh688072,-14488.307699553259,-0,-14488.307699553259,0,3924.1815541769774,-0.005616217985951715,-0,-0.005616217985951715
2023-12-01,sh688535,19230.824014499398,19230.824014499398,0,10566.386821153472,10566.386821153472,0.0074545973176863133,0.0074545973176863133,0
2023-12-04,sh688072,3025.543978270397,3025.543978270397,0,3924.1815541769774,3924.1815541769774,0.0011703897903315545,0.0011703897903315545,0
2023-12-04,sh688535,2926.8891494595223,2926.8891494595223,0,10566.386821153472,10566.386821153472,0.001132226535975833,0.001132226535975833,0
2023-12-05,sh688072,-1856.1378751256505,-1856.1378751256505,0,3924.1815541769774,3924.1815541769774,-0.00072316191774811952,-0.00072316191774811952,0
2023-12-05,sh688535,-40733.421195546674,-40733.421195546674,0,10566.386821153472,10566.386821153472,-0.015869973552594719,-0.015869973552594719,0
2023-12-06,sh688072,-3609.1264480925965,14860.875545668237,-18470.001993760834,3924.1815541769774,0,-0.0014221993916407956,0.0058560231857403451,-0.0072782225773811403
2023-12-06,sh688535,-11882.761031439564,-6794.1867260016897,-5088.5743054378745,10566.386821153472,0,-0.0046824780879754641,-0.0026772927929749452,-0.0020051852950005193
2023-12-13,sh688041,-29648.500592155284,-0,-29648.500592155284,0,8615.2079631171455,-0.011814260341704654,-0,-0.011814260341704654
2023-12-13,sz002281,-11076.780556895719,-0,-11076.780556895719,0,18494.689119170984,-0.0044138478045572284,-0,-0.0044138478045572284
2023-12-14,sh688041,-17661.176324390122,-17661.176324390122,0,8615.2079631171455,8615.2079631171455,-0.0071309487354352706,-0.0071309487354352706,0
2023-12-14,sz002281,-7397.8756476683675,-7397.8756476683675,0,18494.689119170984,18494.689119170984,-0.0029869965072368892,-0.0029869965072368892,0
2023-12-15,sh688041,1528.0720028721644,-15162.766015086219,16690.838017958384,8615.2079631171455,0,0.00062148335339037451,-0.0061668603652296171,0.0067883437186199921
2023-12-15,sz002281,-12391.44170984459,-12391.44170984459,0,18494.689119170984,18494.689119170984,-0.005039732900478924,-0.005039732900478924,0
2023-12-18,sz002281,-13686.069948186499,-13686.069948186499,0,18494.689119170984,18494.689119170984,-0.0055942053069857273,-0.0055942053069857273,0
2023-12-19,sz002281,-5178.5129533678964,-5178.5129533678964,0,18494.689119170984,18494.689119170984,-0.0021249141209806598,-0.0021249141209806598,0
2023-12-20,sz002281,-364.64355442348096,-16830.1670984456,16465.523544022119,18494.689119170984,0,-0.00014979554076673983,-0.0069138311952125575,0.0067640356544458177
2024-02-21,sh688041,-4706.7961863406645,-0,-4706.7961863406645,0,8398.3347762261456,-0.0019355682984150257,-0,-0.0019355682984150257
2024-02-22,sh688041,25782.887763014329,25782.887763014329,0,8398.3347762261456,8398.3347762261456,0.010557001812846483,0.010557001812846483,0
2024-02-23,sh688041,-12009.618730003445,-12009.618730003445,0,8398.3347762261456,8398.3347762261456,-0.0049035681129497603,-0.0049035681129497603,0
2024-02-26,sh688041,22000.382773945661,6298.7510821696087,15701.631691776054,8398.3347762261456,16796.696835452116,0.0089645887393887871,0.0025665786638176639,0.0063980100755711231
2024-02-27,sh688041,98260.676487394783,98260.676487394783,0,16796.696835452116,16796.696835452116,0.039085859891422894,0.039085859891422894,0
2024-02-28,sh688041,-79280.409063333966,-79280.409063333966,0,16796.696835452116,16796.696835452116,-0.031415942025305815,-0.031415942025305815,0
2024-02-29,sh688041,30905.922177231951,30905.922177231951,0,16796.696835452116,16796.696835452116,0.012364539992694204,0.012364539992694204,0
2024-03-01,sh688041,39808.171500021592,39808.171500021592,0,16796.696835452116,16796.696835452116,0.015704053738656458,0.015704053738656458,0
2024-03-04,sh688041,-20324.003170897195,-20324.003170897195,0,16796.696835452116,16796.696835452116,-0.0079868649157324827,-0.0079868649157324827,0
2024-03-05,sh688041,-697.85252832971332,335.93393670921415,-1033.7864650389274,16796.696835452116,16161.812077264194,-0.00027497217483111216,0.00013236677009338956,-0.00040733894492450169
2024-03-05,sh688535,7445.5547906231723,-0,7445.5547906231723,0,18556.733453913286,0.0029337436069796184,-0,0.0029337436069796184
2024-03-06,sh688041,-30384.206705256842,-30384.206705256842,0,16161.812077264194,16161.812077264194,-0.011901706022826726,-0.011901706022826726,0
2024-03-06,sh688535,53721.74334907889,53721.74334907889,0,18556.733453913286,18556.733453913286,0.021043182156335948,0.021043182156335948,0
2024-03-07,sh688041,-56889.578511969899,-56889.578511969899,0,16161.812077264194,16161.812077264194,-0.022709701310162596,-0.022709701310162596,0
2024-03-07,sh688535,-61255.777131367664,-61255.777131367664,0,18556.733453913286,18556.733453913286,-0.024452640335216276,-0.024452640335216276,0
2024-03-08,sh688041,22626.536908169965,22626.536908169965,0,16161.812077264194,16161.812077264194,0.0090041071467217692,0.0090041071467217692,0
2024-03-08,sh688535,111451.7411242032,111451.7411242032,0,18556.733453913286,18556.733453913286,0.044351613454760346,0.044351613454760346,0
2024-03-11,sh688041,24404.336236668787,24404.336236668787,0,16161.812077264194,16161.812077264194,0.0093558393265889672,0.0093558393265889672,0
2024-03-11,sh688535,31620.67380546825,31620.67380546825,0,18556.733453913286,18556.733453913286,0.012122351562995168,0.012122351562995168,0
2024-03-12,sh688041,-61576.504014376616,-61576.504014376616,0,16161.812077264194,16161.812077264194,-0.023688717570032748,-0.023688717570032748,0
2024-03-12,sh688535,-12414.454680667932,-12414.454680667932,0,18556.733453913286,18556.733453913286,-0.0047758883915795637,-0.0047758883915795637,0
2024-03-13,sh688041,-4848.5436231792119,-4848.5436231792119,0,16161.812077264194,16161.812077264194,-0.0019026848353123648,-0.0019026848353123648,0
2024-03-13,sh688535,-23734.062087555158,-23734.062087555158,0,18556.733453913286,18556.733453913286,-0.00931381534827622,-0.00931381534827622,0
2024-03-14,sh688041,16969.902681127358,16969.902681127358,0,16161.812077264194,16161.812077264194,0.0067330795125504763,0.0067330795125504763,0
2024-03-14,sh688535,-44165.025620313667,-44165.025620313667,0,18556.733453913286,18556.733453913286,-0.017523178226950559,-0.017523178226950559,0
2024-03-15,sh688041,-808.09060386316378,-808.09060386316378,0,16161.812077264194,16161.812077264194,-0.00032252426708166248,-0.00032252426708166248,0
2024-03-15,sh688535,-1762.8896781217411,-1762.8896781217411,0,18556.733453913286,18556.733453913286,-0.00070360266369131155,-0.00070360266369131155,0
2024-03-18,sh688041,40242.91207238799,40242.91207238799,0,16161.812077264194,16161.812077264194,0.015791177594186412,0.015791177594186412,0
2024-03-18,sh688535,48692.868583068375,48692.868583068375,0,18556.733453913286,18556.733453913286,0.019106910901042693,0.019106910901042693,0
2024-03-19,sh688041,-40062.25572965364,-41051.002676251155,988.74694659751879,16161.812077264194,15582.165573806076,-0.015619982794993591,-0.016005488054574468,0.00038550525958087916
2024-03-19,sh688535,-17466.274649408151,-31880.468073822958,14414.193424414805,18556.733453913286,0,-0.0068099737408058008,-0.01242996315958473,0.0056199894187789297
2024-03-19,sz002281,1013.3839555094333,-0,1013.3839555094333,0,32916.133162612037,0.00039511105057580214,-0,0.00039511105057580214
2024-03-20,sh688041,-7167.7961639506975,-7167.7961639506975,0,15582.165573806076,15582.165573806076,-0.002838188133644789,-0.002838188133644789,0
2024-03-20,sz002281,-15141.421254801566,-15141.421254801566,0,32916.133162612037,32916.133162612037,-0.0059954553880908036,-0.0059954553880908036,0
2024-03-21,sh688041,-15114.700606592098,-15114.700606592098,0,15582.165573806076,15582.165573806076,-0.0060643034907515124,-0.0060643034907515124,0
2024-03-21,sz002281,-28637.035851472621,-28637.035851472621,0,32916.133162612037,32916.133162612037,-0.011489719909048034,-0.011489719909048034,0
2024-03-22,sh688041,14023.949016425557,14023.949016425557,0,15582.165573806076,15582.165573806076,0.0056625521426043896,0.0056625521426043896,0
2024-03-22,sz002281,-1974.9679897565632,-1974.9679897565632,0,32916.133162612037,32916.133162612037,-0.00079744722466350922,-0.00079744722466350922,0
2024-03-25,sh688041,5921.2229180462382,5921.2229180462382,0,15582.165573806076,15582.165573806076,0.0023947477642532675,0.0023947477642532675,0
2024-03-25,sz002281,-26003.745198463483,-26003.745198463483,0,32916.133162612037,32916.133162612037,-0.01051681578925919,-0.01051681578925919,0
2024-03-26,sh688041,-8414.4017964515006,-65600.917065723479,57186.515269271978,15582.165573806076,0,-0.0034385704181615004,-0.02680801063262642,0.02336944021446492
2024-03-26,sz002281,-22511.777607374112,-64515.62099871962,42003.843391345508,32916.133162612037,0,-0.0091995051357770356,-0.026364501154326928,0.017164996018549896
2024-04-29,sz002371,19940.604696552175,0,19940.604696552175,0,2861.2071778140294,0.0081122922125685584,0,0.0081122922125685584
2024-04-29,sz002409,33129.009571280803,0,33129.009571280803,0,9239.4103693663164,0.013477635730960507,0,0.013477635730960507
2024-04-30,sz002371,-8477.7568678629523,-8477.7568678629523,0,2861.2071778140294,2861.2071778140294,-0.0034181963717361055,-0.0034181963717361055,0
2024-04-30,sz002409,-554.36462216200005,-554.36462216200005,0,9239.4103693663164,9239.4103693663164,-0.00022351751408160794,-0.00022351751408160794,0
2024-05-06,sz002371,-443.48711256117781,-443.48711256117781,0,2861.2071778140294,2861.2071778140294,-0.00017957681477116271,-0.00017957681477116271,0
2024-05-06,sz002409,-11641.65706540154,-11641.65706540154,0,9239.4103693663164,9239.4103693663164,-0.0047139401241893392,-0.0047139401241893392,0
2024-05-07,sz002371,-5757.486132790762,-3582.2313866231107,-2175.2547461676509,2861.2071778140294,5313.3298910816839,-0.0023385241083712966,-0.0014549986341559679,-0.00088352547421532881
2024-05-07,sz002409,-167.2822780815568,-14875.450694679765,14708.168416598208,9239.4103693663164,0,-6.7945216223625187e-05,-0.0060419772223637928,0.005974032006140168
2024-05-07,sz300054,2787.8450390684075,0,2787.8450390684075,0,34692.517006802722,0.0011323419082391595,0,0.0011323419082391595
2024-05-08,sz002371,-16885.762393857578,-16885.762393857578,0,5313.3298910816839,5313.3298910816839,-0.006913040154406757,-0.006913040154406757,0
2024-05-08,sz300054,-18733.95918367344,-18733.95918367344,0,34692.517006802722,34692.517006802722,-0.0076696929085572239,-0.0076696929085572239,0
2024-05-09,sz002371,4803.2502215378227,4803.2502215378227,0,5313.3298910816839,5313.3298910816839,0.0019770669607572702,0.0019770669607572702,0
2024-05-09,sz300054,4510.0272108843192,4510.0272108843192,0,34692.517006802722,34692.517006802722,0.0018563733679277019,0.0018563733679277019,0
2024-05-10,sz002371,-63287.072332673946,-63287.072332673946,0,5313.3298910816839,5313.3298910816839,-0.026387944395795889,-0.026387944395795889,0
2024-05-10,sz300054,-7979.278911564641,-7979.278911564641,0,34692.517006802722,34692.517006802722,-0.003327010722349498,-0.003327010722349498,0
2024-05-13,sz002371,-17562.602960864009,-24993.903807648283,7431.3008467842747,5313.3298910816839,0,-0.0074615855479844041,-0.010618821814422322,0.0031572362664379181
2024-05-13,sz300054,-693.85034013603968,-693.85034013603968,0,34692.517006802722,34692.517006802722,-0.00029478680819465715,-0.00029478680819465715,0
2024-05-14,sz300054,-12142.38095238088,-12142.38095238088,0,34692.517006802722,34692.517006802722,-0.0051922842450287908,-0.0051922842450287908,0
2024-05-15,sz300054,-693.85034013603968,-693.85034013603968,0,34692.517006802722,34692.517006802722,-0.00029751782625041647,-0.00029751782625041647,0
2024-05-16,sz300054,-5203.8775510204823,-5203.8775510204823,0,34692.517006802722,34692.517006802722,-0.0022342096566980905,-0.0022342096566980905,0
2024-05-17,sz300054,11795.45578231292,11795.45578231292,0,34692.517006802722,34692.517006802722,0.0050570615049434922,0.0050570615049434922,0
2024-05-20,sz300054,-1387.7006802720794,-1387.7006802720794,0,34692.517006802722,34692.517006802722,-0.00059362275877322505,-0.00059362275877322505,0
2024-05-21,sh688256,-50357.79626133776,-0,-50357.79626133776,0,9922.5444907232122,-0.02187680458105265,-0,-0.02187680458105265
2024-05-21,sz300054,-19501.821493058789,-14917.782312925161,-4584.0391801336291,34692.517006802722,46193.001801866631,-0.0084721248635292404,-0.0064806928156446245,-0.0019914320478846177
2024-05-22,sh688256,13246.596895115426,13246.596895115426,0,9922.5444907232122,9922.5444907232122,0.0058258950069434816,0.0058258950069434816,0
2024-05-22,sz300054,0,0,0,46193.001801866631,46193.001801866631,0,0,0
2024-05-23,sh688256,-35225.032942067373,-35225.032942067373,0,9922.5444907232122,9922.5444907232122,-0.015589994366266019,-0.015589994366266019,0
2024-05-23,sz300054,-6467.0202522613545,-6467.0202522613545,0,46193.001801866631,46193.001801866631,-0.0028621920514622957,-0.0028621920514622957,0
2024-05-24,sh688256,-78586.55236652786,-78586.55236652786,0,9922.5444907232122,9922.5444907232122,-0.035853150923999558,-0.035853150923999558,0
2024-05-24,sz300054,-14319.830558578597,-14319.830558578597,0,46193.001801866631,46193.001801866631,-0.0065330648916658018,-0.0065330648916658018,0
2024-05-27,sh688256,6434.9498276729719,27237.384627035262,-20802.434799362291,9922.5444907232122,4991.8274321753688,0.0029816590539655003,0.012620548202301804,-0.0096388891483363028
2024-05-27,sz300054,18416.331116989164,37878.26147753065,-19461.930360541486,46193.001801866631,22982.860184689838,0.0085332787179872235,0.01755103991600097,-0.0090177611980137469
2024-05-28,sh688256,-12529.486854760202,-12529.486854760202,0,4991.8274321753688,4991.8274321753688,-0.0058085013914913417,-0.0058085013914913417,0
2024-05-28,sz300054,-14479.201916354657,-14479.201916354657,0,22982.860184689838,22982.860184689838,-0.006712363040380853,-0.006712363040380853,0
2024-05-29,sh688256,-833.6351811732236,-833.6351811732236,0,4991.8274321753688,4991.8274321753688,-0.00038976200989765657,-0.00038976200989765657,0
2024-05-29,sz300054,-8733.486870182116,-8733.486870182116,0,22982.860184689838,22982.860184689838,-0.0040832986332778728,-0.0040832986332778728,0
2024-05-30,sh688256,1772.0987384222049,1772.0987384222049,0,4991.8274321753688,4991.8274321753688,0.00083012842874602844,0.00083012842874602844,0
2024-05-30,sz300054,-417.72515914968972,11951.087296038706,-12368.812455188396,22982.860184689838,0,-0.00019568070474524499,0.0055984111402846426,-0.0057940918450298876
2024-05-31,sh688256,7572.602214610085,7572.602214610085,0,4991.8274321753688,4991.8274321753688,0.003539939491392649,0.003539939491392649,0
2024-06-03,sh688256,20770.993945281647,20770.993945281647,0,4991.8274321753688,4991.8274321753688,0.0096459108934265209,0.0096459108934265209,0
2024-06-04,sh688008,-4193.2278499604026,-0,-4193.2278499604026,0,9607.4185045417489,-0.001941964647562861,-0,-0.001941964647562861
2024-06-04,sh688256,-4757.2115428630705,-4757.2115428630705,0,4991.8274321753688,4991.8274321753688,-0.0022031563673090876,-0.0022031563673090876,0
2024-06-05,sh688008,-14987.572867085149,-14987.572867085149,0,9607.4185045417489,9607.4185045417489,-0.0069768480044254191,-0.0069768480044254191,0
2024-06-05,sh688256,1777.0905658544041,1777.0905658544041,0,4991.8274321753688,4991.8274321753688,0.00082725140875167279,0.00082725140875167279,0
2024-06-06,sh688008,3226.9002796293817,-5418.5840365615468,8645.4843161909284,9607.4185045417489,0,0.0015302284594582577,-0.0025695468667116684,0.004099775326169927
2024-06-06,sh688256,-59401.704281935301,-22548.08451113612,-36853.619770799181,4991.8274321753688,9621.5593125852611,-0.028168883620717514,-0.010692527700041997,-0.017476355920675514
2024-06-06,sh688300,-9124.3404497650663,0,-9124.3404497650663,0,18203.505402160867,-0.0043268537048254483,0,-0.0043268537048254483
2024-06-07,sh688256,31961.087778996254,49272.005239749073,-17310.917460752818,9621.5593125852611,5575.788323891491,0.015304711351805772,0.023594122425788837,-0.0082894110739830662
2024-06-07,sh688300,-7859.2640366671758,-12596.825738295323,4737.5617016281476,18203.505402160867,10645.820759564123,-0.0037634441089913527,-0.0060320469442940285,0.0022686028353026749
2024-06-11,sh688256,35211.103265374753,35211.103265374753,0,5575.788323891491,5575.788323891491,0.016542261899930619,0.016542261899930619,0
2024-06-11,sh688300,21366.162264445175,21366.162264445175,0,10645.820759564123,10645.820759564123,0.010037874965492225,0.010037874965492225,0
2024-06-12,sh688256,-2280.497424471574,-2280.497424471574,0,5575.788323891491,5575.788323891491,-0.0010530737483518317,-0.0010530737483518317,0
2024-06-12,sh688300,19492.497810761943,19492.497810761943,0,10645.820759564123,10645.820759564123,0.0090011229629322551,0.0090011229629322551,0
2024-06-13,sh688256,27303.238501308864,21444.481893686694,5858.756607622171,5575.788323891491,9390.017572903349,0.012531629506993845,0.0098425797382327672,0.0026890497687610776
2024-06-13,sh688300,-18165.287322703658,-3108.5796617927408,-15056.707660910917,10645.820759564123,24081.959598261197,-0.0083374963232036269,-0.0014267746521239742,-0.0069107216710796527
2024-06-14,sh688256,28226.392824147468,28226.392824147468,0,9390.017572903349,9390.017572903349,0.012839958591484233,0.012839958591484233,0
2024-06-14,sh688300,1854.3108890662395,1854.3108890662395,0,24081.959598261197,24081.959598261197,0.00084351107772368884,0.00084351107772368884,0
2024-06-17,sh688256,69195.03949472477,69195.03949472477,0,9390.017572903349,9390.017572903349,0.03050661083480323,0.03050661083480323,0
2024-06-17,sh688300,41300.560711017861,41300.560711017861,0,24081.959598261197,24081.959598261197,0.018208532606824226,0.018208532606824226,0
2024-06-18,sh688256,-11906.542282441453,-11906.542282441453,0,9390.017572903349,9390.017572903349,-0.0051590408556048614,-0.0051590408556048614,0
2024-06-18,sh688300,-20012.10842615513,-20012.10842615513,0,24081.959598261197,24081.959598261197,-0.0086711391542766553,-0.0086711391542766553,0
2024-06-19,sh688256,51738.996826697366,51738.996826697366,0,9390.017572903349,9390.017572903349,0.022411940661234565,0.022411940661234565,0
2024-06-19,sh688300,-18519.026931062821,-18519.026931062821,0,24081.959598261197,24081.959598261197,-0.0080219439521220098,-0.0080219439521220098,0
2024-06-20,sh688256,-16197.780313258223,-16197.780313258223,0,9390.017572903349,9390.017572903349,-0.00697522047670549,-0.00697522047670549,0
2024-06-20,sh688300,10186.668910064531,10186.668910064531,0,24081.959598261197,24081.959598261197,0.0043866665800339263,0.0043866665800339263,0
2024-06-21,sh688256,3464.9164844013335,3464.9164844013335,0,9390.017572903349,9390.017572903349,0.001493326735884455,0.001493326735884455,0
2024-06-21,sh688300,-1300.425818306154,-1300.425818306154,0,24081.959598261197,24081.959598261197,-0.00056046391053103011,-0.00056046391053103011,0
2024-06-24,sh688256,-56593.635911888625,-56593.635911888625,0,9390.017572903349,9390.017572903349,-0.025003918165549983,-0.025003918165549983,0
2024-06-24,sh688300,-58350.588106586751,-58350.588106586751,0,24081.959598261197,24081.959598261197,-0.025780166027861071,-0.025780166027861071,0
2024-06-25,sh688256,-10322.511167983008,-57410.567440730847,47088.056272747839,9390.017572903349,0,-0.0047000683057235731,-0.026140304820276551,0.021440236514552978
2024-06-25,sh688300,-9962.1860809174104,-47778.60784295026,37816.421762032849,24081.959598261197,1869.4966274613689,-0.0045360043009563091,-0.021754659962080255,0.017218655661123947
2024-06-26,sh688300,153.93790547045819,1207.6948213400458,-1053.7569158695876,1869.4966274613689,0,7.0413547070282499e-05,0.0005524180408267485,-0.00048200449375646596
2024-07-12,sh688008,18762.993524270514,0,18762.993524270514,0,8918.8623180022805,0.0085539037535952052,0,0.0085539037535952052
2024-07-12,sz002281,-4294.2790964514761,-0,-4294.2790964514761,0,15005.731441048034,-0.001957728655323929,-0,-0.001957728655323929
2024-07-15,sh688008,5708.0718835214648,5708.0718835214648,0,8918.8623180022805,8918.8623180022805,0.0025961777907680932,0.0025961777907680932,0
2024-07-15,sz002281,-9903.7827510916504,-9903.7827510916504,0,15005.731441048034,15005.731441048034,-0.0045044949236192604,-0.0045044949236192604,0
2024-07-16,sh688008,6510.7694921416369,6510.7694921416369,0,8918.8623180022805,8918.8623180022805,0.0029576932304253771,0.0029576932304253771,0
2024-07-16,sz002281,3001.1462882095429,3001.1462882095429,0,15005.731441048034,15005.731441048034,0.0013633519157554765,0.0013633519157554765,0
2024-07-17,sh688008,-32886.157634497817,-16232.329418764153,-16653.828215733665,8918.8623180022805,16770.707399599691,-0.015034996222963762,-0.0074211470434907018,-0.0076138491794730629
2024-07-17,sz002281,-3944.635217927113,-4651.7767467248177,707.14152879770461,15005.731441048034,0,-0.0018034206446875969,-0.0021267138166275561,0.00032329317193995939
2024-07-17,sz002371,-566.30689070854555,0,-566.30689070854555,0,4346.1300842255087,-0.00025890595239103412,0,-0.00025890595239103412
2024-07-18,sh688008,-3521.8485539158301,-3521.8485539158301,0,16770.707399599691,16770.707399599691,-0.0016156326235617449,-0.0016156326235617449,0
2024-07-18,sz002371,25950.742732910403,25950.742732910403,0,4346.1300842255087,4346.1300842255087,0.011904789749783757,0.011904789749783757,0
2024-07-19,sh688008,167.70707399596355,167.70707399596355,0,16770.707399599691,16770.707399599691,7.6574654772351385e-05,7.6574654772351385e-05,0
2024-07-19,sz002371,-2125.257611186169,-2125.257611186169,0,4346.1300842255087,4346.1300842255087,-0.00097038761693981972,-0.00097038761693981972,0
2024-07-22,sh688008,15429.050807631744,15429.050807631744,0,16770.707399599691,16770.707399599691,0.0070314738414476129,0.0070314738414476129,0
2024-07-22,sz002371,-5119.7412392176375,-5119.7412392176375,0,4346.1300842255087,4346.1300842255087,-0.002333217191865937,-0.002333217191865937,0
2024-07-23,sh688008,-86033.728959946457,-86033.728959946457,0,16770.707399599691,16770.707399599691,-0.040450247435494968,-0.040450247435494968,0
2024-07-23,sz002371,-57434.109063040109,-57434.109063040109,0,4346.1300842255087,4346.1300842255087,-0.027003640908308976,-0.027003640908308976,0
2024-07-24,sh688008,12523.853719275818,3018.7273319279398,9505.1263873478783,16770.707399599691,0,0.0060784373542940992,0.0014651356833222718,0.0046133016709718278
2024-07-24,sz002371,-3719.5500017484719,-9913.5227221184105,6193.9727203699385,4346.1300842255087,0,-0.0018052791240282823,-0.0048115163413336541,0.0030062372173053722
2024-09-27,sh688019,21777.129046948685,0,21777.129046948685,0,6921.2482865486618,0.010422457937119276,0,0.010422457937119276
2024-09-27,sh688041,27745.583206037565,0,27745.583206037565,0,6958.7086811045338,0.013278939261568446,0,0.013278939261568446
2024-09-30,sh688019,82134.453416472999,82134.453416472999,0,6921.2482865486618,6921.2482865486618,0.037103679940560311,0.037103679940560311,0
2024-09-30,sh688041,119620.20222818691,119620.20222818691,0,6958.7086811045338,6958.7086811045338,0.054037611663336212,0.054037611663336212,0
2024-10-08,sh688019,108269.08694648072,108269.08694648072,0,6921.2482865486618,6921.2482865486618,0.044374297117215598,0.044374297117215598,0
2024-10-08,sh688041,143766.92135161973,143766.92135161973,0,6958.7086811045338,6958.7086811045338,0.058923154000898391,0.058923154000898391,0
2024-10-09,sh688019,-73489.814306573651,-73489.814306573651,0,6921.2482865486618,6921.2482865486618,-0.028753092210494963,-0.028753092210494963,0
2024-10-09,sh688041,49128.483288598021,49128.483288598021,0,6958.7086811045338,6958.7086811045338,0.019221654367855213,0.019221654367855213,0
2024-10-10,sh688019,-35229.153778532709,-35229.153778532709,0,6921.2482865486618,6921.2482865486618,-0.013945619714599034,-0.013945619714599034,0
2024-10-10,sh688041,208.76126043314392,208.76126043314392,0,6958.7086811045338,6958.7086811045338,8.2639088280202517e-05,8.2639088280202517e-05,0
2024-10-11,sh688019,-24618.880155253606,-24618.880155253606,0,6921.2482865486618,6921.2482865486618,-0.009964314547391856,-0.009964314547391856,0
2024-10-11,sh688041,-51007.33463249632,-51007.33463249632,0,6958.7086811045338,6958.7086811045338,-0.020644851565021636,-0.020644851565021636,0
2024-10-14,sh688019,3232.2229498182164,3232.2229498182164,0,6921.2482865486618,6921.2482865486618,0.0013266177028688189,0.0013266177028688189,0
2024-10-14,sh688041,3479.3543405522669,3479.3543405522669,0,6958.7086811045338,6958.7086811045338,0.0014280490963625198,0.0014280490963625198,0
2024-10-15,sh688019,-16707.893363728479,-16707.893363728479,0,6921.2482865486618,6921.2482865486618,-0.0069435795553150397,-0.0069435795553150397,0
2024-10-15,sh688041,-50102.702503952663,-50102.702503952663,0,6958.7086811045338,6958.7086811045338,-0.020822020658075525,-0.020822020658075525,0
2024-10-16,sh688019,-2007.1620030990568,-2007.1620030990568,0,6921.2482865486618,6921.2482865486618,-0.00085048365131945634,-0.00085048365131945634,0
2024-10-16,sh688041,-23868.370776188498,-23868.370776188498,0,6958.7086811045338,6958.7086811045338,-0.01011361270163382,-0.01011361270163382,0
2024-10-17,sh688019,-6395.2334167710087,-6395.2334167710087,0,6921.2482865486618,6921.2482865486618,-0.002717919336098031,-0.002717919336098031,0
2024-10-17,sh688041,18162.22965768283,18162.22965768283,0,6958.7086811045338,6958.7086811045338,0.0077187917869920688,0.0077187917869920688,0
2024-10-18,sh688019,352.81109789895709,59197.436594850682,-58844.625496951725,6921.2482865486618,0,0.00014279944281182287,0.023960019999296849,-0.023817220556485025
2024-10-18,sh688041,116975.89292936712,116975.89292936712,0,6958.7086811045338,6958.7086811045338,0.047345711153091406,0.047345711153091406,0
2024-10-18,sh688256,109746.17021742588,0,109746.17021742588,0,2361.058004023208,0.044419498284229593,0,0.044419498284229593
2024-10-21,sh688041,-6215.7911038533484,-11760.217671066646,5544.4265672132979,6958.7086811045338,5715.9713312804306,-0.002394695133815706,-0.0045307404253109879,0.0021360452914952815
2024-10-21,sh688256,25636.675131123236,22644.907316586607,2991.7678145366281,2361.058004023208,1876.6972557626405,0.009876783205545029,0.008724175000527341,0.0011526082050176867
2024-10-22,sh688041,-18233.948546784559,-18233.948546784559,0,5715.9713312804306,5715.9713312804306,-0.0070627692707841087,-0.0070627692707841087,0
2024-10-22,sh688256,-28968.698839952183,-28968.698839952183,0,1876.6972557626405,1876.6972557626405,-0.011220786076940714,-0.011220786076940714,0
2024-10-23,sh688041,-17662.35141365647,-17662.35141365647,0,5715.9713312804306,5715.9713312804306,-0.0069316709084790056,-0.0069316709084790056,0
2024-10-23,sh688256,-2520.4044144891527,-2520.4044144891527,0,1876.6972557626405,1876.6972557626405,-0.0009891442848322168,-0.0009891442848322168,0
2024-10-24,sh688041,-6973.4850241621189,-6973.4850241621189,0,5715.9713312804306,5715.9713312804306,-0.0027471915054878824,-0.0027471915054878824,0
2024-10-24,sh688256,7808.9372812283491,7808.9372812283491,0,1876.6972557626405,1876.6972557626405,0.0030763163743161184,0.0030763163743161184,0
2024-10-25,sh688041,-10288.74839630484,-10288.74839630484,0,5715.9713312804306,5715.9713312804306,-0.0040641487453639529,-0.0040641487453639529,0
2024-10-25,sh688256,-4168.1446050488312,-4168.1446050488312,0,1876.6972557626405,1876.6972557626405,-0.0016464548470432661,-0.0016464548470432661,0
2024-10-28,sh688041,3258.1036588298875,3258.1036588298875,0,5715.9713312804306,5715.9713312804306,0.0012857299961939411,0.0012857299961939411,0
2024-10-28,sh688256,16133.966307791383,16133.966307791383,0,1876.6972557626405,1876.6972557626405,0.0063668706129993858,0.0063668706129993858,0
2024-10-29,sh688041,22635.246471870469,22635.246471870469,0,5715.9713312804306,5715.9713312804306,0.0088604940504596833,0.0088604940504596833,0
2024-10-29,sh688256,-868.91082941814432,-868.91082941814432,0,1876.6972557626405,1876.6972557626405,-0.00034013233494087282,-0.00034013233494087282,0
2024-10-30,sh688041,-7659.4015839157155,-7659.4015839157155,0,5715.9713312804306,5715.9713312804306,-0.0029817363722574653,-0.0029817363722574653,0
2024-10-30,sh688256,14157.804097473434,14157.804097473434,0,1876.6972557626405,1876.6972557626405,0.0055115062144516546,0.0055115062144516546,0
2024-10-31,sh688041,18462.587400035733,18462.587400035733,0,5715.9713312804306,5715.9713312804306,0.0071380980521696599,0.0071380980521696599,0
2024-10-31,sh688256,10517.01142129381,10517.01142129381,0,1876.6972557626405,1876.6972557626405,0.0040661396539056127,0.0040661396539056127,0
2024-11-01,sh688041,-25950.509844013108,-25950.509844013108,0,5715.9713312804306,5715.9713312804306,-0.010132962706292719,-0.010132962706292719,0
2024-11-01,sh688256,-53643.514358719323,-53643.514358719323,0,1876.6972557626405,1876.6972557626405,-0.020946321814050383,-0.020946321814050383,0
2024-11-04,sh688041,3258.1036588298066,3258.1036588298066,0,5715.9713312804306,5715.9713312804306,0.0012913645301868041,0.0012913645301868041,0
2024-11-04,sh688256,-88.204771020891897,-88.204771020891897,0,1876.6972557626405,1876.6972557626405,-3.4960371006286244e-05,-3.4960371006286244e-05,0
2024-11-05,sh688041,27608.141530084551,27608.141530084551,0,5715.9713312804306,5715.9713312804306,0.010804637994921614,0.010804637994921614,0
2024-11-05,sh688256,33906.289319863638,33906.289319863638,0,1876.6972557626405,1876.6972557626405,0.013269461888732995,0.013269461888732995,0
2024-11-06,sh688041,22349.447905306464,22349.447905306464,0,5715.9713312804306,5715.9713312804306,0.0085675152710994931,0.0085675152710994931,0
2024-11-06,sh688256,22848.789088910169,22848.789088910169,0,1876.6972557626405,1876.6972557626405,0.0087589344611456992,0.0087589344611456992,0
2024-11-07,sh688041,48928.714595760503,48928.714595760503,0,5715.9713312804306,5715.9713312804306,0.018337873316242464,0.018337873316242464,0
2024-11-07,sh688256,25189.03056684621,25189.03056684621,0,1876.6972557626405,1876.6972557626405,0.0094405351808242288,0.0094405351808242288,0
2024-11-08,sh688041,-27208.023536894962,-27208.023536894962,0,5715.9713312804306,5715.9713312804306,-0.010216115750339433,-0.010216115750339433,0
2024-11-08,sh688256,-56678.133821287542,-56678.133821287542,0,1876.6972557626405,1876.6972557626405,-0.021281603746274247,-0.021281603746274247,0
2024-11-11,sh688041,11774.9009424377,11774.9009424377,0,5715.9713312804306,5715.9713312804306,0.004482095460847638,0.004482095460847638,0
2024-11-11,sh688256,-617.43339714592321,-617.43339714592321,0,1876.6972557626405,1876.6972557626405,-0.00023502494333090833,-0.00023502494333090833,0
2024-11-12,sh688041,-55101.963633543273,-55101.963633543273,0,5715.9713312804306,5715.9713312804306,-0.021190947613939078,-0.021190947613939078,0
2024-11-12,sh688256,-9471.6910498339876,-9471.6910498339876,0,1876.6972557626405,1876.6972557626405,-0.0036425944851494027,-0.0036425944851494027,0
2024-11-13,sh688041,12003.539795688872,12003.539795688872,0,5715.9713312804306,5715.9713312804306,0.0046060342959509939,0.0046060342959509939,0
2024-11-13,sh688256,64248.730551033914,64248.730551033914,0,1876.6972557626405,1876.6972557626405,0.024653715606096624,0.024653715606096624,0
2024-11-14,sh688041,-27493.822103458886,-27493.822103458886,0,5715.9713312804306,5715.9713312804306,-0.010464164575103657,-0.010464164575103657,0
2024-11-14,sh688256,-6298.1959903394109,-6298.1959903394109,0,1876.6972557626405,1876.6972557626405,-0.0023970970322412279,-0.0023970970322412279,0
2024-11-15,sh688041,-27436.662390146052,-27436.662390146052,0,5715.9713312804306,5715.9713312804306,-0.010605054380975766,-0.010605054380975766,0
2024-11-15,sh688256,-19294.324486495716,-19294.324486495716,0,1876.6972557626405,1876.6972557626405,-0.0074578080057204118,-0.0074578080057204118,0
2024-11-18,sh688041,6916.3253108492854,6916.3253108492854,0,5715.9713312804306,5715.9713312804306,0.0026973364077204809,0.0026973364077204809,0
2024-11-18,sh688256,-6324.4697519199999,-6324.4697519199999,0,1876.6972557626405,1876.6972557626405,-0.0024665153466134401,-0.0024665153466134401,0
2024-11-19,sh688041,23378.322744936981,23378.322744936981,0,5715.9713312804306,5715.9713312804306,0.0090479016705988964,0.0090479016705988964,0
2024-11-19,sh688256,15542.806672226156,15542.806672226156,0,1876.6972557626405,1876.6972557626405,0.0060153924637680331,0.0060153924637680331,0
2024-11-20,sh688041,-3772.5410786450648,-3772.5410786450648,0,5715.9713312804306,5715.9713312804306,-0.0014452669154681589,-0.0014452669154681589,0
2024-11-20,sh688256,17633.447415145798,17633.447415145798,0,1876.6972557626405,1876.6972557626405,0.0067554037513385757,0.0067554037513385757,0
2024-11-21,sh688041,11203.303809309689,11203.303809309689,0,5715.9713312804306,5715.9713312804306,0.0042317209404215787,0.0042317209404215787,0
2024-11-21,sh688256,49526.040579576053,49526.040579576053,0,1876.6972557626405,1876.6972557626405,0.018707015946724959,0.018707015946724959,0
2024-11-22,sh688041,-26293.46812389003,-26293.46812389003,0,5715.9713312804306,5715.9713312804306,-0.0099196580741683707,-0.0099196580741683707,0
2024-11-22,sh688256,-28112.924891324386,-28112.924891324386,0,1876.6972557626405,1876.6972557626405,-0.010606079086742283,-0.010606079086742283,0
2024-11-25,sh688041,-32238.078308421631,-32238.078308421631,0,5715.9713312804306,5715.9713312804306,-0.012373172130211784,-0.012373172130211784,0
2024-11-25,sh688256,-3779.6682731059768,-3779.6682731059768,0,1876.6972557626405,1876.6972557626405,-0.0014506598591524499,-0.0014506598591524499,0
2024-11-26,sh688041,-2839.797522829946,-914.55541300484936,-1925.2421098250968,5715.9713312804306,0,-0.0010989326410301063,-0.00035391072331813654,-0.00074502191771196968
2024-11-26,sh688256,-3903.5302919862625,-3903.5302919862625,0,1876.6972557626405,1876.6972557626405,-0.001510571376524989,-0.001510571376524989,0
2024-11-27,sh688256,61276.042097905993,61276.042097905993,0,1876.6972557626405,1876.6972557626405,0.02346581656121189,0.02346581656121189,0
2024-11-28,sh688256,14458.075658395397,14458.075658395397,0,1876.6972557626405,1876.6972557626405,0.005457381209297802,0.005457381209297802,0
2024-11-29,sh688256,45195.804668820419,18855.177328647191,26340.627340173225,1876.6972557626405,4019.2850292277076,0.016851207568777633,0.0070301327576614767,0.0098210748111161525
2024-11-29,sh688300,6059.2382158552455,0,6059.2382158552455,0,21940.358324905763,0.0022591805065147316,0,0.0022591805065147316
2024-12-02,sh688256,2700.9595396411219,2700.9595396411219,0,4019.2850292277076,4019.2850292277076,0.00099034713331395095,0.00099034713331395095,0
2024-12-02,sh688300,36442.9351776685,36442.9351776685,0,21940.358324905763,21940.358324905763,0.013362346178479072,0.013362346178479072,0
2024-12-03,sh688256,21551.406326718832,21551.406326718832,0,4019.2850292277076,4019.2850292277076,0.0077776545346414858,0.0077776545346414858,0
2024-12-03,sh688300,26657.535364760577,26657.535364760577,0,21940.358324905763,21940.358324905763,0.0096203977443017289,0.0096203977443017289,0
2024-12-04,sh688256,-46909.075576116542,-46909.075576116542,0,4019.2850292277076,4019.2850292277076,-0.016881513981306141,-0.016881513981306141,0
2024-12-04,sh688300,14195.411836213994,14195.411836213994,0,21940.358324905763,21940.358324905763,0.0051086072458323278,0.0051086072458323278,0
2024-12-05,sh688256,47258.753373659536,47258.753373659536,0,4019.2850292277076,4019.2850292277076,0.017112078187424815,0.017112078187424815,0
2024-12-05,sh688300,-48619.834047991193,-48619.834047991193,0,21940.358324905763,21940.358324905763,-0.017604916386824675,-0.017604916386824675,0
2024-12-06,sh688256,-44561.81311904778,-44561.81311904778,0,4019.2850292277076,4019.2850292277076,-0.016313652081067932,-0.016313652081067932,0
2024-12-06,sh688300,-14173.471477889141,-14173.471477889141,0,21940.358324905763,21940.358324905763,-0.0051887718718605855,-0.0051887718718605855,0
2024-12-09,sh688256,-39384.974001402217,-39384.974001402217,0,4019.2850292277076,4019.2850292277076,-0.014672081084884556,-0.014672081084884556,0
2024-12-09,sh688300,3554.3380486347123,3554.3380486347123,0,21940.358324905763,21940.358324905763,0.001324097257263701,0.001324097257263701,0
2024-12-10,sh688256,-1535.3668811650043,-1535.3668811650043,0,4019.2850292277076,4019.2850292277076,-0.00057582573344691125,-0.00057582573344691125,0
2024-12-10,sh688300,1338.3618578192502,1338.3618578192502,0,21940.358324905763,21940.358324905763,0.00050194074644320671,0.00050194074644320671,0
2024-12-11,sh688256,17182.44349994836,17182.44349994836,0,4019.2850292277076,4019.2850292277076,0.0064153921024140892,0.0064153921024140892,0
2024-12-11,sh688300,6933.1532306702757,6933.1532306702757,0,21940.358324905763,21940.358324905763,0.002588624631939135,0.002588624631939135,0
2024-12-12,sh688256,86832.633771435561,86832.633771435561,0,4019.2850292277076,4019.2850292277076,0.03170041093237741,0.03170041093237741,0
2024-12-12,sh688300,11299.284537326481,11299.284537326481,0,21940.358324905763,21940.358324905763,0.0041250846314066086,0.0041250846314066086,0
2024-12-13,sh688256,-24252.365866359956,-24252.365866359956,0,4019.2850292277076,4019.2850292277076,-0.0088000632958562999,-0.0088000632958562999,0
2024-12-13,sh688300,-40677.424334375268,-40677.424334375268,0,21940.358324905763,21940.358324905763,-0.014759958299632668,-0.014759958299632668,0
2024-12-16,sh688256,19557.840952221966,19557.840952221966,0,4019.2850292277076,4019.2850292277076,0.0071367925183665739,0.0071367925183665739,0
2024-12-16,sh688300,14173.471477888985,14173.471477888985,0,21940.358324905763,21940.358324905763,0.0051719985580099591,0.0051719985580099591,0
2024-12-17,sh688256,-14159.941157969313,-14159.941157969313,0,4019.2850292277076,4019.2850292277076,-0.0050855648511275,-0.0050855648511275,0
2024-12-17,sh688300,68366.156540406504,68366.156540406504,0,21940.358324905763,21940.358324905763,0.024553811264455345,0.024553811264455345,0
2024-12-18,sh688256,128263.42385271474,128263.42385271474,0,4019.2850292277076,4019.2850292277076,0.044539690453930622,0.044539690453930622,0
2024-12-18,sh688300,9280.7715714350215,9280.7715714350215,0,21940.358324905763,21940.358324905763,0.0032227635950216075,0.0032227635950216075,0
2024-12-19,sh688256,49823.057222306496,49823.057222306496,0,4019.2850292277076,4019.2850292277076,0.016731626338340889,0.016731626338340889,0
2024-12-19,sh688300,7766.8868470166226,7766.8868470166226,0,21940.358324905763,21940.358324905763,0.0026082833086018479,0.0026082833086018479,0
2024-12-20,sh688256,107712.81949827347,107712.81949827347,0,4019.2850292277076,4019.2850292277076,0.034643785483257472,0.034643785483257472,0
2024-12-20,sh688300,99565.34607842243,99565.34607842243,0,21940.358324905763,21940.358324905763,0.032023305184787652,0.032023305184787652,0
2024-12-23,sh688256,-73372.048208551787,-73372.048208551787,0,4019.2850292277076,4019.2850292277076,-0.023371528017364286,-0.023371528017364286,0
2024-12-23,sh688300,-74597.218304679569,-74597.218304679569,0,21940.358324905763,21940.358324905763,-0.023761786950116146,-0.023761786950116146,0
2024-12-24,sh688256,28460.557291961239,28460.557291961239,0,4019.2850292277076,4019.2850292277076,0.0092383848157404878,0.0092383848157404878,0
2024-12-24,sh688300,1009.2564829456513,1009.2564829456513,0,21940.358324905763,21940.358324905763,0.00032760777210312449,0.00032760777210312449,0
2024-12-25,sh688256,7552.2365699189395,7552.2365699189395,0,4019.2850292277076,4019.2850292277076,0.0024229974438961213,0.0024229974438961213,0
2024-12-25,sh688300,35455.619053047703,35455.619053047703,0,21940.358324905763,21940.358324905763,0.011375289100379877,0.011375289100379877,0
2024-12-26,sh688256,-29296.568578040711,-29296.568578040711,0,4019.2850292277076,4019.2850292277076,-0.0093389085245093994,-0.0093389085245093994,0
2024-12-26,sh688300,26482.012498161272,26482.012498161272,0,21940.358324905763,21940.358324905763,0.0084417085095288801,0.0084417085095288801,0
2024-12-27,sh688205,-23807.064008544017,-0,-23807.064008544017,0,19021.704768398056,-0.0076358924334293454,-0,-0.0076358924334293454
2024-12-27,sh688256,2319.1274618643802,2319.1274618643802,0,4019.2850292277076,4019.2850292277076,0.00074383837636816767,0.00074383837636816767,0
2024-12-27,sh688300,-14150.184729290562,-44209.822024685127,30059.637295394565,21940.358324905763,0,-0.004538539001165365,-0.014179885657483762,0.0096413466563183975
2024-12-30,sh688205,46374.916225354507,46374.916225354507,0,19021.704768398056,19021.704768398056,0.014652027310187389,0.014652027310187389,0
2024-12-30,sh688256,84702.412705944764,84702.412705944764,0,4019.2850292277076,4019.2850292277076,0.026761494472042655,0.026761494472042655,0
2024-12-31,sh688205,-66138.467479720115,-66138.467479720115,0,19021.704768398056,19021.704768398056,-0.020909154552792519,-0.020909154552792519,0
2024-12-31,sh688256,-68786.043990203121,-68786.043990203121,0,4019.2850292277076,4019.2850292277076,-0.021746164972863212,-0.021746164972863212,0
2025-01-02,sh688205,-46004.339929895948,-83391.153704657088,37386.81377476114,19021.704768398056,0,-0.015010713466052051,-0.027209622304582945,0.012198908838530892
2025-01-02,sh688256,-16552.366255802932,-33396.239307852898,16843.873052049967,4019.2850292277076,0,-0.0054008562546409428,-0.01089682799183286,0.0054959717371919157
2025-01-16,sh603986,-20750.105914128129,-0,-20750.105914128129,0,5142.4415941365096,-0.0069981447581668795,-0,-0.0069981447581668795
2025-01-16,sh688256,-115227.42140825184,-0,-115227.42140825184,0,1809.8268430214134,-0.038861400441151717,-0,-0.038861400441151717
2025-01-17,sh603986,33888.690105359543,33888.690105359543,0,5142.4415941365096,5142.4415941365096,0.011671191433205419,0.011671191433205419,0
2025-01-17,sh688256,-21878.077993889205,-2428.7876233347088,-19449.290370554496,1809.8268430214134,0,-0.0075347626498227151,-0.00083646919412964601,-0.0066982934556930693
2025-01-20,sh603986,-9204.9704535043111,-9204.9704535043111,0,5142.4415941365096,5142.4415941365096,-0.0031686391511490906,-0.0031686391511490906,0
2025-01-21,sh603986,-14355.988002146076,-4628.1974347228879,-9727.7905674231879,5142.4415941365096,9780.1578571122882,-0.0049430906710051358,-0.0015935928310701177,-0.0033494978399350181
2025-01-21,sh688205,22019.783438327311,0,22019.783438327311,0,21948.920342423942,0.0075819084047212756,0,0.0075819084047212756
2025-01-22,sh603986,40196.448792731637,40196.448792731637,0,9780.1578571122882,9780.1578571122882,0.01317878856207016,0.01317878856207016,0
2025-01-22,sh688205,248352.03367452684,248352.03367452684,0,21948.920342423942,21948.920342423942,0.081424579510330802,0.081424579510330802,0
2025-01-23,sh603986,-56138.106099824625,-56138.106099824625,0,9780.1578571122882,9780.1578571122882,-0.017902557810645321,-0.017902557810645321,0
2025-01-23,sh688205,-64837.110691520495,-64837.110691520495,0,21948.920342423942,21948.920342423942,-0.02067668831517246,-0.02067668831517246,0
2025-01-24,sh603986,293.40473571337975,293.40473571337975,0,9780.1578571122882,9780.1578571122882,9.3926537546935006e-05,9.3926537546935006e-05,0
2025-01-24,sh688205,96421.607064268392,96421.607064268392,0,21948.920342423942,21948.920342423942,0.030867080840525179,0.030867080840525179,0
2025-01-27,sh603986,-30318.489357048038,-30318.489357048038,0,9780.1578571122882,9780.1578571122882,-0.0098489117720257126,-0.0098489117720257126,0
2025-01-27,sh688205,-155837.33443120986,-155837.33443120986,0,21948.920342423942,21948.920342423942,-0.050623503682047877,-0.050623503682047877,0
2025-02-05,sh603986,77752.254964042586,77752.254964042586,0,9780.1578571122882,9780.1578571122882,0.026579096570514636,0.026579096570514636,0
2025-02-05,sh688205,-198725.52478030641,-198725.52478030641,0,21948.920342423942,21948.920342423942,-0.067933012574421914,-0.067933012574421914,0
2025-02-06,sh603986,48508.701613856989,51639.23348555289,-3130.5318716959046,9780.1578571122882,9376.8550770198708,0.016269294342335077,0.017319240903966669,-0.0010499465616315884
2025-02-06,sh688205,187328.95981882431,200569.23408907009,-13240.274270245776,21948.920342423942,19505.445343465941,0.06282810886996211,0.067268753787457503,-0.0044406449174953875
2025-02-07,sh603986,-18848.499077976987,-19410.090009431067,561.59093145408065,9376.8550770198708,8570.5549541963755,-0.0060403276446959276,-0.0062202991752798205,0.00017997153058389324
2025-02-07,sh688205,57647.517626772948,64816.594876337193,-7169.077249564245,19505.445343465941,17771.58279907488,0.018474144436038873,0.020771599279438072,-0.0022974548433991986
2025-02-10,sh603986,-33682.280969991814,-33682.280969991814,0,8570.5549541963755,8570.5549541963755,-0.010840043460397669,-0.010840043460397669,0
2025-02-10,sh688205,-31437.929971563561,-31437.929971563561,0,17771.58279907488,17771.58279907488,-0.010117738982710298,-0.010117738982710298,0
2025-02-11,sh603986,-5399.4496211436772,-5399.4496211436772,0,8570.5549541963755,8570.5549541963755,-0.0017352841645547719,-0.0017352841645547719,0
2025-02-11,sh688205,79296.802449472176,79296.802449472176,0,17771.58279907488,17771.58279907488,0.025484539211470779,0.025484539211470779,0
2025-02-12,sh603986,8399.1438551123611,8399.1438551123611,0,8570.5549541963755,8570.5549541963755,0.0026476692703143196,0.0026476692703143196,0
2025-02-12,sh688205,38955.30949557227,38955.30949557227,0,17771.58279907488,17771.58279907488,0.012279915387355934,0.012279915387355934,0
2025-02-13,sh603986,-62565.051165633398,-62565.051165633398,0,8570.5549541963755,8570.5549541963755,-0.02000062928426458,-0.02000062928426458,0
2025-02-13,sh688205,-72188.169329842116,-72188.169329842116,0,17771.58279907488,17771.58279907488,-0.02307692212467918,-0.02307692212467918,0
2025-02-14,sh603986,-3085.3997835106902,-3085.3997835106902,0,8570.5549541963755,8570.5549541963755,-0.0010186462928344479,-0.0010186462928344479,0
2025-02-14,sh688205,-61365.275405205612,-61365.275405205612,0,17771.58279907488,17771.58279907488,-0.02025977658854692,-0.02025977658854692,0
2025-02-17,sh603986,1456.9943422133986,1456.9943422133986,0,8570.5549541963755,8570.5549541963755,0.00048460710783736812,0.00048460710783736812,0
2025-02-17,sh688205,18038.156541061013,18038.156541061013,0,17771.58279907488,17771.58279907488,0.0059996244452135078,0.0059996244452135078,0
2025-02-18,sh603986,-34453.630915869515,-34453.630915869515,0,8570.5549541963755,8570.5549541963755,-0.011557082184452457,-0.011557082184452457,0
2025-02-18,sh688205,-35543.165598149761,-35543.165598149761,0,17771.58279907488,17771.58279907488,-0.011922554314129339,-0.011922554314129339,0
2025-02-19,sh603986,34625.042014953411,34625.042014953411,0,8570.5549541963755,8570.5549541963755,0.011605533408746897,0.011605533408746897,0
2025-02-19,sh688205,40057.147629114617,40057.147629114617,0,17771.58279907488,17771.58279907488,0.013426252735463195,0.013426252735463195,0
2025-02-20,sh603986,7542.0883596927715,7542.0883596927715,0,8570.5549541963755,8570.5549541963755,0.0024688916621865009,0.0024688916621865009,0
2025-02-20,sh688205,60423.381516854693,60423.381516854693,0,17771.58279907488,17771.58279907488,0.019779506114690138,0.019779506114690138,0
2025-02-21,sh603986,82791.560857537086,82791.560857537086,0,8570.5549541963755,8570.5549541963755,0.02648802060891001,0.02648802060891001,0
2025-02-21,sh688205,-9170.1367243227323,-9170.1367243227323,0,17771.58279907488,17771.58279907488,-0.0029338590554941844,-0.0029338590554941844,0
2025-02-24,sh603986,42424.247023271964,42424.247023271964,0,8570.5549541963755,8570.5549541963755,0.013690813287427191,0.013690813287427191,0
2025-02-24,sh688205,-169238.78299559001,-169238.78299559001,0,17771.58279907488,17771.58279907488,-0.054615384869719043,-0.054615384869719043,0
2025-02-25,sh603986,-51423.32972517825,-51423.32972517825,0,8570.5549541963755,8570.5549541963755,-0.017194902972487571,-0.017194902972487571,0
2025-02-25,sh688205,-38424.319818700933,-48925.167445853149,10500.847627152216,17771.58279907488,0,-0.012848301628801295,-0.016359568927957754,0.0035112672991564594
2025-02-26,sh603986,-1971.2276394650787,-1971.2276394650787,0,8570.5549541963755,8570.5549541963755,-0.00066936313382141312,-0.00066936313382141312,0
2025-02-27,sh603986,-25968.781511215027,-25968.781511215027,0,8570.5549541963755,8570.5549541963755,-0.0088602197209282745,-0.0088602197209282745,0
2025-02-28,sh603986,-16369.759962515049,-16369.759962515049,0,8570.5549541963755,8570.5549541963755,-0.0056257660822028443,-0.0056257660822028443,0
2025-03-03,sh603986,-19283.748646941844,-19283.748646941844,0,8570.5549541963755,8570.5549541963755,-0.006668070179040907,-0.006668070179040907,0
2025-03-04,sh600206,57615.187442355134,-0,57615.187442355134,0,81638.271348431343,0.019650939159958962,-0,0.019650939159958962
2025-03-04,sh603986,42167.130374646062,42167.130374646062,0,8570.5549541963755,8570.5549541963755,0.014382036236040676,0.014382036236040676,0
2025-03-05,sh600206,-56330.407230417441,-56330.407230417441,0,81638.271348431343,81638.271348431343,-0.019031846022387305,-0.019031846022387305,0
2025-03-05,sh603986,11827.365836790959,11827.365836790959,0,8570.5549541963755,8570.5549541963755,0.0039960052931181586,0.0039960052931181586,0
2025-03-06,sh600206,57963.172657386036,57963.172657386036,0,81638.271348431343,81638.271348431343,0.019487623071583336,0.019487623071583336,0
2025-03-06,sh603986,15855.526665263245,15855.526665263245,0,8570.5549541963755,8570.5549541963755,0.005330738693005546,0.005330738693005546,0
2025-03-07,sh600206,-62861.468938292099,-62861.468938292099,0,81638.271348431343,81638.271348431343,-0.021189042922353466,-0.021189042922353466,0
2025-03-07,sh603986,-26140.1926102988,-26140.1926102988,0,8570.5549541963755,8570.5549541963755,-0.0088112109464373086,-0.0088112109464373086,0
2025-03-10,sh600206,23675.098691045019,23675.098691045019,0,81638.271348431343,81638.271348431343,0.0080940530230599605,0.0080940530230599605,0
2025-03-10,sh603986,-18512.398701064143,-18512.398701064143,0,8570.5549541963755,8570.5549541963755,-0.0063290269082221752,-0.0063290269082221752,0
2025-03-11,sh600206,-23675.098691045019,-23675.098691045019,0,81638.271348431343,81638.271348431343,-0.0081721709714449881,-0.0081721709714449881,0
2025-03-11,sh603986,-37196.208501212299,-37196.208501212299,0,8570.5549541963755,8570.5549541963755,-0.01283938788717273,-0.01283938788717273,0
2025-03-12,sh600206,5714.6789943902168,5714.6789943902168,0,81638.271348431343,81638.271348431343,0.0019885586206161428,0.0019885586206161428,0
2025-03-12,sh603986,8435.9073191530933,2571.1664862588882,5864.7408328942056,8570.5549541963755,0,0.0029354748077167715,0.00089469859747301538,0.0020407762102437567
2025-03-13,sh600206,-100415.07375857058,-100415.07375857058,0,81638.271348431343,81638.271348431343,-0.035477892884775868,-0.035477892884775868,0
2025-03-14,sh600206,5146.898601945808,5714.6789943902168,-567.78039244440856,81638.271348431343,76975.07613460462,0.001849394531118645,0.0020534105869752946,-0.0002040160558566495
2025-03-17,sh600206,14625.264465574975,14625.264465574975,0,76975.07613460462,76975.07613460462,0.0052365897158226137,0.0052365897158226137,0
2025-03-18,sh600206,622.6021451682218,3848.7538067302858,-3226.151661562064,76975.07613460462,37751.532604166052,0.00022273232137815397,0.0013768694445381714,-0.0011541371231600175
2025-03-18,sh601869,-10465.782932300519,-0,-10465.782932300519,0,18777.103785883417,-0.0037440733952519923,-0,-0.0037440733952519923
2025-03-19,sh600206,-22273.404236457965,-22273.404236457965,0,37751.532604166052,37751.532604166052,-0.0080541521020854965,-0.0080541521020854965,0
2025-03-19,sh601869,-27414.571527389806,-27414.571527389806,0,18777.103785883417,18777.103785883417,-0.0099132187675956603,-0.0099132187675956603,0
2025-03-20,sh600206,-7550.3065208333173,-7550.3065208333173,0,37751.532604166052,37751.532604166052,-0.0027596699436464173,-0.0027596699436464173,0
2025-03-20,sh601869,-1926.3145639862396,-2253.2524543059621,326.93789031972256,18777.103785883417,0,-0.00070407636955836588,-0.00082357359352735094,0.00011949722396898505
2025-03-21,sh600206,-2675.7599413145908,-25671.042170832905,22995.282229518314,37751.532604166052,0,-0.00098017787164512613,-0.0094037537110138458,0.0084235758393687212
2025-04-01,sh688019,-4298.0875429384514,-0,-4298.0875429384514,0,7177.006923558265,-0.0015732880646269056,-0,-0.0015732880646269056
2025-04-01,sz300776,11060.391995439672,0,11060.391995439672,0,9814.3808902311321,0.0040485873176570111,0,0.0040485873176570111
2025-04-02,sh688019,-11382.732980763398,-11382.732980763398,0,7177.006923558265,7177.006923558265,-0.0041697332156152124,-0.0041697332156152124,0
2025-04-02,sz300776,490.71904451166819,490.71904451166819,0,9814.3808902311321,9814.3808902311321,0.00017976065176027997,0.00017976065176027997,0
2025-04-03,sh688019,-14992.767463313206,-14992.767463313206,0,7177.006923558265,7177.006923558265,-0.0055417314914559318,-0.0055417314914559318,0
2025-04-03,sz300776,-22867.507474238661,-22867.507474238661,0,9814.3808902311321,9814.3808902311321,-0.008452447929388986,-0.008452447929388986,0
2025-04-07,sh688019,-40356.309931168158,-40356.309931168158,0,7177.006923558265,7177.006923558265,-0.015357125488225157,-0.015357125488225157,0
2025-04-07,sz300776,-76159.59570819349,-76159.59570819349,0,9814.3808902311321,9814.3808902311321,-0.028981650463535489,-0.028981650463535489,0
2025-04-08,sh688019,7312.005640635387,-8490.3991905694766,15802.404831204864,7177.006923558265,0,0.0028382649513161171,-0.0032956761290438559,0.0061339410803599734
2025-04-08,sz300776,5088.970043483836,-13151.27039290975,18240.240436393586,9814.3808902311321,0,0.0019753602530676803,-0.0051048633789392865,0.0070802236320069659
2025-04-16,sh688268,4859.8829029571789,-0,4859.8829029571789,0,10973.086384976525,0.0018703844639546422,-0,0.0018703844639546422
2025-04-16,sz002371,27014.126599917163,0,27014.126599917163,0,2034.4521688753712,0.010396711959673753,0,0.010396711959673753
2025-04-17,sh688268,-7790.8913333333421,-7790.8913333333421,0,10973.086384976525,10973.086384976525,-0.0029885777181389191,-0.0029885777181389191,0
2025-04-17,sz002371,-7022.9288869577776,-7022.9288869577776,0,2034.4521688753712,2034.4521688753712,-0.0026939881317348817,-0.0026939881317348817,0
2025-04-18,sh688268,-20190.478948356766,-20190.478948356766,0,10973.086384976525,10973.086384976525,-0.0078198156560413627,-0.0078198156560413627,0
2025-04-18,sz002371,-14782.329459048487,-14782.329459048487,0,2034.4521688753712,2034.4521688753712,-0.005725227798325047,-0.005725227798325047,0
2025-04-21,sh688019,5253.3816815226601,0,5253.3816815226601,0,13579.655782848151,0.0020425066278157286,0,0.0020425066278157286
2025-04-21,sh688268,983.10795813673121,7790.8913333333421,-6807.7833751966109,10973.086384976525,0,0.00038223084521257441,0.0030290864341524872,-0.0026468555889399129
2025-04-21,sz002371,8798.4243659169369,4308.9696936780256,4489.4546722389114,2034.4521688753712,3526.3475823308763,0.0034208137103245865,0.0016753207156734772,0.0017454929946511091
2025-04-22,sh688019,-6273.8009716756978,-6273.8009716756978,0,13579.655782848151,13579.655782848151,-0.0024283579280372481,-0.0024283579280372481,0
2025-04-22,sz002371,14288.760403604785,14288.760403604785,0,3526.3475823308763,3526.3475823308763,0.0055306543456782129,0.0055306543456782129,0
2025-04-23,sh688019,-13579.655782848151,-13579.655782848151,0,13579.655782848151,13579.655782848151,-0.0052780929705625807,-0.0052780929705625807,0
2025-04-23,sz002371,-15829.774297083419,-15829.774297083419,0,3526.3475823308763,3526.3475823308763,-0.0061526611409810335,-0.0061526611409810335,0
2025-04-24,sh688019,-8039.156223446088,-8039.156223446088,0,13579.655782848151,13579.655782848151,-0.0031468774988174606,-0.0031468774988174606,0
2025-04-24,sz002371,1019.1144512935783,1019.1144512935783,0,3526.3475823308763,3526.3475823308763,0.00039892598754857022,0.00039892598754857022,0
2025-04-25,sh688019,-30459.167920928528,-30459.167920928528,0,13579.655782848151,13579.655782848151,-0.012029342596556001,-0.012029342596556001,0
2025-04-25,sz002371,-7574.5946068466083,-7574.5946068466083,0,3526.3475823308763,3526.3475823308763,-0.0029914603639968904,-0.0029914603639968904,0
2025-04-28,sh688019,11176.05670928413,11176.05670928413,0,13579.655782848151,13579.655782848151,0.0044346390858194789,0.0044346390858194789,0
2025-04-28,sz002371,2976.2373594872388,2976.2373594872388,0,3526.3475823308763,3526.3475823308763,0.0011809656005140016,0.0011809656005140016,0
2025-04-29,sh688019,103667.09224626279,103667.09224626279,0,13579.655782848151,13579.655782848151,0.040200648114722612,0.040200648114722612,0
2025-04-29,sz002371,0,0,0,3526.3475823308763,3526.3475823308763,0,0,0
2025-04-30,sh688019,25904.899296130952,31355.425202596347,-5450.5259064653937,13579.655782848151,11102.847314104303,0.0098100799921057389,0.011874171982204933,-0.0020640919900991941
2025-04-30,sh688256,-666.0280135860263,-0,-666.0280135860263,0,3064.0187582832091,-0.00025222209959480774,-0,-0.00025222209959480774
2025-04-30,sz002371,-5778.2801769820926,-9038.0288535139935,3259.7486765319013,3526.3475823308763,0,-0.002188211199163377,-0.0034226647635404801,0.0012344535643771034
2025-05-06,sh688019,23649.064779042117,23649.064779042117,0,11102.847314104303,11102.847314104303,0.0088709486120688418,0.0088709486120688418,0
2025-05-06,sh688256,7445.5655826280445,7445.5655826280445,0,3064.0187582832091,3064.0187582832091,0.0027928897099480585,0.0027928897099480585,0
2025-05-07,sh688019,-23327.08220693313,-23327.08220693313,0,11102.847314104303,11102.847314104303,-0.0086911238055377583,-0.0086911238055377583,0
2025-05-07,sh688256,28397.32585176887,28397.32585176887,0,3064.0187582832091,3064.0187582832091,0.010580177689371176,0.010580177689371176,0
2025-05-08,sh688019,15643.911865573031,15643.911865573031,0,11102.847314104303,11102.847314104303,0.005845885779997468,0.005845885779997468,0
2025-05-08,sh688256,-36602.768086451295,-36602.768086451295,0,3064.0187582832091,3064.0187582832091,-0.013677883339142228,-0.013677883339142228,0
2025-05-09,sh688019,-20762.324477375096,-20762.324477375096,0,11102.847314104303,11102.847314104303,-0.0078293349877389725,-0.0078293349877389725,0
2025-05-09,sh688256,-6642.7926679580169,-6642.7926679580169,0,3064.0187582832091,3064.0187582832091,-0.0025049530994573337,-0.0025049530994573337,0
2025-05-12,sh688019,-6572.8856099497334,-6572.8856099497334,0,11102.847314104303,11102.847314104303,-0.0025188296292303768,-0.0025188296292303768,0
2025-05-12,sh688256,-50586.949699255754,-50586.949699255754,0,3064.0187582832091,3064.0187582832091,-0.019385687704954069,-0.019385687704954069,0
2025-05-13,sh688019,-18208.669595131065,-18208.669595131065,0,11102.847314104303,11102.847314104303,-0.0070716377964013515,-0.0070716377964013515,0
2025-05-13,sh688256,5944.1963910694185,5944.1963910694185,0,3064.0187582832091,3064.0187582832091,0.0023085269161871704,0.0023085269161871704,0
2025-05-14,sh688019,5584.7321989944658,5584.7321989944658,0,11102.847314104303,11102.847314104303,0.0021668064336805314,0.0021668064336805314,0
2025-05-14,sh688256,11719.871750433414,11719.871750433414,0,3064.0187582832091,3064.0187582832091,0.0045471640547638369,0.0045471640547638369,0
2025-05-15,sh688019,-16754.196596983398,-16754.196596983398,0,11102.847314104303,11102.847314104303,-0.0065179525168247796,-0.0065179525168247796,0
2025-05-15,sh688256,-14373.311995106629,-14373.311995106629,0,3064.0187582832091,3064.0187582832091,-0.0055917074000719916,-0.0055917074000719916,0
2025-05-16,sh688019,5262.7496268854811,5262.7496268854811,0,11102.847314104303,11102.847314104303,0.0020651939531815843,0.0020651939531815843,0
2025-05-16,sh688256,-18509.737318788855,-18509.737318788855,0,3064.0187582832091,3064.0187582832091,-0.0072635409806422217,-0.0072635409806422217,0
2025-05-19,sh688019,-6184.2859539561205,-6184.2859539561205,0,11102.847314104303,11102.847314104303,-0.0024322208561470987,-0.0024322208561470987,0
2025-05-19,sh688256,8104.3296156590322,8104.3296156590322,0,3064.0187582832091,3064.0187582832091,0.0031873557696158817,0.0031873557696158817,0
2025-05-20,sh688019,-12412.983297168556,-12412.983297168556,0,11102.847314104303,11102.847314104303,-0.0048899096310629402,-0.0048899096310629402,0
2025-05-20,sh688256,2178.5173371394008,2178.5173371394008,0,3064.0187582832091,3064.0187582832091,0.00085819441251850195,0.00085819441251850195,0
2025-05-21,sh688019,0,0,0,11102.847314104303,11102.847314104303,0,0,0
2025-05-21,sh688256,-13386.697954939253,-13386.697954939253,0,3064.0187582832091,3064.0187582832091,-0.005298145321400001,-0.005298145321400001,0
2025-05-22,sh688019,-20828.941561259726,-20828.941561259726,0,11102.847314104303,11102.847314104303,-0.0083163541037954095,-0.0083163541037954095,0
2025-05-22,sh688256,-9933.5488143542207,-9933.5488143542207,0,3064.0187582832091,3064.0187582832091,-0.0039661597400204376,-0.0039661597400204376,0
2025-05-23,sh688019,4596.5787880391981,4596.5787880391981,0,11102.847314104303,11102.847314104303,0.0018472179015953866,0.0018472179015953866,0
2025-05-23,sh688256,-6290.4305107554201,-6290.4305107554201,0,3064.0187582832091,3064.0187582832091,-0.0025279226972993929,-0.0025279226972993929,0
2025-05-26,sh688019,-7494.4219370203728,-7494.4219370203728,0,11102.847314104303,11102.847314104303,-0.0030186627551554422,-0.0030186627551554422,0
2025-05-26,sh688256,-2172.2514915797547,-15629.559686002647,13457.308194422892,3064.0187582832091,0,-0.00087495669813724233,-0.0062953981107678495,0.0054204414126306074
2025-05-27,sh688019,-5784.5834506483507,-5784.5834506483507,0,11102.847314104303,11102.847314104303,-0.0023372315191162768,-0.0023372315191162768,0
2025-05-28,sh688019,2945.5649636368066,-1965.2039745965362,4910.7689382333429,11102.847314104303,0,0.0011908231303045819,-0.00079448607571250491,0.0019853092060170868
2025-06-03,sh688205,-46391.169183355742,-0,-46391.169183355742,0,24682.674524025388,-0.01892159354586229,-0,-0.01892159354586229
2025-06-04,sh688205,152538.92855847688,152538.92855847688,0,24682.674524025388,24682.674524025388,0.060914920577257489,0.060914920577257489,0
2025-06-05,sh688205,117736.35747960118,117736.35747960118,0,24682.674524025388,24682.674524025388,0.044603776975981078,0.044603776975981078,0
2025-06-06,sh688205,-81699.652674524259,-81699.652674524259,0,24682.674524025388,24682.674524025388,-0.030738979856426079,-0.030738979856426079,0
2025-06-09,sh688205,10613.550045330911,10613.550045330911,0,24682.674524025388,24682.674524025388,0.0040470892718145086,0.0040470892718145086,0
2025-06-10,sh688205,67877.354941069818,67877.354941069818,0,24682.674524025388,24682.674524025388,0.025502278635898244,0.025502278635898244,0
2025-06-11,sh688205,-30606.516409791355,-30606.516409791355,0,24682.674524025388,24682.674524025388,-0.01141876647458292,-0.01141876647458292,0
2025-06-12,sh688205,56276.497914777909,56276.497914777909,0,24682.674524025388,24682.674524025388,0.020896271247679329,0.020896271247679329,0
2025-06-13,sh688205,-11847.683771532284,-11847.683771532284,0,24682.674524025388,24682.674524025388,-0.0043630742756935936,-0.0043630742756935936,0
2025-06-16,sh688205,100705.31205802354,100705.31205802354,0,24682.674524025388,24682.674524025388,0.036493106141195185,0.036493106141195185,0
2025-06-17,sh603986,-4381.7926257636254,0,-4381.7926257636254,0,9887.9032258064526,-0.0015515061032548871,0,-0.0015515061032548871
2025-06-17,sh688205,32406.123591398769,35296.224569356469,-2890.1009779577007,24682.674524025388,23230.553400561374,0.011474367417404938,0.012497695011677579,-0.0010233275942726412
2025-06-18,sh603986,2966.3709677419079,2966.3709677419079,0,9887.9032258064526,9887.9032258064526,0.0010242075418115072,0.0010242075418115072,0
2025-06-18,sh688205,113829.71166275053,113829.71166275053,0,23230.553400561374,23230.553400561374,0.039302316006674852,0.039302316006674852,0
2025-06-19,sh603986,5833.8629032258405,5833.8629032258405,0,9887.9032258064526,9887.9032258064526,0.0019783163639555176,0.0019783163639555176,0
2025-06-19,sh688205,-18119.831652437897,-18119.831652437897,0,23230.553400561374,23230.553400561374,-0.0061446009384820352,-0.0061446009384820352,0
2025-06-20,sh603986,-42023.588709677424,-42023.588709677424,0,9887.9032258064526,9887.9032258064526,-0.014903171821500734,-0.014903171821500734,0
2025-06-20,sh688205,-200479.67584684456,-200479.67584684456,0,23230.553400561374,23230.553400561374,-0.07109776074826879,-0.07109776074826879,0
2025-06-23,sh603986,-14388.506658110333,12359.879032258066,-26748.385690368399,9887.9032258064526,0,-0.0053454797748585369,0.0045918235266890874,-0.0099373033015476234
2025-06-23,sh688205,-2685.8527651965996,-99194.463020396972,96508.610255200372,23230.553400561374,0,-0.0009978222185075495,-0.036851774020245864,0.035853951801738317
2025-07-01,sh600206,-12875.283954656024,-0,-12875.283954656024,0,70009.22460597755,-0.0048383809644030381,-0,-0.0048383809644030381
2025-07-01,sh601869,-31230.44477533855,-0,-31230.44477533855,0,31837.395155503869,-0.01173603549583814,-0,-0.01173603549583814
2025-07-02,sh600206,-28003.689842390919,-28003.689842390919,0,70009.22460597755,70009.22460597755,-0.010730008367547407,-0.010730008367547407,0
2025-07-02,sh601869,-30245.525397728765,-30245.525397728765,0,31837.395155503869,31837.395155503869,-0.011588999250635498,-0.011588999250635498,0
2025-07-03,sh600206,9487.4922178780871,14001.844921195459,-4514.3527033173732,70009.22460597755,35955.418760804409,0.0036656781397196832,0.005409886581688346,-0.001744208441968663
2025-07-03,sh601869,5254.5364701501076,9232.8445950960941,-3978.3081249459865,31837.395155503869,16415.907979998527,0.0020301929140656484,0.0035672900511998793,-0.0015370971371342311
2025-07-04,sh600206,1438.2167504321458,1438.2167504321458,0,35955.418760804409,35955.418760804409,0.0005561327377037544,0.0005561327377037544,0
2025-07-04,sh601869,-20355.725895198088,-20355.725895198088,0,16415.907979998527,16415.907979998527,-0.0078711957475409832,-0.0078711957475409832,0
2025-07-07,sh600206,5393.3128141206098,5393.3128141206098,0,35955.418760804409,35955.418760804409,0.002094688991277576,0.002094688991277576,0
2025-07-07,sh601869,-9192.9084687992126,-9192.9084687992126,0,16415.907979998527,16415.907979998527,-0.003570400017777549,-0.003570400017777549,0
2025-07-08,sh600206,1797.7709380402459,1797.7709380402459,0,35955.418760804409,35955.418760804409,0.0006945885998367431,0.0006945885998367431,0
2025-07-08,sh601869,29056.157124597328,29056.157124597328,0,16415.907979998527,16415.907979998527,0.011226166285573063,0.011226166285573063,0
2025-07-09,sh600206,-16179.938442361958,-16179.938442361958,0,35955.418760804409,35955.418760804409,-0.0062474415499599884,-0.0062474415499599884,0
2025-07-09,sh601869,-11491.135585998898,-11491.135585998898,0,16415.907979998527,16415.907979998527,-0.0044369883217994094,-0.0044369883217994094,0
2025-07-10,sh600206,15820.384254753986,15820.384254753986,0,35955.418760804409,35955.418760804409,0.0061152147029149189,0.0061152147029149189,0
2025-07-10,sh601869,6238.0450323993655,6238.0450323993655,0,16415.907979998527,16415.907979998527,0.0024112552568444031,0.0024112552568444031,0
2025-07-11,sh600206,20494.588693658523,20494.588693658523,0,35955.418760804409,35955.418760804409,0.007867978534716347,0.007867978534716347,0
2025-07-11,sh601869,-7058.8404313993615,-7058.8404313993615,0,16415.907979998527,16415.907979998527,-0.0027099253283098569,-0.0027099253283098569,0
2025-07-14,sh600206,-11505.734003457421,-11505.734003457421,0,35955.418760804409,35955.418760804409,-0.0044051969913149564,-0.0044051969913149564,0
2025-07-14,sh601869,12147.771905198942,12147.771905198942,0,16415.907979998527,16415.907979998527,0.0046510138537777974,0.0046510138537777974,0
2025-07-15,sh600206,1304.8653781868734,2157.3251256482185,-852.45974746134527,35955.418760804409,0,0.00049730280514759067,0.00082218737237933868,-0.00032488456723174812
2025-07-15,sh601869,984.9544787999489,984.9544787999489,0,16415.907979998527,16415.907979998527,0.00037538019893708081,0.00037538019893708081,0
2025-07-15,sh688498,21163.895694178322,0,21163.895694178322,0,2550.5350685853987,0.0080658624809176287,0,0.0080658624809176287
2025-07-16,sh601869,-164.15907979995259,-164.15907979995259,0,16415.907979998527,16415.907979998527,-6.2302564388175017e-05,-6.2302564388175017e-05,0
2025-07-16,sh688498,-1356.8846564873868,-1356.8846564873868,0,2550.5350685853987,2550.5350685853987,-0.00051497239008132254,-0.00051497239008132254,0
2025-07-17,sh601869,64678.677441194159,64678.677441194159,0,16415.907979998527,16415.907979998527,0.024158833414216301,0.024158833414216301,0
2025-07-17,sh688498,22026.42085230349,22026.42085230349,0,2550.5350685853987,2550.5350685853987,0.0082273270440020238,0.0082273270440020238,0
2025-07-18,sh601869,-14281.839942598794,-14281.839942598794,0,16415.907979998527,16415.907979998527,-0.0052887705850774222,-0.0052887705850774222,0
2025-07-18,sh688498,-26426.093845613363,-26426.093845613363,0,2550.5350685853987,2550.5350685853987,-0.009785962338949428,-0.009785962338949428,0
2025-07-21,sh601869,-8372.1130697992157,-8372.1130697992157,0,16415.907979998527,16415.907979998527,-0.0031397670570117745,-0.0031397670570117745,0
2025-07-21,sh688498,-18840.80255164034,-18840.80255164034,0,2550.5350685853987,2550.5350685853987,-0.0070658065277088306,-0.0070658065277088306,0
2025-07-22,sh601869,-15925.422718460941,-8700.4312293992371,-7224.9914890617038,16415.907979998527,33141.124359371577,-0.0059948938129765145,-0.0032751508245298113,-0.0027197429884467036
2025-07-22,sh688498,23139.356695452396,13645.362616931941,9493.9940785204544,2550.5350685853987,4572.3850321687933,0.0087104743617901405,0.0051365983417972251,0.0035738760199929154
2025-07-23,sh601869,-3314.1124359369692,-3314.1124359369692,0,33141.124359371577,33141.124359371577,-0.0012474410119468374,-0.0012474410119468374,0
2025-07-23,sh688498,-3438.4335441909761,-3438.4335441909761,0,4572.3850321687933,4572.3850321687933,-0.0012942358181233168,-0.0012942358181233168,0
2025-07-24,sh601869,-24193.020782341384,-24193.020782341384,0,33141.124359371577,33141.124359371577,-0.009208936324654287,-0.009208936324654287,0
2025-07-24,sh688498,-28092.733637645091,-28092.733637645091,0,4572.3850321687933,4572.3850321687933,-0.01069333993394396,-0.01069333993394396,0
2025-07-25,sh601869,-9610.9260642177287,-9610.9260642177287,0,33141.124359371577,33141.124359371577,-0.0036966848966503928,-0.0036966848966503928,0
2025-07-25,sh688498,7228.9407358589415,7228.9407358589415,0,4572.3850321687933,4572.3850321687933,0.0027804933529270289,0.0027804933529270289,0
2025-07-28,sh601869,2982.7011923435548,2982.7011923435548,0,33141.124359371577,33141.124359371577,0.0011416855201941364,0.0011416855201941364,0
2025-07-28,sh688498,24777.754489322611,24777.754489322611,0,4572.3850321687933,4572.3850321687933,0.0094841560381575627,0.0094841560381575627,0
2025-07-29,sh601869,125936.2725656119,125936.2725656119,0,33141.124359371577,33141.124359371577,0.046443921636882227,0.046443921636882227,0
2025-07-29,sh688498,46144.509744647519,46144.509744647519,0,4572.3850321687933,4572.3850321687933,0.017017591126783596,0.017017591126783596,0
2025-07-30,sh601869,146483.76966842244,146483.76966842244,0,33141.124359371577,33141.124359371577,0.050835407477749291,0.050835407477749291,0
2025-07-30,sh688498,21147.280773780669,21147.280773780669,0,4572.3850321687933,4572.3850321687933,0.0073389061301120957,0.0073389061301120957,0
2025-07-31,sh601869,73904.707321398513,73904.707321398513,0,33141.124359371577,33141.124359371577,0.024440673357064645,0.024440673357064645,0
2025-07-31,sh688498,42203.113846917913,42203.113846917913,0,4572.3850321687933,4572.3850321687933,0.013956790542418916,0.013956790542418916,0
2025-08-01,sh601869,-3976.9349231245046,-3976.9349231245046,0,33141.124359371577,33141.124359371577,-0.0013023374771151456,-0.0013023374771151456,0
2025-08-01,sh688498,-52998.514907868521,-52998.514907868521,0,4572.3850321687933,4572.3850321687933,-0.017355564908699932,-0.017355564908699932,0
2025-08-04,sh601869,36123.825551714894,36123.825551714894,0,33141.124359371577,33141.124359371577,0.011906826288884599,0.011906826288884599,0
2025-08-04,sh688498,-18938.818803243124,-18938.818803243124,0,4572.3850321687933,4572.3850321687933,-0.006242451406040855,-0.006242451406040855,0
2025-08-05,sh601869,171671.02418154475,171671.02418154475,0,33141.124359371577,33141.124359371577,0.054873224037614889,0.054873224037614889,0
2025-08-05,sh688498,1988.9874889934354,1988.9874889934354,0,4572.3850321687933,4572.3850321687933,0.00063576341209527784,0.00063576341209527784,0
2025-08-06,sh601869,-129913.2074887364,-129913.2074887364,0,33141.124359371577,33141.124359371577,-0.041210294019503012,-0.041210294019503012,0
2025-08-06,sh688498,3378.9925387727581,3378.9925387727581,0,4572.3850321687933,4572.3850321687933,0.0010718638905486599,0.0010718638905486599,0
2025-08-07,sh601869,23861.609538747496,23861.609538747496,0,33141.124359371577,33141.124359371577,0.0076708162446850661,0.0076708162446850661,0
2025-08-07,sh688498,18431.284064672433,18431.284064672433,0,4572.3850321687933,4572.3850321687933,0.0059251239101918325,0.0059251239101918325,0
2025-08-08,sh601869,63630.958769993253,63630.958769993253,0,33141.124359371577,33141.124359371577,0.020009900018080749,0.020009900018080749,0
2025-08-08,sh688498,33017.192317290872,33017.192317290872,0,4572.3850321687933,4572.3850321687933,0.010382850265306545,0.010382850265306545,0
2025-08-11,sh601869,-27175.721974684468,-27175.721974684468,0,33141.124359371577,33141.124359371577,-0.0084161387351316605,-0.0084161387351316605,0
2025-08-11,sh688498,28092.73363764496,28092.73363764496,0,4572.3850321687933,4572.3850321687933,0.0087001310936198253,0.0087001310936198253,0
2025-08-12,sh601869,34798.180577340063,34798.180577340063,0,33141.124359371577,33141.124359371577,0.010584197674906036,0.010584197674906036,0
2025-08-12,sh688498,82476.681210260736,82476.681210260736,0,4572.3850321687933,4572.3850321687933,0.025086067231574073,0.025086067231574073,0
2025-08-13,sh601869,42420.639179995655,42420.639179995655,0,33141.124359371577,33141.124359371577,0.012532111193744368,0.012532111193744368,0
2025-08-13,sh688498,34311.177281394579,34311.177281394579,0,4572.3850321687933,4572.3850321687933,0.01013637458535712,0.01013637458535712,0
2025-08-14,sh601869,-148472.2371299848,-148472.2371299848,0,33141.124359371577,33141.124359371577,-0.044691404681649456,-0.044691404681649456,0
2025-08-14,sh688498,-52111.472211627697,-52111.472211627697,0,4572.3850321687933,4572.3850321687933,-0.015685995834544088,-0.015685995834544088,0
2025-08-15,sh601869,16239.150936092139,16239.150936092139,0,33141.124359371577,33141.124359371577,0.005022380845234045,0.005022380845234045,0
2025-08-15,sh688498,4732.4185082946851,4732.4185082946851,0,4572.3850321687933,4572.3850321687933,0.0014636238163699177,0.0014636238163699177,0
2025-08-18,sh601869,70590.594885461542,70590.594885461542,0,33141.124359371577,33141.124359371577,0.021414434851463927,0.021414434851463927,0
2025-08-18,sh688498,35070.193196734719,35070.193196734719,0,4572.3850321687933,4572.3850321687933,0.010638929572109367,0.010638929572109367,0
2025-08-19,sh601869,127924.74002717427,127924.74002717427,0,33141.124359371577,33141.124359371577,0.037515040114519747,0.037515040114519747,0
2025-08-19,sh688498,-6314.4637294251042,-6314.4637294251042,0,4572.3850321687933,4572.3850321687933,-0.0018517712841217596,-0.0018517712841217596,0
2025-08-20,sh601869,77881.64224452326,77881.64224452326,0,33141.124359371577,33141.124359371577,0.022248529127505891,0.022248529127505891,0
2025-08-20,sh688498,-18906.81210801805,-18906.81210801805,0,4572.3850321687933,4572.3850321687933,-0.0054011285300433068,-0.0054011285300433068,0
2025-08-21,sh601869,-172002.43542513865,-172002.43542513865,0,33141.124359371577,33141.124359371577,-0.050115968157007015,-0.050115968157007015,0
2025-08-21,sh688498,-22189.784561115062,-22189.784561115062,0,4572.3850321687933,4572.3850321687933,-0.0064653883168979661,-0.0064653883168979661,0
2025-08-22,sh601869,85835.512090772492,85835.512090772492,0,33141.124359371577,33141.124359371577,0.025379694429642292,0.025379694429642292,0
2025-08-22,sh688498,6881.4394734140133,6881.4394734140133,0,4572.3850321687933,4572.3850321687933,0.0020346920151956705,0.0020346920151956705,0
2025-08-25,sh601869,195532.63372029201,195532.63372029201,0,33141.124359371577,33141.124359371577,0.054851751971420407,0.054851751971420407,0
2025-08-25,sh688498,80268.219239723199,80268.219239723199,0,4572.3850321687933,4572.3850321687933,0.022517225739531237,0.022517225739531237,0
2025-08-26,sh601869,214025.38111282207,214025.38111282207,0,33141.124359371577,33141.124359371577,0.056590245691248466,0.056590245691248466,0
2025-08-26,sh688498,-57762.940111388409,-57762.940111388409,0,4572.3850321687933,4572.3850321687933,-0.015273043579019277,-0.015273043579019277,0
2025-08-27,sh601869,143832.47971967229,143832.47971967229,0,33141.124359371577,33141.124359371577,0.036230442100624684,0.036230442100624684,0
2025-08-27,sh688498,76701.758914631529,76701.758914631529,0,4572.3850321687933,4572.3850321687933,0.019320661374876855,0.019320661374876855,0
2025-08-28,sh601869,222926.11091094415,249884.0776696619,-26957.966758717754,33141.124359371577,29627.378769276391,0.052837854576396934,0.059227420704168747,-0.0063895661277718141
2025-08-28,sh688498,55819.425735365141,63126.347754122282,-7306.9220187571427,4572.3850321687933,4133.4094299405861,0.013230297193501247,0.014962180827277986,-0.0017318836337767405
2025-08-29,sh601869,245907.24378499395,245907.24378499395,0,29627.378769276391,29627.378769276391,0.055154496481276884,0.055154496481276884,0
2025-08-29,sh688498,-47335.804791679584,-47335.804791679584,0,4133.4094299405861,4133.4094299405861,-0.010616940105692078,-0.010616940105692078,0
2025-09-01,sh601869,21627.986501571882,21627.986501571882,0,29627.378769276391,29627.378769276391,0.0046471751496187661,0.0046471751496187661,0
2025-09-01,sh688498,170631.27467737737,170631.27467737737,0,4133.4094299405861,4133.4094299405861,0.036663302863206966,0.036663302863206966,0
2025-09-02,sh601869,-272571.8846773429,-272571.8846773429,0,29627.378769276391,29627.378769276391,-0.059212685233948681,-0.059212685233948681,0
2025-09-02,sh688498,-19402.223864141062,-19402.223864141062,0,4133.4094299405861,4133.4094299405861,-0.0042148799604403552,-0.0042148799604403552,0
2025-09-03,sh601869,217194.51697447628,245314.69620960855,-28120.179235132269,29627.378769276391,26114.924755646331,0.046980275722646472,0.053062813128468743,-0.0060825374058222697
2025-09-03,sh688498,115342.78019808195,130681.87253700163,-15339.092338919689,4133.4094299405861,3674.3456277059304,0.024949228423474863,0.028267151902649373,-0.0033179234791745082
2025-09-04,sh601869,-132141.51926357049,-132141.51926357049,0,26114.924755646331,26114.924755646331,-0.028233134610748382,-0.028233134610748382,0
2025-09-04,sh688498,-88114.482498016005,-88114.482498016005,0,3674.3456277059304,3674.3456277059304,-0.01882639203323247,-0.01882639203323247,0
2025-09-05,sh601869,-56075.459796404131,100542.4603092386,-156617.92010564273,26114.924755646331,0,-0.012371505538518292,0.022181924305001668,-0.034553429843519959
2025-09-05,sh688498,-20659.273692553899,26098.87699359515,-46758.150686149049,3674.3456277059304,0,-0.0045578996558773722,0.0057579982838780941,-0.010315897939755465
2025-09-16,sh603986,-442.04463186433605,-0,-442.04463186433605,0,5722.7091633466134,-9.7734918699474456e-05,-0,-9.7734918699474456e-05
2025-09-16,sh688041,57607.326865437833,0,57607.326865437833,0,4951.0765085746052,0.012736830179210379,0,0.012736830179210379
2025-09-17,sh603986,-14650.135458167344,-14650.135458167344,0,5722.7091633466134,5722.7091633466134,-0.0032297479699260833,-0.0032297479699260833,0
2025-09-17,sh688041,-16388.063243381956,-16388.063243381956,0,4951.0765085746052,4951.0765085746052,-0.0036128890509217393,-0.0036128890509217393,0
2025-09-18,sh603986,24493.19521912351,24493.19521912351,0,5722.7091633466134,5722.7091633466134,0.0054003287077954995,0.0054003287077954995,0
2025-09-18,sh688041,5545.2056896035801,5545.2056896035801,0,4951.0765085746052,4951.0765085746052,0.0012226225777523839,0.0012226225777523839,0
2025-09-19,sh601869,101315.60875408532,0,101315.60875408532,0,18848.308000522626,0.022135822103762363,0,0.022135822103762363
2025-09-19,sh603986,17680.204122087278,-32504.988047808802,50185.19216989608,5722.7091633466134,0,0.003862838688110326,-0.0071018142392813115,0.010964652927391638
2025-09-19,sh688041,-65971.033712153614,-38865.950592310626,-27105.083119842988,4951.0765085746052,7147.2018768894395,-0.0144136040261877,-0.0084915816899764178,-0.0059220223362112818
2025-09-22,sh601869,-100649.96472279089,-100649.96472279089,0,18848.308000522626,18848.308000522626,-0.021676127379070834,-0.021676127379070834,0
2025-09-22,sh688041,180466.84739145855,180466.84739145855,0,7147.2018768894395,7147.2018768894395,0.038865610957047964,0.038865610957047964,0
2025-09-23,sh601869,37508.132921039927,37508.132921039927,0,18848.308000522626,18848.308000522626,0.008016744614713257,0.008016744614713257,0
2025-09-23,sh688041,-46814.172293626114,-46814.172293626114,0,7147.2018768894395,7147.2018768894395,-0.010005757002547716,-0.010005757002547716,0
2025-09-24,sh601869,-131372.70676364267,-131372.70676364267,0,18848.308000522626,18848.308000522626,-0.028393143001776769,-0.028393143001776769,0
2025-09-24,sh688041,37379.865816131693,37379.865816131693,0,7147.2018768894395,7147.2018768894395,0.0080787851727386131,0.0080787851727386131,0
2025-09-25,sh601869,-43224.542756407078,-41843.243761160207,-1381.2989952468702,18848.308000522626,17344.174611143335,-0.0094294850320352751,-0.0091281530254979683,-0.00030133200653730609
2025-09-25,sh688041,51022.068354627881,57392.031071422411,-6369.9627167945291,7147.2018768894395,6397.5095336449467,0.011130524446834782,0.012520139333709055,-0.0013896148868742723
2025-09-26,sh601869,-88108.40702460811,-88108.40702460811,0,17344.174611143335,17344.174611143335,-0.019513628671431919,-0.019513628671431919,0
2025-09-26,sh688041,-56426.034086748383,-56426.034086748383,0,6397.5095336449467,6397.5095336449467,-0.012496840128579836,-0.012496840128579836,0
2025-09-29,sh601869,44227.645258415454,44227.645258415454,0,17344.174611143335,17344.174611143335,0.0099276016595137261,0.0099276016595137261,0
2025-09-29,sh688041,-20855.881079682651,-20855.881079682651,0,6397.5095336449467,6397.5095336449467,-0.0046814357492360962,-0.0046814357492360962,0
2025-09-30,sh601869,-81691.062418485002,-81691.062418485002,0,17344.174611143335,17344.174611143335,-0.018501786435364598,-0.018501786435364598,0
2025-09-30,sh688041,-20727.930889009505,-20727.930889009505,0,6397.5095336449467,6397.5095336449467,-0.0046945619165882201,-0.0046945619165882201,0
2025-10-09,sh601869,-49604.339387869928,-49604.339387869928,0,17344.174611143335,17344.174611143335,-0.011343542355112491,-0.011343542355112491,0
2025-10-09,sh688041,66853.974626589625,66853.974626589625,0,6397.5095336449467,6397.5095336449467,0.01528819660019063,0.01528819660019063,0
2025-10-10,sh601869,-117073.17862521751,-117073.17862521751,0,17344.174611143335,17344.174611143335,-0.027528694581871023,-0.027528694581871023,0
2025-10-10,sh688041,-137930.30554538505,-137930.30554538505,0,6397.5095336449467,6397.5095336449467,-0.032433058532547396,-0.032433058532547396,0
2025-10-13,sh601869,-45615.179227306893,-45615.179227306893,0,17344.174611143335,17344.174611143335,-0.011093873705475765,-0.011093873705475765,0
2025-10-13,sh688041,16057.748929448759,16057.748929448759,0,6397.5095336449467,6397.5095336449467,0.0039053368118939801,0.0039053368118939801,0
2025-10-14,sh601869,-59317.077170110235,-59317.077170110235,0,17344.174611143335,17344.174611143335,-0.014776421798027954,-0.014776421798027954,0
2025-10-14,sh688041,-104919.15635177698,-104919.15635177698,0,6397.5095336449467,6397.5095336449467,-0.026136313232377351,-0.026136313232377351,0
2025-10-15,sh601869,12645.963456865684,14395.664927248938,-1749.7014703832533,17344.174611143335,0,0.0032099293045750204,0.0036540566376325875,-0.00044412733305756698
2025-10-15,sh688041,1145.1467495854013,86046.503227524459,-84901.356477939058,6397.5095336449467,0,0.00029067299791518404,0.021841213855183565,-0.021550540857268385
2025-10-29,sh688347,54713.323952117673,0,54713.323952117673,0,7084,0.013846303088593739,0,0.013846303088593739
2025-10-29,sh688498,-44836.35341402515,-0,-44836.35341402515,0,2832.8393598103139,-0.011346737758086221,-0,-0.011346737758086221
2025-10-30,sh688347,-47179.439999999973,-47179.439999999973,0,7084,7084,-0.011961088800559695,-0.011961088800559695,0
2025-10-30,sh688498,23192.455838766913,23192.455838766913,0,2832.8393598103139,2832.8393598103139,0.0058798286666935928,0.0058798286666935928,0
2025-10-31,sh688347,-58726.360000000044,-58726.360000000044,0,7084,7084,-0.015094169406012952,-0.015094169406012952,0
2025-10-31,sh688498,-24504.06046235915,-24504.06046235915,0,2832.8393598103139,2832.8393598103139,-0.0062981672924055368,-0.0062981672924055368,0
2025-11-03,sh688347,-16293.199999999981,-16293.199999999981,0,7084,7084,-0.0042193916523266851,-0.0042193916523266851,0
2025-11-03,sh688498,40931.695909899259,40931.695909899259,0,2832.8393598103139,2832.8393598103139,0.010599934699003475,0.010599934699003475,0
2025-11-04,sh688347,10059.280000000012,10059.280000000012,0,7084,7084,0.0026018528171028975,0.0026018528171028975,0
2025-11-04,sh688498,-25325.583876704201,-25325.583876704201,0,2832.8393598103139,2832.8393598103139,-0.0065505127359391999,-0.0065505127359391999,0
2025-11-05,sh688347,-22668.800000000021,-22668.800000000021,0,7084,7084,-0.0058721719200020657,-0.0058721719200020657,0
2025-11-05,sh688498,26283.083580319988,26283.083580319988,0,2832.8393598103139,2832.8393598103139,0.0068084232677257835,0.0068084232677257835,0
2025-11-06,sh688347,44558.360000000044,44558.360000000044,0,7084,7084,0.011227720594962213,0.011227720594962213,0
2025-11-06,sh688498,170213.98577356257,170213.98577356257,0,2832.8393598103139,2832.8393598103139,0.042890157394043046,0.042890157394043046,0
2025-11-07,sh688347,-10626,-10626,0,7084,7084,-0.0026264597799400022,-0.0026264597799400022,0
2025-11-07,sh688498,-51628.497332542873,-51628.497332542873,0,2832.8393598103139,2832.8393598103139,-0.012761168054080891,-0.012761168054080891,0
2025-11-10,sh688347,-48950.440000000075,-48950.440000000075,0,7084,7084,-0.012232044909994765,-0.012232044909994765,0
2025-11-10,sh688498,23212.285714285597,23212.285714285597,0,2832.8393598103139,2832.8393598103139,0.0058004324643613188,0.0058004324643613188,0
2025-11-11,sh688347,-32232.199999999979,-32232.199999999979,0,7084,7084,-0.0081211840075141959,-0.0081211840075141959,0
2025-11-11,sh688498,-7821.4694724361843,-7821.4694724361843,0,2832.8393598103139,2832.8393598103139,-0.0019706874738556249,-0.0019706874738556249,0
2025-11-12,sh688347,-6517.2800000000125,-6517.2800000000125,0,7084,7084,-0.0016592246779777457,-0.0016592246779777457,0
2025-11-12,sh688498,-35416.157676348572,-35416.157676348572,0,2832.8393598103139,2832.8393598103139,-0.0090165472122953772,-0.0090165472122953772,0
2025-11-13,sh688347,21039.479999999992,21039.479999999992,0,7084,7084,0.0053846062657797065,0.0053846062657797065,0
2025-11-13,sh688498,-20317.123888559643,-20317.123888559643,0,2832.8393598103139,2832.8393598103139,-0.005199734622384245,-0.005199734622384245,0
2025-11-14,sh688347,-32728.079999999933,-32728.079999999933,0,7084,7084,-0.008487542543384333,-0.008487542543384333,0
2025-11-14,sh688498,-70186.427978660373,-70186.427978660373,0,2832.8393598103139,2832.8393598103139,-0.018201809988152729,-0.018201809988152729,0
2025-11-17,sh688347,9705.0799999999308,9705.0799999999308,0,7084,7084,0.0025518299837296822,0.0025518299837296822,0
2025-11-17,sh688498,-12906.416123295743,-12906.416123295743,0,2832.8393598103139,2832.8393598103139,-0.0033935814692839755,-0.0033935814692839755,0
2025-11-18,sh688347,27485.920000000067,27485.920000000067,0,7084,7084,0.0071553232690271702,0.0071553232690271702,0
2025-11-18,sh688498,52271.55186721991,52271.55186721991,0,2832.8393598103139,2832.8393598103139,0.013607689005268091,0.013607689005268091,0
2025-11-19,sh688347,-17568.320000000029,-17568.320000000029,0,7084,7084,-0.0045141873236205238,-0.0045141873236205238,0
2025-11-19,sh688498,38506.78541790165,38506.78541790165,0,2832.8393598103139,2832.8393598103139,0.0098943349510292947,0.0098943349510292947,0
2025-11-20,sh688347,-11263.560000000025,-11263.560000000025,0,7084,7084,-0.0028735284282035353,-0.0028735284282035353,0
2025-11-20,sh688498,46288.595139300458,46288.595139300458,0,2832.8393598103139,2832.8393598103139,0.011809018998823067,0.011809018998823067,0
2025-11-21,sh688347,-19863.848914447881,-43283.239999999998,23419.391085552117,7084,0,-0.005132723632109884,-0.0111841823696462,0.0060514587375363159
2025-11-21,sh688498,-113894.30646117362,-113894.30646117362,0,2832.8393598103139,2832.8393598103139,-0.029429744499860442,-0.029429744499860442,0
2025-11-24,sh688498,4279.3424098180185,-34926.076467101382,39205.418876919401,2832.8393598103139,0,0.0011244601772867728,-0.0091773404357699678,0.010301800613056741
2025-12-03,sh688205,-45089.4390079679,-0,-45089.4390079679,0,8499,-0.011908264751602721,-0,-0.011908264751602721
2025-12-03,sz002371,2315.2707216377139,0,2315.2707216377139,0,1903.3566102826621,0.00061147038711269056,0,0.00061147038711269056
2025-12-04,sh688205,-8244.0299999999897,-8244.0299999999897,0,8499,8499,-0.0021832192468459527,-0.0021832192468459527,0
2025-12-04,sz002371,30339.504367905629,30339.504367905629,0,1903.3566102826621,1903.3566102826621,0.0080346371708713473,0.0080346371708713473,0
2025-12-05,sh688205,37565.580000000016,37565.580000000016,0,8499,8499,0.009868609490584327,0.009868609490584327,0
2025-12-05,sz002371,1351.3831933006511,1351.3831933006511,0,1903.3566102826621,1903.3566102826621,0.00035501309993943796,0.00035501309993943796,0
2025-12-08,sh688205,136153.9800000001,136153.9800000001,0,8499,8499,0.033965719853854104,0.033965719853854104,0
2025-12-08,sh688498,236837.51983662252,0,236837.51983662252,0,5102.1000116022742,0.0590827888369648,0,0.0590827888369648
2025-12-08,sz002371,-2265.9334502592246,23791.957628533277,-26057.891078792502,1903.3566102826621,0,-0.00056527220709216006,0.0059352724583264316,-0.0065005446654185913
2025-12-09,sh688205,208394.0835974912,233722.5,-25328.416402508781,8499,7411,0.048337799046533847,0.054212821413273153,-0.0058750223667393044
2025-12-09,sh688498,22493.578510861742,26418.67386007656,-3925.0953492148192,5102.1000116022742,4614.8589075031159,0.0052174709527528854,0.0061279117241679268,-0.00091044077141504143
2025-12-10,sh688205,58398.679999999964,58398.679999999964,0,7411,7411,0.01302846371141273,0.01302846371141273,0
2025-12-10,sh688498,51478.751113197133,51478.751113197133,0,4614.8589075031159,4614.8589075031159,0.01148466096814409,0.01148466096814409,0
2025-12-11,sh688205,-68477.640000000072,-68477.640000000072,0,7411,7411,-0.015363414866986679,-0.015363414866986679,0
2025-12-11,sh688498,-91300.368626041614,-91300.368626041614,0,4614.8589075031159,4614.8589075031159,-0.020483846124233988,-0.020483846124233988,0
2025-12-12,sh688205,80705.79000000011,80705.79000000011,0,7411,7411,0.0182145844400689,0.0182145844400689,0
2025-12-12,sh688498,25833.980164202505,25833.980164202505,0,4614.8589075031159,4614.8589075031159,0.0058305012951850275,0.0058305012951850275,0
2025-12-15,sh688205,-78334.270000000164,-78334.270000000164,0,7411,7411,-0.017869492640058365,-0.017869492640058365,0
2025-12-15,sh688498,-121407.70813859194,-121407.70813859194,0,4614.8589075031159,4614.8589075031159,-0.027695338796530793,-0.027695338796530793,0
2025-12-16,sh688205,-78111.939999999944,-78111.939999999944,0,7411,7411,-0.018632365258981713,-0.018632365258981713,0
2025-12-16,sh688498,-105158.78992527367,-105158.78992527367,0,4614.8589075031159,4614.8589075031159,-0.025083962632092182,-0.025083962632092182,0
2025-12-17,sh688205,48616.160000000018,48616.160000000018,0,7411,7411,0.011503208079297654,0.011503208079297654,0
2025-12-17,sh688498,203916.77054584023,203916.77054584023,0,4614.8589075031159,4614.8589075031159,0.048249327845868419,0.048249327845868419,0
2025-12-18,sh688205,15785.429999999966,15785.429999999966,0,7411,7411,0.0036584525167798754,0.0036584525167798754,0
2025-12-18,sh688498,-93658.561527775804,-93658.561527775804,0,4614.8589075031159,4614.8589075031159,-0.021706434359993674,-0.021706434359993674,0
2025-12-19,sh688205,-82484.429999999964,-82484.429999999964,0,7411,7411,-0.019609402449391182,-0.019609402449391182,0
2025-12-19,sh688498,-55941.319676752573,-55941.319676752573,0,4614.8589075031159,4614.8589075031159,-0.013299186902200664,-0.013299186902200664,0
2025-12-22,sh688205,23048.210000000101,23048.210000000101,0,7411,7411,0.0055088278046242596,0.0055088278046242596,0
2025-12-22,sh688498,69956.646178839699,69956.646178839699,0,4614.8589075031159,4614.8589075031159,0.016720566047786441,0.016720566047786441,0
2025-12-23,sh688205,28828.789999999899,28828.789999999899,0,7411,7411,0.0067822179086457378,0.0067822179086457378,0
2025-12-23,sh688498,11435.62037279276,11435.62037279276,0,4614.8589075031159,4614.8589075031159,0.0026903269019903152,0.0026903269019903152,0
2025-12-24,sh688205,-17638.179999999968,-17638.179999999968,0,7411,7411,-0.0041339128464526519,-0.0041339128464526519,0
2025-12-24,sh688498,9432.7716069362887,9432.7716069362887,0,4614.8589075031159,4614.8589075031159,0.0022107868115399561,0.0022107868115399561,0
2025-12-25,sh688205,-20899.01999999995,-20899.01999999995,0,7411,7411,-0.004856048011892637,-0.004856048011892637,0
2025-12-25,sh688498,103377.45438697735,103377.45438697735,0,4614.8589075031159,4614.8589075031159,0.024020546506506254,0.024020546506506254,0
2025-12-26,sh688205,-54026.190000000155,-54026.190000000155,0,7411,7411,-0.012681709071956053,-0.012681709071956053,0
2025-12-26,sh688498,-114688.47356926759,-114688.47356926759,0,4614.8589075031159,4614.8589075031159,-0.026921125767191221,-0.026921125767191221,0
2025-12-29,sh688205,-12969.25,-12969.25,0,7411,7411,-0.0030608598500767898,-0.0030608598500767898,0
2025-12-29,sh688498,135076.92022261638,135076.92022261638,0,4614.8589075031159,4614.8589075031159,0.031879370185741815,0.031879370185741815,0
2025-12-30,sh688205,-6521.6799999999666,-6521.6799999999666,0,7411,7411,-0.001532586986057906,-0.001532586986057906,0
2025-12-30,sh688498,-79454.02581048134,-79454.02581048134,0,4614.8589075031159,4614.8589075031159,-0.018671600867729371,-0.018671600867729371,0
2025-12-31,sh688205,-40019.400000000045,-40019.400000000045,0,7411,7411,-0.0096097054459997229,-0.0096097054459997229,0
2025-12-31,sh688498,-55655.198424487586,-55655.198424487586,0,4614.8589075031159,4614.8589075031159,-0.013364269914041514,-0.013364269914041514,0
