date,symbol,pnl,carry,execution,units_before,units_after,log_contribution,carry_log_contribution,execution_log_contribution
2023-01-19,sh688012,13227.950328453242,0,13227.950328453242,0,6799.6045687950736,0.0065930180320927911,0,0.0065930180320927911
2023-01-19,sh688019,-499.74972756535686,-0,-499.74972756535686,0,7521.6072869825894,-0.00024908310687292467,-0,-0.00024908310687292467
2023-01-20,sh688012,-2645.0461772613517,-2645.0461772613517,0,6799.6045687950736,6799.6045687950736,-0.0013185342447065702,-0.0013185342447065702,0
2023-01-20,sh688019,-10695.725562089219,-10695.725562089219,0,7521.6072869825894,7521.6072869825894,-0.0053317331647494363,-0.0053317331647494363,0
2023-01-30,sh688012,-6616.0152454375993,-6616.0152454375993,0,6799.6045687950736,6799.6045687950736,-0.0033184340931276929,-0.0033184340931276929,0
2023-01-30,sh688019,-4716.0477689381551,-4716.0477689381551,0,7521.6072869825894,7521.6072869825894,-0.002365456112280776,-0.002365456112280776,0
2023-01-31,sh603986,-59158.538773137749,-0,-59158.538773137749,0,9129.1432407485099,-0.030367835406879685,-0,-0.030367835406879685
2023-01-31,sh688012,-19504.278760598383,-9172.6665633044831,-10331.6121972939,6799.6045687950736,12558.924910867132,-0.010012125711947085,-0.004708602244298552,-0.0053035234676485337
2023-01-31,sh688019,-776.60873311907335,-2504.6952265651903,1728.0864934461169,7521.6072869825894,0,-0.00039865633384464491,-0.001285734468128321,0.0008870781342836761
2023-02-01,sh603986,4108.114458336855,4108.114458336855,0,9129.1432407485099,9129.1432407485099,0.0021458381158760823,0.0021458381158760823,0
2023-02-01,sh688012,7585.5906461637378,7585.5906461637378,0,12558.924910867132,12558.924910867132,0.0039622677763854353,0.0039622677763854353,0
2023-02-02,sh603986,19079.909373164286,19079.909373164286,0,9129.1432407485099,9129.1432407485099,0.0098198626340444562,0.0098198626340444562,0
2023-02-02,sh688012,26461.65478719704,26461.65478719704,0,12558.924910867132,12558.924910867132,0.013619027742618953,0.013619027742618953,0
2023-02-03,sh603986,3925.5315935219214,3925.5315935219214,0,9129.1432407485099,9129.1432407485099,0.0019979935931969954,0.0019979935931969954,0
2023-02-03,sh688012,-6153.8732063250091,-6153.8732063250091,0,12558.924910867132,12558.924910867132,-0.0031321615803256834,-0.0031321615803256834,0
2023-02-06,sh603986,-28574.218343542794,-28574.218343542794,0,9129.1432407485099,9129.1432407485099,-0.014686483684995793,-0.014686483684995793,0
2023-02-06,sh688012,-7334.4121479462665,-7334.4121479462665,0,12558.924910867132,12558.924910867132,-0.0037697172694205871,-0.0037697172694205871,0
2023-02-07,sh603986,-8216.22891667371,-8216.22891667371,0,9129.1432407485099,9129.1432407485099,-0.0042965886071384277,-0.0042965886071384277,0
2023-02-07,sh688012,-22593.505914650053,-22593.505914650053,0,12558.924910867132,12558.924910867132,-0.011815031091843084,-0.011815031091843084,0
2023-02-08,sh603986,1429.5504277120317,-3742.9487287068578,5172.4991564188895,9129.1432407485099,0,0.00077307708909220003,-0.0020241244042304828,0.0027972014933226831
2023-02-08,sh688012,-3311.2789856724985,2536.9028319951376,-5848.1818176676361,12558.924910867132,0,-0.001790684588519831,0.0013719148472484857,-0.0031625994357683167
2023-02-08,sh688256,-39554.794261825315,-0,-39554.794261825315,0,17884.305247166063,-0.021390574697328954,-0,-0.021390574697328954
2023-02-08,sz300394,-53226.232195401011,-0,-53226.232195401011,0,92034.799054373536,-0.028783860891722943,-0,-0.028783860891722943
2023-02-09,sh688256,51238.534533130805,51238.534533130805,0,17884.305247166063,17884.305247166063,0.027182760042951306,0.027182760042951306,0
2023-02-09,sz300394,116700.12520094571,116700.12520094571,0,92034.799054373536,92034.799054373536,0.061911050525235434,0.061911050525235434,0
2023-02-10,sh688256,482.87624167350202,482.87624167350202,0,17884.305247166063,17884.305247166063,0.00023939879508405847,0.00023939879508405847,0
2023-02-10,sz300394,93967.529834515284,93967.529834515284,0,92034.799054373536,92034.799054373536,0.046586912914673512,0.046586912914673512,0
2023-02-13,sh688256,100706.52284679211,100706.52284679211,0,17884.305247166063,17884.305247166063,0.046556661566001946,0.046556661566001946,0
2023-02-13,sz300394,99305.548179669102,99305.548179669102,0,92034.799054373536,92034.799054373536,0.045908990475828207,0.045908990475828207,0
2023-02-14,sh688256,-24251.117915157211,-24251.117915157211,0,17884.305247166063,17884.305247166063,-0.010960760676272758,-0.010960760676272758,0
2023-02-14,sz300394,-79149.927186761182,-79149.927186761182,0,92034.799054373536,92034.799054373536,-0.035773336819919545,-0.035773336819919545,0
2023-02-15,sh688256,43458.861750613527,43458.861750613527,0,17884.305247166063,17884.305247166063,0.019716982572181834,0.019716982572181834,0
2023-02-15,sz300394,42888.216359338003,42888.216359338003,0,92034.799054373536,92034.799054373536,0.019458084736816494,0.019458084736816494,0
2023-02-16,sh688256,-103228.20988664249,-103228.20988664249,0,17884.305247166063,17884.305247166063,-0.047711827668869639,-0.047711827668869639,0
2023-02-16,sz300394,-62675.698156028302,-62675.698156028302,0,92034.799054373536,92034.799054373536,-0.028968555327369489,-0.028968555327369489,0
2023-02-17,sh688256,-4764.0323738157849,-5991.2422578006463,1227.2098839848611,17884.305247166063,14981.533773505584,-0.0023082142634275964,-0.0029028079051505516,0.00059459364172295508
2023-02-17,sz300394,-30610.529675541733,-35893.571631205734,5283.0419556639999,92034.799054373536,77449.250814106941,-0.01483106235727928,-0.017390741183849236,0.0025596788265699554
2023-02-20,sh688256,24629.641523643153,24629.641523643153,0,14981.533773505584,14981.533773505584,0.011851373263487385,0.011851373263487385,0
2023-02-20,sz300394,39499.117915194525,39499.117915194525,0,77449.250814106941,77449.250814106941,0.019006317633251082,0.019006317633251082,0
2023-02-21,sh688256,28659.674108716132,28659.674108716132,0,14981.533773505584,14981.533773505584,0.013477819017505324,0.013477819017505324,0
2023-02-21,sz300394,3407.7670358207429,3407.7670358207429,0,77449.250814106941,77449.250814106941,0.0016025746555381906,0.0016025746555381906,0
2023-02-22,sh688256,-9048.8463991973604,-9048.8463991973604,0,14981.533773505584,14981.533773505584,-0.0042610131632382937,-0.0042610131632382937,0
2023-02-22,sz300394,-28578.773550405444,-28578.773550405444,0,77449.250814106941,77449.250814106941,-0.013457464622041265,-0.013457464622041265,0
2023-02-23,sh688256,-11865.374748616447,-11865.374748616447,0,14981.533773505584,14981.533773505584,-0.0056541796006204298,-0.0056541796006204298,0
2023-02-23,sz300394,-851.9417589552545,-851.9417589552545,0,77449.250814106941,77449.250814106941,-0.00040597383702214491,-0.00040597383702214491,0
2023-02-24,sh688256,47356.628258051169,47356.628258051169,0,14981.533773505584,14981.533773505584,0.021909019469573854,0.021909019469573854,0
2023-02-24,sz300394,92861.651726114214,92861.651726114214,0,77449.250814106941,77449.250814106941,0.04296141449424945,0.04296141449424945,0
2023-02-27,sh688256,-27760.782082305763,-27760.782082305763,0,14981.533773505584,14981.533773505584,-0.012635691436741146,-0.012635691436741146,0
2023-02-27,sz300394,-42597.087947758737,-42597.087947758737,0,77449.250814106941,77449.250814106941,-0.019388634578658775,-0.019388634578658775,0
2023-02-28,sh688256,-12060.134687672096,-12060.134687672096,0,14981.533773505584,14981.533773505584,-0.0055937896969590209,-0.0055937896969590209,0
2023-02-28,sz300394,0,0,0,77449.250814106941,77449.250814106941,0,0,0
2023-03-01,sh688256,66667.825292099893,66667.825292099893,0,14981.533773505584,14981.533773505584,0.030307394515543745,0.030307394515543745,0
2023-03-01,sz300394,33612.974853322354,33612.974853322354,0,77449.250814106941,77449.250814106941,0.015280559779132466,0.015280559779132466,0
2023-03-02,sh688256,9048.8463991973604,9048.8463991973604,0,14981.533773505584,14981.533773505584,0.0039491408381821082,0.0039491408381821082,0
2023-03-02,sz300394,73654.237524215743,73654.237524215743,0,77449.250814106941,77449.250814106941,0.032144534726310077,0.032144534726310077,0
2023-03-03,sh688256,22217.614586108841,22217.614586108841,0,14981.533773505584,14981.533773505584,0.0096789930653070743,0.0096789930653070743,0
2023-03-03,sz300394,-96811.56351763368,-96811.56351763368,0,77449.250814106941,77449.250814106941,-0.042175475152700599,-0.042175475152700599,0
2023-03-06,sh688256,-24929.272199113315,-24929.272199113315,0,14981.533773505584,14981.533773505584,-0.011137322169273489,-0.011137322169273489,0
2023-03-06,sz300394,-14947.70540712261,-14947.70540712261,0,77449.250814106941,77449.250814106941,-0.0066779892120732319,-0.0066779892120732319,0
2023-03-07,sh688256,-33693.46945661409,-33693.46945661409,0,14981.533773505584,14981.533773505584,-0.015458016076693028,-0.015458016076693028,0
2023-03-07,sz300394,-43449.029706713991,-43449.029706713991,0,77449.250814106941,77449.250814106941,-0.019933708536247357,-0.019933708536247357,0
2023-03-08,sh688256,18008.348763879916,21423.59329611298,-3415.2445322330632,14981.533773505584,0,0.0083783821492897682,0.0099673242671653242,-0.0015889421178755549
2023-03-08,sz300394,-1887.8974234581365,19749.558957597194,-21637.45638105533,77449.250814106941,0,-0.00087834405473741488,0.0091884799876025755,-0.010066824042339991
2023-03-13,sh688037,-5816.2492340425879,-0,-5816.2492340425879,0,4783.4254143646403,-0.0026791674704984155,-0,-0.0026791674704984155
2023-03-13,sh688256,32799.629130158988,0,32799.629130158988,0,9242.3932540946498,0.015108654370517087,0,0.015108654370517087
2023-03-14,sh688037,1784.2176795580331,1784.2176795580331,0,4783.4254143646403,4783.4254143646403,0.00080832541196125215,0.00080832541196125215,0
2023-03-14,sh688256,44104.700608539657,44104.700608539657,0,9242.3932540946498,9242.3932540946498,0.019981278460180135,0.019981278460180135,0
2023-03-15,sh688037,-23902.776795580106,-23902.776795580106,0,4783.4254143646403,4783.4254143646403,-0.010758557509524746,-0.010758557509524746,0
2023-03-15,sh688256,6765.4318619972773,6765.4318619972773,0,9242.3932540946498,9242.3932540946498,0.0030450975795217146,0.0030450975795217146,0
2023-03-16,sh688037,-33783.171156610581,-18478.372375690604,-15304.798780919977,4783.4254143646403,9613.4294643921221,-0.015468726395187388,-0.0084609252690600392,-0.0070078011261273483
2023-03-16,sh688256,-24402.340568161551,-9556.6346247337915,-14845.70594342776,9242.3932540946498,17524.400741495658,-0.011173407253605612,-0.0043758167515856377,-0.006797590502019976
2023-03-17,sh688037,2057.273905379901,2057.273905379901,0,9613.4294643921221,9613.4294643921221,0.00090454883840606324,0.00090454883840606324,0
2023-03-17,sh688256,240995.55899704821,240995.55899704821,0,17524.400741495658,17524.400741495658,0.10596170611105131,0.10596170611105131,0
2023-03-20,sh688037,86.520865179532379,86.520865179532379,0,9613.4294643921221,9613.4294643921221,3.5051520343850331e-05,3.5051520343850331e-05,0
2023-03-20,sh688256,141947.64600611472,141947.64600611472,0,17524.400741495658,17524.400741495658,0.057506137871145668,0.057506137871145668,0
2023-03-21,sh688037,-23341.406739544182,-23341.406739544182,0,9613.4294643921221,9613.4294643921221,-0.0091931379149879124,-0.0091931379149879124,0
2023-03-21,sh688256,21169.476095726975,21169.476095726975,0,17524.400741495658,17524.400741495658,0.0083377114116412673,0.0083377114116412673,0
2023-03-22,sh688037,2283.796878688896,-20966.889661839192,23250.686540528088,9613.4294643921221,0,0.00085247726091104963,-0.0078263512992495371,0.0086788285601605859
2023-03-22,sh688256,186302.07072073716,274642.4084207199,-88340.33769998276,17524.400741495658,12360.810740267581,0.069541332870744002,0.10251630092204987,-0.032974968051305883
2023-03-22,sz300394,98738.418309810528,0,98738.418309810528,0,62742.002206287922,0.036856279633659512,0,0.036856279633659512
2023-03-23,sh688256,51583.800119698753,56822.64697301,-5238.8468533112482,12360.810740267581,10715.571685021314,0.018003355628822059,0.019831775069930283,-0.0018284194411082215
2023-03-23,sz300394,28773.47359133729,32688.583149476057,-3915.1095581387663,62742.002206287922,55374.678052957068,0.010042282199824682,0.011408701686900351,-0.0013664194870756691
2023-03-24,sh688256,115063.80875375886,115063.80875375886,0,10715.571685021314,10715.571685021314,0.038959763830561177,0.038959763830561177,0
2023-03-24,sz300394,-18938.139894111446,-18938.139894111446,0,55374.678052957068,55374.678052957068,-0.0064123156156223431,-0.0064123156156223431,0
2023-03-27,sh688256,24377.925583423548,24377.925583423548,0,10715.571685021314,10715.571685021314,0.0081088791959954987,0.0081088791959954987,0
2023-03-27,sz300394,-15172.661786510091,-15172.661786510091,0,55374.678052957068,55374.678052957068,-0.005046913490956241,-0.005046913490956241,0
2023-03-28,sh688256,-103480.27576225079,-103480.27576225079,0,10715.571685021314,10715.571685021314,-0.035255497977434359,-0.035255497977434359,0
2023-03-28,sz300394,-46791.602954748756,-46791.602954748756,0,55374.678052957068,55374.678052957068,-0.015941794232576315,-0.015941794232576315,0
2023-03-29,sh688256,1573.7900035326006,0,1573.7900035326006,10715.571685021314,9582.3729703307108,0.00054653839560914251,0,0.00054653839560914251
2023-03-29,sz300394,36312.887661914487,39980.517554234975,-3667.6298923204909,55374.678052957068,50122.936236209338,0.012610568956550538,0.013884246227684284,-0.0012736772711337474
2023-03-30,sh688256,26361.108041379695,26361.108041379695,0,9582.3729703307108,9582.3729703307108,0.0090679755065363361,0.0090679755065363361,0
2023-03-30,sz300394,-9322.8661399349348,-9322.8661399349348,0,50122.936236209338,50122.936236209338,-0.0032069790721597565,-0.0032069790721597565,0
2023-03-31,sh688256,63349.067706856367,63349.067706856367,0,9582.3729703307108,9582.3729703307108,0.021272764846681971,0.021272764846681971,0
2023-03-31,sz300394,62252.686805372039,62252.686805372039,0,50122.936236209338,50122.936236209338,0.020904597580076009,0.020904597580076009,0
2023-04-03,sh688256,161098.85437720001,161098.85437720001,0,9582.3729703307108,9582.3729703307108,0.050351169696551797,0.050351169696551797,0
2023-04-03,sz300394,160944.74825446811,160944.74825446811,0,50122.936236209338,50122.936236209338,0.050303004093097015,0.050303004093097015,0
2023-04-04,sh688256,29005.842981190934,29005.842981190934,0,9582.3729703307108,9582.3729703307108,0.0085698763294121457,0.0085698763294121457,0
2023-04-04,sz300394,13884.053337430038,13884.053337430038,0,50122.936236209338,50122.936236209338,0.0041020914348151817,0.0041020914348151817,0
2023-04-06,sh688256,-48295.159770466707,-48295.159770466707,0,9582.3729703307108,9582.3729703307108,-0.014071083515782252,-0.014071083515782252,0
2023-04-06,sz300394,100646.85596230831,100646.85596230831,0,50122.936236209338,50122.936236209338,0.029324063168594865,0.029324063168594865,0
2023-04-07,sh688256,112544.97053653424,112544.97053653424,0,9582.3729703307108,9582.3729703307108,0.031966089480304834,0.031966089480304834,0
2023-04-07,sz300394,12781.348740233332,12781.348740233332,0,50122.936236209338,50122.936236209338,0.0036302798389080447,0.0036302798389080447,0
2023-04-10,sh688256,-115189.70547634563,-115189.70547634563,0,9582.3729703307108,9582.3729703307108,-0.033175324568601706,-0.033175324568601706,0
2023-04-10,sz300394,-105759.39545840168,-105759.39545840168,0,50122.936236209338,50122.936236209338,-0.030459338844581678,-0.030459338844581678,0
2023-04-11,sh688256,-39163.158329741513,-39163.158329741513,0,9582.3729703307108,9582.3729703307108,-0.011724503941663989,-0.011724503941663989,0
2023-04-11,sz300394,-5864.3835396365366,-5864.3835396365366,0,50122.936236209338,50122.936236209338,-0.0017556548260736712,-0.0017556548260736712,0
2023-04-12,sh688256,28938.766370398571,28938.766370398571,0,9582.3729703307108,9582.3729703307108,0.008658394312418426,0.008658394312418426,0
2023-04-12,sz300394,20099.297430720111,20099.297430720111,0,50122.936236209338,50122.936236209338,0.0060136510426984178,0.0060136510426984178,0
2023-04-13,sh688256,-115755.06548159484,-115755.06548159484,0,9582.3729703307108,9582.3729703307108,-0.035455122985823172,-0.035455122985823172,0
2023-04-13,sz300394,-86211.450326280188,-86211.450326280188,0,50122.936236209338,50122.936236209338,-0.026406080471618389,-0.026406080471618389,0
2023-04-14,sh688256,45017.988214613753,45017.988214613753,0,9582.3729703307108,9582.3729703307108,0.014108625977466708,0.014108625977466708,0
2023-04-14,sz300394,6967.0881368330656,6967.0881368330656,0,50122.936236209338,50122.936236209338,0.0021834836378297829,0.0021834836378297829,0
2023-04-17,sh688256,11575.506548159483,11575.506548159483,0,9582.3729703307108,9582.3729703307108,0.0036083873121137465,0.0036083873121137465,0
2023-04-17,sz300394,-29422.16357065487,-29422.16357065487,0,50122.936236209338,50122.936236209338,-0.0091716557959329141,-0.0091716557959329141,0
2023-04-18,sh688256,-6563.9254846765589,-6563.9254846765589,0,9582.3729703307108,9582.3729703307108,-0.0020042691251751579,-0.0020042691251751579,0
2023-04-18,sz300394,159641.55191232686,159641.55191232686,0,50122.936236209338,50122.936236209338,0.048745927165059884,0.048745927165059884,0
2023-04-19,sh688256,167336.97918088513,167336.97918088513,0,9582.3729703307108,9582.3729703307108,0.048828972964939293,0.048828972964939293,0
2023-04-19,sz300394,-16440.323085476812,-16440.323085476812,0,50122.936236209338,50122.936236209338,-0.0047972904459321931,-0.0047972904459321931,0
2023-04-20,sh688256,285286.40807268582,285286.40807268582,0,9582.3729703307108,9582.3729703307108,0.076966418757519389,0.076966418757519389,0
2023-04-20,sz300394,129718.15897930981,129718.15897930981,0,50122.936236209338,50122.936236209338,0.034996206836157104,0.034996206836157104,0
2023-04-21,sh688256,-87478.516629002348,-116789.96176239059,29311.445133388253,9582.3729703307108,7666.0724088896241,-0.022960969358139995,-0.030654506234225967,0.0076935368760859711
2023-04-21,sz300394,-126772.12665824076,-136635.12417990662,9862.9975216658586,50122.936236209338,43284.392750355342,-0.033274580180764839,-0.035863375608501884,0.0025887954277370468
2023-04-24,sh688256,-25719.672931824829,-25719.672931824829,0,7666.0724088896241,7666.0724088896241,-0.0069467355827552701,-0.0069467355827552701,0
2023-04-24,sz300394,23027.296943189045,23027.296943189045,0,43284.392750355342,43284.392750355342,0.006219540329067995,0.006219540329067995,0
2023-04-25,sh688256,25719.672931824829,25719.672931824829,0,7666.0724088896241,7666.0724088896241,0.0069836956815792078,0.0069836956815792078,0
2023-04-25,sz300394,-62156.387989510265,-62156.387989510265,0,43284.392750355342,43284.392750355342,-0.01687740351658143,-0.01687740351658143,0
2023-04-26,sh688256,-51447.011936058363,-51447.011936058363,0,7666.0724088896241,7666.0724088896241,-0.014157410785610282,-0.014157410785610282,0
2023-04-26,sz300394,-9782.2727615802687,-9782.2727615802687,0,43284.392750355342,43284.392750355342,-0.002691928038011313,-0.002691928038011313,0
2023-04-27,sh688256,-37303.1083416568,-37303.1083416568,0,7666.0724088896241,7666.0724088896241,-0.010483644101252751,-0.010483644101252751,0
2023-04-27,sz300394,-52677.105977182553,-52677.105977182553,0,43284.392750355342,43284.392750355342,-0.014804343549356563,-0.014804343549356563,0
2023-04-28,sh688256,96469.855193467054,96469.855193467054,0,7666.0724088896241,7666.0724088896241,0.02689249260271535,0.02689249260271535,0
2023-04-28,sz300394,52200.977656928524,52200.977656928524,0,43284.392750355342,43284.392750355342,0.014551845264804814,0.014551845264804814,0
2023-05-04,sh688256,-85921.339558834894,-85921.339558834894,0,7666.0724088896241,7666.0724088896241,-0.024104918872543346,-0.024104918872543346,0
2023-05-04,sz300394,-107561.715984633,-107561.715984633,0,43284.392750355342,43284.392750355342,-0.030176047660729528,-0.030176047660729528,0
2023-05-05,sh688256,-127701.43418728348,-127701.43418728348,0,7666.0724088896241,7666.0724088896241,-0.037657302079526916,-0.037657302079526916,0
2023-05-05,sz300394,-26057.204435713931,-26057.204435713931,0,43284.392750355342,43284.392750355342,-0.0076838919235989343,-0.0076838919235989343,0
2023-05-08,sh688256,2108.16991244469,2108.16991244469,0,7666.0724088896241,7666.0724088896241,0.00063590357829694402,0.00063590357829694402,0
2023-05-08,sz300394,-1334.360031736368,-3159.7606707758036,1825.4006390394356,43284.392750355342,0,-0.0004024933255657789,-0.00095310302326544639,0.00055060969769966754
2023-05-09,sh688256,15493.132338365827,15493.132338365827,0,7666.0724088896241,7666.0724088896241,0.0046618843602993605,0.0046618843602993605,0
2023-05-10,sh688256,-56207.215277754993,-63390.752749108127,7183.5374713531346,7666.0724088896241,6016.5596274167492,-0.017017370242853831,-0.019192267472672844,0.0021748972298190135
2023-05-11,sh688256,-12358.013474714015,-12358.013474714015,0,6016.5596274167492,6016.5596274167492,-0.0037806830006770356,-0.0037806830006770356,0
2023-05-12,sh688256,-78.215275156449209,-78.215275156449209,0,6016.5596274167492,6016.5596274167492,-2.3973950649731331e-05,-2.3973950649731331e-05,0
2023-05-15,sh688256,-30485.90763212071,-30485.90763212071,0,6016.5596274167492,6016.5596274167492,-0.0093883533094035968,-0.0093883533094035968,0
2023-05-16,sh688256,8890.1239546861943,-15907.783654889918,24797.907609576112,6016.5596274167492,0,0.0027468930152716423,-0.0049152272828587281,0.0076621202981303699
2023-05-22,sh688072,-18829.438277186142,-0,-18829.438277186142,0,3900.4728467676764,-0.0058607550997005382,-0,-0.0058607550997005382
2023-05-22,sz300308,-37158.489961595486,-0,-37158.489961595486,0,13702.838552507825,-0.011565762415942683,-0,-0.011565762415942683
2023-05-23,sh688072,-5337.7991465067389,-24947.424327926004,19609.625181419266,3900.4728467676764,0,-0.0016769572744785655,-0.0078376431105688909,0.0061606858360903263
2023-05-23,sz300308,1615.0216541874688,-26487.586921997623,28102.608576185092,13702.838552507825,0,0.00050738557916749506,-0.0083215104864514128,0.0088288960656189071
2023-05-26,sh688037,7530.515591970413,0,7530.515591970413,0,5728.6346574037752,0.0023713226620867807,0,0.0023713226620867807
2023-05-26,sz300308,-18533.854869723578,-0,-18533.854869723578,0,13416.006682341294,-0.0058362205790086141,-0,-0.0058362205790086141
2023-05-29,sh688037,26999.055140343877,26999.055140343877,0,5728.6346574037752,5728.6346574037752,0.0084228347761125463,0.0084228347761125463,0
2023-05-29,sz300308,43856.925844573765,43856.925844573765,0,13416.006682341294,13416.006682341294,0.013681946951731735,0.013681946951731735,0
2023-05-30,sh688037,-7796.6717687264809,-7796.6717687264809,0,5728.6346574037752,5728.6346574037752,-0.0023630405494868495,-0.0023630405494868495,0
2023-05-30,sz300308,125305.50241306754,125305.50241306754,0,13416.006682341294,13416.006682341294,0.037977997799472148,0.037977997799472148,0
2023-05-31,sh688037,1416.9203480702374,635.87844697176172,781.04190109847571,5728.6346574037752,10980.637497655076,0.00042209889346871236,0.00018942743620905289,0.00023267145725965949
2023-05-31,sz300308,-4780.900927656221,-14462.455203563764,9681.5542759075433,13416.006682341294,23469.91941956411,-0.0014242247237790373,-0.0043083482755958552,0.0028841235518168177
2023-06-01,sh688037,-47491.257177358078,-47491.257177358078,0,10980.637497655076,10980.637497655076,-0.014236272072532004,-0.014236272072532004,0
2023-06-01,sz300308,9106.3287347906644,9106.3287347906644,0,23469.91941956411,23469.91941956411,0.0027297692492377996,0.0027297692492377996,0
2023-06-02,sh688037,13308.532647157988,13308.532647157988,0,10980.637497655076,10980.637497655076,0.0040181057857825268,0.0040181057857825268,0
2023-06-02,sz300308,-22578.062481620418,-22578.062481620418,0,23469.91941956411,23469.91941956411,-0.0068167577819731838,-0.0068167577819731838,0
2023-06-05,sh688037,83979.91558206614,83979.91558206614,0,10980.637497655076,10980.637497655076,0.024796179552986814,0.024796179552986814,0
2023-06-05,sz300308,75878.249483450534,75878.249483450534,0,23469.91941956411,23469.91941956411,0.022404055604454066,0.022404055604454066,0
2023-06-06,sh688037,-14834.841259331997,-14834.841259331997,0,10980.637497655076,10980.637497655076,-0.0043267170226409342,-0.0043267170226409342,0
2023-06-06,sz300308,-62289.166139523062,-62289.166139523062,0,23469.91941956411,23469.91941956411,-0.018167204539006943,-0.018167204539006943,0
2023-06-07,sh688037,-36598.464779684349,-36598.464779684349,0,10980.637497655076,10980.637497655076,-0.010832223585153367,-0.010832223585153367,0
2023-06-07,sz300308,13471.733746829754,13471.733746829754,0,23469.91941956411,23469.91941956411,0.0039872938087370333,0.0039872938087370333,0
2023-06-08,sh688037,-16064.672659069622,-16064.672659069622,0,10980.637497655076,10980.637497655076,-0.0047992452862750988,-0.0047992452862750988,0
2023-06-08,sz300308,-23422.979580725092,-23422.979580725092,0,23469.91941956411,23469.91941956411,-0.0069975048187395257,-0.0069975048187395257,0
2023-06-09,sh688037,50104.648901800298,50104.648901800298,0,10980.637497655076,10980.637497655076,0.014636520494619814,0.014636520494619814,0
2023-06-09,sz300308,142978.74910398485,142978.74910398485,0,23469.91941956411,23469.91941956411,0.041766810813445021,0.041766810813445021,0
2023-06-12,sh688037,-39925.59794147381,-39925.59794147381,0,10980.637497655076,10980.637497655076,-0.011234717239184427,-0.011234717239184427,0
2023-06-12,sz300308,106248.32521236641,106248.32521236641,0,23469.91941956411,23469.91941956411,0.029897357896746465,0.029897357896746465,0
2023-06-13,sh688037,19710.244308290723,19710.244308290723,0,10980.637497655076,10980.637497655076,0.0054791741653833735,0.0054791741653833735,0
2023-06-13,sz300308,844.91709910433997,844.91709910433997,0,23469.91941956411,23469.91941956411,0.00023487521863723817,0.00023487521863723817,0
2023-06-14,sh688037,49182.275351997232,49182.275351997232,0,10980.637497655076,10980.637497655076,0.013296569030129705,0.013296569030129705,0
2023-06-14,sz300308,134905.0968236546,134905.0968236546,0,23469.91941956411,23469.91941956411,0.036471979378628158,0.036471979378628158,0
2023-06-15,sh688037,-81706.923620051442,-81706.923620051442,0,10980.637497655076,10980.637497655076,-0.021530125895702152,-0.021530125895702152,0
2023-06-15,sz300308,88364.246614658885,88364.246614658885,0,23469.91941956411,23469.91941956411,0.023284359146102929,0.023284359146102929,0
2023-06-16,sh688037,27868.857969048389,27868.857969048389,0,10980.637497655076,10980.637497655076,0.0070025514041327352,0.0070025514041327352,0
2023-06-16,sz300308,340783.22997207078,340783.22997207078,0,23469.91941956411,23469.91941956411,0.085627910845723743,0.085627910845723743,0
2023-06-19,sh688037,-26430.394456855574,-26430.394456855574,0,10980.637497655076,10980.637497655076,-0.0062990253004828398,-0.0062990253004828398,0
2023-06-19,sz300308,84491.709910431004,84491.709910431004,0,23469.91941956411,23469.91941956411,0.020136491692382377,0.020136491692382377,0
2023-06-20,sh688037,10494.280359743738,-33326.234805383276,43820.515165127013,10980.637497655076,0,0.0024339278388152709,-0.0077293199605063256,0.010163247799321595
2023-06-20,sz300308,141021.68591883511,168443.61167421145,-27421.925755376342,23469.91941956411,19780.044654601537,0.032707017105353738,0.039066956634505573,-0.0063599395291518354
2023-06-20,sz300394,22893.939675082416,-0,22893.939675082416,0,23460.60606060606,0.0053097682933164192,-0,0.0053097682933164192
2023-06-21,sz300308,-143524.00401378877,-143524.00401378877,0,19780.044654601537,19780.044654601537,-0.033545543469081757,-0.033545543469081757,0
2023-06-21,sz300394,-96188.484848484717,-96188.484848484717,0,23460.60606060606,23460.60606060606,-0.02248191876949,-0.02248191876949,0
2023-06-26,sz300308,-52398.703134087235,-169119.38179684308,116720.67866275585,19780.044654601537,0,-0.012728557893413204,-0.041082044274851431,0.028353486381438232
2023-06-26,sz300394,-33541.543253874443,-48891.903030303103,15350.359776428661,23460.60606060606,0,-0.0081478252247740683,-0.011876695051933717,0.0037288698271596486
2023-09-01,sh688072,-25204.295747390584,0,-25204.295747390584,0,6516.7863335389193,-0.0062061363762474231,0,-0.0062061363762474231
2023-09-04,sh688072,-65532.80337006745,-65532.80337006745,0,6516.7863335389193,6516.7863335389193,-0.016318965947164848,-0.016318965947164848,0
2023-09-05,sh688072,17869.028126563837,17869.028126563837,0,6516.7863335389193,6516.7863335389193,0.0044762145972987487,0.0044762145972987487,0
2023-09-06,sh688072,66993.310355408947,42065.855782993618,24927.454572415332,6516.7863335389193,12788.860535627464,0.016571027071442205,0.010405134949523958,0.0061658921219182481
2023-09-06,sh688082,17019.914855119499,0,17019.914855119499,0,7915.2781811130844,0.0042099348176941557,0,0.0042099348176941557
2023-09-07,sh688072,-94241.113287038781,-94241.113287038781,0,12788.860535627464,12788.860535627464,-0.02344428596034193,-0.02344428596034193,0
2023-09-07,sh688082,-35381.29346957559,-35381.29346957559,0,7915.2781811130844,7915.2781811130844,-0.0088017759215243737,-0.0088017759215243737,0
2023-09-08,sh688072,11689.018529563702,11689.018529563702,0,12788.860535627464,12788.860535627464,0.0029548550635840223,0.0029548550635840223,0
2023-09-08,sh688082,-10606.472762691448,-10606.472762691448,0,7915.2781811130844,7915.2781811130844,-0.0026811994240866894,-0.0026811994240866894,0
2023-09-11,sh688072,-44415.712640234349,-44415.712640234349,0,12788.860535627464,12788.860535627464,-0.011269740150601872,-0.011269740150601872,0
2023-09-11,sh688082,13930.889598758957,13930.889598758957,0,7915.2781811130844,7915.2781811130844,0.0035347289621672829,0.0035347289621672829,0
2023-09-12,sh688072,-51999.506937861297,-51999.506937861297,0,12788.860535627464,12788.860535627464,-0.013340323861109478,-0.013340323861109478,0
2023-09-12,sh688082,-3878.4863087453709,-3878.4863087453709,0,7915.2781811130844,7915.2781811130844,-0.00099501450102923482,-0.00099501450102923482,0
2023-09-13,sh688072,2928.6490626588607,2928.6490626588607,0,12788.860535627464,12788.860535627464,0.00075626824927418565,0.00075626824927418565,0
2023-09-13,sh688082,1978.8195452782711,1978.8195452782711,0,7915.2781811130844,7915.2781811130844,0.00051099273457451389,0.00051099273457451389,0
2023-09-14,sh688072,-59839.078446200932,-59839.078446200932,0,12788.860535627464,12788.860535627464,-0.015611185390455789,-0.015611185390455789,0
2023-09-14,sh688082,-23587.528979717023,-23587.528979717023,0,7915.2781811130844,7915.2781811130844,-0.006153659069736043,-0.006153659069736043,0
2023-09-15,sh688072,14382.15393150389,28685.414181412336,-14303.260249908446,12788.860535627464,0,0.0037746793479176764,0.0075286525935353912,-0.0037539732456177148
2023-09-15,sh688082,22954.306725227991,22954.306725227991,0,7915.2781811130844,7915.2781811130844,0.0060244903478394183,0.0060244903478394183,0
2023-09-18,sh688082,-32690.098887997003,-32690.098887997003,0,7915.2781811130844,7915.2781811130844,-0.0085744610475695891,-0.0085744610475695891,0
2023-09-19,sh688082,1220.1231112736241,-9260.8754719023218,10480.998583175946,7915.2781811130844,237.96002136210609,0.00032135696583575113,-0.0024391365224831424,0.0027604934883188937
2023-09-20,sh688082,-138.34505521447943,-628.21445639596027,489.86940118148084,237.96002136210609,0,-3.6432236877211178e-05,-0.00016543603853150696,0.00012900380165429577
2023-09-28,sh688205,-16911.203416491218,-0,-16911.203416491218,0,19152.651450189154,-0.0044638662339629917,-0,-0.0044638662339629917
2023-09-28,sz002281,-656.41003703063313,0,-656.41003703063313,0,65719.539867633153,-0.00017326541037748278,0,-0.00017326541037748278
2023-10-09,sh688205,-20991.305989407381,-20991.305989407381,0,19152.651450189154,19152.651450189154,-0.0054829631304999611,-0.0054829631304999611,0
2023-10-09,sz002281,118952.36716041592,118952.36716041592,0,65719.539867633153,65719.539867633153,0.031070551005991404,0.031070551005991404,0
2023-10-10,sh688205,0,0,0,19152.651450189154,19152.651450189154,0,0,0
2023-10-10,sz002281,-23001.838953671697,-23001.838953671697,0,65719.539867633153,65719.539867633153,-0.0059495660376587441,-0.0059495660376587441,0
2023-10-11,sh688205,4654.0943023960044,4654.0943023960044,0,19152.651450189154,19152.651450189154,0.0012099701372516669,0.0012099701372516669,0
2023-10-11,sz002281,-21030.252757642629,-21030.252757642629,0,65719.539867633153,65719.539867633153,-0.0054674392400046751,-0.0054674392400046751,0
2023-10-12,sh688205,-35604.779045901669,-35604.779045901669,0,19152.651450189154,19152.651450189154,-0.0093632373772453686,-0.0093632373772453686,0
2023-10-12,sz002281,-35488.55152852185,-35488.55152852185,0,65719.539867633153,65719.539867633153,-0.0093326722153722324,-0.0093326722153722324,0
2023-10-13,sh688205,-15705.174189155112,-15705.174189155112,0,19152.651450189154,19152.651450189154,-0.0042086845180086818,-0.0042086845180086818,0
2023-10-13,sz002281,-55204.413488811842,-55204.413488811842,0,65719.539867633153,65719.539867633153,-0.01479372069216197,-0.01479372069216197,0
2023-10-16,sh688205,-5605.3758357657061,-19286.720010340439,13681.344174574733,19152.651450189154,0,-0.0015133403145676473,-0.0052070319248164526,0.0036936916102488057
2023-10-16,sz002281,21030.252757642629,21030.252757642629,0,65719.539867633153,65719.539867633153,0.0056777511903161335,0.0056777511903161335,0
2023-10-17,sz002281,-39431.723920579985,-39431.723920579985,0,65719.539867633153,65719.539867633153,-0.010680481335291881,-0.010680481335291881,0
2023-10-18,sz002281,-66376.735266309348,-66376.735266309348,0,65719.539867633153,65719.539867633153,-0.018240515462656932,-0.018240515462656932,0
2023-10-19,sz002281,-48632.459502048667,-48632.459502048667,0,65719.539867633153,65719.539867633153,-0.013578744027587322,-0.013578744027587322,0
2023-10-20,sh688012,-11411.383714004029,-0,-11411.383714004029,0,17893.489159511384,-0.0032632835927029016,-0,-0.0032632835927029016
2023-10-20,sz002281,-108602.91647650868,-120923.953356445,12321.03687993632,65719.539867633153,55444.799383204088,-0.031056892340107077,-0.034580307072541457,0.0035234147324343795
2023-10-23,sh688012,-26190.051061759903,-26661.298847671871,471.2477859119698,17893.489159511384,16112.689888364674,-0.0076778778027416254,-0.0078160288474460604,0.00013815104470443586
2023-10-23,sz002281,-25942.849243391443,-85384.991050134253,59442.141806742809,55444.799383204088,0,-0.0076054080946997109,-0.025031471909893452,0.017426063815193737
2023-10-24,sh688012,106182.62636432302,106182.62636432302,0,16112.689888364674,16112.689888364674,0.030885686619126565,0.030885686619126565,0
2023-10-25,sh688012,-9732.0646925722504,-9732.0646925722504,0,16112.689888364674,16112.689888364674,-0.0027914208176109678,-0.0027914208176109678,0
2023-10-26,sh688012,-15677.64726137881,-15677.64726137881,0,16112.689888364674,16112.689888364674,-0.0045132269331733784,-0.0045132269331733784,0
2023-10-27,sh688012,8765.3032992703338,8765.3032992703338,0,16112.689888364674,16112.689888364674,0.0025258353690789819,0.0025258353690789819,0
2023-10-30,sh688012,44551.587541328328,44551.587541328328,0,16112.689888364674,16112.689888364674,0.012740410791496579,0.012740410791496579,0
2023-10-31,sh688012,15903.224919816077,15903.224919816077,0,16112.689888364674,16112.689888364674,0.0044722845308936164,0.0044722845308936164,0
2023-10-31,sh688019,57863.47006642296,0,57863.47006642296,0,16616.863235644509,0.016272290896133669,0,0.016272290896133669
2023-11-01,sh688012,-31903.125978962118,-31903.125978962118,0,16112.689888364674,16112.689888364674,-0.0089992382078837897,-0.0089992382078837897,0
2023-11-01,sh688019,-63409.950107219483,-63409.950107219483,0,16616.863235644509,16616.863235644509,-0.01788668753466956,-0.01788668753466956,0
2023-11-02,sh688012,-21848.807488622409,-21848.807488622409,0,16112.689888364674,16112.689888364674,-0.0063054735262640148,-0.0063054735262640148,0
2023-11-02,sh688019,-43137.376959733207,-43137.376959733207,0,16616.863235644509,16616.863235644509,-0.01244926472777572,-0.01244926472777572,0
2023-11-03,sh688012,-8652.5144700519286,-8652.5144700519286,0,16112.689888364674,16112.689888364674,-0.0025178199062518966,-0.0025178199062518966,0
2023-11-03,sh688019,16350.993423874108,16350.993423874108,0,16616.863235644509,16616.863235644509,0.0047580222919149885,0.0047580222919149885,0
2023-11-06,sh688012,-25731.96575171829,-25731.96575171829,0,16112.689888364674,16112.689888364674,-0.0075188829530798851,-0.0075188829530798851,0
2023-11-06,sh688019,-10302.455206099436,-10302.455206099436,0,16616.863235644509,16616.863235644509,-0.0030103784363554676,-0.0030103784363554676,0
2023-11-07,sh688012,23782.330275226243,23782.330275226243,0,16112.689888364674,16112.689888364674,0.0070003729569751141,0.0070003729569751141,0
2023-11-07,sh688019,-37836.597587562566,-37836.597587562566,0,16616.863235644509,16616.863235644509,-0.011137272566256257,-0.011137272566256257,0
2023-11-08,sh688012,73006.597884180199,73006.597884180199,0,16112.689888364674,16112.689888364674,0.021160185850148942,0.021160185850148942,0
2023-11-08,sh688019,47524.228853943285,47524.228853943285,0,16616.863235644509,16616.863235644509,0.013774392234107364,0.013774392234107364,0
2023-11-09,sh688012,-40668.429278232448,-40668.429278232448,0,16112.689888364674,16112.689888364674,-0.011681416478794086,-0.011681416478794086,0
2023-11-09,sh688019,-17846.511115082169,-17846.511115082169,0,16616.863235644509,16616.863235644509,-0.0051261514823314411,-0.0051261514823314411,0
2023-11-10,sh688012,19673.594353693326,19673.594353693326,0,16112.689888364674,16112.689888364674,0.0056825349997925599,0.0056825349997925599,0
2023-11-10,sh688019,0,0,0,16616.863235644509,16616.863235644509,0,0,0
2023-11-13,sh688012,18497.367991842584,18497.367991842584,0,16112.689888364674,16112.689888364674,0.0052884161883627167,0.0052884161883627167,0
2023-11-13,sh688019,33134.025291875143,33134.025291875143,0,16616.863235644509,16616.863235644509,0.0094730512912133136,0.0094730512912133136,0
2023-11-14,sh688012,19464.129385144501,19464.129385144501,0,16112.689888364674,16112.689888364674,0.0055152301676019396,0.0055152301676019396,0
2023-11-14,sh688019,-8325.0484810579783,-8325.0484810579783,0,16616.863235644509,16616.863235644509,-0.0023589320447346997,-0.0023589320447346997,0
2023-11-15,sh688012,-66287.606200732102,-66287.606200732102,0,16112.689888364674,16112.689888364674,-0.019027869328570295,-0.019027869328570295,0
2023-11-15,sh688019,-35260.983786037643,-35260.983786037643,0,16616.863235644509,16616.863235644509,-0.010121671762377656,-0.010121671762377656,0
2023-11-16,sh688012,-18447.47658987527,-25844.754580936922,7397.2779910616509,16112.689888364674,8804.4192927308577,-0.0054124912172587511,-0.0075828532157240025,0.0021703619984652519
2023-11-16,sh688019,-31169.201819677961,-44184.239343578847,13015.037523900884,16616.863235644509,9136.9476779108791,-0.009145046493272883,-0.012963659621589255,0.0038186131283163703
2023-11-17,sh688012,16429.046400235777,16429.046400235777,0,8804.4192927308577,8804.4192927308577,0.004768364237503861,0.004768364237503861,0
2023-11-17,sh688019,-5818.5300585321611,2823.3168324745684,-8641.8468910067295,9136.9476779108791,0,-0.0016887693886814897,0.000819439101159347,-0.0025082084898408368
2023-11-17,sz300502,113856.69762443028,0,113856.69762443028,0,45084.748265170529,0.03304575274343572,0,0.03304575274343572
2023-11-20,sh688012,-16605.134786090486,-16605.134786090486,0,8804.4192927308577,8804.4192927308577,-0.0047383107380644576,-0.0047383107380644576,0
2023-11-20,sz300502,9422.7123874206245,9422.7123874206245,0,45084.748265170529,45084.748265170529,0.0026887911397387699,0.0026887911397387699,0
2023-11-21,sh688012,-17547.207650412554,-17547.207650412554,0,8804.4192927308577,8804.4192927308577,-0.0050408598335915378,-0.0050408598335915378,0
2023-11-21,sz300502,-22091.52664993365,-22091.52664993365,0,45084.748265170529,45084.748265170529,-0.0063463253852671739,-0.0063463253852671739,0
2023-11-22,sh688012,-13655.654323025577,-13655.654323025577,0,8804.4192927308577,8804.4192927308577,-0.0039909172876415148,-0.0039909172876415148,0
2023-11-22,sz300502,-65102.376494906202,-65102.376494906202,0,45084.748265170529,45084.748265170529,-0.019026418923183599,-0.019026418923183599,0
2023-11-23,sh688012,-6185.2642941878476,16904.485042043263,-23089.749336231111,8804.4192927308577,0,-0.0018228573330626562,0.0049819155746492847,-0.0068047729077119401
2023-11-23,sz300502,27636.950686549513,27636.950686549513,0,45084.748265170529,45084.748265170529,0.0081448772156441345,0.0081448772156441345,0
2023-11-24,sz300502,-47880.002657610996,-47880.002657610996,0,45084.748265170529,45084.748265170529,-0.01416605706141112,-0.01416605706141112,0
2023-11-27,sz300502,62803.054333382417,62803.054333382417,0,45084.748265170529,45084.748265170529,0.01854057009973633,0.01854057009973633,0
2023-11-28,sz300502,-10324.407352724014,-10324.407352724014,0,45084.748265170529,45084.748265170529,-0.0030244347464215048,-0.0030244347464215048,0
2023-11-29,sz300502,-12894.238003838673,-12894.238003838673,0,45084.748265170529,45084.748265170529,-0.0037901329097543806,-0.0037901329097543806,0
2023-11-30,sz300502,46256.95172006495,46256.95172006495,0,45084.748265170529,45084.748265170529,0.013530616821233873,0.013530616821233873,0
2023-12-01,sh688012,-410.88808774318863,-0,-410.88808774318863,0,3040.2710274573774,-0.00011995768855628191,-0,-0.00011995768855628191
2023-12-01,sh688072,-19677.985504845623,-0,-19677.985504845623,0,5329.8141744917912,-0.0057449357307254563,-0,-0.0057449357307254563
2023-12-01,sz300502,-13043.874914517364,81197.631625572045,-94241.506540089409,45084.748265170529,0,-0.0038081247211545883,0.023705433417519524,-0.027513558138674111
2023-12-04,sh688012,-9221.1420262782285,-9221.1420262782285,0,3040.2710274573774,3040.2710274573774,-0.0027071807722100615,-0.0027071807722100615,0
2023-12-04,sh688072,4109.2867285330994,4109.2867285330994,0,5329.8141744917912,5329.8141744917912,0.0012064212857019424,0.0012064212857019424,0
2023-12-05,sh688012,-2605.3195248876914,-2471.7403453228549,-133.57917956483641,3040.2710274573774,0,-0.00076603167022987228,-0.00072675591880955507,-3.9275751420317108e-05
2023-12-05,sh688072,-2521.0021045345361,-2521.0021045345361,0,5329.8141744917912,5329.8141744917912,-0.00074124015666479962,-0.00074124015666479962,0
2023-12-06,sh688072,20184.006278800447,20184.006278800447,0,5329.8141744917912,5329.8141744917912,0.0059215304391513892,0.0059215304391513892,0
2023-12-07,sh688072,-43720.465673356179,-43720.465673356179,0,5329.8141744917912,5329.8141744917912,-0.012871172320970519,-0.012871172320970519,0
2023-12-08,sh688072,33231.391377956243,33231.391377956243,0,5329.8141744917912,5329.8141744917912,0.0097982920283339534,0.0097982920283339534,0
2023-12-11,sh688072,18052.0806090037,18052.0806090037,0,5329.8141744917912,5329.8141744917912,0.0052826952221852828,0.0052826952221852828,0
2023-12-12,sh688072,-29692.394766093759,-29692.394766093759,0,5329.8141744917912,5329.8141744917912,-0.0087039334898079464,-0.0087039334898079464,0
2023-12-13,sh688072,-4722.9102290720148,-15536.408318643529,10813.498089571514,5329.8141744917912,0,-0.0014028846045234817,-0.0046149062723341494,0.0032120216678106681
2023-12-13,sz300308,-6587.2163593230089,-0,-6587.2163593230089,0,10299.506253289555,-0.0019566546830120917,-0,-0.0019566546830120917
2023-12-13,sz300394,-48475.306442707246,-0,-48475.306442707246,0,47753.10710794582,-0.014399016244141912,-0,-0.014399016244141912
2023-12-14,sz300308,10387.477125717129,-4366.990651394839,14754.467777111968,10299.506253289555,0,0.0030993417804322135,-0.0013029917098075438,0.0044023334902397572
2023-12-14,sz300394,19144.332691286399,-23828.800446865076,42973.133138151476,47753.10710794582,0,0.0057121502604032797,-0.0071098685377323553,0.012822018798135635
2024-02-19,sz300394,124477.54156376637,0,124477.54156376637,0,22893.954410307237,0.036310302487135397,0,0.036310302487135397
2024-02-20,sh688041,-18659.224726889322,-0,-18659.224726889322,0,9690.7255260422244,-0.0053719565669711634,-0,-0.0053719565669711634
2024-02-20,sz300394,-15934.19226957379,-15934.19226957379,0,22893.954410307237,22893.954410307237,-0.0045874247218087973,-0.0045874247218087973,0
2024-02-21,sh688041,-25486.608133491005,-25486.608133491005,0,9690.7255260422244,9690.7255260422244,-0.0074527884591123385,-0.0074527884591123385,0
2024-02-21,sz300394,-47138.652130822542,-47138.652130822542,0,22893.954410307237,22893.954410307237,-0.013784274499714862,-0.013784274499714862,0
2024-02-22,sh688041,30747.401681638978,29750.527364949699,996.87431668928002,9690.7255260422244,14088.390838736628,0.0090551781919387363,0.0087615964881559739,0.00029358170378276412
2024-02-22,sz300394,-6713.1666013402446,5517.4430128840359,-12230.60961422428,22893.954410307237,31444.773055739824,-0.0019770424973375293,0.0016248992406850133,-0.0036019417380225424
2024-02-23,sh688041,-20146.398899393473,-20146.398899393473,0,14088.390838736628,14088.390838736628,-0.0059726473506606812,-0.0059726473506606812,0
2024-02-23,sz300394,-48582.174371118082,-48582.174371118082,0,31444.773055739824,31444.773055739824,-0.014402782179386378,-0.014402782179386378,0
2024-02-26,sh688041,10566.293129052472,10566.293129052472,0,14088.390838736628,14088.390838736628,0.0031619734374120942,0.0031619734374120942,0
2024-02-26,sz300394,-4936.8293697512654,-4936.8293697512654,0,31444.773055739824,31444.773055739824,-0.0014773509632501766,-0.0014773509632501766,0
2024-02-27,sh688041,82417.086406609189,82417.086406609189,0,14088.390838736628,14088.390838736628,0.023788619595176169,0.023788619595176169,0
2024-02-27,sz300394,160557.0112226076,160557.0112226076,0,31444.773055739824,31444.773055739824,0.046342692150868801,0.046342692150868801,0
2024-02-28,sh688041,-66497.204758836873,-66497.204758836873,0,14088.390838736628,14088.390838736628,-0.018966488324491191,-0.018966488324491191,0
2024-02-28,sz300394,-95120.438493612921,-95120.438493612921,0,31444.773055739824,31444.773055739824,-0.027130474019960112,-0.027130474019960112,0
2024-02-29,sh688041,25922.639143275443,25922.639143275443,0,14088.390838736628,14088.390838736628,0.0074001670327284996,0.0074001670327284996,0
2024-02-29,sz300394,129489.57544353667,129489.57544353667,0,31444.773055739824,31444.773055739824,0.036965545135393622,0.036965545135393622,0
2024-03-01,sh688041,33389.48628780587,33389.48628780587,0,14088.390838736628,14088.390838736628,0.0092672405547863778,0.0092672405547863778,0
2024-03-01,sz300394,10093.772150892419,10093.772150892419,0,31444.773055739824,31444.773055739824,0.0028015230249794436,0.0028015230249794436,0
2024-03-04,sh688041,-17046.952914871432,-17046.952914871432,0,14088.390838736628,14088.390838736628,-0.004678350079441531,-0.004678350079441531,0
2024-03-04,sz300394,55217.021485879137,55217.021485879137,0,31444.773055739824,31444.773055739824,0.015153708592086861,0.015153708592086861,0
2024-03-05,sh688041,281.76781677487674,281.76781677487674,0,14088.390838736628,14088.390838736628,7.7664929343923141e-05,7.7664929343923141e-05,0
2024-03-05,sz300394,-69901.730502909602,-69901.730502909602,0,31444.773055739824,31444.773055739824,-0.019267328052812911,-0.019267328052812911,0
2024-03-06,sh688041,-26486.174776824999,-26486.174776824999,0,14088.390838736628,14088.390838736628,-0.0073991151386427296,-0.0073991151386427296,0
2024-03-06,sz300394,-786.11932639367433,-786.11932639367433,0,31444.773055739824,31444.773055739824,-0.00021960843563520119,-0.00021960843563520119,0
2024-03-07,sh688041,-49591.135752352879,-49591.135752352879,0,14088.390838736628,14088.390838736628,-0.014058171914822523,-0.014058171914822523,0
2024-03-07,sz300394,-27042.504827936231,-27042.504827936231,0,31444.773055739824,31444.773055739824,-0.007666051122059819,-0.007666051122059819,0
2024-03-08,sh688041,19723.747174231361,19723.747174231361,0,14088.390838736628,14088.390838736628,0.00554899201727806,0.00554899201727806,0
2024-03-08,sz300394,111251.60707120762,111251.60707120762,0,31444.773055739824,31444.773055739824,0.031299036338998498,0.031299036338998498,0
2024-03-11,sh688041,21273.470166492181,21273.470166492181,0,14088.390838736628,14088.390838736628,0.0058968381149478678,0.0058968381149478678,0
2024-03-11,sz300394,-46758.377533885177,-46758.377533885177,0,31444.773055739824,31444.773055739824,-0.01296105340017506,-0.01296105340017506,0
2024-03-12,sh688041,-53676.769095586584,-53676.769095586584,0,14088.390838736628,14088.390838736628,-0.015149905989377708,-0.015149905989377708,0
2024-03-12,sz300394,-49494.072789734426,-49494.072789734426,0,31444.773055739824,31444.773055739824,-0.013969368172302057,-0.013969368172302057,0
2024-03-13,sh688041,-4226.5172516209486,-4226.5172516209486,0,14088.390838736628,14088.390838736628,-0.0012059934851588645,-0.0012059934851588645,0
2024-03-13,sz300394,30029.758268231479,30029.758268231479,0,31444.773055739824,31444.773055739824,0.0085686844927684389,0.0085686844927684389,0
2024-03-14,sh688041,14792.81038067342,14792.81038067342,0,14088.390838736628,14088.390838736628,0.0041319348768582408,0.0041319348768582408,0
2024-03-14,sz300394,111157.2727520404,111157.2727520404,0,31444.773055739824,31444.773055739824,0.031048502636163124,0.031048502636163124,0
2024-03-15,sh688041,-704.41954193679135,-704.41954193679135,0,14088.390838736628,14088.390838736628,-0.00019060900864705511,-0.00019060900864705511,0
2024-03-15,sz300394,105528.65837506267,105528.65837506267,0,31444.773055739824,31444.773055739824,0.028555018365077341,0.028555018365077341,0
2024-03-18,sh688041,35080.093188454332,35080.093188454332,0,14088.390838736628,14088.390838736628,0.0092324995883968208,0.0092324995883968208,0
2024-03-18,sz300394,68077.933665676697,68077.933665676697,0,31444.773055739824,31444.773055739824,0.017916984746041944,0.017916984746041944,0
2024-03-19,sh688041,-35784.512730391121,-35784.512730391121,0,14088.390838736628,14088.390838736628,-0.0093262270100555184,-0.0093262270100555184,0
2024-03-19,sz300394,6886.4052992070592,6886.4052992070592,0,31444.773055739824,31444.773055739824,0.0017947479007897717,0.0017947479007897717,0
2024-03-20,sh688041,-6480.6597858187606,-6480.6597858187606,0,14088.390838736628,14088.390838736628,-0.0016973832209354516,-0.0016973832209354516,0
2024-03-20,sz300394,-2547.026617514799,-2547.026617514799,0,31444.773055739824,31444.773055739824,-0.00066710495331138552,-0.00066710495331138552,0
2024-03-21,sh688041,-13665.739113574713,-13665.739113574713,0,14088.390838736628,14088.390838736628,-0.0035987227552101153,-0.0035987227552101153,0
2024-03-21,sz300394,-18552.416102886604,-18552.416102886604,0,31444.773055739824,31444.773055739824,-0.0048855756310512552,-0.0048855756310512552,0
2024-03-22,sh688041,12679.551754863045,12679.551754863045,0,14088.390838736628,14088.390838736628,0.003343832720793936,0.003343832720793936,0
2024-03-22,sz300394,8584.4230442170738,8584.4230442170738,0,31444.773055739824,31444.773055739824,0.0022638714064463069,0.0022638714064463069,0
2024-03-25,sh688041,5353.5885187198546,5353.5885187198546,0,14088.390838736628,14088.390838736628,0.0014172905564495053,0.0014172905564495053,0
2024-03-25,sz300394,-55688.693081715253,-55688.693081715253,0,31444.773055739824,31444.773055739824,-0.014742832500059774,-0.014742832500059774,0
2024-03-26,sh688041,-7607.7603347927579,-59312.12543108112,51704.365096288362,14088.390838736628,0,-0.0020347389785890838,-0.015863366905192234,0.013828627926603151
2024-03-26,sz300394,-18944.301230857815,-32073.668516854719,13129.367285996905,31444.773055739824,0,-0.0050667616276334239,-0.0085782859403611342,0.0035115243127277103
2024-04-29,sz300308,-1053.1358777137887,0,-1053.1358777137887,0,2971.6101152609745,-0.00028172399182645576,0,-0.00028172399182645576
2024-04-29,sz300502,26094.5270369395,0,26094.5270369395,0,23285.47137729076,0.0069805373430339834,0,0.0069805373430339834
2024-04-30,sz300308,-2965.6668950304243,-2965.6668950304243,0,2971.6101152609745,2971.6101152609745,-0.00079201007147444214,-0.00079201007147444214,0
2024-04-30,sz300502,-9500.4723219346597,-9500.4723219346597,0,23285.47137729076,23285.47137729076,-0.0025371931606159824,-0.0025371931606159824,0
2024-05-06,sz300308,-6596.97445587936,-6596.97445587936,0,2971.6101152609745,2971.6101152609745,-0.001768057144758638,-0.001768057144758638,0
2024-05-06,sz300502,-7497.9217834876881,-7497.9217834876881,0,23285.47137729076,23285.47137729076,-0.0020095203140163961,-0.0020095203140163961,0
2024-05-07,sz300308,-34266.941148647362,-13728.838732505716,-20538.102416141646,2971.6101152609745,5518.7389773559262,-0.0093484360012905977,-0.0037453932554448429,-0.0056030427458457531
2024-05-07,sz300502,-82374.754603601163,-30527.252975628184,-51847.501627972975,23285.47137729076,47156.990393669155,-0.022472829371996076,-0.0083282038364586586,-0.014144625535537417
2024-05-08,sz300308,-7891.7967376190118,-7891.7967376190118,0,5518.7389773559262,5518.7389773559262,-0.0021875898227282885,-0.0021875898227282885,0
2024-05-08,sz300502,7922.3743861367184,7922.3743861367184,0,47156.990393669155,47156.990393669155,0.0021960658840010578,0.0021960658840010578,0
2024-05-09,sz300308,-6423.8121696423059,-6423.8121696423059,0,5518.7389773559262,5518.7389773559262,-0.0017789190995878734,-0.0017789190995878734,0
2024-05-09,sz300502,13486.899252589108,13486.899252589108,0,47156.990393669155,47156.990393669155,0.0037348698936170979,0.0037348698936170979,0
2024-05-10,sz300308,-7853.1655647774141,-7853.1655647774141,0,5518.7389773559262,5518.7389773559262,-0.0021776014458789262,-0.0021776014458789262,0
2024-05-10,sz300502,-8676.8862324350066,-8676.8862324350066,0,47156.990393669155,47156.990393669155,-0.0024060106525989129,-0.0024060106525989129,0
2024-05-13,sz300308,1390.7222222936678,1390.7222222936678,0,5518.7389773559262,5518.7389773559262,0.00038689465475137062,0.00038689465475137062,0
2024-05-13,sz300502,-8393.9442900729809,-8393.9442900729809,0,47156.990393669155,47156.990393669155,-0.0023351695443205919,-0.0023351695443205919,0
2024-05-14,sz300308,-24265.895283434038,-24265.895283434038,0,5518.7389773559262,5518.7389773559262,-0.0068574341644433946,-0.0068574341644433946,0
2024-05-14,sz300502,-80119.726678844134,-80119.726678844134,0,47156.990393669155,47156.990393669155,-0.022641478690813049,-0.022641478690813049,0
2024-05-15,sz300308,5314.5456351938019,5314.5456351938019,0,5518.7389773559262,5518.7389773559262,0.0015198363010581982,0.0015198363010581982,0
2024-05-15,sz300502,14901.608964399571,14901.608964399571,0,47156.990393669155,47156.990393669155,0.0042615131758940751,0.0042615131758940751,0
2024-05-16,sz300308,19478.498185209162,14790.220459313841,4688.277725895322,5518.7389773559262,0,0.0055022152929895367,0.0041778876597230591,0.0013243276332664787
2024-05-16,sz300502,47156.990393669155,47156.990393669155,0,47156.990393669155,47156.990393669155,0.013320735061208771,0.013320735061208771,0
2024-05-17,sz300502,54607.794875868938,54607.794875868938,0,47156.990393669155,47156.990393669155,0.015165561268390101,0.015165561268390101,0
2024-05-20,sz300502,123221.21589865748,123221.21589865748,0,47156.990393669155,47156.990393669155,0.033398560609348357,0.033398560609348357,0
2024-05-21,sh688256,-64943.877079164638,-0,-64943.877079164638,0,12796.598690972036,-0.017479602931512482,-0,-0.017479602931512482
2024-05-21,sz300502,-6748.2388961816723,-6743.4496262947214,-4.7892698869508621,47156.990393669155,46555.586806724743,-0.0018162841779288637,-0.0018149951490054181,-1.2890289234457812e-06
2024-05-22,sh688256,17083.459252447588,17083.459252447588,0,12796.598690972036,12796.598690972036,0.0046497146452820857,0.0046497146452820857,0
2024-05-22,sz300502,-28259.241191681886,-28259.241191681886,0,46555.586806724743,46555.586806724743,-0.0076914988757149074,-0.0076914988757149074,0
2024-05-23,sh688256,-45427.92535295069,-45427.92535295069,0,12796.598690972036,12796.598690972036,-0.012528301908269554,-0.012528301908269554,0
2024-05-23,sz300502,-39199.804091262173,-39199.804091262173,0,46555.586806724743,46555.586806724743,-0.010810684762394803,-0.010810684762394803,0
2024-05-24,sh688256,-101349.06163249855,-101349.06163249855,0,12796.598690972036,12796.598690972036,-0.028853673593903662,-0.028853673593903662,0
2024-05-24,sz300502,-40410.249348237172,-40410.249348237172,0,46555.586806724743,46555.586806724743,-0.011504636804337314,-0.011504636804337314,0
2024-05-27,sh688256,35126.663406718297,35126.663406718297,0,12796.598690972036,12796.598690972036,0.010032496612736282,0.010032496612736282,0
2024-05-27,sz300502,83893.167425717969,83893.167425717969,0,46555.586806724743,46555.586806724743,0.02396065656122803,0.02396065656122803,0
2024-05-28,sh688256,-32119.462714339876,-32119.462714339876,0,12796.598690972036,12796.598690972036,-0.0090716627753459518,-0.0090716627753459518,0
2024-05-28,sz300502,-8799.0059064709785,-8799.0059064709785,0,46555.586806724743,46555.586806724743,-0.0024851478697414586,-0.0024851478697414586,0
2024-05-29,sh688256,-2137.0319813921683,-2137.0319813921683,0,12796.598690972036,12796.598690972036,-0.00060849100013811365,-0.00060849100013811365,0
2024-05-29,sz300502,-14246.009562857649,-14246.009562857649,0,46555.586806724743,46555.586806724743,-0.004056358857686934,-0.004056358857686934,0
2024-05-30,sh688256,4542.7925352949414,4542.7925352949414,0,12796.598690972036,12796.598690972036,0.0013012413127309994,0.0013012413127309994,0
2024-05-30,sz300502,-29935.242316724041,-29935.242316724041,0,46555.586806724743,46555.586806724743,-0.0085746759744126256,-0.0085746759744126256,0
2024-05-31,sh688256,19412.440214204707,19412.440214204707,0,12796.598690972036,12796.598690972036,0.0055628267164034824,0.0055628267164034824,0
2024-05-31,sz300502,3072.6687292436186,3072.6687292436186,0,46555.586806724743,46555.586806724743,0.00088050361052427841,0.00088050361052427841,0
2024-06-03,sh688256,53246.64715313448,53246.64715313448,0,12796.598690972036,12796.598690972036,0.014674978324097577,0.014674978324097577,0
2024-06-03,sz300502,204751.47077597558,204751.47077597558,0,46555.586806724743,46555.586806724743,0.056430283522324286,0.056430283522324286,0
2024-06-04,sh688256,-12195.158552496207,-12195.158552496207,0,12796.598690972036,12796.598690972036,-0.0032421120384851735,-0.0032421120384851735,0
2024-06-04,sz300502,17318.678292101598,17318.678292101598,0,46555.586806724743,46555.586806724743,0.0046042120026378317,0.0046042120026378317,0
2024-06-05,sh688256,4555.5891339859745,4555.5891339859745,0,12796.598690972036,12796.598690972036,0.0012202031366468076,0.0012202031366468076,0
2024-06-05,sz300502,-65550.266223868501,-65550.266223868501,0,46555.586806724743,46555.586806724743,-0.017557474588234867,-0.017557474588234867,0
2024-06-06,sh688256,-57802.236287120635,-57802.236287120635,0,12796.598690972036,12796.598690972036,-0.015708952424048867,-0.015708952424048867,0
2024-06-06,sz300502,10940.562899580289,10940.562899580289,0,46555.586806724743,46555.586806724743,0.0029733240981909105,0.0029733240981909105,0
2024-06-07,sh688256,65531.381896467734,65531.381896467734,0,12796.598690972036,12796.598690972036,0.017917627135734533,0.017917627135734533,0
2024-06-07,sz300502,-63175.931296725445,-63175.931296725445,0,46555.586806724743,46555.586806724743,-0.017273598513699636,-0.017273598513699636,0
2024-06-11,sh688256,80810.520733488374,80810.520733488374,0,12796.598690972036,12796.598690972036,0.021804714297454814,0.021804714297454814,0
2024-06-11,sz300502,14711.565430925135,14711.565430925135,0,46555.586806724743,46555.586806724743,0.0039695509715568693,0.0039695509715568693,0
2024-06-12,sh688256,-5233.8088646074575,-5233.8088646074575,0,12796.598690972036,12796.598690972036,-0.0013950989129382788,-0.0013950989129382788,0
2024-06-12,sz300502,232.77793403341201,232.77793403341201,0,46555.586806724743,46555.586806724743,6.2048166283272944e-05,6.2048166283272944e-05,0
2024-06-13,sh688256,49215.718565478499,49215.718565478499,0,12796.598690972036,12796.598690972036,0.012884016954866021,0.012884016954866021,0
2024-06-13,sz300502,93343.95154748323,93343.95154748323,0,46555.586806724743,46555.586806724743,0.02443619821931322,0.02443619821931322,0
2024-06-14,sh688256,38466.575665061944,38466.575665061944,0,12796.598690972036,12796.598690972036,0.0094728753970206095,0.0094728753970206095,0
2024-06-14,sz300502,304520.0933027867,304520.0933027867,0,46555.586806724743,46555.586806724743,0.074991881909739599,0.074991881909739599,0
2024-06-17,sh688256,94298.135753772935,94298.135753772935,0,12796.598690972036,12796.598690972036,0.021904197172914527,0.021904197172914527,0
2024-06-17,sz300502,47300.476195632255,47300.476195632255,0,46555.586806724743,46555.586806724743,0.010987268716183765,0.010987268716183765,0
2024-06-18,sh688256,-16226.087140152551,-16226.087140152551,0,12796.598690972036,12796.598690972036,-0.0036678535878173824,-0.0036678535878173824,0
2024-06-18,sz300502,111873.07509655949,111873.07509655949,0,46555.586806724743,46555.586806724743,0.025288540381228436,0.025288540381228436,0
2024-06-19,sh688256,70509.258787255807,70509.258787255807,0,12796.598690972036,12796.598690972036,0.01565541154108083,0.01565541154108083,0
2024-06-19,sz300502,-6424.6709793279269,-6424.6709793279269,0,46555.586806724743,46555.586806724743,-0.0014264916399262585,-0.0014264916399262585,0
2024-06-20,sh688256,-22074.132741926689,-22074.132741926689,0,12796.598690972036,12796.598690972036,-0.0049020002618408737,-0.0049020002618408737,0
2024-06-20,sz300502,-43482.918077481125,-43482.918077481125,0,46555.586806724743,46555.586806724743,-0.0096562468973724752,-0.0096562468973724752,0
2024-06-21,sh688256,4721.9449169686786,4721.9449169686786,0,12796.598690972036,12796.598690972036,0.0010566382076534298,0.0010566382076534298,0
2024-06-21,sz300502,-7821.3385835297222,-7821.3385835297222,0,46555.586806724743,46555.586806724743,-0.0017501951690823334,-0.0017501951690823334,0
2024-06-24,sh688256,-77125.100310488662,-77125.100310488662,0,12796.598690972036,12796.598690972036,-0.017494098237609636,-0.017494098237609636,0
2024-06-24,sz300502,-39665.359959329333,-39665.359959329333,0,46555.586806724743,46555.586806724743,-0.0089971967746573754,-0.0089971967746573754,0
2024-06-25,sh688256,-14067.389317878886,-78238.404396602724,64171.015078723838,12796.598690972036,0,-0.0032773448254452809,-0.018227563338594228,0.014950218513148948
2024-06-25,sz300502,-101781.7199723167,-126398.41818025784,24616.698207941135,46555.586806724743,0,-0.023712558580591681,-0.029447624744489441,0.0057350661638977613
2024-07-12,sz300308,5178.4959963371839,-0,5178.4959963371839,0,2836.3860201080638,0.0012195370071856168,-0,0.0012195370071856168
2024-07-12,sz300502,18105.712471109888,-0,18105.712471109888,0,20727.870727870726,0.0042638994827066635,-0,0.0042638994827066635
2024-07-15,sz300308,-1531.6484508583319,-1531.6484508583319,0,2836.3860201080638,2836.3860201080638,-0.00036019786969112687,-0.00036019786969112687,0
2024-07-15,sz300502,-9845.738595738625,-9845.738595738625,0,20727.870727870726,20727.870727870726,-0.0023154230108961091,-0.0023154230108961091,0
2024-07-16,sz300308,-4141.1235893577959,-4141.1235893577959,0,2836.3860201080638,2836.3860201080638,-0.00097374425589427237,-0.00097374425589427237,0
2024-07-16,sz300502,16603.024453024493,16603.024453024493,0,20727.870727870726,20727.870727870726,0.0039040369944892015,0.0039040369944892015,0
2024-07-17,sz300308,-34201.55970446227,-18181.234388892681,-16020.325315569591,2836.3860201080638,5774.3650661516258,-0.0081236719685461242,-0.0043184692579778493,-0.0038052027105682754
2024-07-17,sz300502,-63236.009011845454,-36377.413127413027,-26858.59588443243,20727.870727870726,41052.686894616745,-0.015020034122748957,-0.008640488149224107,-0.0063795459735248505
2024-07-18,sz300308,-9874.1642631193263,-9874.1642631193263,0,5774.3650661516258,5774.3650661516258,-0.0023859306428680497,-0.0023859306428680497,0
2024-07-18,sz300502,-36208.469841052174,-36208.469841052174,0,41052.686894616745,41052.686894616745,-0.0087491857966963196,-0.0087491857966963196,0
2024-07-19,sz300308,-28987.312632081055,-28987.312632081055,0,5774.3650661516258,5774.3650661516258,-0.0071317519280291071,-0.0071317519280291071,0
2024-07-19,sz300502,-72499.045055893104,-72499.045055893104,0,41052.686894616745,41052.686894616745,-0.017836948561606451,-0.017836948561606451,0
2024-07-22,sz300308,-7000.8148220935709,-2194.2587251377558,-4806.5560969558146,5774.3650661516258,0,-0.0017467535768773182,-0.00054748331074731154,-0.0011992702661300066
2024-07-22,sz300502,-5213.6912356164266,-5213.6912356164266,0,41052.686894616745,41052.686894616745,-0.0013008534072071753,-0.0013008534072071753,0
2024-07-23,sz300502,-61168.503472978737,-61168.503472978737,0,41052.686894616745,41052.686894616745,-0.015403284649427534,-0.015403284649427534,0
2024-07-24,sz300502,-18122.432758857103,-23687.400338194078,5564.967579336977,41052.686894616745,0,-0.0046094765257342326,-0.0060249370085929139,0.0014154604828586811
2024-09-27,sz300308,14159.142379973056,0,14159.142379973056,0,3044.9207975411773,0.0035816484825720398,0,0.0035816484825720398
2024-09-27,sz300502,47484.609706851115,0,47484.609706851115,0,19942.893165721067,0.012011545313833654,0,0.012011545313833654
2024-09-30,sz300308,64735.016155725491,64735.016155725491,0,3044.9207975411773,3044.9207975411773,0.015770209020939889,0.015770209020939889,0
2024-09-30,sz300502,179166.9522008381,179166.9522008381,0,19942.893165721067,19942.893165721067,0.043647170475017504,0.043647170475017504,0
2024-10-08,sz300308,94301.197099850251,94301.197099850251,0,3044.9207975411773,3044.9207975411773,0.02140777021232872,0.02140777021232872,0
2024-10-08,sz300502,264462.70627062698,264462.70627062698,0,19942.893165721067,19942.893165721067,0.060036956260241997,0.060036956260241997,0
2024-10-09,sz300308,-59162.811096225094,-59162.811096225094,0,3044.9207975411773,3044.9207975411773,-0.013096171656383077,-0.013096171656383077,0
2024-10-09,sz300502,-78636.385075427024,-75922.59428190015,-2713.7907935268804,19942.893165721067,27682.946710748172,-0.017406806375550022,-0.016806086608976801,-0.00060071976657322373
2024-10-10,sz300308,-11235.757742926937,-11235.757742926937,0,3044.9207975411773,3044.9207975411773,-0.0025497423907087629,-0.0025497423907087629,0
2024-10-10,sz300502,-73276.759943350175,-73276.759943350175,0,27682.946710748172,27682.946710748172,-0.01662877265211295,-0.01662877265211295,0
2024-10-11,sz300308,-9347.9068484513937,-9347.9068484513937,0,3044.9207975411773,3044.9207975411773,-0.0021417804744513695,-0.0021417804744513695,0
2024-10-11,sz300502,9439.8848283649604,9439.8848283649604,0,27682.946710748172,27682.946710748172,0.0021628543517002632,0.0021628543517002632,0
2024-10-14,sz300308,7186.0130821971334,7186.0130821971334,0,3044.9207975411773,3044.9207975411773,0.0016330988130456251,0.0016330988130456251,0
2024-10-14,sz300502,64279.802262357334,64279.802262357334,0,27682.946710748172,27682.946710748172,0.014608276881311621,0.014608276881311621,0
2024-10-15,sz300308,-12788.667349672911,-12788.667349672911,0,3044.9207975411773,3044.9207975411773,-0.0029180841513136969,-0.0029180841513136969,0
2024-10-15,sz300502,-93789.823456014958,-93789.823456014958,0,27682.946710748172,27682.946710748172,-0.021400712826306081,-0.021400712826306081,0
2024-10-16,sz300308,-27708.779257624697,-27708.779257624697,0,3044.9207975411773,3044.9207975411773,-0.0065111266803509265,-0.0065111266803509265,0
2024-10-16,sz300502,-119202.76853648156,-119202.76853648156,0,27682.946710748172,27682.946710748172,-0.028010773025159794,-0.028010773025159794,0
2024-10-17,sz300308,5480.8574355740675,5480.8574355740675,0,3044.9207975411773,3044.9207975411773,0.0013075414650332825,0.0013075414650332825,0
2024-10-17,sz300502,12844.887273787113,12844.887273787113,0,27682.946710748172,27682.946710748172,0.0030643421985662046,0.0030643421985662046,0
2024-10-18,sh688256,240704.36953264315,0,240704.36953264315,0,5178.4675233994449,0.055105588541473016,0,0.055105588541473016
2024-10-18,sz300308,-2315.7945500692294,53286.113956970599,-55601.908507039829,3044.9207975411773,0,-0.0005301657874781301,0.012199041822083123,-0.012729207609561251
2024-10-18,sz300502,100308.73127492669,177835.24966984644,-77526.518394919753,27682.946710748172,16155.894029210442,0.022964151766275573,0.04071266390179798,-0.017748512135522407
2024-10-21,sh688256,54634.494005259658,49666.682016924118,4967.8119883355366,5178.4675233994449,4374.189490793935,0.012015362614829073,0.010922828245673937,0.0010925343691551373
2024-10-21,sz300502,-39708.351713205957,-45333.438645964685,5625.0869327587279,16155.894029210442,14369.544119808388,-0.0087327658717843634,-0.0099698498874343684,0.0012370840156500054
2024-10-22,sh688256,-67519.988979895337,-67519.988979895337,0,4374.189490793935,4374.189490793935,-0.014932166739312804,-0.014932166739312804,0
2024-10-22,sz300502,2198.5402503307669,2198.5402503307669,0,14369.544119808388,14369.544119808388,0.00048621112202498485,0.00048621112202498485,0
2024-10-23,sh688256,-5874.536486136084,-5874.536486136084,0,4374.189490793935,4374.189490793935,-0.0013163826277973593,-0.0013163826277973593,0
2024-10-23,sz300502,-47146.47425709141,-47146.47425709141,0,14369.544119808388,14369.544119808388,-0.010564714309018059,-0.010564714309018059,0
2024-10-24,sh688256,18201.002471193569,18201.002471193569,0,4374.189490793935,4374.189490793935,0.0040803653366610036,0.0040803653366610036,0
2024-10-24,sz300502,30793.933048749386,30793.933048749386,0,14369.544119808388,14369.544119808388,0.0069034932109064695,0.0069034932109064695,0
2024-10-25,sh688256,-9715.0748590533458,-9715.0748590533458,0,4374.189490793935,4374.189490793935,-0.0021628533533442212,-0.0021628533533442212,0
2024-10-25,sz300502,22948.161959334117,22948.161959334117,0,14369.544119808388,14369.544119808388,0.0051089167882818007,0.0051089167882818007,0
2024-10-28,sh688256,37604.907052355375,37604.907052355375,0,4374.189490793935,4374.189490793935,0.0083695702593029678,0.0083695702593029678,0
2024-10-28,sz300502,-48310.407330795933,-48310.407330795933,0,14369.544119808388,14369.544119808388,-0.010752249642518825,-0.010752249642518825,0
2024-10-29,sh688256,-2025.2497342376894,-2025.2497342376894,0,4374.189490793935,4374.189490793935,-0.00045345433733134433,-0.00045345433733134433,0
2024-10-29,sz300502,-40766.396667896239,-40766.396667896239,0,14369.544119808388,14369.544119808388,-0.0091276147696351603,-0.0091276147696351603,0
2024-10-30,sh688256,32998.885518549621,32998.885518549621,0,4374.189490793935,4374.189490793935,0.0073995830966024547,0.0073995830966024547,0
2024-10-30,sz300502,-3664.2337505512778,-3664.2337505512778,0,14369.544119808388,14369.544119808388,-0.00082165811652451124,-0.00082165811652451124,0
2024-10-31,sh688256,24512.957906409145,24512.957906409145,0,4374.189490793935,4374.189490793935,0.0054629777654207033,0.0054629777654207033,0
2024-10-31,sz300502,1235.7807943035002,1235.7807943035002,0,14369.544119808388,14369.544119808388,0.00027540711439188792,0.00027540711439188792,0
2024-11-01,sh688256,-125031.83240485385,-125031.83240485385,0,4374.189490793935,4374.189490793935,-0.028197241489248979,-0.028197241489248979,0
2024-11-01,sz300502,-5934.6217214808166,-5934.6217214808166,0,14369.544119808388,14369.544119808388,-0.0013383788640807025,-0.0013383788640807025,0
2024-11-04,sh688256,-205.58690606742633,-205.58690606742633,0,4374.189490793935,4374.189490793935,-4.6961726189121701e-05,-4.6961726189121701e-05,0
2024-11-04,sz300502,17674.539267364373,17674.539267364373,0,14369.544119808388,14369.544119808388,0.0040373528133188672,0.0040373528133188672,0
2024-11-05,sh688256,79028.48153017406,79028.48153017406,0,4374.189490793935,4374.189490793935,0.017831154516727499,0.017831154516727499,0
2024-11-05,sz300502,12386.547031274755,12386.547031274755,0,14369.544119808388,14369.544119808388,0.0027947700596909846,0.0027947700596909846,0
2024-11-06,sh688256,53255.757050416207,53255.757050416207,0,4374.189490793935,4374.189490793935,0.011880415218089458,0.011880415218089458,0
2024-11-06,sz300502,-43769.631388936243,-43769.631388936243,0,14369.544119808388,14369.544119808388,-0.0097642287640566042,-0.0097642287640566042,0
2024-11-07,sh688256,58710.37134543631,58710.37134543631,0,4374.189490793935,4374.189490793935,0.012952442638905328,0.012952442638905328,0
2024-11-07,sz300502,32331.474269568873,32331.474269568873,0,14369.544119808388,14369.544119808388,0.0071328379690173164,0.0071328379690173164,0
2024-11-08,sh688256,-132104.89681146771,-132104.89681146771,0,4374.189490793935,4374.189490793935,-0.029325812484703825,-0.029325812484703825,0
2024-11-08,sz300502,-14513.239561006545,-14513.239561006545,0,14369.544119808388,14369.544119808388,-0.0032217771799865394,-0.0032217771799865394,0
2024-11-11,sh688256,-1439.1083424712385,-1439.1083424712385,0,4374.189490793935,4374.189490793935,-0.00032398445819608685,-0.00032398445819608685,0
2024-11-11,sz300502,21626.16390031156,21626.16390031156,0,14369.544119808388,14369.544119808388,0.004868668179680324,0.004868668179680324,0
2024-11-12,sh688256,-22076.534360036854,-22076.534360036854,0,4374.189490793935,4374.189490793935,-0.0049718194188411603,-0.0049718194188411603,0
2024-11-12,sz300502,-1250.150338423173,-1250.150338423173,0,14369.544119808388,14369.544119808388,-0.00028154426902687115,-0.00028154426902687115,0
2024-11-13,sh688256,149750.37721733018,149750.37721733018,0,4374.189490793935,4374.189490793935,0.033008629878291063,0.033008629878291063,0
2024-11-13,sz300502,68039.791407292709,68039.791407292709,0,14369.544119808388,14369.544119808388,0.014997626939530285,0.014997626939530285,0
2024-11-14,sh688256,-14679.779931104422,-14679.779931104422,0,4374.189490793935,4374.189490793935,-0.0031791510810788223,-0.0031791510810788223,0
2024-11-14,sz300502,-43108.632359425166,-43108.632359425166,0,14369.544119808388,14369.544119808388,-0.009335893031945831,-0.009335893031945831,0
2024-11-15,sh688256,-44971.042154852468,-44971.042154852468,0,4374.189490793935,4374.189490793935,-0.0099158553558900877,-0.0099158553558900877,0
2024-11-15,sz300502,-61444.170656300819,-61444.170656300819,0,14369.544119808388,14369.544119808388,-0.013548085156500279,-0.013548085156500279,0
2024-11-18,sh688256,-14741.018583975332,-14741.018583975332,0,4374.189490793935,4374.189490793935,-0.0033001658803304187,-0.0033001658803304187,0
2024-11-18,sz300502,-16254.57265631904,-49258.797242703113,33004.224586384073,14369.544119808388,0,-0.0036390148872107032,-0.01102788121732653,0.0073888663301158279
2024-11-19,sh688256,36227.037362755291,36227.037362755291,0,4374.189490793935,4374.189490793935,0.0081056432148722077,0.0081056432148722077,0
2024-11-20,sh688256,41099.88445549988,41099.88445549988,0,4374.189490793935,4374.189490793935,0.0091170657436242739,0.0091170657436242739,0
2024-11-21,sh688256,115434.86066205188,115434.86066205188,0,4374.189490793935,4374.189490793935,0.025170741258972822,0.025170741258972822,0
2024-11-22,sh688256,-65525.358572093224,-65525.358572093224,0,4374.189490793935,4374.189490793935,-0.014210068102736678,-0.014210068102736678,0
2024-11-25,sh688256,-8809.6176344590294,-8809.6176344590294,0,4374.189490793935,4374.189490793935,-0.0019259778887410215,-0.0019259778887410215,0
2024-11-26,sh688256,-9098.3141408513147,-9098.3141408513147,0,4374.189490793935,4374.189490793935,-0.0019929947513788447,-0.0019929947513788447,0
2024-11-27,sh688256,142821.66106391282,142821.66106391282,0,4374.189490793935,4374.189490793935,0.030836066882457207,0.030836066882457207,0
2024-11-28,sh688256,33698.755837076511,33698.755837076511,0,4374.189490793935,4374.189490793935,0.0071391881594637073,0.0071391881594637073,0
2024-11-29,sh688256,78241.72954350675,43947.481814006525,34294.247729500232,4374.189490793935,7163.7371707515922,0.016371486232621385,0.0091956759861285091,0.0071758102464928777
2024-11-29,sh688300,6059.2382158552455,0,6059.2382158552455,0,21940.358324905763,0.0012678494661328712,0,0.0012678494661328712
2024-12-02,sh688256,4814.0313787452524,4814.0313787452524,0,7163.7371707515922,7163.7371707515922,0.00099421964092533317,0.00099421964092533317,0
2024-12-02,sh688300,36442.9351776685,36442.9351776685,0,21940.358324905763,21940.358324905763,0.0075263908927927451,0.0075263908927927451,0
2024-12-03,sh688256,38411.958709569793,38411.958709569793,0,7163.7371707515922,7163.7371707515922,0.0078469574444163023,0.0078469574444163023,0
2024-12-03,sh688300,26657.535364760577,26657.535364760577,0,21940.358324905763,21940.358324905763,0.0054457141111157268,0.0054457141111157268,0
2024-12-04,sh688256,-83607.976519841774,-83607.976519841774,0,7163.7371707515922,7163.7371707515922,-0.017087406171519718,-0.017087406171519718,0
2024-12-04,sh688300,14195.411836213994,14195.411836213994,0,21940.358324905763,21940.358324905763,0.0029011917033995231,0.0029011917033995231,0
2024-12-05,sh688256,84231.221653697488,84231.221653697488,0,7163.7371707515922,7163.7371707515922,0.01727423520156772,0.01727423520156772,0
2024-12-05,sh688300,-48619.834047991193,-48619.834047991193,0,21940.358324905763,21940.358324905763,-0.0099710111324180541,-0.0099710111324180541,0
2024-12-06,sh688256,-79424.354012123236,-79424.354012123236,0,7163.7371707515922,7163.7371707515922,-0.016386302954171112,-0.016386302954171112,0
2024-12-06,sh688300,-14173.471477889141,-14173.471477889141,0,21940.358324905763,21940.358324905763,-0.0029241760973409284,-0.0029241760973409284,0
2024-12-09,sh688256,-70197.460536194689,-70197.460536194689,0,7163.7371707515922,7163.7371707515922,-0.014725867560800481,-0.014725867560800481,0
2024-12-09,sh688300,3554.3380486347123,3554.3380486347123,0,21940.358324905763,21940.358324905763,0.0007456211516871222,0.0007456211516871222,0
2024-12-10,sh688256,-2736.547599227144,-2736.547599227144,0,7163.7371707515922,7163.7371707515922,-0.00057818384173159709,-0.00057818384173159709,0
2024-12-10,sh688300,1338.3618578192502,1338.3618578192502,0,21940.358324905763,21940.358324905763,0.00028277205951013373,0.00028277205951013373,0
2024-12-11,sh688256,30624.976404962894,30624.976404962894,0,7163.7371707515922,7163.7371707515922,0.0064459232623608181,0.0064459232623608181,0
2024-12-11,sh688300,6933.1532306702757,6933.1532306702757,0,21940.358324905763,21940.358324905763,0.0014592851631992541,0.0014592851631992541,0
2024-12-12,sh688256,154765.3778369177,154765.3778369177,0,7163.7371707515922,7163.7371707515922,0.031894447712035243,0.031894447712035243,0
2024-12-12,sh688300,11299.284537326481,11299.284537326481,0,21940.358324905763,21940.358324905763,0.0023285856623496172,0.0023285856623496172,0
2024-12-13,sh688256,-43225.990088315048,-43225.990088315048,0,7163.7371707515922,7163.7371707515922,-0.0088327018543204235,-0.0088327018543204235,0
2024-12-13,sh688300,-40677.424334375268,-40677.424334375268,0,21940.358324905763,21940.358324905763,-0.0083119336448545505,-0.0083119336448545505,0
2024-12-16,sh688256,34858.745072877144,34858.745072877144,0,7163.7371707515922,7163.7371707515922,0.0071483103415635324,0.0071483103415635324,0
2024-12-16,sh688300,14173.471477888985,14173.471477888985,0,21940.358324905763,21940.358324905763,0.0029064836536551548,0.0029064836536551548,0
2024-12-17,sh688256,-25237.846052558034,-25237.846052558034,0,7163.7371707515922,7163.7371707515922,-0.0051269433007531395,-0.0051269433007531395,0
2024-12-17,sh688300,68366.156540406504,68366.156540406504,0,21940.358324905763,21940.358324905763,0.013888245753743748,0.013888245753743748,0
2024-12-18,sh688256,228609.18059302506,228609.18059302506,0,7163.7371707515922,7163.7371707515922,0.045160042798131572,0.045160042798131572,0
2024-12-18,sh688300,9280.7715714350215,9280.7715714350215,0,21940.358324905763,21940.358324905763,0.0018333473759823095,0.0018333473759823095,0
2024-12-19,sh688256,88801.685968636433,88801.685968636433,0,7163.7371707515922,7163.7371707515922,0.016978599956334051,0.016978599956334051,0
2024-12-19,sh688300,7766.8868470166226,7766.8868470166226,0,21940.358324905763,21940.358324905763,0.0014850040654428899,0.0014850040654428899,0
2024-12-20,sh688256,191980.99243897217,191980.99243897217,0,7163.7371707515922,7163.7371707515922,0.035400518212910521,0.035400518212910521,0
2024-12-20,sh688300,99565.34607842243,99565.34607842243,0,21940.358324905763,21940.358324905763,0.018359446955897835,0.018359446955897835,0
2024-12-23,sh688256,-130774.02205207029,-130774.02205207029,0,7163.7371707515922,7163.7371707515922,-0.023921217239032132,-0.023921217239032132,0
2024-12-23,sh688300,-74597.218304679569,-74597.218304679569,0,21940.358324905763,21940.358324905763,-0.013645342067885835,-0.013645342067885835,0
2024-12-24,sh688256,50726.422906091742,50726.422906091742,0,7163.7371707515922,7163.7371707515922,0.0094100807244892806,0.0094100807244892806,0
2024-12-24,sh688300,1009.2564829456513,1009.2564829456513,0,21940.358324905763,21940.358324905763,0.0001872236288731528,0.0001872236288731528,0
2024-12-25,sh688256,13460.662143842379,13460.662143842379,0,7163.7371707515922,7163.7371707515922,0.0024739418170661421,0.0024739418170661421,0
2024-12-25,sh688300,35455.619053047703,35455.619053047703,0,21940.358324905763,21940.358324905763,0.0065164059307013609,0.0065164059307013609,0
2024-12-26,sh688256,-52216.480237608266,-52216.480237608266,0,7163.7371707515922,7163.7371707515922,-0.0095764456015257123,-0.0095764456015257123,0
2024-12-26,sh688300,26482.012498161272,26482.012498161272,0,21940.358324905763,21940.358324905763,0.0048567722480250724,0.0048567722480250724,0
2024-12-27,sh688205,-27993.118998305948,-0,-27993.118998305948,0,22366.338198667021,-0.0051641048138321355,-0,-0.0051641048138321355
2024-12-27,sh688256,4133.4763475236559,4133.4763475236559,0,7163.7371707515922,7163.7371707515922,0.00076253400363853537,0.00076253400363853537,0
2024-12-27,sh688300,-14150.184729290562,-44209.822024685127,30059.637295394565,21940.358324905763,0,-0.002610392828379199,-0.0081557240816985989,0.0055453312533194007
2024-12-30,sh688205,54529.132528350252,54529.132528350252,0,22366.338198667021,22366.338198667021,0.0099074747739989737,0.0099074747739989737,0
2024-12-30,sh688256,150968.59713641915,150968.59713641915,0,7163.7371707515922,7163.7371707515922,0.027429696722526212,0.027429696722526212,0
2024-12-31,sh688205,-77767.757916765317,-77767.757916765317,0,22366.338198667021,22366.338198667021,-0.014123070075683152,-0.014123070075683152,0
2024-12-31,sh688256,-122600.19794024299,-122600.19794024299,0,7163.7371707515922,7163.7371707515922,-0.022264897859803144,-0.022264897859803144,0
2025-01-02,sh688205,-54093.396885643582,-98054.026662956225,43960.629777312643,22366.338198667021,0,-0.010082736987773865,-0.018276777173465739,0.0081940401856918765
2025-01-02,sh688256,-29501.963794136529,-59523.492151774757,30021.528357638228,7163.7371707515922,0,-0.0054990176007610261,-0.011094879421770043,0.0055958618210090166
2025-01-16,sh603986,-36617.833966108643,-0,-36617.833966108643,0,9074.8969308291344,-0.0070379244194220284,-0,-0.0070379244194220284
2025-01-16,sh688256,-202218.42024368941,-0,-202218.42024368941,0,3176.1565141143124,-0.038866251870802553,-0,-0.038866251870802553
2025-01-17,sh603986,59803.570774163898,59803.570774163898,0,9074.8969308291344,9074.8969308291344,0.011737414253834554,0.011737414253834554,0
2025-01-17,sh688256,-38394.943806107687,-4262.4020419413582,-34132.54176416633,3176.1565141143124,0,-0.0075356262990850754,-0.00083656507186807621,-0.0066990612272169996
2025-01-20,sh603986,-16244.065506184079,-16244.065506184079,0,9074.8969308291344,9074.8969308291344,-0.0031865425866217747,-0.0031865425866217747,0
2025-01-21,sh603986,-25296.777584730629,-8167.4072377462726,-17129.370346984357,9074.8969308291344,17241.310350416919,-0.004971897654859966,-0.0016052444923320224,-0.0033666531625279436
2025-01-21,sh688205,22019.783438327311,0,22019.783438327311,0,21948.920342423942,0.0043278282884388836,0,0.0043278282884388836
2025-01-22,sh603986,70861.785540213779,70861.785540213779,0,17241.310350416919,17241.310350416919,0.013512148903385476,0.013512148903385476,0
2025-01-22,sh688205,248352.03367452684,248352.03367452684,0,21948.920342423942,21948.920342423942,0.047356549568800019,0.047356549568800019,0
2025-01-23,sh603986,-98965.12141139328,-98965.12141139328,0,17241.310350416919,17241.310350416919,-0.018591260832446124,-0.018591260832446124,0
2025-01-23,sh688205,-64837.110691520495,-64837.110691520495,0,21948.920342423942,21948.920342423942,-0.01218008546139638,-0.01218008546139638,0
2025-01-24,sh603986,517.23931051252714,517.23931051252714,0,17241.310350416919,17241.310350416919,9.7775941291457992e-05,9.7775941291457992e-05,0
2025-01-24,sh688205,96421.607064268392,96421.607064268392,0,21948.920342423942,21948.920342423942,0.018226985459017242,0.018226985459017242,0
2025-01-27,sh603986,-53448.062086292353,-53448.062086292353,0,17241.310350416919,17241.310350416919,-0.010213023380952344,-0.010213023380952344,0
2025-01-27,sh688205,-155837.33443120986,-155837.33443120986,0,21948.920342423942,21948.920342423942,-0.029777886756710323,-0.029777886756710323,0
2025-02-05,sh603986,109417.05540687796,137068.4172858143,-27651.361878936335,17241.310350416919,0,0.021277509072929329,0.026654660752528783,-0.0053771516795994515
2025-02-05,sh688205,-83391.203126781067,-198725.52478030641,115334.32165352535,21948.920342423942,0,-0.01621645797846101,-0.038644653165011193,0.022428195186550183
2025-02-11,sh601869,-2359.8467081744238,-0,-2359.8467081744238,0,13188.50284595771,-0.00045405168800592244,-0,-0.00045405168800592244
2025-02-11,sh688205,86393.821253455055,0,86393.821253455055,0,18080.884603611878,0.01662280021729013,0,0.01662280021729013
2025-02-12,sh601869,4088.4358822468262,4088.4358822468262,0,13188.50284595771,13188.50284595771,0.0007770816561718342,0.0007770816561718342,0
2025-02-12,sh688205,39633.29905111737,39633.29905111737,0,18080.884603611878,18080.884603611878,0.0075330298806766324,0.0075330298806766324,0
2025-02-13,sh601869,-22288.569809668501,-22288.569809668501,0,13188.50284595771,13188.50284595771,-0.0042574860733720519,-0.0042574860733720519,0
2025-02-13,sh688205,-73444.553259871405,-73444.553259871405,0,18080.884603611878,18080.884603611878,-0.014029126379086638,-0.014029126379086638,0
2025-02-14,sh601869,3898.7591025872775,2373.930512272384,1524.8285903148935,13188.50284595771,26689.051899175698,0.00075892319840836764,0.00046210368216322516,0.00029681951624514248
2025-02-14,sh688205,-103978.84059044835,-62433.294536271867,-41545.546054176484,18080.884603611878,34193.964079985279,-0.020240274454333344,-0.012153117012332366,-0.0080871574420009786
2025-02-17,sh601869,-17614.774253455871,-17614.774253455871,0,26689.051899175698,26689.051899175698,-0.0034566639586924874,-0.0034566639586924874,0
2025-02-17,sh688205,34706.873541185079,34706.873541185079,0,34193.964079985279,34193.964079985279,0.0068107599429027745,0.0068107599429027745,0
2025-02-18,sh601869,-18682.336329423066,-18682.336329423066,0,26689.051899175698,26689.051899175698,-0.0036915927086775633,-0.0036915927086775633,0
2025-02-18,sh688205,-68387.928159970557,-68387.928159970557,0,34193.964079985279,34193.964079985279,-0.013513319346430405,-0.013513319346430405,0
2025-02-19,sh601869,14945.869063538452,14945.869063538452,0,26689.051899175698,26689.051899175698,0.0029518393775931971,0.0029518393775931971,0
2025-02-19,sh688205,77073.195036286503,77073.195036286503,0,34193.964079985279,34193.964079985279,0.015222111949318008,0.015222111949318008,0
2025-02-20,sh601869,-9074.2776457198288,-9074.2776457198288,0,26689.051899175698,26689.051899175698,-0.0017576287784578132,-0.0017576287784578132,0
2025-02-20,sh688205,116259.47787195015,116259.47787195015,0,34193.964079985279,34193.964079985279,0.022518707499830891,0.022518707499830891,0
2025-02-21,sh601869,51509.870165409091,51509.870165409091,0,26689.051899175698,26689.051899175698,0.0098423594731002362,0.0098423594731002362,0
2025-02-21,sh688205,-17644.085465272587,-17644.085465272587,0,34193.964079985279,34193.964079985279,-0.003371381662692192,-0.003371381662692192,0
2025-02-24,sh601869,103820.41188779348,103820.41188779348,0,26689.051899175698,26689.051899175698,0.020203488208437783,0.020203488208437783,0
2025-02-24,sh688205,-325629.11993369967,-325629.11993369967,0,34193.964079985279,34193.964079985279,-0.063367539824584054,-0.063367539824584054,0
2025-02-25,sh601869,9341.1681647115329,9341.1681647115329,0,26689.051899175698,26689.051899175698,0.0018697597000961732,0.0018697597000961732,0
2025-02-25,sh688205,-74621.723438951391,-94135.983112199479,19514.259673248096,34193.964079985279,1168.1271323990295,-0.014936535642828996,-0.018842575623148519,0.0039060399803195244
2025-02-26,sh601869,-23753.256190266387,-23753.256190266387,0,26689.051899175698,26689.051899175698,-0.0047975585729840937,-0.0047975585729840937,0
2025-02-26,sh688205,-699.73666030950994,-1635.3779853586479,935.641325049138,1168.1271323990295,0,-0.00014132915447924113,-0.00033030510052520294,0.00018897594604596184
2025-02-27,sh601869,-44036.935633639863,-44036.935633639863,0,26689.051899175698,26689.051899175698,-0.0089563389973800218,-0.0089563389973800218,0
2025-02-28,sh601869,-108090.66019166169,-108090.66019166169,0,26689.051899175698,26689.051899175698,-0.022329950604023693,-0.022329950604023693,0
2025-03-03,sh601869,1776.1428170276231,-19749.898405389878,21526.041222417502,26689.051899175698,0,0.00037098369824820201,-0.0041251695979714984,0.0044961532962197008
2025-03-04,sh600206,96501.864822803313,-0,96501.864822803313,0,136739.0400997299,0.019947217520574632,-0,0.019947217520574632
2025-03-04,sh688019,2466.594254338348,-0,2466.594254338348,0,10175.530264388337,0.0005098522418880791,-0,0.0005098522418880791
2025-03-05,sh600206,-94349.93766881332,-94349.93766881332,0,136739.0400997299,136739.0400997299,-0.019504145101205489,-0.019504145101205489,0
2025-03-05,sh688019,-5474.4352822408919,-5474.4352822408919,0,10175.530264388337,10175.530264388337,-0.0011316825716068133,-0.0011316825716068133,0
2025-03-06,sh600206,97084.718470807857,97084.718470807857,0,136739.0400997299,136739.0400997299,0.020029323752611787,0.020029323752611787,0
2025-03-06,sh688019,22284.411279010434,22284.411279010434,0,10175.530264388337,10175.530264388337,0.0045974453567361687,0.0045974453567361687,0
2025-03-07,sh600206,-105289.06087679196,-105289.06087679196,0,136739.0400997299,136739.0400997299,-0.021728641591487092,-0.021728641591487092,0
2025-03-07,sh688019,-17044.01319285058,-17044.01319285058,0,10175.530264388337,10175.530264388337,-0.0035173953577323589,-0.0035173953577323589,0
2025-03-10,sh600206,39654.321628921556,39654.321628921556,0,136739.0400997299,136739.0400997299,0.008260411437296649,0.008260411437296649,0
2025-03-10,sh688019,-8018.3178483379761,-8018.3178483379761,0,10175.530264388337,10175.530264388337,-0.0016702997741861057,-0.0016702997741861057,0
2025-03-11,sh600206,-39654.321628921556,-39654.321628921556,0,136739.0400997299,136739.0400997299,-0.0082807899740185292,-0.0082807899740185292,0
2025-03-11,sh688019,-15538.034713721001,-15538.034713721001,0,10175.530264388337,10175.530264388337,-0.003244720796824585,-0.003244720796824585,0
2025-03-12,sh600206,9571.7328069811319,9571.7328069811319,0,136739.0400997299,136739.0400997299,0.0020076710179214997,0.0020076710179214997,0
2025-03-12,sh688019,3256.1696846043428,3256.1696846043428,0,10175.530264388337,10175.530264388337,0.00068298161232068085,0.00068298161232068085,0
2025-03-13,sh600206,-168189.01932266782,-168189.01932266782,0,136739.0400997299,136739.0400997299,-0.035923250000746108,-0.035923250000746108,0
2025-03-13,sh688019,-14815.572064949451,-14815.572064949451,0,10175.530264388337,10175.530264388337,-0.0031644366638001937,-0.0031644366638001937,0
2025-03-14,sh600206,4177.8190787592803,9571.7328069811319,-5393.9137282218517,136739.0400997299,92438.685568376037,0.00090980963042525435,0.0020844499303294397,-0.0011746402999041855
2025-03-14,sh688019,-2221.5561313315566,-844.56901194421573,-1376.9871193873407,10175.530264388337,6892.8594939355971,-0.00048379145307938295,-0.00018392300052729569,-0.00029986845255208718
2025-03-17,sh600206,17563.350257991566,17563.350257991566,0,92438.685568376037,92438.685568376037,0.0038188512037572778,0.0038188512037572778,0
2025-03-17,sh688019,-5217.8946369092819,-5217.8946369092819,0,6892.8594939355971,6892.8594939355971,-0.0011345422668532664,-0.0011345422668532664,0
2025-03-18,sh600206,2129.3778267210369,4621.9342784188675,-2492.5564516978307,92438.685568376037,62134.190696021687,0.00046298507892976503,0.0010049351410769084,-0.00054195006214714347
2025-03-18,sh601869,-17254.398888387441,-0,-17254.398888387441,0,30956.846782132117,-0.0037515790438782766,-0,-0.0037515790438782766
2025-03-18,sh688019,3014.6092524157434,4404.5372166249153,-1389.9279642091719,6892.8594939355971,0,0.00065545864390883027,0.00095766706373022069,-0.00030220841982139048
2025-03-19,sh600206,-36659.172510652788,-36659.172510652788,0,62134.190696021687,62134.190696021687,-0.008053185543587419,-0.008053185543587419,0
2025-03-19,sh601869,-45196.996301912921,-45196.996301912921,0,30956.846782132117,30956.846782132117,-0.0099287510411308465,-0.0099287510411308465,0
2025-03-20,sh600206,-12426.838139204514,-12426.838139204514,0,62134.190696021687,62134.190696021687,-0.0027593600200344452,-0.0027593600200344452,0
2025-03-20,sh601869,-3175.8159027879419,-3714.821613855775,539.0057110678332,30956.846782132117,0,-0.00070518496619797534,-0.00082487034336552764,0.00011968537716755235
2025-03-21,sh600206,-4403.9583821311462,-42251.249673294733,37847.291291163587,62134.190696021687,0,-0.00098006813100243997,-0.009402700867437554,0.0084226327364351154
2025-04-01,sh688019,-7075.548379335045,-0,-7075.548379335045,0,11814.850023213097,-0.0015734070360564532,-0,-0.0015734070360564532
2025-04-01,sz300776,18357.970219234878,0,18357.970219234878,0,16289.848694094972,0.0040823068350461251,0,0.0040823068350461251
2025-04-02,sh688019,-18738.352136815956,-18738.352136815956,0,11814.850023213097,11814.850023213097,-0.0041699758936531058,-0.0041699758936531058,0
2025-04-02,sz300776,814.49243470493377,814.49243470493377,0,16289.848694094972,16289.848694094972,0.00018125466921978353,0.00018125466921978353,0
2025-04-03,sh688019,-35306.493288695841,-24681.221698492143,-10625.2715902037,11814.850023213097,22234.099334507868,-0.0079630592040907684,-0.0055666256064379142,-0.0023964335976528538
2025-04-03,sz300776,-66096.041071672706,-37955.347457241485,-28140.69361443122,16289.848694094972,35006.845206934064,-0.014907362334346013,-0.0085604842271497696,-0.006346878107196246
2025-04-07,sh688019,-164123.17767198986,-125022.34055793785,-39100.837114052018,22234.099334507868,11483.206227684599,-0.039000024090679146,-0.029708627159153594,-0.0092913969315255533
2025-04-07,sz300776,-181142.35323598416,-271653.11880580802,90510.765569823852,35006.845206934064,17085.819219758901,-0.043044232022881247,-0.064551992765508992,0.021507760742627752
2025-04-08,sh688019,11699.20408377991,-13584.632967350961,25283.837051130871,11483.206227684599,0,0.0028899181545422445,-0.0033556536969527378,0.0062455718514949823
2025-04-08,sz300776,8859.3690371523007,-22894.997754476986,31754.366791629287,17085.819219758901,0,0.0021884267711640626,-0.0056554846966555133,0.007843911467819575
2025-04-16,sh688268,7638.1212362818378,-0,7638.1212362818378,0,17246.046009389673,0.0018702788986011526,-0,0.0018702788986011526
2025-04-16,sz002371,43222.602559867461,0,43222.602559867461,0,3255.1234702005941,0.010583534747570407,0,0.010583534747570407
2025-04-17,sh688268,-12244.692666666682,-12244.692666666682,0,17246.046009389673,17246.046009389673,-0.002988202050015998,-0.002988202050015998,0
2025-04-17,sz002371,-11236.686219132445,-11236.686219132445,0,3255.1234702005941,3255.1234702005941,-0.0027422075595906919,-0.0027422075595906919,0
2025-04-18,sh688268,-31732.724657276933,-31732.724657276933,0,17246.046009389673,17246.046009389673,-0.0078194198097216883,-0.0078194198097216883,0
2025-04-18,sz002371,-23651.72713447758,-23651.72713447758,0,3255.1234702005941,3255.1234702005941,-0.0058281406871582642,-0.0058281406871582642,0
2025-04-21,sh688019,8257.0056181411765,0,8257.0056181411765,0,21343.831628638869,0.00204261456147554,0,0.00204261456147554
2025-04-21,sh688268,1545.1190743778807,12244.692666666682,-10699.573592288802,17246.046009389673,0,0.000382230903852572,0.0030290868988601541,-0.002646855995007582
2025-04-21,sz002371,13832.599639708615,6894.351509884842,6938.2481298237726,3255.1234702005941,5560.7800182681931,0.0034219026550076194,0.0017055217638560741,0.0017163808911515456
2025-04-22,sh688019,-9860.8502124309252,-9860.8502124309252,0,21343.831628638869,21343.831628638869,-0.0024284625231461706,-0.0024284625231461706,0
2025-04-22,sz002371,22532.280634022834,22532.280634022834,0,5560.7800182681931,5560.7800182681931,0.0055490954534281739,0.0055490954534281739,0
2025-04-23,sh688019,-21343.831628638869,-21343.831628638869,0,21343.831628638869,21343.831628638869,-0.0052783266168489919,-0.0052783266168489919,0
2025-04-23,sz002371,-24962.3415020061,-24962.3415020061,0,5560.7800182681931,5560.7800182681931,-0.0061731836092691087,-0.0061731836092691087,0
2025-04-24,sh688019,-12635.548324154184,-12635.548324154184,0,21343.831628638869,21343.831628638869,-0.0031470476932507932,-0.0031470476932507932,0
2025-04-24,sz002371,1607.065425279437,1607.065425279437,0,5560.7800182681931,5560.7800182681931,0.00040026055140486387,0.00040026055140486387,0
2025-04-25,sh688019,-47874.21434303718,-47874.21434303718,0,21343.831628638869,21343.831628638869,-0.012030050558428526,-0.012030050558428526,0
2025-04-25,sz002371,-11944.5554792399,-11944.5554792399,0,5560.7800182681931,5560.7800182681931,-0.0030014822861340442,-0.0030014822861340442,0
2025-04-28,sh688019,17565.973430369948,17565.973430369948,0,21343.831628638869,21343.831628638869,0.0044349145284930261,0.0044349145284930261,0
2025-04-28,sz002371,4693.2983354183225,4693.2983354183225,0,5560.7800182681931,5560.7800182681931,0.0011849259055756462,0.0011849259055756462,0
2025-04-29,sh688019,162938.81065302913,162938.81065302913,0,21343.831628638869,21343.831628638869,0.040203012138370992,0.040203012138370992,0
2025-04-29,sz002371,0,0,0,5560.7800182681931,5560.7800182681931,0,0,0
2025-04-30,sh688019,40712.450915007466,49282.907230527097,-8570.456315519632,21343.831628638869,17449.275553215291,0.0098098178487611501,0.011874901464373703,-0.0020650836156125528
2025-04-30,sh688256,-1046.7545535162135,-0,-1046.7545535162135,0,4815.5265572433482,-0.00025221943831856572,-0,-0.00025221943831856572
2025-04-30,sz002371,-9111.9052214582807,-14252.279186821313,5140.3739653630328,5560.7800182681931,0,-0.0021955477616488021,-0.0034341401613055193,0.0012385923996567174
2025-05-06,sh688019,37166.956928348489,37166.956928348489,0,17449.275553215291,17449.275553215291,0.0088706992994586134,0.0088706992994586134,0
2025-05-06,sh688256,11701.729534101096,11701.729534101096,0,4815.5265572433482,4815.5265572433482,0.0027928712103258333,0.0027928712103258333,0
2025-05-07,sh688019,-36660.927937305314,-36660.927937305314,0,17449.275553215291,17449.275553215291,-0.0086908799507961678,-0.0086908799507961678,0
2025-05-07,sh688256,44630.300132531491,44630.300132531491,0,4815.5265572433482,4815.5265572433482,0.01058010809991362,0.01058010809991362,0
2025-05-08,sh688019,24586.029254480451,24586.029254480451,0,17449.275553215291,17449.275553215291,0.0058457214625180793,0.0058457214625180793,0
2025-05-08,sh688256,-57526.280252829165,-57526.280252829165,0,4815.5265572433482,4815.5265572433482,-0.013677792686735324,-0.013677792686735324,0
2025-05-09,sh688019,-32630.145284512673,-32630.145284512673,0,17449.275553215291,17449.275553215291,-0.0078291142795997651,-0.0078291142795997651,0
2025-05-09,sh688256,-10440.06157610361,-10440.06157610361,0,4815.5265572433482,4815.5265572433482,-0.0025049362928876808,-0.0025049362928876808,0
2025-05-12,sh688019,-10329.971127503431,-10329.971127503431,0,17449.275553215291,17449.275553215291,-0.0025187580656597952,-0.0025187580656597952,0
2025-05-12,sh688256,-79504.343460087635,-79504.343460087635,0,4815.5265572433482,4815.5265572433482,-0.019385553345053704,-0.019385553345053704,0
2025-05-13,sh688019,-28616.811907273088,-28616.811907273088,0,17449.275553215291,17449.275553215291,-0.0070714354936701942,-0.0070714354936701942,0
2025-05-13,sh688256,9342.1215210520841,9342.1215210520841,0,4815.5265572433482,4815.5265572433482,0.002308510463157424,0.002308510463157424,0
2025-05-14,sh688019,8776.9856032672942,8776.9856032672942,0,17449.275553215291,17449.275553215291,0.002166744347711413,0.002166744347711413,0
2025-05-14,sh688256,18419.389081456025,18419.389081456025,0,4815.5265572433482,4815.5265572433482,0.0045471314394870763,0.0045471314394870763,0
2025-05-15,sh688019,-26330.956809801879,-26330.956809801879,0,17449.275553215291,17449.275553215291,-0.0065177653243547497,-0.0065177653243547497,0
2025-05-15,sh688256,-22589.635080028696,-22589.635080028696,0,4815.5265572433482,4815.5265572433482,-0.005591666921865514,-0.005591666921865514,0
2025-05-16,sh688019,8270.956612224114,8270.956612224114,0,17449.275553215291,17449.275553215291,0.0020651344125908033,0.0020651344125908033,0
2025-05-16,sh688256,-29090.595932307049,-29090.595932307049,0,4815.5265572433482,4815.5265572433482,-0.0072634875939007618,-0.0072634875939007618,0
2025-05-19,sh688019,-9719.2464831409543,-9719.2464831409543,0,17449.275553215291,17449.275553215291,-0.0024321506847008387,-0.0024321506847008387,0
2025-05-19,sh688256,12737.067743908568,12737.067743908568,0,4815.5265572433482,4815.5265572433482,0.0031873322780900321,0.0031873322780900321,0
2025-05-20,sh688019,-19508.290068494607,-19508.290068494607,0,17449.275553215291,17449.275553215291,-0.0048897681091607387,-0.0048897681091607387,0
2025-05-20,sh688256,3423.8393822000817,3423.8393822000817,0,4815.5265572433482,4815.5265572433482,0.00085818800946619699,0.00085818800946619699,0
2025-05-21,sh688019,0,0,0,17449.275553215291,17449.275553215291,0,0,0
2025-05-21,sh688256,-21039.03552859605,-21039.03552859605,0,4815.5265572433482,4815.5265572433482,-0.0052981053275140888,-0.0052981053275140888,0
2025-05-22,sh688019,-32734.84093783197,-32734.84093783197,0,17449.275553215291,17449.275553215291,-0.0083161113862646394,-0.0083161113862646394,0
2025-05-22,sh688256,-15611.937098583025,-15611.937098583025,0,4815.5265572433482,4815.5265572433482,-0.0039661291806408969,-0.0039661291806408969,0
2025-05-23,sh688019,7224.000079031156,7224.000079031156,0,17449.275553215291,17449.275553215291,0.0018471637683027281,0.0018471637683027281,0
2025-05-23,sh688256,-9886.2760220205801,-9886.2760220205801,0,4815.5265572433482,4815.5265572433482,-0.0025279029168789242,-0.0025279029168789242,0
2025-05-26,sh688019,-11778.260998420272,-11778.260998420272,0,17449.275553215291,17449.275553215291,-0.0030185742002280841,-0.0030185742002280841,0
2025-05-26,sh688256,-3413.9917448071246,-24564.000968498316,21150.009223691191,4815.5265572433482,0,-0.00087494982510988935,-0.0062953486586713979,0.0054203988335615079
2025-05-27,sh688019,-9091.0725632251815,-9091.0725632251815,0,17449.275553215291,17449.275553215291,-0.0023371627626245549,-0.0023371627626245549,0
2025-05-28,sh688019,4629.2606982989228,-3088.5217729192236,7717.7824712181464,17449.275553215291,0,0.0011907880786845991,-0.00079446269018754471,0.0019852507688721439
2025-06-03,sh688205,-72910.092260649893,-0,-72910.092260649893,0,38792.212148685401,-0.018941448640014732,-0,-0.018941448640014732
2025-06-03,sz300502,-8086.4808992653416,-0,-8086.4808992653416,0,12604.572932917317,-0.0021008019312925958,-0,-0.0021008019312925958
2025-06-04,sh688205,239735.87107887576,239735.87107887576,0,38792.212148685401,38792.212148685401,0.060619421214712324,0.060619421214712324,0
2025-06-04,sz300502,55724.816936427451,55724.816936427451,0,12604.572932917317,12604.572932917317,0.014090532780013673,0.014090532780013673,0
2025-06-05,sh688205,185038.85194922949,185038.85194922949,0,38792.212148685401,38792.212148685401,0.04389543162003158,0.04389543162003158,0
2025-06-05,sz300502,39162.408102574096,39162.408102574096,0,12604.572932917317,12604.572932917317,0.009290215480876312,0.009290215480876312,0
2025-06-06,sh688205,-128402.22221214905,-128402.22221214905,0,38792.212148685401,38792.212148685401,-0.030022427836126693,-0.030022427836126693,0
2025-06-06,sz300502,25486.446470358886,25486.446470358886,0,12604.572932917317,12604.572932917317,0.0059591258373350624,0.0059591258373350624,0
2025-06-09,sh688205,16680.65122393471,16680.65122393471,0,38792.212148685401,38792.212148685401,0.0039349684553271116,0.0039349684553271116,0
2025-06-09,sz300502,10260.122367394608,10260.122367394608,0,12604.572932917317,12604.572932917317,0.0024203646081612917,0.0024203646081612917,0
2025-06-10,sh688205,106678.58340888485,106678.58340888485,0,38792.212148685401,38792.212148685401,0.024808896317707396,0.024808896317707396,0
2025-06-10,sz300502,-11432.347650155962,-11432.347650155962,0,12604.572932917317,12604.572932917317,-0.0026586772945194834,-0.0026586772945194834,0
2025-06-11,sh688205,-48102.343064369699,-48102.343064369699,0,38792.212148685401,38792.212148685401,-0.011139676774744763,-0.011139676774744763,0
2025-06-11,sz300502,-11167.651618564689,-11167.651618564689,0,12604.572932917317,12604.572932917317,-0.0025862363751655622,-0.0025862363751655622,0
2025-06-12,sh688205,88446.243699002764,88446.243699002764,0,38792.212148685401,38792.212148685401,0.020362615608599567,0.020362615608599567,0
2025-06-12,sz300502,22058.002632605305,22058.002632605305,0,12604.572932917317,12604.572932917317,0.0050783233964099197,0.0050783233964099197,0
2025-06-13,sh688205,-18620.261831369146,-18620.261831369146,0,38792.212148685401,38792.212148685401,-0.0042450935743403818,-0.0042450935743403818,0
2025-06-13,sz300502,-6844.2831025741834,-6844.2831025741834,0,12604.572932917317,12604.572932917317,-0.0015603766736919046,-0.0015603766736919046,0
2025-06-16,sh688205,158272.22556663636,158272.22556663636,0,38792.212148685401,38792.212148685401,0.035314676487238079,0.035314676487238079,0
2025-06-16,sz300502,59871.721431357255,59871.721431357255,0,12604.572932917317,12604.572932917317,0.013358948264692395,0.013358948264692395,0
2025-06-17,sh688205,55472.863372620392,55472.863372620392,0,38792.212148685401,38792.212148685401,0.012003762477180114,0.012003762477180114,0
2025-06-17,sz300502,3781.3718798751593,3781.3718798751593,0,12604.572932917317,12604.572932917317,0.00081825035024806088,0.00081825035024806088,0
2025-06-18,sh688205,190081.83952855814,190081.83952855814,0,38792.212148685401,38792.212148685401,0.039866100420311572,0.039866100420311572,0
2025-06-18,sz300502,45918.459194617797,45918.459194617797,0,12604.572932917317,12604.572932917317,0.009630535510066875,0.009630535510066875,0
2025-06-19,sh688205,-30257.925475974658,-30257.925475974658,0,38792.212148685401,38792.212148685401,-0.0062063050948926281,-0.0062063050948926281,0
2025-06-19,sz300502,7020.7471236349729,7020.7471236349729,0,12604.572932917317,12604.572932917317,0.0014400491097106497,0.0014400491097106497,0
2025-06-20,sh688205,-334776.79084315483,-334776.79084315483,0,38792.212148685401,38792.212148685401,-0.071524881124909151,-0.071524881124909151,0
2025-06-20,sz300502,-26923.367784711336,-26923.367784711336,0,12604.572932917317,12604.572932917317,-0.0057521630320719764,-0.0057521630320719764,0
2025-06-23,sh688205,-14958.686757598014,-165642.74587488652,150684.0591172885,38792.212148685401,2521.1056362082309,-0.0033373200583757421,-0.036955306792015516,0.033617986733639776
2025-06-23,sz300502,-24578.917219188803,-24578.917219188803,0,12604.572932917317,12604.572932917317,-0.005483617297293234,-0.005483617297293234,0
2025-06-24,sh688205,201.68845089665416,201.68845089665416,0,2521.1056362082309,2521.1056362082309,4.5221212032561864e-05,4.5221212032561864e-05,0
2025-06-24,sz300502,-5130.0611836973039,-5130.0611836973039,0,12604.572932917317,12604.572932917317,-0.0011502274101300044,-0.0011502274101300044,0
2025-06-25,sh688205,-2974.9046507257117,-2974.9046507257117,0,2521.1056362082309,2521.1056362082309,-0.00066512718573789333,-0.00066512718573789333,0
2025-06-25,sz300502,33225.654251169995,33225.654251169995,0,12604.572932917317,12604.572932917317,0.0074285694840639585,0.0074285694840639585,0
2025-06-26,sh688205,-378.16584543123105,-378.16584543123105,0,2521.1056362082309,2521.1056362082309,-8.3731957796311787e-05,-8.3731957796311787e-05,0
2025-06-26,sz300502,57615.502876365033,57615.502876365033,0,12604.572932917317,12604.572932917317,0.012756992503529413,0.012756992503529413,0
2025-06-27,sh688205,6781.7741614001352,6781.7741614001352,0,2521.1056362082309,2521.1056362082309,0.0014816727102426022,0.0014816727102426022,0
2025-06-27,sz300502,57451.643428237221,57451.643428237221,0,12604.572932917317,12604.572932917317,0.012551956199118463,0.012551956199118463,0
2025-06-30,sh688205,-756.3316908624621,-756.3316908624621,0,2521.1056362082309,2521.1056362082309,-0.00016348943996792584,-0.00016348943996792584,0
2025-06-30,sz300502,34561.738982059163,34561.738982059163,0,12604.572932917317,12604.572932917317,0.0074709012180239533,0.0074709012180239533,0
2025-07-01,sh688205,-3302.6483834327883,-3302.6483834327883,0,2521.1056362082309,2521.1056362082309,-0.00071143029401698067,-0.00071143029401698067,0
2025-07-01,sz300502,1625.9899083463956,1625.9899083463956,0,12604.572932917317,12604.572932917317,0.00035025783682159913,0.00035025783682159913,0
2025-07-02,sh688205,-4941.3670469681347,-4941.3670469681347,0,2521.1056362082309,2521.1056362082309,-0.001067491984325687,-0.001067491984325687,0
2025-07-02,sz300502,-19990.852671606848,-19990.852671606848,0,12604.572932917317,12604.572932917317,-0.0043186581332527495,-0.0043186581332527495,0
2025-07-03,sh688205,7689.3721904350969,7689.3721904350969,0,2521.1056362082309,2521.1056362082309,0.0016567053538743862,0.0016567053538743862,0
2025-07-03,sz300502,42137.087314742639,42137.087314742639,0,12604.572932917317,12604.572932917317,0.0090786004919676724,0.0090786004919676724,0
2025-07-04,sh688205,-7991.904866780078,-7991.904866780078,0,2521.1056362082309,2521.1056362082309,-0.0017163197143969108,-0.0017163197143969108,0
2025-07-04,sz300502,-11797.880265210697,-11797.880265210697,0,12604.572932917317,12604.572932917317,-0.00253368062118007,-0.00253368062118007,0
2025-07-07,sh688205,-3983.3469052090186,-3983.3469052090186,0,2521.1056362082309,2521.1056362082309,-0.0008591904441290157,-0.0008591904441290157,0
2025-07-07,sz300502,-16738.872854914236,-16738.872854914236,0,12604.572932917317,12604.572932917317,-0.0036105014061481111,-0.0036105014061481111,0
2025-07-08,sh688205,-4055.730259209965,2974.9046507257117,-7030.6349099356767,2521.1056362082309,0,-0.00086997271646676851,0.00063813067309994535,-0.001508103389566714
2025-07-08,sz300502,76434.130265210697,76434.130265210697,0,12604.572932917317,12604.572932917317,0.016395471021919784,0.016395471021919784,0
2025-07-09,sz300502,5130.0611836973039,5130.0611836973039,0,12604.572932917317,12604.572932917317,0.0010913276454169198,0.0010913276454169198,0
2025-07-10,sz300502,-22499.162685257368,-22499.162685257368,0,12604.572932917317,12604.572932917317,-0.004795157207364566,-0.004795157207364566,0
2025-07-11,sz300502,-17016.173459438487,-17016.173459438487,0,12604.572932917317,12604.572932917317,-0.0036419221877120218,-0.0036419221877120218,0
2025-07-14,sz300502,-2344.4505655225307,-2344.4505655225307,0,12604.572932917317,12604.572932917317,-0.00050281716193847578,-0.00050281716193847578,0
2025-07-15,sh688498,64845.402855092369,0,64845.402855092369,0,7814.7462267051196,0.013393532662024072,0,0.013393532662024072
2025-07-15,sz300502,299909.46654624538,235705.51384555388,64203.952700691472,12604.572932917317,24021.137924546863,0.06194498081558155,0.048683936860786682,0.01326104395479486
2025-07-16,sh688498,-4157.4449926069847,-4157.4449926069847,0,7814.7462267051196,7814.7462267051196,-0.00081002050860550141,-0.00081002050860550141,0
2025-07-16,sz300502,218256.05918243277,218256.05918243277,0,24021.137924546863,24021.137924546863,0.042524166736918577,0.042524166736918577,0
2025-07-17,sh688498,67488.148413825373,67488.148413825373,0,7814.7462267051196,7814.7462267051196,0.012520610751396943,0.012520610751396943,0
2025-07-17,sz300502,235046.83459169097,235046.83459169097,0,24021.137924546863,24021.137924546863,0.043606618249844693,0.043606618249844693,0
2025-07-18,sh688498,-80968.585654891882,-80968.585654891882,0,7814.7462267051196,7814.7462267051196,-0.014742785154840045,-0.014742785154840045,0
2025-07-18,sz300502,-20249.819270392749,-20249.819270392749,0,24021.137924546863,24021.137924546863,-0.0036870933648289958,-0.0036870933648289958,0
2025-07-21,sh688498,-57727.530376670722,-57727.530376670722,0,7814.7462267051196,7814.7462267051196,-0.010734648486308104,-0.010734648486308104,0
2025-07-21,sz300502,-69661.299981186035,-69661.299981186035,0,24021.137924546863,24021.137924546863,-0.012953777227572095,-0.012953777227572095,0
2025-07-22,sh688498,41808.892312872566,41808.892312872566,0,7814.7462267051196,7814.7462267051196,0.007856090428388007,0.007856090428388007,0
2025-07-22,sz300502,-26591.399682473362,-26591.399682473362,0,24021.137924546863,24021.137924546863,-0.0049966509267838017,-0.0049966509267838017,0
2025-07-23,sh688498,-5876.6891624823247,-5876.6891624823247,0,7814.7462267051196,7814.7462267051196,-0.001107775485332197,-0.001107775485332197,0
2025-07-23,sz300502,-43069.900298712681,-43069.900298712681,0,24021.137924546863,24021.137924546863,-0.0081188196937852387,-0.0081188196937852387,0
2025-07-24,sh688498,-48013.800816876297,-48013.800816876297,0,7814.7462267051196,7814.7462267051196,-0.0091552332349772343,-0.0091552332349772343,0
2025-07-24,sz300502,-24021.137924546863,-24021.137924546863,0,24021.137924546863,24021.137924546863,-0.0045803314157017222,-0.0045803314157017222,0
2025-07-25,sh688498,12355.11378442093,12355.11378442093,0,7814.7462267051196,7814.7462267051196,0.0023686431118654797,0.0023686431118654797,0
2025-07-25,sz300502,2930.5788267947146,2930.5788267947146,0,24021.137924546863,24021.137924546863,0.00056183176237672007,0.00056183176237672007,0
2025-07-28,sh688498,42348.109802514911,42348.109802514911,0,7814.7462267051196,7814.7462267051196,0.0080111829002183967,0.0080111829002183967,0
2025-07-28,sz300502,82872.925839686752,82872.925839686752,0,24021.137924546863,24021.137924546863,0.015677445096700358,0.015677445096700358,0
2025-07-29,sh688498,78866.418919908174,78866.418919908174,0,7814.7462267051196,7814.7462267051196,0.014286478097732432,0.014286478097732432,0
2025-07-29,sz300502,267499.39192775375,267499.39192775375,0,24021.137924546863,24021.137924546863,0.048456925726697457,0.048456925726697457,0
2025-07-30,sh688498,36143.20129851118,36143.20129851118,0,7814.7462267051196,7814.7462267051196,0.0063550398192383506,0.0063550398192383506,0
2025-07-30,sz300502,-52173.911572115714,-52173.911572115714,0,24021.137924546863,24021.137924546863,-0.0091737110619438678,-0.0091737110619438678,0
2025-07-31,sh688498,72130.107672488171,72130.107672488171,0,7814.7462267051196,7814.7462267051196,0.012642061467643032,0.012642061467643032,0
2025-07-31,sz300502,-19553.206270580977,-19553.206270580977,0,24021.137924546863,24021.137924546863,-0.0034270409893824693,-0.0034270409893824693,0
2025-08-01,sh688498,-90580.723513739111,-90580.723513739111,0,7814.7462267051196,7814.7462267051196,-0.016078100841428002,-0.016078100841428002,0
2025-08-01,sz300502,-104491.94997177873,-104491.94997177873,0,24021.137924546863,24021.137924546863,-0.018547346980606581,-0.018547346980606581,0
2025-08-04,sh688498,-32368.678871012573,-32368.678871012573,0,7814.7462267051196,7814.7462267051196,-0.0058506651702764532,-0.0058506651702764532,0
2025-08-04,sz300502,23684.841993602968,23684.841993602968,0,24021.137924546863,24021.137924546863,0.0042810545548576827,0.0042810545548576827,0
2025-08-05,sh688498,3399.4146086167448,3399.4146086167448,0,7814.7462267051196,7814.7462267051196,0.00061670443886577752,0.00061670443886577752,0
2025-08-05,sz300502,-35190.96705946124,-35190.96705946124,0,24021.137924546863,24021.137924546863,-0.0063841655379542053,-0.0063841655379542053,0
2025-08-06,sh688498,5775.097461535117,5775.097461535117,0,7814.7462267051196,7814.7462267051196,0.0010437465173957516,0.0010437465173957516,0
2025-08-06,sz300502,67787.651223071312,67787.651223071312,0,24021.137924546863,24021.137924546863,0.012251416596476137,0.012251416596476137,0
2025-08-07,sh688498,31501.242039848385,31501.242039848385,0,7814.7462267051196,7814.7462267051196,0.0056638548019581347,0.0056638548019581347,0
2025-08-07,sz300502,-47705.979918149831,-47705.979918149831,0,24021.137924546863,24021.137924546863,-0.0085774314263461267,-0.0085774314263461267,0
2025-08-08,sh688498,56430.282503037699,56430.282503037699,0,7814.7462267051196,7814.7462267051196,0.010130367184442931,0.010130367184442931,0
2025-08-08,sz300502,-22988.228993791879,-22988.228993791879,0,24021.137924546863,24021.137924546863,-0.0041268480379241896,-0.0041268480379241896,0
2025-08-11,sh688498,48013.800816876079,48013.800816876079,0,7814.7462267051196,7814.7462267051196,0.0084214118179613082,0.0084214118179613082,0
2025-08-11,sz300502,182032.18319221621,182032.18319221621,0,24021.137924546863,24021.137924546863,0.031927653147705272,0.031927653147705272,0
2025-08-12,sh688498,140962.39243730702,140962.39243730702,0,7814.7462267051196,7814.7462267051196,0.023536740308749731,0.023536740308749731,0
2025-08-12,sz300502,206077.34225468774,206077.34225468774,0,24021.137924546863,24021.137924546863,0.034409098797916135,0.034409098797916135,0
2025-08-13,sh688498,58641.855685195143,58641.855685195143,0,7814.7462267051196,7814.7462267051196,0.0090770007941786777,0.0090770007941786777,0
2025-08-13,sz300502,543214.01302570291,543214.01302570291,0,24021.137924546863,24021.137924546863,0.084082503359253713,0.084082503359253713,0
2025-08-14,sh688498,-89064.662745758178,-89064.662745758178,0,7814.7462267051196,7814.7462267051196,-0.013345104205749242,-0.013345104205749242,0
2025-08-14,sz300502,-94355.029767620013,-94355.029767620013,0,24021.137924546863,24021.137924546863,-0.014137792315902871,-0.014137792315902871,0
2025-08-15,sh688498,8088.262344639772,8088.262344639772,0,7814.7462267051196,7814.7462267051196,0.0012245593577316634,0.0012245593577316634,0
2025-08-15,sz300502,36704.298748707406,36704.298748707406,0,24021.137924546863,24021.137924546863,0.0055570146697201412,0.0055570146697201412,0
2025-08-18,sh688498,59939.103558828392,59939.103558828392,0,7814.7462267051196,7814.7462267051196,0.0088774931972337243,0.0088774931972337243,0
2025-08-18,sz300502,190295.45463826018,190295.45463826018,0,24021.137924546863,24021.137924546863,0.028184382209814188,0.028184382209814188,0
2025-08-19,sh688498,-10792.164539079771,-10792.164539079771,0,7814.7462267051196,7814.7462267051196,-0.0015463693537288467,-0.0015463693537288467,0
2025-08-19,sz300502,214460.71939035432,214460.71939035432,0,24021.137924546863,24021.137924546863,0.030729283531861693,0.030729283531861693,0
2025-08-20,sh688498,-32313.975647425821,-32313.975647425821,0,7814.7462267051196,7814.7462267051196,-0.0045828829210968064,-0.0045828829210968064,0
2025-08-20,sz300502,-28296.900475116141,-28296.900475116141,0,24021.137924546863,24021.137924546863,-0.0040131670371459371,-0.0040131670371459371,0
2025-08-21,sh688498,-37924.963438199789,-37924.963438199789,0,7814.7462267051196,7814.7462267051196,-0.0053984744805966756,-0.0053984744805966756,0
2025-08-21,sz300502,46673.070987394844,46673.070987394844,0,24021.137924546863,24021.137924546863,0.0066437343589562667,0.0066437343589562667,0
2025-08-22,sh688498,11761.19307119117,11761.19307119117,0,7814.7462267051196,7814.7462267051196,0.0016400456909619237,0.0016400456909619237,0
2025-08-22,sz300502,273648.80323643779,273648.80323643779,0,24021.137924546863,24021.137924546863,0.038159099835213664,0.038159099835213664,0
2025-08-25,sh688498,137187.87000980842,137187.87000980842,0,7814.7462267051196,7814.7462267051196,0.018157078353647906,0.018157078353647906,0
2025-08-25,sz300502,349440.91319546121,382800.85396557901,-33359.940770117799,24021.137924546863,20508.738156624102,0.046249176697667482,0.050664428996524333,-0.0044152522988568565
2025-08-26,sh688498,-98723.689081965858,-98723.689081965858,0,7814.7462267051196,7814.7462267051196,-0.012908370945751721,-0.012908370945751721,0
2025-08-26,sz300502,-206256.37964116893,-206256.37964116893,0,20508.738156624102,20508.738156624102,-0.026968541016791844,-0.026968541016791844,0
2025-08-27,sh688498,131092.36795297841,131092.36795297841,0,7814.7462267051196,7814.7462267051196,0.016911198905535343,0.016911198905535343,0
2025-08-27,sz300502,385133.59384324396,385133.59384324396,0,20508.738156624102,20508.738156624102,0.049683066317201145,0.049683066317201145,0
2025-08-28,sh688498,107890.38640589075,107890.38640589075,0,7814.7462267051196,7814.7462267051196,0.012841037446651136,0.012841037446651136,0
2025-08-28,sz300502,682940.98061558278,682940.98061558278,0,20508.738156624102,20508.738156624102,0.081283152262939029,0.081283152262939029,0
2025-08-29,sh688498,-89494.473788227013,-89494.473788227013,0,7814.7462267051196,7814.7462267051196,-0.010206979415183852,-0.010206979415183852,0
2025-08-29,sz300502,18293.794435708616,18293.794435708616,0,20508.738156624102,20508.738156624102,0.002086434785601771,0.002086434785601771,0
2025-09-01,sh688498,322600.53898461408,322600.53898461408,0,7814.7462267051196,7814.7462267051196,0.035355333424322469,0.035355333424322469,0
2025-09-01,sz300502,473177.60674963135,473177.60674963135,0,20508.738156624102,20508.738156624102,0.051857793257915265,0.051857793257915265,0
2025-09-02,sh688498,-36682.418788153744,-36682.418788153744,0,7814.7462267051196,7814.7462267051196,-0.003950358462158657,-0.003950358462158657,0
2025-09-02,sz300502,-443870.61992381548,-443870.61992381548,0,20508.738156624102,20508.738156624102,-0.047800775342707602,-0.047800775342707602,0
2025-09-03,sh688498,221489.68232815893,247071.01670350917,-25581.334375350256,7814.7462267051196,7049.1556451302358,0.023992928844857469,0.026764033706143612,-0.0027711048612861443
2025-09-03,sz300502,148613.67725172499,168602.33638560624,-19988.659133881247,20508.738156624102,18683.595882532423,0.016098616180190036,0.018263893006009706,-0.0021652768258196703
2025-09-04,sh688498,-169045.80152586836,-169045.80152586836,0,7049.1556451302358,7049.1556451302358,-0.01890763673800688,-0.01890763673800688,0
2025-09-04,sz300502,-768829.97056620882,-768829.97056620882,0,18683.595882532423,18683.595882532423,-0.085993012932260859,-0.085993012932260859,0
2025-09-05,sh688498,-39634.386780614564,50070.152547359925,-89704.539327974489,7049.1556451302358,0,-0.0046543049540313458,0.0058797871742086527,-0.010534092128239999
2025-09-05,sz300502,111277.38573137863,495787.90033888043,-384510.5146075018,18683.595882532423,0,0.013067412662343247,0.058220859918152866,-0.045153447255809623
2025-09-16,sh688041,95740.442141912456,0,95740.442141912456,0,8228.436898601547,0.011130297736805215,0,0.011130297736805215
2025-09-16,sz300308,5004.7017254042112,0,5004.7017254042112,0,5719.5286689670365,0.00058182121412270031,0,0.00058182121412270031
2025-09-17,sh688041,-27236.126134371138,-27236.126134371138,0,8228.436898601547,8228.436898601547,-0.0031582952178931555,-0.0031582952178931555,0
2025-09-17,sz300308,-29855.939652007761,-29855.939652007761,0,5719.5286689670365,5719.5286689670365,-0.0034620882192804518,-0.0034620882192804518,0
2025-09-18,sh688041,9215.8493264337703,9215.8493264337703,0,8228.436898601547,8228.436898601547,0.0010705004353669791,0.0010705004353669791,0
2025-09-18,sz300308,18302.491740694451,18302.491740694451,0,5719.5286689670365,5719.5286689670365,0.0021259923727828269,0.0021259923727828269,0
2025-09-19,sh688041,-114071.74282401809,-64593.2296540221,-49478.513169995982,8228.436898601547,12237.316616058661,-0.013250845580441427,-0.0075033035394916564,-0.0057475420409497701
2025-09-19,sz300308,85997.644940472732,69206.296894501269,16791.348045971463,5719.5286689670365,8729.6735965032676,0.009989691444846592,0.0080391684271710253,0.001950523017675565
2025-09-22,sh688041,308992.24455548153,308992.24455548153,0,12237.316616058661,12237.316616058661,0.0353817822446022,0.0353817822446022,0
2025-09-22,sz300308,-30553.857587761435,-30553.857587761435,0,8729.6735965032676,8729.6735965032676,-0.0034986312923742406,-0.0034986312923742406,0
2025-09-23,sh688041,-80154.423835184716,-80154.423835184716,0,12237.316616058661,12237.316616058661,-0.0090020310818176644,-0.0090020310818176644,0
2025-09-23,sz300308,142206.38288703791,142206.38288703791,0,8729.6735965032676,8729.6735965032676,0.015970999696963001,0.015970999696963001,0
2025-09-24,sh688041,64001.165901986671,64001.165901986671,0,12237.316616058661,12237.316616058661,0.0071750224910770077,0.0071750224910770077,0
2025-09-24,sz300308,-94193.178106269945,-94193.178106269945,0,8729.6735965032676,8729.6735965032676,-0.010559779058611343,-0.010559779058611343,0
2025-09-25,sh688041,98265.652426951405,98265.652426951405,0,12237.316616058661,12237.316616058661,0.010915813207008291,0.010915813207008291,0
2025-09-25,sz300308,96899.376921185976,96899.376921185976,0,8729.6735965032676,8729.6735965032676,0.010764040864975219,0.010764040864975219,0
2025-09-26,sh688041,-107933.1325536373,-107933.1325536373,0,12237.316616058661,12237.316616058661,-0.012054050908722256,-0.012054050908722256,0
2025-09-26,sz300308,-182450.17816691811,-182450.17816691811,0,8729.6735965032676,8729.6735965032676,-0.020376168873228559,-0.020376168873228559,0
2025-09-29,sh688041,-39893.652168351473,-39893.652168351473,0,12237.316616058661,12237.316616058661,-0.0045317970055672617,-0.0045317970055672617,0
2025-09-29,sz300308,26625.504469335065,26625.504469335065,0,8729.6735965032676,8729.6735965032676,0.0030245759630293709,0.0030245759630293709,0
2025-09-30,sh688041,-39648.905836029822,-39648.905836029822,0,12237.316616058661,12237.316616058661,-0.0045472461901099187,-0.0045472461901099187,0
2025-09-30,sz300308,-114096.83390629814,-114096.83390629814,0,8729.6735965032676,8729.6735965032676,-0.013085516039954614,-0.013085516039954614,0
2025-10-09,sh688041,127879.95863781286,127879.95863781286,0,12237.316616058661,12237.316616058661,0.014723742814270979,0.014723742814270979,0
2025-10-09,sz300308,-42513.510414970457,-42513.510414970457,0,8729.6735965032676,8729.6735965032676,-0.0048948873627236685,-0.0048948873627236685,0
2025-10-10,sh688041,-263836.54624222475,-263836.54624222475,0,12237.316616058661,12237.316616058661,-0.030834494547400247,-0.030834494547400247,0
2025-10-10,sz300308,-76908.424385193808,-76908.424385193808,0,8729.6735965032676,8729.6735965032676,-0.0089882634764981446,-0.0089882634764981446,0
2025-10-13,sh688041,30715.664706307129,30715.664706307129,0,12237.316616058661,12237.316616058661,0.0036796017729859242,0.0036796017729859242,0
2025-10-13,sz300308,-110081.18405190633,-110081.18405190633,0,8729.6735965032676,8729.6735965032676,-0.013187242531873668,-0.013187242531873668,0
2025-10-14,sh688041,-200691.99250336175,-200691.99250336175,0,12237.316616058661,12237.316616058661,-0.024867443549551234,-0.024867443549551234,0
2025-10-14,sz300308,-269659.61739598581,-269659.61739598581,0,8729.6735965032676,8729.6735965032676,-0.033413118428608633,-0.033413118428608633,0
2025-10-15,sh688041,2190.4654104579822,164591.90848598885,-162401.44307553087,12237.316616058661,0,0.00027970896765670529,0.021017374932041165,-0.02073766596438446
2025-10-15,sz300308,-14885.652252555679,70011.982243956052,-84897.634496511731,8729.6735965032676,0,-0.0019008062873672694,0.0089400997539432134,-0.010840906041310484
2025-10-29,sz300308,-64800.825393440253,0,-64800.825393440253,0,3606.7037857768014,-0.0083424469072471315,0,-0.0083424469072471315
2025-10-29,sz300502,-49479.935570098125,-0,-49479.935570098125,0,3087.2131147540986,-0.0063700382357990493,-0,-0.0063700382357990493
2025-10-30,sz300308,-21568.088638945337,-21568.088638945337,0,3606.7037857768014,3606.7037857768014,-0.0028140846861999334,-0.0028140846861999334,0
2025-10-30,sz300502,-70783.622295082139,-70783.622295082139,0,3087.2131147540986,3087.2131147540986,-0.0092354547901232625,-0.0092354547901232625,0
2025-10-31,sz300308,-150507.74898046599,-150507.74898046599,0,3606.7037857768014,3606.7037857768014,-0.020041657901610759,-0.020041657901610759,0
2025-10-31,sz300502,-65470.52852459006,-65470.52852459006,0,3087.2131147540986,3087.2131147540986,-0.008718075608836473,-0.008718075608836473,0
2025-11-03,sz300308,25210.859462579876,25210.859462579876,0,3606.7037857768014,3606.7037857768014,0.0033988029815306266,0.0033988029815306266,0
2025-11-03,sz300502,5402.622950819672,5402.622950819672,0,3087.2131147540986,3087.2131147540986,0.0007283548195009703,0.0007283548195009703,0
2025-11-04,sz300308,-7934.7483287089217,-7934.7483287089217,0,3606.7037857768014,3606.7037857768014,-0.0010678863123233121,-0.0010678863123233121,0
2025-11-04,sz300502,2821.7127868852067,2821.7127868852067,0,3087.2131147540986,3087.2131147540986,0.00037975602219417513,0.00037975602219417513,0
2025-11-05,sz300308,-2849.2959907637469,-2849.2959907637469,0,3606.7037857768014,3606.7037857768014,-0.00038444659522722112,-0.00038444659522722112,0
2025-11-05,sz300502,-29831.216462750432,-4278.8773770491671,-25552.339085701264,3087.2131147540986,0,-0.004025032723089089,-0.00057733553984343916,-0.0034476971832456504
2025-11-06,sz300308,71665.204223385066,71665.204223385066,0,3606.7037857768014,3606.7037857768014,0.0096442563616229854,0.0096442563616229854,0
2025-11-07,sz300308,-24633.786856855495,-24633.786856855495,0,3606.7037857768014,3606.7037857768014,-0.0033045811807918928,-0.0033045811807918928,0
2025-11-10,sz300308,-180.33518928888108,-180.33518928888108,0,3606.7037857768014,3606.7037857768014,-2.4231972425211821e-05,-2.4231972425211821e-05,0
2025-11-11,sz300308,-79167.148097800746,-79167.148097800746,0,3606.7037857768014,3606.7037857768014,-0.010694952446444301,-0.010694952446444301,0
2025-11-12,sh688498,11880.791395945429,-0,11880.791395945429,0,2211.817286482672,0.0016030533886790507,-0,0.0016030533886790507
2025-11-12,sz300308,85478.879722910147,85478.879722910147,0,3606.7037857768014,3606.7037857768014,0.011533508436741304,0.011533508436741304,0
2025-11-13,sh688498,-15863.153578653781,-15863.153578653781,0,2211.817286482672,2211.817286482672,-0.0021342135738024702,-0.0021342135738024702,0
2025-11-13,sz300308,-38772.065697100617,-38772.065697100617,0,3606.7037857768014,3606.7037857768014,-0.0052163567909008189,-0.0052163567909008189,0
2025-11-14,sh688498,-54799.985089894704,-54799.985089894704,0,2211.817286482672,2211.817286482672,-0.0074607003635946108,-0.0074607003635946108,0
2025-11-14,sz300308,-65569.874825422274,-65569.874825422274,0,3606.7037857768014,3606.7037857768014,-0.0089269584316199121,-0.0089269584316199121,0
2025-11-17,sh688498,-10077.039557215016,-10077.039557215016,0,2211.817286482672,2211.817286482672,-0.0013772467580780827,-0.0013772467580780827,0
2025-11-17,sz300308,73504.623154131201,73504.623154131201,0,3606.7037857768014,3606.7037857768014,0.010046006405750018,0.010046006405750018,0
2025-11-18,sh688498,40812.452570178262,40812.452570178262,0,2211.817286482672,2211.817286482672,0.0055524052579328546,0.0055524052579328546,0
2025-11-18,sz300308,-37112.981955643154,-37112.981955643154,0,3606.7037857768014,3606.7037857768014,-0.0050491039663382847,-0.0050491039663382847,0
2025-11-19,sh688498,30065.232375159001,30065.232375159001,0,2211.817286482672,2211.817286482672,0.004065340294044836,0.004065340294044836,0
2025-11-19,sz300308,56589.182398838006,56589.182398838006,0,3606.7037857768014,3606.7037857768014,0.0076518378618330007,0.0076518378618330007,0
2025-11-20,sh688498,36141.094461126806,36141.094461126806,0,2211.817286482672,2211.817286482672,0.004842645106980327,0.004842645106980327,0
2025-11-20,sz300308,12262.792871641042,12262.792871641042,0,3606.7037857768014,3606.7037857768014,0.0016431254997448753,0.0016431254997448753,0
2025-11-21,sh688498,-88926.114003035793,-88926.114003035793,0,2211.817286482672,2211.817286482672,-0.012030092791807051,-0.012030092791807051,0
2025-11-21,sz300308,-100951.63896389271,-100951.63896389271,0,3606.7037857768014,3606.7037857768014,-0.013656928539339678,-0.013656928539339678,0
2025-11-24,sh688498,3341.2143487894209,-27269.495325044882,30610.709673834303,2211.817286482672,0,0.00045717332809560619,-0.0037312439825224948,0.0041884173106181014
2025-11-24,sz300308,18628.323677368931,-26004.334295450662,44632.657972819594,3606.7037857768014,0,0.0025488854779731696,-0.0035581339039410303,0.0061070193819141999
2025-12-03,sh688205,-31518.573614112014,-0,-31518.573614112014,0,5941,-0.0043347574222882988,-0,-0.0043347574222882988
2025-12-03,sz300308,-64832.795308741632,-0,-64832.795308741632,0,3706.8576935908363,-0.0089164707804682015,-0,-0.0089164707804682015
2025-12-04,sh688205,-5762.7699999999932,-5762.7699999999932,0,5941,5941,-0.00079574562250873514,-0.00079574562250873514,0
2025-12-04,sz300308,43629.715053564076,43629.715053564076,0,3706.8576935908363,3706.8576935908363,0.0060245601967763972,0.0060245601967763972,0
2025-12-05,sh688205,26259.220000000008,26259.220000000008,0,5941,5941,0.003608564502977371,0.003608564502977371,0
2025-12-05,sz300308,5745.6294250656274,5745.6294250656274,0,3706.8576935908363,3706.8576935908363,0.00078956931662684936,0.00078956931662684936,0
2025-12-08,sh688205,7625.9476846799807,95174.820000000065,-87548.872315320084,5941,0,0.0010210134123163296,0.012742648094742393,-0.011721634682426063
2025-12-08,sz300308,190691.24623102159,122140.96100381823,68550.285227203378,3706.8576935908363,6311.6547415613159,0.025531032740274982,0.01635305728999864,0.0091779754502763454
2025-12-08,sz300502,156631.25737953174,0,156631.25737953174,0,7580.1952632386456,0.020970851254821329,0,0.020970851254821329
2025-12-09,sz300308,227219.57069620737,227219.57069620737,0,6311.6547415613159,6311.6547415613159,0.029130581958834268,0.029130581958834268,0
2025-12-09,sz300502,79099.337571895288,79099.337571895288,0,7580.1952632386456,7580.1952632386456,0.010140894681595554,0.010140894681595554,0
2025-12-10,sz300308,63116.54741561316,63116.54741561316,0,6311.6547415613159,6311.6547415613159,0.0078687989643557547,0.0078687989643557547,0
2025-12-10,sz300502,71094.651373915403,71094.651373915403,0,7580.1952632386456,7580.1952632386456,0.008863436642352094,0.008863436642352094,0
2025-12-11,sz300308,-184237.20190617515,-184237.20190617515,0,6311.6547415613159,6311.6547415613159,-0.023166068883752822,-0.023166068883752822,0
2025-12-11,sz300502,-85277.196711434764,-85277.196711434764,0,7580.1952632386456,7580.1952632386456,-0.010722793186125904,-0.010722793186125904,0
2025-12-12,sz300308,-30359.059306909585,-30359.059306909585,0,6311.6547415613159,6311.6547415613159,-0.0038748945726019097,-0.0038748945726019097,0
2025-12-12,sz300502,62210.662525399515,62210.662525399515,0,7580.1952632386456,7580.1952632386456,0.0079402907758336066,0.0079402907758336066,0
2025-12-15,sz300308,-70311.833820992979,-70311.833820992979,0,6311.6547415613159,6311.6547415613159,-0.0090001389548945536,-0.0090001389548945536,0
2025-12-15,sz300502,-6443.1659737530208,-6443.1659737530208,0,7580.1952632386456,7580.1952632386456,-0.00082474579202216453,-0.00082474579202216453,0
2025-12-16,sz300308,-120363.25592157462,-120363.25592157462,0,6311.6547415613159,6311.6547415613159,-0.015712884656992752,-0.015712884656992752,0
2025-12-16,sz300502,-106175.79505218375,-106175.79505218375,0,7580.1952632386456,7580.1952632386456,-0.013860775103213407,-0.013860775103213407,0
2025-12-17,sz300308,241042.09458022699,241042.09458022699,0,6311.6547415613159,6311.6547415613159,0.031017769914087841,0.031017769914087841,0
2025-12-17,sz300502,210623.30558434903,210623.30558434903,0,7580.1952632386456,7580.1952632386456,0.027103420431759999,0.027103420431759999,0
2025-12-18,sz300308,-118532.87604652134,-118532.87604652134,0,6311.6547415613159,6311.6547415613159,-0.015035527181700184,-0.015035527181700184,0
2025-12-18,sz300502,-111542.57329855648,-111542.57329855648,0,7580.1952632386456,7580.1952632386456,-0.014148828988921256,-0.014148828988921256,0
2025-12-19,sz300308,3155.8273707806579,3155.8273707806579,0,6311.6547415613159,6311.6547415613159,0.00040488308270737218,0.00040488308270737218,0
2025-12-19,sz300502,47649.107424718139,47649.107424718139,0,7580.1952632386456,7580.1952632386456,0.0061132360030207453,0.0061132360030207453,0
2025-12-22,sz300308,289073.78716350801,289073.78716350801,0,6311.6547415613159,6311.6547415613159,0.035954420250101933,0.035954420250101933,0
2025-12-22,sz300502,155340.94152954951,155340.94152954951,0,7580.1952632386456,7580.1952632386456,0.019320996028743338,0.019320996028743338,0
2025-12-23,sz300308,22090.791595464605,22090.791595464605,0,6311.6547415613159,6311.6547415613159,0.002673847778394032,0.002673847778394032,0
2025-12-23,sz300502,-27015.815918182696,-27015.815918182696,0,7580.1952632386456,7580.1952632386456,-0.0032699678987133051,-0.0032699678987133051,0
2025-12-24,sz300308,84576.173536921488,84576.173536921488,0,6311.6547415613159,6311.6547415613159,0.010202890088349565,0.010202890088349565,0
2025-12-24,sz300502,-24309.686209206287,-24309.686209206287,0,7580.1952632386456,7580.1952632386456,-0.0029326114684831719,-0.0029326114684831719,0
2025-12-25,sz300308,34082.935604430961,34082.935604430961,0,6311.6547415613159,6311.6547415613159,0.0040956699910173183,0.0040956699910173183,0
2025-12-25,sz300502,-29888.709922949856,-29888.709922949856,0,7580.1952632386456,7580.1952632386456,-0.0035916592902206683,-0.0035916592902206683,0
2025-12-26,sz300308,-80789.180691984555,-80789.180691984555,0,6311.6547415613159,6311.6547415613159,-0.0097618323545595569,-0.0097618323545595569,0
2025-12-26,sz300502,-14569.135295944439,-14569.135295944439,0,7580.1952632386456,7580.1952632386456,-0.001760402260447932,-0.001760402260447932,0
2025-12-29,sz300308,-56804.892674051844,-56804.892674051844,0,6311.6547415613159,6311.6547415613159,-0.006929256224048286,-0.006929256224048286,0
2025-12-29,sz300502,-4328.2914953094669,-4328.2914953094669,0,7580.1952632386456,7580.1952632386456,-0.00052797988644151582,-0.00052797988644151582,0
2025-12-30,sz300308,88363.16638185842,88363.16638185842,0,6311.6547415613159,6311.6547415613159,0.010755728157332757,0.010755728157332757,0
2025-12-30,sz300502,8118.3891269287897,8118.3891269287897,0,7580.1952632386456,7580.1952632386456,0.00098818535030020522,0.00098818535030020522,0
2025-12-31,sz300308,-138856.40431434894,-138856.40431434894,0,6311.6547415613159,6311.6547415613159,-0.017031477251688257,-0.017031477251688257,0
2025-12-31,sz300502,-81866.108842977454,-81866.108842977454,0,7580.1952632386456,7580.1952632386456,-0.010041314099470192,-0.010041314099470192,0
