date,symbol,pnl,carry,execution,units_before,units_after,log_contribution,carry_log_contribution,execution_log_contribution
2023-02-08,sh688256,-37364.02584025637,-0,-37364.02584025637,0,16893.771181488839,-0.019097888514433625,-0,-0.019097888514433625
2023-02-08,sz300394,-49103.073363362833,-0,-49103.073363362833,0,84905.342789598129,-0.025098072269268194,-0,-0.025098072269268194
2023-02-09,sh688256,48400.65443496556,48400.65443496556,0,16893.771181488839,16893.771181488839,0.02431529344342552,0.02431529344342552,0
2023-02-09,sz300394,107659.97465721049,107659.97465721049,0,84905.342789598129,84905.342789598129,0.054085712403315993,0.054085712403315993,0
2023-02-10,sh688256,456.13182190021593,456.13182190021593,0,16893.771181488839,16893.771181488839,0.00021588295968471606,0.00021588295968471606,0
2023-02-10,sz300394,86688.354988179606,86688.354988179606,0,84905.342789598129,84905.342789598129,0.041028794191740367,0.041028794191740367,0
2023-02-13,sh688256,95128.825522963656,95128.825522963656,0,16893.771181488839,16893.771181488839,0.042301723861537528,0.042301723861537528,0
2023-02-13,sz300394,91612.864869976431,91612.864869976431,0,84905.342789598129,84905.342789598129,0.040738252475939554,0.040738252475939554,0
2023-02-14,sh688256,-22907.953722098893,-22907.953722098893,0,16893.771181488839,16893.771181488839,-0.0099808861885339224,-0.0099808861885339224,0
2023-02-14,sz300394,-73018.59479905435,-73018.59479905435,0,84905.342789598129,84905.342789598129,-0.031813853527780857,-0.031813853527780857,0
2023-02-15,sh688256,41051.863971017876,41051.863971017876,0,16893.771181488839,16893.771181488839,0.017945187175587428,0.017945187175587428,0
2023-02-15,sz300394,39565.889739952669,39565.889739952669,0,84905.342789598129,84905.342789598129,0.017295616531648076,0.017295616531648076,0
2023-02-16,sh688256,-97510.847259553557,-97510.847259553557,0,16893.771181488839,16893.771181488839,-0.043345638444786734,-0.043345638444786734,0
2023-02-16,sz300394,-57820.538439716256,-57820.538439716256,0,84905.342789598129,84905.342789598129,-0.025702454899398736,-0.025702454899398736,0
2023-02-17,sh688256,-5659.4133457987755,-5659.4133457987755,0,16893.771181488839,16893.771181488839,-0.0026281351430091872,-0.0026281351430091872,0
2023-02-17,sz300394,-33113.083687943319,-33113.083687943319,0,84905.342789598129,84905.342789598129,-0.015377151944254252,-0.015377151944254252,0
2023-02-20,sh688256,27773.359822367624,27773.359822367624,0,16893.771181488839,16893.771181488839,0.012802261023103117,0.012802261023103117,0
2023-02-20,sz300394,43301.724822695025,43301.724822695025,0,84905.342789598129,84905.342789598129,0.019960134008859255,0.019960134008859255,0
2023-02-21,sh688256,32317.784270188095,32317.784270188095,0,16893.771181488839,16893.771181488839,0.014537128620523573,0.014537128620523573,0
2023-02-21,sz300394,3735.8350827423587,3735.8350827423587,0,84905.342789598129,84905.342789598129,0.0016804467363496609,0.0016804467363496609,0
2023-02-22,sh688256,-10203.837793619245,-10203.837793619245,0,16893.771181488839,16893.771181488839,-0.0045955697497933072,-0.0045955697497933072,0
2023-02-22,sz300394,-31330.07148936169,-31330.07148936169,0,84905.342789598129,84905.342789598129,-0.014110331005595453,-0.014110331005595453,0
2023-02-23,sh688256,-13379.866775739187,-13379.866775739187,0,16893.771181488839,16893.771181488839,-0.0061025698180165412,-0.0061025698180165412,0
2023-02-23,sz300394,-933.95877068566506,-933.95877068566506,0,84905.342789598129,84905.342789598129,-0.00042597947354698477,-0.00042597947354698477,0
2023-02-24,sh688256,53401.210704686244,53401.210704686244,0,16893.771181488839,16893.771181488839,0.023607314812330776,0.023607314812330776,0
2023-02-24,sz300394,101801.50600472814,101801.50600472814,0,84905.342789598129,84905.342789598129,0.04500385232674322,0.04500385232674322,0
2023-02-27,sh688256,-31304.157999298724,-31304.157999298724,0,16893.771181488839,16893.771181488839,-0.013602641434584199,-0.013602641434584199,0
2023-02-27,sz300394,-46697.938534278881,-46697.938534278881,0,84905.342789598129,84905.342789598129,-0.02029172334327849,-0.02029172334327849,0
2023-02-28,sh688256,-13599.48580109863,-13599.48580109863,0,16893.771181488839,16893.771181488839,-0.0060288302201046513,-0.0060288302201046513,0
2023-02-28,sz300394,0,0,0,84905.342789598129,84905.342789598129,0,0,0
2023-03-01,sh688256,75177.281757625387,75177.281757625387,0,16893.771181488839,16893.771181488839,0.03262182971591495,0.03262182971591495,0
2023-03-01,sz300394,36848.91877068553,36848.91877068553,0,84905.342789598129,84905.342789598129,0.015989925749489549,0.015989925749489549,0
2023-03-02,sh688256,10203.837793619245,10203.837793619245,0,16893.771181488839,16893.771181488839,0.0042407088094553458,0.0042407088094553458,0
2023-03-02,sz300394,80744.980992907862,80744.980992907862,0,84905.342789598129,84905.342789598129,0.033557565216300426,0.033557565216300426,0
2023-03-03,sh688256,25053.462662148017,25053.462662148017,0,16893.771181488839,16893.771181488839,0.010390635618333451,0.010390635618333451,0
2023-03-03,sz300394,-106131.67848699767,-106131.67848699767,0,84905.342789598129,84905.342789598129,-0.044016893536502587,-0.044016893536502587,0
2023-03-06,sh688256,-28111.235245997454,-28111.235245997454,0,16893.771181488839,16893.771181488839,-0.011969732050042968,-0.011969732050042968,0
2023-03-06,sz300394,-16386.731158392406,-16386.731158392406,0,84905.342789598129,84905.342789598129,-0.006977451521628702,-0.006977451521628702,0
2023-03-07,sh688256,-37994.091387168439,-37994.091387168439,0,16893.771181488839,16893.771181488839,-0.016640228626920207,-0.016640228626920207,0
2023-03-07,sz300394,-47631.897304964543,-47631.897304964543,0,84905.342789598129,84905.342789598129,-0.020861287430504978,-0.020861287430504978,0
2023-03-08,sh688256,20306.927713333062,24158.092789529033,-3851.1650761959709,16893.771181488839,0,0.0090259899785798351,0.010737749525583023,-0.0017117595470031877
2023-03-08,sz300394,-2069.6465905788755,21650.86241134744,-23720.509001926315,84905.342789598129,0,-0.00091991312765158436,0.009623339872536418,-0.010543253000188001
2023-03-13,sh688037,-4029.4555504313448,-0,-4029.4555504313448,0,3313.9226519337017,-0.001776241427230432,-0,-0.001776241427230432
2023-03-13,sh688256,23196.327879919019,0,23196.327879919019,0,6536.3417210105445,0.010225271882083871,0,0.010225271882083871
2023-03-14,sh688037,1236.0931491712861,1236.0931491712861,0,3313.9226519337017,3313.9226519337017,0.00053876661022344847,0.00053876661022344847,0
2023-03-14,sh688256,31191.422692662309,31191.422692662309,0,6536.3417210105445,6536.3417210105445,0.013595170463843219,0.013595170463843219,0
2023-03-15,sh688037,-16559.671491712706,-16559.671491712706,0,3313.9226519337017,3313.9226519337017,-0.0071852956917585172,-0.0071852956917585172,0
2023-03-15,sh688256,4784.602139779714,4784.602139779714,0,6536.3417210105445,6536.3417210105445,0.0020760545376122125,0.0020760545376122125,0
2023-03-16,sh688037,-12801.683204419887,-12801.683204419887,0,3313.9226519337017,3313.9226519337017,-0.0056178042935145093,-0.0056178042935145093,0
2023-03-16,sh688256,-27099.280846973852,-6758.5773395248498,-20340.703507449001,6536.3417210105445,17883.855903875916,-0.011892065587181819,-0.0029658884843302229,-0.008926177102851594
2023-03-17,sh688037,709.17944751380765,709.17944751380765,0,3313.9226519337017,3313.9226519337017,0.00029796554855928445,0.00029796554855928445,0
2023-03-17,sh688256,245938.78639010151,245938.78639010151,0,17883.855903875916,17883.855903875916,0.10333250019531127,0.10333250019531127,0
2023-03-20,sh688037,29.825303867404447,29.825303867404447,0,3313.9226519337017,3313.9226519337017,1.1572344590110619e-05,1.1572344590110619e-05,0
2023-03-20,sh688256,144859.23282139481,144859.23282139481,0,17883.855903875916,17883.855903875916,0.056205997656248806,0.056205997656248806,0
2023-03-21,sh688037,-8046.2041988950659,-8046.2041988950659,0,3313.9226519337017,3313.9226519337017,-0.0030280903489287238,-0.0030280903489287238,0
2023-03-21,sh688256,21603.697931882332,21603.697931882332,0,17883.855903875916,17883.855903875916,0.0081302869765208993,0.0081302869765208993,0
2023-03-22,sh688037,-7227.6653038673949,-7227.6653038673949,0,3313.9226519337017,3313.9226519337017,-0.0025828991107376149,-0.0025828991107376149,0
2023-03-22,sh688256,280275.78972554329,280275.78972554329,0,17883.855903875916,17883.855903875916,0.10016015651084863,0.10016015651084863,0
2023-03-23,sh688037,-4665.2559754955601,6054.5366850828668,-10719.792660578427,3313.9226519337017,0,-0.0015678237541949767,0.0020347107394272203,-0.0036025344936221971
2023-03-23,sh688256,82212.08559011748,82212.08559011748,0,17883.855903875916,17883.855903875916,0.027628507706140421,0.027628507706140421,0
2023-03-24,sh688256,192036.84469581957,192036.84469581957,0,17883.855903875916,17883.855903875916,0.061756178387719414,0.061756178387719414,0
2023-03-27,sh688256,40685.772181317807,40685.772181317807,0,17883.855903875916,17883.855903875916,0.012608299247803344,0.012608299247803344,0
2023-03-28,sh688256,-172704.39646372964,-172704.39646372964,0,17883.855903875916,17883.855903875916,-0.054650678331097401,-0.054650678331097401,0
2023-03-29,sh688256,0,0,0,17883.855903875916,17883.855903875916,0,0,0
2023-03-29,sz300308,19923.650239492392,0,19923.650239492392,0,18671.276858483576,0.0064592041035028318,0,0.0064592041035028318
2023-03-30,sh688256,49198.487591562473,49198.487591562473,0,17883.855903875916,17883.855903875916,0.015792161763272271,0.015792161763272271,0
2023-03-30,sz300308,-7375.1543591010704,-7375.1543591010704,0,18671.276858483576,18671.276858483576,-0.0023673416881213492,-0.0023673416881213492,0
2023-03-31,sh688256,118230.17138052375,118230.17138052375,0,17883.855903875916,17883.855903875916,0.036707716745214322,0.036707716745214322,0
2023-03-31,sz300308,52316.917757470968,52316.917757470968,0,18671.276858483576,18671.276858483576,0.016243185437353379,0.016243185437353379,0
2023-04-03,sh688256,300663.3854559621,300663.3854559621,0,17883.855903875916,17883.855903875916,0.085680821417157826,0.085680821417157826,0
2023-04-03,sz300308,111878.29093603366,111878.29093603366,0,18671.276858483576,18671.276858483576,0.031882245493943445,0.031882245493943445,0
2023-04-04,sh688256,54134.431821032158,54134.431821032158,0,17883.855903875916,17883.855903875916,0.014453215741340279,0.014453215741340279,0
2023-04-04,sz300308,-1867.1276858483841,-1867.1276858483841,0,18671.276858483576,18671.276858483576,-0.00049849972286421197,-0.00049849972286421197,0
2023-04-06,sh688256,-90134.63375553448,-90134.63375553448,0,17883.855903875916,17883.855903875916,-0.024192270154086915,-0.024192270154086915,0
2023-04-06,sz300308,-1344.3319338108683,-1344.3319338108683,0,18671.276858483576,18671.276858483576,-0.00036082069637878415,-0.00036082069637878415,0
2023-04-07,sh688256,210045.88759102271,210045.88759102271,0,17883.855903875916,17883.855903875916,0.055169745310128776,0.055169745310128776,0
2023-04-07,sz300308,46958.261299086204,46958.261299086204,0,18671.276858483576,18671.276858483576,0.012333854024894451,0.012333854024894451,0
2023-04-10,sh688256,-214981.83182049266,-214981.83182049266,0,17883.855903875916,17883.855903875916,-0.056181951646923044,-0.056181951646923044,0
2023-04-10,sz300308,-4294.393677451164,-4294.393677451164,0,18671.276858483576,18671.276858483576,-0.0011222688721941342,-0.0011222688721941342,0
2023-04-11,sh688256,-73091.319079140667,-73091.319079140667,0,17883.855903875916,17883.855903875916,-0.019923710158244005,-0.019923710158244005,0
2023-04-11,sz300308,-25224.895035811292,-25224.895035811292,0,18671.276858483576,18671.276858483576,-0.0068759669930359814,-0.0068759669930359814,0
2023-04-12,sh688256,54009.244829704941,54009.244829704941,0,17883.855903875916,17883.855903875916,0.01480370093723876,0.01480370093723876,0
2023-04-12,sz300308,3622.2277105457297,3622.2277105457297,0,18671.276858483576,18671.276858483576,0.00099283698416027214,0.00099283698416027214,0
2023-04-13,sh688256,-216036.97931882078,-216036.97931882078,0,17883.855903875916,17883.855903875916,-0.060996501352652888,-0.060996501352652888,0
2023-04-13,sz300308,-51514.052852556189,-51514.052852556189,0,18671.276858483576,18671.276858483576,-0.014544625667369878,-0.014544625667369878,0
2023-04-14,sh688256,55195.41278192059,84018.355036409193,-28822.942254488604,17883.855903875916,9954.0693929722438,0.016017858126472134,0.024382353952312252,-0.0083644958258401216
2023-04-14,sz300308,17390.833075341223,23880.563102000557,-6489.7300266593338,18671.276858483576,10319.903766176916,0.0050468668112437628,0.0069302040236467657,-0.0018833372124030033
2023-04-17,sh688256,12024.515826710454,12024.515826710454,0,9954.0693929722438,9954.0693929722438,0.0034538173793045765,0.0034538173793045765,0
2023-04-17,sz300308,-13570.673452522695,-13570.673452522695,0,10319.903766176916,10319.903766176916,-0.0038979222527259555,-0.0038979222527259555,0
2023-04-18,sh688256,-6818.5375341860099,-6818.5375341860099,0,9954.0693929722438,9954.0693929722438,-0.0019406345858349109,-0.0019406345858349109,0
2023-04-18,sz300308,72662.442417651706,72662.442417651706,0,10319.903766176916,10319.903766176916,0.020680570890743998,0.020680570890743998,0
2023-04-19,sh688256,173827.91380947424,173827.91380947424,0,9954.0693929722438,9954.0693929722438,0.047758612381019638,0.047758612381019638,0
2023-04-19,sz300308,14054.723168923592,8452.0011844988476,5602.7219844247447,10319.903766176916,17745.336275218066,0.0038614861171426726,0.0023221578144050569,0.0015393283027376158
2023-04-20,sh688256,296352.55396756955,296352.55396756955,0,9954.0693929722438,9954.0693929722438,0.075713888734900481,0.075713888734900481,0
2023-04-20,sz300308,68603.470039993161,68603.470039993161,0,17745.336275218066,17745.336275218066,0.017527216917470993,0.017527216917470993,0
2023-04-21,sh688256,-121320.19776154558,-121320.19776154558,0,9954.0693929722438,9954.0693929722438,-0.030176614100024854,-0.030176614100024854,0
2023-04-21,sz300308,-35827.833939665368,-35827.833939665368,0,17745.336275218066,17745.336275218066,-0.0089116465253549666,-0.0089116465253549666,0
2023-04-24,sh688256,-33395.902813422057,-33395.902813422057,0,9954.0693929722438,9954.0693929722438,-0.0084088285406281466,-0.0084088285406281466,0
2023-04-24,sz300308,92045.05925955619,92045.05925955619,0,17745.336275218066,17745.336275218066,0.023176229900108959,0.023176229900108959,0
2023-04-25,sh688256,33395.902813422057,33395.902813422057,0,9954.0693929722438,9954.0693929722438,0.0083724154003491161,0.0083724154003491161,0
2023-04-25,sz300308,-57619.10688563306,-57619.10688563306,0,17745.336275218066,17745.336275218066,-0.014445218041829714,-0.014445218041829714,0
2023-04-26,sh688256,-66801.759696236855,-66801.759696236855,0,9954.0693929722438,9954.0693929722438,-0.016980773918138608,-0.016980773918138608,0
2023-04-26,sz300308,-18366.423044850762,-18366.423044850762,0,17745.336275218066,17745.336275218066,-0.0046686805681118992,-0.0046686805681118992,0
2023-04-27,sh688256,-48436.501666202792,-48436.501666202792,0,9954.0693929722438,9954.0693929722438,-0.012544695834095124,-0.012544695834095124,0
2023-04-27,sz300308,-12244.282029900425,-12244.282029900425,0,17745.336275218066,17745.336275218066,-0.0031711785221506745,-0.0031711785221506745,0
2023-04-28,sh688256,125262.00924116274,125262.00924116274,0,9954.0693929722438,9954.0693929722438,0.031589491826362337,0.031589491826362337,0
2023-04-28,sz300308,146753.93099605333,146753.93099605333,0,17745.336275218066,17745.336275218066,0.037009482218675428,0.037009482218675428,0
2023-05-04,sh688256,-111565.20975643289,-111565.20975643289,0,9954.0693929722438,9954.0693929722438,-0.027781113667430374,-0.027781113667430374,0
2023-05-04,sz300308,-61203.664813227071,-61203.664813227071,0,17745.336275218066,17745.336275218066,-0.015240467639971698,-0.015240467639971698,0
2023-05-05,sh688256,-165814.8879481318,-165814.8879481318,0,9954.0693929722438,9954.0693929722438,-0.043608183817514523,-0.043608183817514523,0
2023-05-05,sz300308,-86827.930394642011,-86827.930394642011,0,17745.336275218066,17745.336275218066,-0.022835153079428693,-0.022835153079428693,0
2023-05-08,sh688256,2737.3690830674236,2737.3690830674236,0,9954.0693929722438,9954.0693929722438,0.00074531399840174414,0.00074531399840174414,0
2023-05-08,sz300308,-12102.319339698759,-12102.319339698759,0,17745.336275218066,17745.336275218066,-0.0032951449889607261,-0.0032951449889607261,0
2023-05-09,sh688256,20117.174243196772,20117.174243196772,0,9954.0693929722438,9954.0693929722438,0.005427244372183896,0.005427244372183896,0
2023-05-09,sz300308,57370.672177780078,57370.672177780078,0,17745.336275218066,17745.336275218066,0.015477554349391864,0.015477554349391864,0
2023-05-10,sh688256,-55837.654988849201,-82310.199810487262,26472.544821638065,9954.0693929722438,3875.3371227582847,-0.015061816666299554,-0.022202600369940682,0.0071407837036411292
2023-05-10,sz300308,-20595.47100210216,-78274.678309986906,57679.207307884746,17745.336275218066,6878.9256534113847,-0.0055554841701661644,-0.021114046686846636,0.015558562516680471
2023-05-11,sh688256,5431.792217863911,-7959.9424501455251,13391.734668009436,3875.3371227582847,0,0.0014825562351295503,-0.0021725908940192279,0.0036551471291487781
2023-05-11,sz300308,-16117.322805942849,-16117.322805942849,0,6878.9256534113847,6878.9256534113847,-0.004399070594225174,-0.004399070594225174,0
2023-05-12,sz300308,16261.780244664495,16261.780244664495,0,6878.9256534113847,6878.9256534113847,0.0044351279175575894,0.0044351279175575894,0
2023-05-15,sz300308,18635.009595091462,18635.009595091462,0,6878.9256534113847,6878.9256534113847,0.0050583176730824523,0.0050583176730824523,0
2023-05-16,sz300308,-13744.093455515978,-13744.093455515978,0,6878.9256534113847,6878.9256534113847,-0.0037282409156652145,-0.0037282409156652145,0
2023-05-17,sh688072,-1035.7288071928215,-0,-1035.7288071928215,0,1863.3239644338048,-0.00028110369189384581,-0,-0.00028110369189384581
2023-05-17,sz300308,10827.428978469507,10827.428978469507,0,6878.9256534113847,6878.9256534113847,0.0029386362901457439,0.0029386362901457439,0
2023-05-18,sh688072,1507.4290872269435,1507.4290872269435,0,1863.3239644338048,1863.3239644338048,0.00040423803684009929,0.00040423803684009929,0
2023-05-18,sz300308,78089.564017526063,78089.564017526063,0,6878.9256534113847,6878.9256534113847,0.020940800680855919,0.020940800680855919,0
2023-05-19,sh688072,-1507.4290872269435,-1507.4290872269435,0,1863.3239644338048,1863.3239644338048,-0.00040036518618045009,-0.00040036518618045009,0
2023-05-19,sz300308,-6225.4277163373108,-6225.4277163373108,0,6878.9256534113847,6878.9256534113847,-0.0016534406479374803,-0.0016534406479374803,0
2023-05-22,sh688072,-8513.5271934980847,-8513.5271934980847,0,1863.3239644338048,1863.3239644338048,-0.0022715145372971444,-0.0022715145372971444,0
2023-05-22,sz300308,-18091.574468471961,-18091.574468471961,0,6878.9256534113847,6878.9256534113847,-0.00482705622166956,-0.00482705622166956,0
2023-05-23,sh688072,-11917.82007651859,-11917.82007651859,0,1863.3239644338048,1863.3239644338048,-0.003201956196152897,-0.003201956196152897,0
2023-05-23,sz300308,-13296.963288044206,-13296.963288044206,0,6878.9256534113847,6878.9256534113847,-0.0035724900792937666,-0.0035724900792937666,0
2023-05-24,sh688072,4136.5792010430441,4136.5792010430441,0,1863.3239644338048,1863.3239644338048,0.0011141760129800735,0.0011141760129800735,0
2023-05-24,sz300308,2325.0768708530545,2325.0768708530545,0,6878.9256534113847,6878.9256534113847,0.0006262529379797762,0.0006262529379797762,0
2023-05-25,sh688072,885.07888310604665,885.07888310604665,0,1863.3239644338048,1863.3239644338048,0.00023728951221706671,0.00023728951221706671,0
2023-05-25,sz300308,27233.666661855645,27233.666661855645,0,6878.9256534113847,6878.9256534113847,0.0073013418367813823,0.0073013418367813823,0
2023-05-26,sh688072,12199.181995148114,12199.181995148114,0,1863.3239644338048,1863.3239644338048,0.0032567151857028514,0.0032567151857028514,0
2023-05-26,sz300308,-8550.5045871903167,-8550.5045871903167,0,6878.9256534113847,6878.9256534113847,-0.0022826578163683262,-0.0022826578163683262,0
2023-05-29,sh688072,9007.3080440730191,9007.3080440730191,0,1863.3239644338048,1863.3239644338048,0.0023933934431203414,0.0023933934431203414,0
2023-05-29,sz300308,22487.207961001855,22487.207961001855,0,6878.9256534113847,6878.9256534113847,0.0059752298716330074,0.0059752298716330074,0
2023-05-30,sh688072,3115.4776685333163,3115.4776685333163,0,1863.3239644338048,1863.3239644338048,0.00080734394597765707,0.00080734394597765707,0
2023-05-30,sz300308,157495.72338809617,64249.16560286226,93246.557785233919,6878.9256534113847,19691.82201309823,0.040813394388607989,0.01664950945002483,0.024163884938583159
2023-05-31,sh688072,-8232.165274868561,-8232.165274868561,0,1863.3239644338048,1863.3239644338048,-0.0020973473462913912,-0.0020973473462913912,0
2023-05-31,sz300308,-21227.784130119671,-21227.784130119671,0,19691.82201309823,19691.82201309823,-0.0054083020962748911,-0.0054083020962748911,0
2023-06-01,sh688072,639.12011980082809,639.12011980082809,0,1863.3239644338048,1863.3239644338048,0.00016327144904379454,0.00016327144904379454,0
2023-06-01,sz300308,7640.4269410819361,7640.4269410819361,0,19691.82201309823,19691.82201309823,0.0019518452624718607,0.0019518452624718607,0
2023-06-02,sh688072,4809.2391522036296,4809.2391522036296,0,1863.3239644338048,1863.3239644338048,0.0012295022967715146,0.0012295022967715146,0
2023-06-02,sz300308,-18943.532776600281,-18943.532776600281,0,19691.82201309823,19691.82201309823,-0.0048429941453679527,-0.0048429941453679527,0
2023-06-05,sh688072,16404.704182875223,16404.704182875223,0,1863.3239644338048,1863.3239644338048,0.0041590185021292093,0.0041590185021292093,0
2023-06-05,sz300308,63663.660568346379,63663.660568346379,0,19691.82201309823,19691.82201309823,0.016140391150327903,0.016140391150327903,0
2023-06-06,sh688072,-8912.2785218869176,-8912.2785218869176,0,1863.3239644338048,1863.3239644338048,-0.0022540630952474086,-0.0022540630952474086,0
2023-06-06,sz300308,-52262.09562276263,-52262.09562276263,0,19691.82201309823,19691.82201309823,-0.01321795102501119,-0.01321795102501119,0
2023-06-07,sh688072,-10266.915044030247,-10266.915044030247,0,1863.3239644338048,1863.3239644338048,-0.0026165195229420923,-0.0026165195229420923,0
2023-06-07,sz300308,11303.105835518347,11303.105835518347,0,19691.82201309823,19691.82201309823,0.002880592365056227,0.002880592365056227,0
2023-06-08,sh688072,305.58513016717325,305.58513016717325,0,1863.3239644338048,1863.3239644338048,7.8060549522778039e-05,7.8060549522778039e-05,0
2023-06-08,sz300308,-19652.438369072126,-19652.438369072126,0,19691.82201309823,19691.82201309823,-0.0050201400104549097,-0.0050201400104549097,0
2023-06-09,sh688072,12506.630449279677,12506.630449279677,0,1863.3239644338048,1863.3239644338048,0.0031495548228344444,0.0031495548228344444,0
2023-06-09,sz300308,119962.57970379468,119962.57970379468,0,19691.82201309823,19691.82201309823,0.03021027310257729,0.03021027310257729,0
2023-06-12,sh688072,-9355.7496254221096,-9355.7496254221096,0,1863.3239644338048,1863.3239644338048,-0.0022946014746113149,-0.0022946014746113149,0
2023-06-12,sz300308,89144.878253295421,89144.878253295421,0,19691.82201309823,19691.82201309823,0.021863771187103451,0.021863771187103451,0
2023-06-13,sh688072,6426.6043533321626,6426.6043533321626,0,1863.3239644338048,1863.3239644338048,0.0015595227846181951,0.0015595227846181951,0
2023-06-13,sz300308,708.90559247156318,708.90559247156318,0,19691.82201309823,19691.82201309823,0.00017202777124897056,0.00017202777124897056,0
2023-06-14,sh688072,8973.7682127132084,8973.7682127132084,0,1863.3239644338048,1863.3239644338048,0.0021441509251525271,0.0021441509251525271,0
2023-06-14,sz300308,113188.59293128872,113188.59293128872,0,19691.82201309823,19691.82201309823,0.027044762077374569,0.027044762077374569,0
2023-06-15,sh688072,-14548.833514299135,-14548.833514299135,0,1863.3239644338048,1863.3239644338048,-0.0034021725488592538,-0.0034021725488592538,0
2023-06-15,sz300308,74139.709879314847,74139.709879314847,0,19691.82201309823,19691.82201309823,0.017337203390490871,0.017337203390490871,0
2023-06-16,sh688072,6810.4490900055589,6810.4490900055589,0,1863.3239644338048,1863.3239644338048,0.0015301064083094076,0.0015301064083094076,0
2023-06-16,sz300308,285925.25563018624,285925.25563018624,0,19691.82201309823,19691.82201309823,0.06423894520836898,0.06423894520836898,0
2023-06-19,sh688072,-7866.9537778395397,-7866.9537778395397,0,1863.3239644338048,1863.3239644338048,-0.0016989878081818286,-0.0016989878081818286,0
2023-06-19,sz300308,70890.559247153797,70890.559247153797,0,19691.82201309823,19691.82201309823,0.015309889860466715,0.015309889860466715,0
2023-06-20,sh688072,-5575.0653015859261,-5575.0653015859261,0,1863.3239644338048,1863.3239644338048,-0.0011787823630675159,-0.0011787823630675159,0
2023-06-20,sz300308,141328.20658800585,141328.20658800585,0,19691.82201309823,19691.82201309823,0.029882196587457485,0.029882196587457485,0
2023-06-21,sh688072,-7518.5121964903956,-7518.5121964903956,0,1863.3239644338048,1863.3239644338048,-0.0015921923926041448,-0.0015921923926041448,0
2023-06-21,sz300308,-142883.86052704076,-142883.86052704076,0,19691.82201309823,19691.82201309823,-0.030258459361582359,-0.030258459361582359,0
2023-06-26,sh688072,-3811.2966294878443,4546.5104732184791,-8357.8071027063233,1863.3239644338048,0,-0.00082508702808893565,0.00098424950330542617,-0.0018093365313943618
2023-06-26,sz300308,-52164.995269289037,-168365.07821198981,116200.08294270077,19691.82201309823,0,-0.011292918159139667,-0.036448446689010185,0.025155528529870515
2023-09-04,sh688082,5209.7294775431192,0,5209.7294775431192,0,7783.2232686087045,0.0011350617247756583,0,0.0011350617247756583
2023-09-04,sh688361,-8237.747096430523,-0,-8237.747096430523,0,8024.2585411987229,-0.0017947863642143805,-0,-0.0017947863642143805
2023-09-05,sh688082,-11207.841506796516,-11207.841506796516,0,7783.2232686087045,7783.2232686087045,-0.0024521364077711534,-0.0024521364077711534,0
2023-09-05,sh688361,-24072.775623596168,-24072.775623596168,0,8024.2585411987229,8024.2585411987229,-0.0052668240808839096,-0.0052668240808839096,0
2023-09-06,sh688082,17123.091190939173,17123.091190939173,0,7783.2232686087045,7783.2232686087045,0.0037370766125984739,0.0037370766125984739,0
2023-09-06,sh688361,40843.475974701527,40843.475974701527,0,8024.2585411987229,8024.2585411987229,0.0089139978956050258,0.0089139978956050258,0
2023-09-07,sh688082,-63215.799876101883,-34791.008010681013,-28424.791865420866,7783.2232686087045,15809.931326520766,-0.013851888475624621,-0.007623429013997208,-0.0062284594616274121
2023-09-07,sh688361,-31053.880554439093,-31053.880554439093,0,8024.2585411987229,8024.2585411987229,-0.0068045471388249292,-0.0068045471388249292,0
2023-09-08,sh688082,-21185.307977537654,-21185.307977537654,0,15809.931326520766,15809.931326520766,-0.0047022051032097724,-0.0047022051032097724,0
2023-09-08,sh688361,-1444.366537415825,-1444.366537415825,0,8024.2585411987229,8024.2585411987229,-0.00032058574321143827,-0.00032058574321143827,0
2023-09-11,sh688082,27825.479134676403,27825.479134676403,0,15809.931326520766,15809.931326520766,0.0061787912157581721,0.0061787912157581721,0
2023-09-11,sh688361,-9227.8973223784633,-9227.8973223784633,0,8024.2585411987229,8024.2585411987229,-0.0020491022145374274,-0.0020491022145374274,0
2023-09-12,sh688082,-7746.8663499950944,-7746.8663499950944,0,15809.931326520766,15809.931326520766,-0.001720397046248844,-0.001720397046248844,0
2023-09-12,sh688361,-11715.4174701502,-11715.4174701502,0,8024.2585411987229,8024.2585411987229,-0.0026017190307189527,-0.0026017190307189527,0
2023-09-13,sh688082,3952.4828316301914,3952.4828316301914,0,15809.931326520766,15809.931326520766,0.00087945488409734167,0.00087945488409734167,0
2023-09-13,sh688361,-1925.8220498876524,-1925.8220498876524,0,8024.2585411987229,8024.2585411987229,-0.00042850878291544626,-0.00042850878291544626,0
2023-09-14,sh688082,-47113.595353031946,-47113.595353031946,0,15809.931326520766,15809.931326520766,-0.010549923446781524,-0.010549923446781524,0
2023-09-14,sh688361,-11715.417470150085,-11715.417470150085,0,8024.2585411987229,8024.2585411987229,-0.0026233777433251298,-0.0026233777433251298,0
2023-09-15,sh688082,45848.800846910308,45848.800846910308,0,15809.931326520766,15809.931326520766,0.010279007564127867,0.010279007564127867,0
2023-09-15,sh688361,2246.7923915356514,2246.7923915356514,0,8024.2585411987229,8024.2585411987229,0.00050371646719253799,0.00050371646719253799,0
2023-09-18,sh688082,-65295.016378530687,-65295.016378530687,0,15809.931326520766,15809.931326520766,-0.014706315797526926,-0.014706315797526926,0
2023-09-18,sh688361,-23591.32011112434,-23591.32011112434,0,8024.2585411987229,8024.2585411987229,-0.0053134438564720011,-0.0053134438564720011,0
2023-09-19,sh688082,-8016.6210688533774,-18497.619652029323,10480.998583175946,15809.931326520766,8132.6131667697873,-0.0018251199676937893,-0.00421129733983454,0.0023861773721407516
2023-09-19,sh688361,1508.1709926865387,-12598.08590968194,14106.256902368479,8024.2585411987229,0,0.00034336074635525599,-0.0028681682657817065,0.0032115290121369627
2023-09-20,sh688082,-5926.366148951658,-21470.098760272242,15543.732611320584,8132.6131667697873,582.05594618026862,-0.0013511504367936928,-0.0048949613622973924,0.0035438109255036998
2023-09-21,sh688082,-544.86355095920317,-1257.2408437493866,712.37729279018345,582.05594618026862,0,-0.0001243149639560077,-0.00028684952388461065,0.00016253455992860293
2023-09-22,sh688019,52002.616236484573,0,52002.616236484573,0,17348.764645345156,0.011795705405228748,0,0.011795705405228748
2023-09-25,sh688019,-4480.2349434627677,-12178.832781032268,7698.5978375695004,17348.764645345156,30919.18699886305,-0.0010111222735294286,-0.0027485811002970263,0.0017374588267675981
2023-09-25,sh688205,-2928.9639455815372,-0,-2928.9639455815372,0,11741.11935266352,-0.0006610235224524093,-0,-0.0006610235224524093
2023-09-26,sh688019,-79957.017579060237,-79957.017579060237,0,30919.18699886305,30919.18699886305,-0.018227634927499323,-0.018227634927499323,0
2023-09-26,sh688205,-1127.1474578556572,-1127.1474578556572,0,11741.11935266352,11741.11935266352,-0.00025695346066325004,-0.00025695346066325004,0
2023-09-27,sh688019,-78441.977416115304,-78441.977416115304,0,30919.18699886305,30919.18699886305,-0.0182126130222987,-0.0182126130222987,0
2023-09-27,sh688205,375.71581928519123,375.71581928519123,0,11741.11935266352,11741.11935266352,8.7233481974809384e-05,8.7233481974809384e-05,0
2023-09-28,sh688019,56736.7081429135,56736.7081429135,0,30919.18699886305,30919.18699886305,0.013222919380018223,0.013222919380018223,0
2023-09-28,sh688205,-11283.215697909625,-11283.215697909625,0,11741.11935266352,11741.11935266352,-0.0026296388423699898,-0.0026296388423699898,0
2023-10-09,sh688019,-556.54536597955598,-556.54536597955598,0,30919.18699886305,30919.18699886305,-0.00012922371077649786,-0.00012922371077649786,0
2023-10-09,sh688205,-12868.266810519261,-12868.266810519261,0,11741.11935266352,11741.11935266352,-0.0029878699746076617,-0.0029878699746076617,0
2023-10-10,sh688019,-13944.553336487032,-13944.553336487032,0,30919.18699886305,30919.18699886305,-0.0032480926772073078,-0.0032480926772073078,0
2023-10-10,sh688205,0,0,0,11741.11935266352,11741.11935266352,0,0,0
2023-10-11,sh688019,31259.29805585041,31259.29805585041,0,30919.18699886305,30919.18699886305,0.0072641704820186458,0.0072641704820186458,0
2023-10-11,sh688205,2853.0920026972599,2853.0920026972599,0,11741.11935266352,11741.11935266352,0.00066301382300547199,0.00066301382300547199,0
2023-10-12,sh688019,275551.79453386768,275551.79453386768,0,30919.18699886305,30919.18699886305,0.061978142735214001,0.061978142735214001,0
2023-10-12,sh688205,-21826.740876601503,-21826.740876601503,0,11741.11935266352,11741.11935266352,-0.0049093523915637923,-0.0049093523915637923,0
2023-10-13,sh688019,-43626.972855395805,-43626.972855395805,0,30919.18699886305,30919.18699886305,-0.0095939524839205679,-0.0095939524839205679,0
2023-10-13,sh688205,-9627.7178691840891,-9627.7178691840891,0,11741.11935266352,11741.11935266352,-0.0021172192733083708,-0.0021172192733083708,0
2023-10-16,sh688019,-87315.784084789193,-87315.784084789193,0,30919.18699886305,30919.18699886305,-0.019510877308521916,-0.019510877308521916,0
2023-10-16,sh688205,-3436.2546029422374,-11823.307188132139,8387.0525851899019,11741.11935266352,0,-0.00076783759845465459,-0.0026419403816451263,0.0018741027831904718
2023-10-17,sh688012,96009.838045369805,0,96009.838045369805,0,18266.6428476658,0.021331355932795702,0,0.021331355932795702
2023-10-17,sh688019,46471.538059291168,46471.538059291168,0,30919.18699886305,30919.18699886305,0.010324993138919358,0.010324993138919358,0
2023-10-18,sh688012,-40442.34726473206,-40442.34726473206,0,18266.6428476658,18266.6428476658,-0.0089349988563190014,-0.0089349988563190014,0
2023-10-18,sh688019,-51665.961475100354,-51665.961475100354,0,30919.18699886305,30919.18699886305,-0.011414651668678352,-0.011414651668678352,0
2023-10-19,sh688012,-11033.052279990128,-11033.052279990128,0,18266.6428476658,18266.6428476658,-0.0024651758397360975,-0.0024651758397360975,0
2023-10-19,sh688019,1391.3634149488901,1391.3634149488901,0,30919.18699886305,30919.18699886305,0.00031088001649782657,0.00031088001649782657,0
2023-10-20,sh688012,-30651.426698383162,-30651.426698383162,0,18266.6428476658,18266.6428476658,-0.0069429220836682405,-0.0069429220836682405,0
2023-10-20,sh688019,-80822.754815028151,-80822.754815028151,0,30919.18699886305,30919.18699886305,-0.018307339974415041,-0.018307339974415041,0
2023-10-23,sh688012,-27217.297843021948,-27217.297843021948,0,18266.6428476658,18266.6428476658,-0.00627045114930673,-0.00627045114930673,0
2023-10-23,sh688019,-10141.493335626732,-10141.493335626732,0,30919.18699886305,30919.18699886305,-0.0023364457011433638,-0.0023364457011433638,0
2023-10-24,sh688012,120377.17636611742,120377.17636611742,0,18266.6428476658,18266.6428476658,0.027000486834983985,0.027000486834983985,0
2023-10-24,sh688019,155307.07629528898,155307.07629528898,0,30919.18699886305,30919.18699886305,0.034835230360753928,0.034835230360753928,0
2023-10-25,sh688012,-11033.052279990128,-11033.052279990128,0,18266.6428476658,18266.6428476658,-0.0024100244760031464,-0.0024100244760031464,0
2023-10-25,sh688019,-28136.46016896527,-28136.46016896527,0,30919.18699886305,30919.18699886305,-0.0061460379190149735,-0.0061460379190149735,0
2023-10-26,sh688012,-17773.443490778805,-17773.443490778805,0,18266.6428476658,18266.6428476658,-0.0038946577125307746,-0.0038946577125307746,0
2023-10-26,sh688019,28012.783420969667,28012.783420969667,0,30919.18699886305,30919.18699886305,0.0061383829788829022,0.0061383829788829022,0
2023-10-27,sh688012,9937.0537091301394,9937.0537091301394,0,18266.6428476658,18266.6428476658,0.0021631183102394456,0.0021631183102394456,0
2023-10-27,sh688019,40535.054155509679,40535.054155509679,0,30919.18699886305,30919.18699886305,0.0088237540438941588,0.0088237540438941588,0
2023-10-30,sh688012,50507.267473795946,50507.267473795946,0,18266.6428476658,18266.6428476658,0.010810127733175825,0.010810127733175825,0
2023-10-30,sh688019,56056.486028938343,56056.486028938343,0,30919.18699886305,30919.18699886305,0.011997833273403704,0.011997833273403704,0
2023-10-31,sh688012,18029.17649064631,18029.17649064631,0,18266.6428476658,18266.6428476658,0.0037791566636047103,0.0037791566636047103,0
2023-10-31,sh688019,72227.220829344471,72227.220829344471,0,30919.18699886305,30919.18699886305,0.015139792049430488,0.015139792049430488,0
2023-11-01,sh688012,-36167.952838378354,-36167.952838378354,0,18266.6428476658,18266.6428476658,-0.0076328455381818898,-0.0076328455381818898,0
2023-11-01,sh688019,-117987.61758766147,-117987.61758766147,0,30919.18699886305,30919.18699886305,-0.024899978842846553,-0.024899978842846553,0
2023-11-02,sh688012,-24769.567701434724,-24769.567701434724,0,18266.6428476658,18266.6428476658,-0.0053740744361226245,-0.0053740744361226245,0
2023-11-02,sh688019,-80266.209449048591,-80266.209449048591,0,30919.18699886305,30919.18699886305,-0.017414780487251334,-0.017414780487251334,0
2023-11-03,sh688012,-9809.187209196647,-9809.187209196647,0,18266.6428476658,18266.6428476658,-0.0021478090013688218,-0.0021478090013688218,0
2023-11-03,sh688019,30424.480006881076,30424.480006881076,0,30919.18699886305,30919.18699886305,0.0066617111721019584,0.0066617111721019584,0
2023-11-06,sh688012,-29171.828627722178,-29171.828627722178,0,18266.6428476658,18266.6428476658,-0.006406929177941308,-0.006406929177941308,0
2023-11-06,sh688019,-19169.895939294791,-19169.895939294791,0,30919.18699886305,30919.18699886305,-0.0042102319741056477,-0.0042102319741056477,0
2023-11-07,sh688012,26961.564843154705,26961.564843154705,0,18266.6428476658,18266.6428476658,0.0059817751763404691,0.0059817751763404691,0
2023-11-07,sh688019,-70402.988796411199,-70402.988796411199,0,30919.18699886305,30919.18699886305,-0.015619822260779159,-0.015619822260779159,0
2023-11-08,sh688012,82766.158742773594,82766.158742773594,0,18266.6428476658,18266.6428476658,0.018108132747068809,0.018108132747068809,0
2023-11-08,sh688019,88428.874816748299,88428.874816748299,0,30919.18699886305,30919.18699886305,0.019347059573372044,0.019347059573372044,0
2023-11-09,sh688012,-46105.006547508499,-46105.006547508499,0,18266.6428476658,18266.6428476658,-0.0099858701190332043,-0.0099858701190332043,0
2023-11-09,sh688019,-33207.206836778852,-33207.206836778852,0,30919.18699886305,30919.18699886305,-0.007192339386097861,-0.007192339386097861,0
2023-11-10,sh688012,22303.570917000008,22303.570917000008,0,18266.6428476658,18266.6428476658,0.0048606222310449013,0.0048606222310449013,0
2023-11-10,sh688019,0,0,0,30919.18699886305,30919.18699886305,0,0,0
2023-11-13,sh688012,20970.105989120268,20970.105989120268,0,18266.6428476658,18266.6428476658,0.0045184705530705339,0.0045184705530705339,0
2023-11-13,sh688019,61652.858875732913,61652.858875732913,0,30919.18699886305,30919.18699886305,0.013284464441292948,0.013284464441292948,0
2023-11-14,sh688012,22066.104559980256,22066.104559980256,0,18266.6428476658,18266.6428476658,0.0047092485643769038,0.0047092485643769038,0
2023-11-14,sh688019,-15490.512686430535,-15490.512686430535,0,30919.18699886305,30919.18699886305,-0.0033059153885428919,-0.0033059153885428919,0
2023-11-15,sh688012,-75148.968675296928,-75148.968675296928,0,18266.6428476658,18266.6428476658,-0.016272185657101659,-0.016272185657101659,0
2023-11-15,sh688019,-65610.514811587389,-65610.514811587389,0,30919.18699886305,30919.18699886305,-0.014206801462374822,-0.014206801462374822,0
2023-11-16,sh688012,-29299.69512765593,-29299.69512765593,0,18266.6428476658,18266.6428476658,-0.0065222951282278077,-0.0065222951282278077,0
2023-11-16,sh688019,-82214.11822997703,-82214.11822997703,0,30919.18699886305,30919.18699886305,-0.01830137619066154,-0.01830137619066154,0
2023-11-17,sh688012,34085.55555374438,34085.55555374438,0,18266.6428476658,18266.6428476658,0.0076597046350301914,0.0076597046350301914,0
2023-11-17,sh688019,-7514.5069059739817,9554.0287826490439,-17068.535688623026,30919.18699886305,12872.776377101389,-0.0016886596812805154,0.0021469809530984636,-0.003835640634378979
2023-11-20,sh688012,-34450.88841069788,-34450.88841069788,0,18266.6428476658,18266.6428476658,-0.0077455196082048434,-0.0077455196082048434,0
2023-11-20,sh688019,3617.5663951048173,-8727.7423836748894,12345.308778779707,12872.776377101389,0,0.00081332972065145258,-0.0019622396659913863,0.0027755693866428391
2023-11-21,sh688012,-36405.419195397852,-36405.419195397852,0,18266.6428476658,18266.6428476658,-0.0082527808086191139,-0.0082527808086191139,0
2023-11-21,sz300308,-5841.6710455449802,0,-5841.6710455449802,0,18647.592482635773,-0.0013242542390786145,0,-0.0013242542390786145
2023-11-22,sh688012,-7393.9032971833767,-28331.56305672969,20937.659759546314,18266.6428476658,0,-0.0017018040603499055,-0.0065208817465017208,0.0048190776861518148
2023-11-22,sz300308,-83205.557657520883,-83205.557657520883,0,18647.592482635773,18647.592482635773,-0.019150853098009537,-0.019150853098009537,0
2023-11-23,sh688535,-56514.97391609117,-0,-56514.97391609117,0,12143.225679453028,-0.013215164712901708,-0,-0.013215164712901708
2023-11-23,sz300308,10442.651790276075,10442.651790276075,0,18647.592482635773,18647.592482635773,0.0024418548551905805,0.0024418548551905805,0
2023-11-24,sh688535,-47637.874340494251,-47637.874340494251,0,12143.225679453028,12143.225679453028,-0.011280657027408761,-0.011280657027408761,0
2023-11-24,sz300308,-13334.870797623102,-50106.081000842278,36771.210203219176,18647.592482635773,0,-0.0031576997516223389,-0.011865128798947994,0.0087074290473256547
2023-11-27,sh688535,12325.37406464483,12325.37406464483,0,12143.225679453028,12143.225679453028,0.0029355099533139996,0.0029355099533139996,0
2023-11-28,sh688041,112731.090385075,0,112731.090385075,0,34625.627607242714,0.026432008326323374,0,0.026432008326323374
2023-11-28,sh688535,7965.9560457212583,7965.9560457212583,0,12143.225679453028,12143.225679453028,0.001867774150045007,0.001867774150045007,0
2023-11-29,sh688041,-4847.5878650139994,-4847.5878650139994,0,34625.627607242714,34625.627607242714,-0.0011239803721462408,-0.0011239803721462408,0
2023-11-29,sh688535,-20534.1946239551,-20534.1946239551,0,12143.225679453028,12143.225679453028,-0.0047611373651893036,-0.0047611373651893036,0
2023-11-30,sh688041,40511.984300474032,40511.984300474032,0,34625.627607242714,34625.627607242714,0.0094116842069382946,0.0094116842069382946,0
2023-11-30,sh688535,-32033.829342397152,-32033.829342397152,0,12143.225679453028,12143.225679453028,-0.007442051800609235,-0.007442051800609235,0
2023-12-01,sh688041,4501.3315889413952,4501.3315889413952,0,34625.627607242714,34625.627607242714,0.0010415016548707967,0.0010415016548707967,0
2023-12-01,sh688535,22100.670736604599,22100.670736604599,0,12143.225679453028,12143.225679453028,0.0051135724376487291,0.0051135724376487291,0
2023-12-04,sh688041,28046.758361866676,28046.758361866676,0,34625.627607242714,34625.627607242714,0.0064461022332744592,0.0064461022332744592,0
2023-12-04,sh688535,3363.6735132085009,3363.6735132085009,0,12143.225679453028,12143.225679453028,0.0007730869666199942,0.0007730869666199942,0
2023-12-05,sh688041,4847.5878650139994,4847.5878650139994,0,34625.627607242714,34625.627607242714,0.0011154978691966537,0.0011154978691966537,0
2023-12-05,sh688535,-46812.134994291468,-46812.134994291468,0,12143.225679453028,12143.225679453028,-0.010772127972254391,-0.010772127972254391,0
2023-12-06,sh688041,94874.219643844859,94874.219643844859,0,34625.627607242714,34625.627607242714,0.021719731715910722,0.021719731715910722,0
2023-12-06,sh688535,-7808.0941118883047,-7808.0941118883047,0,12143.225679453028,12143.225679453028,-0.0017875215201709291,-0.0017875215201709291,0
2023-12-07,sh688041,-84140.27508559954,-84140.27508559954,0,34625.627607242714,34625.627607242714,-0.019249868914651622,-0.019249868914651622,0
2023-12-07,sh688535,2720.0825521974375,2720.0825521974375,0,12143.225679453028,12143.225679453028,0.0006223087874809341,0.0006223087874809341,0
2023-12-08,sh688041,248612.00622000243,248612.00622000243,0,34625.627607242714,34625.627607242714,0.055402068069758982,0.055402068069758982,0
2023-12-08,sh688535,69228.529598561712,69228.529598561712,0,12143.225679453028,12143.225679453028,0.01542726663729508,0.01542726663729508,0
2023-12-11,sh688041,65096.179901616146,65096.179901616146,0,34625.627607242714,34625.627607242714,0.013927616201413558,0.013927616201413558,0
2023-12-11,sh688535,-13636.842438025807,-13636.842438025807,0,12143.225679453028,12143.225679453028,-0.0029176628791892723,-0.0029176628791892723,0
2023-12-12,sh688041,-53669.722791226108,-53669.722791226108,0,34625.627607242714,34625.627607242714,-0.011491267787321865,-0.011491267787321865,0
2023-12-12,sh688535,-4590.1393068332454,-4590.1393068332454,0,12143.225679453028,12143.225679453028,-0.00098279844226353548,-0.00098279844226353548,0
2023-12-13,sh688041,-104569.39537387286,-104569.39537387286,0,34625.627607242714,34625.627607242714,-0.022827714015428231,-0.022827714015428231,0
2023-12-13,sh688535,-16101.917250954635,-16101.917250954635,0,12143.225679453028,12143.225679453028,-0.0035150816430628592,-0.0035150816430628592,0
2023-12-14,sh688041,-70982.536594847465,-70982.536594847465,0,34625.627607242714,34625.627607242714,-0.015872034688288513,-0.015872034688288513,0
2023-12-14,sh688535,-25792.211343158258,-25792.211343158258,0,12143.225679453028,12143.225679453028,-0.0057672618190992122,-0.0057672618190992122,0
2023-12-15,sh688041,-60941.104588747352,-60941.104588747352,0,34625.627607242714,34625.627607242714,-0.013870413045214471,-0.013870413045214471,0
2023-12-15,sh688535,361.87966762659278,1068.6038597918782,-706.72419216528544,12143.225679453028,0,8.2365104743647758e-05,0.00024321805482601394,-0.00016085295008236617
2023-12-18,sh688041,48129.622374067389,48129.622374067389,0,34625.627607242714,34625.627607242714,0.01097800777214133,0.01097800777214133,0
2023-12-18,sz300394,-6460.9641939652493,-0,-6460.9641939652493,0,42416.473110594961,-0.0014736977278902187,-0,-0.0014736977278902187
2023-12-19,sh688041,30124.296018301317,30124.296018301317,0,34625.627607242714,34625.627607242714,0.0068194476318706974,0.0068194476318706974,0
2023-12-19,sz300394,-5386.8920850456634,-5386.8920850456634,0,42416.473110594961,42416.473110594961,-0.0012194684466714104,-0.0012194684466714104,0
2023-12-20,sh688041,-54708.491619443426,-54708.491619443426,0,34625.627607242714,34625.627607242714,-0.012547538696003687,-0.012547538696003687,0
2023-12-20,sz300394,-83942.200285867395,-83942.200285867395,0,42416.473110594961,42416.473110594961,-0.019252367870809306,-0.019252367870809306,0
2023-12-21,sh688041,91757.913159192889,91757.913159192889,0,34625.627607242714,34625.627607242714,0.021046901154887731,0.021046901154887731,0
2023-12-21,sz300394,46064.289798106067,46064.289798106067,0,42416.473110594961,42416.473110594961,0.010565961242697574,0.010565961242697574,0
2023-12-22,sh688041,-64403.667349471427,-64403.667349471427,0,34625.627607242714,34625.627607242714,-0.014669018303120814,-0.014669018303120814,0
2023-12-22,sz300394,-12385.610148293796,-12385.610148293796,0,42416.473110594961,42416.473110594961,-0.0028210309977345061,-0.0028210309977345061,0
2023-12-25,sh688041,-93489.194539555421,-93489.194539555421,0,34625.627607242714,34625.627607242714,-0.021715116647010434,-0.021715116647010434,0
2023-12-25,sz300394,0,0,0,42416.473110594961,42416.473110594961,0,0,0
2023-12-26,sh688041,-55747.260447660752,-55747.260447660752,0,34625.627607242714,34625.627607242714,-0.013240391180853288,-0.013240391180853288,0
2023-12-26,sz300394,-40465.315347507472,-40465.315347507472,0,42416.473110594961,42416.473110594961,-0.009610814955841783,-0.009610814955841783,0
2023-12-27,sh688041,4347.8429531464135,-18005.326355766072,22353.169308912486,34625.627607242714,0,0.0010455066451641416,-0.0043296615255340766,0.0053751681706982191
2023-12-27,sz300394,-12088.694836519569,-12088.694836519569,0,42416.473110594961,42416.473110594961,-0.0029069152035025325,-0.0029069152035025325,0
2023-12-28,sz300394,29861.197069858878,29861.197069858878,0,42416.473110594961,42416.473110594961,0.0071615723066744252,0.0071615723066744252,0
2023-12-29,sz300394,-169.6658924424365,-169.6658924424365,0,42416.473110594961,42416.473110594961,-4.0546216052274379e-05,-4.0546216052274379e-05,0
2024-01-02,sz300394,-23498.726103269546,-23498.726103269546,0,42416.473110594961,42416.473110594961,-0.0056315924626668123,-0.0056315924626668123,0
2024-01-03,sz300394,-28419.036984098697,-28419.036984098697,0,42416.473110594961,42416.473110594961,-0.0068534155555337534,-0.0068534155555337534,0
2024-01-04,sz300394,-13318.772556726821,-13318.772556726821,0,42416.473110594961,42416.473110594961,-0.0032281354843801294,-0.0032281354843801294,0
2024-01-05,sz300394,-47124.701625870875,-47124.701625870875,0,42416.473110594961,42416.473110594961,-0.011506241545207147,-0.011506241545207147,0
2024-01-08,sz300394,1987.5889834100899,-7422.8827943541482,9410.4717777642381,42416.473110594961,0,0.00048798495175937916,-0.0018224366972007268,0.0023104216489601057
2024-01-25,sz300502,14088.50381516072,0,14088.50381516072,0,11821.944552909021,0.0034521441582516048,0,0.0034521441582516048
2024-01-26,sz300308,-6920.636775141108,-0,-6920.636775141108,0,4430.5025618663467,-0.0016975544696163445,-0,-0.0016975544696163445
2024-01-26,sz300502,-15675.898477157367,-15675.898477157367,0,11821.944552909021,11821.944552909021,-0.0038451218276237243,-0.0038451218276237243,0
2024-01-29,sz300308,-38647.273847160141,-38647.273847160141,0,4430.5025618663467,4430.5025618663467,-0.0096040594055474063,-0.0096040594055474063,0
2024-01-29,sz300502,-44036.743459586076,-44036.743459586076,0,11821.944552909021,11821.944552909021,-0.010943372147937249,-0.010943372147937249,0
2024-01-30,sz300308,-3169.0966668881201,-8338.2058214324861,5169.109154544366,4430.5025618663467,0,-0.00079635358391894561,-0.0020952848042568081,0.001298931220337862
2024-01-30,sz300502,-3521.3331407323558,-10308.735650136665,6787.4025094043091,11821.944552909021,0,-0.00088486611850447771,-0.0025904538244081133,0.0017055877059036356
2024-02-19,sz300394,59126.83224278898,0,59126.83224278898,0,10874.628344895937,0.01476083650842926,0,0.01476083650842926
2024-02-20,sz300394,-3594.4110342134745,-7568.7413280475494,3974.3302938340748,10874.628344895937,19995.989742119404,-0.00089114065852875486,-0.001876472408722724,0.00098533175019396911
2024-02-21,sz300394,-41171.742879023805,-41171.742879023805,0,19995.989742119404,19995.989742119404,-0.010264511816315483,-0.010264511816315483,0
2024-02-22,sz300308,-25139.8657345715,0,-25139.8657345715,0,9368.9542747824216,-0.0063159828717588174,0,-0.0063159828717588174
2024-02-22,sz300394,4819.0335278507691,4819.0335278507691,0,19995.989742119404,19995.989742119404,0.0012107038892606762,0.0012107038892606762,0
2024-02-23,sz300308,-45636.176272465265,-45636.176272465265,0,9368.9542747824216,9368.9542747824216,-0.011606895310973482,-0.011606895310973482,0
2024-02-23,sz300394,-30893.804151574514,-30893.804151574514,0,19995.989742119404,19995.989742119404,-0.0078573881475997899,-0.0078573881475997899,0
2024-02-26,sz300308,8750.6032926467578,8750.6032926467578,0,9368.9542747824216,9368.9542747824216,0.0022457713582975623,0.0022457713582975623,0
2024-02-26,sz300394,-3139.3703895128178,-3139.3703895128178,0,19995.989742119404,19995.989742119404,-0.00080569394681390832,-0.00080569394681390832,0
2024-02-27,sz300308,86897.05089860702,86897.05089860702,0,9368.9542747824216,9368.9542747824216,0.021762133208735084,0.021762133208735084,0
2024-02-27,sz300394,102099.5236232617,102099.5236232617,0,19995.989742119404,19995.989742119404,0.025569376758601065,0.025569376758601065,0
2024-02-28,sz300308,-81650.43650472883,-81650.43650472883,0,9368.9542747824216,9368.9542747824216,-0.020327261928889642,-0.020327261928889642,0
2024-02-28,sz300394,-60487.868969911171,-60487.868969911171,0,19995.989742119404,19995.989742119404,-0.015058740757626326,-0.015058740757626326,0
2024-02-29,sz300308,36014.260232263703,36014.260232263703,0,9368.9542747824216,9368.9542747824216,0.0089922527881591066,0.0089922527881591066,0
2024-02-29,sz300394,82343.48575804774,82343.48575804774,0,19995.989742119404,19995.989742119404,0.020560006914461141,0.020560006914461141,0
2024-03-01,sz300308,39986.696844771381,39986.696844771381,0,9368.9542747824216,9368.9542747824216,0.0097822924421635035,0.0097822924421635035,0
2024-03-01,sz300394,6418.7127072202875,6418.7127072202875,0,19995.989742119404,19995.989742119404,0.0015702653572014209,0.0015702653572014209,0
2024-03-04,sz300308,30692.694204187177,30692.694204187177,0,9368.9542747824216,9368.9542747824216,0.0074070323907865195,0.0074070323907865195,0
2024-03-04,sz300394,35112.957987161681,35112.957987161681,0,19995.989742119404,19995.989742119404,0.0084737695367176867,0.0084737695367176867,0
2024-03-05,sz300308,23562.920001077797,23562.920001077797,0,9368.9542747824216,9368.9542747824216,0.0056556519692621396,0.0056556519692621396,0
2024-03-05,sz300394,-44451.085196731416,-44451.085196731416,0,19995.989742119404,19995.989742119404,-0.010669300219040502,-0.010669300219040502,0
2024-03-06,sz300308,-12657.457225231043,-12657.457225231043,0,9368.9542747824216,9368.9542747824216,-0.0030505460718055636,-0.0030505460718055636,0
2024-03-06,sz300394,-499.89974355309874,-499.89974355309874,0,19995.989742119404,19995.989742119404,-0.00012047974343161789,-0.00012047974343161789,0
2024-03-07,sz300308,-21136.360843909144,-21136.360843909144,0,9368.9542747824216,9368.9542747824216,-0.0051258653310972168,-0.0051258653310972168,0
2024-03-07,sz300394,-17196.551178222675,-17196.551178222675,0,19995.989742119404,19995.989742119404,-0.0041704059724307716,-0.0041704059724307716,0
2024-03-08,sz300308,73040.367526203685,73040.367526203685,0,9368.9542747824216,9368.9542747824216,0.017491282264789791,0.017491282264789791,0
2024-03-08,sz300394,70745.81170761853,70745.81170761853,0,19995.989742119404,19995.989742119404,0.016941795387128748,0.016941795387128748,0
2024-03-11,sz300308,-29559.050736938552,-29559.050736938552,0,9368.9542747824216,9368.9542747824216,-0.0070071625582346928,-0.0070071625582346928,0
2024-03-11,sz300394,-29734.03674653159,-29734.03674653159,0,19995.989742119404,19995.989742119404,-0.007048644114105598,-0.007048644114105598,0
2024-03-12,sz300308,-38703.150109126189,-38703.150109126189,0,9368.9542747824216,9368.9542747824216,-0.0093178855623086351,-0.0093178855623086351,0
2024-03-12,sz300394,-31473.687854095904,-31473.687854095904,0,19995.989742119404,19995.989742119404,-0.0075773734391489846,-0.0075773734391489846,0
2024-03-13,sz300308,1011.8470616765399,1011.8470616765399,0,9368.9542747824216,9368.9542747824216,0.00024507660439329539,0.00024507660439329539,0
2024-03-13,sz300394,19096.170203723996,19096.170203723996,0,19995.989742119404,19995.989742119404,0.0046252291751390957,0.0046252291751390957,0
2024-03-14,sz300308,30495.946164416739,30495.946164416739,0,9368.9542747824216,9368.9542747824216,0.0072797516834587463,0.0072797516834587463,0
2024-03-14,sz300394,70685.823738392166,70685.823738392166,0,19995.989742119404,19995.989742119404,0.016873562196822244,0.016873562196822244,0
2024-03-15,sz300308,52700.367795651124,52700.367795651124,0,9368.9542747824216,9368.9542747824216,0.012257135803634679,0.012257135803634679,0
2024-03-15,sz300394,67106.541574552612,67106.541574552612,0,19995.989742119404,19995.989742119404,0.015607746734917929,0.015607746734917929,0
2024-03-18,sz300308,17707.323579338783,17707.323579338783,0,9368.9542747824216,9368.9542747824216,0.0040333966244535269,0.0040333966244535269,0
2024-03-18,sz300394,43291.317791688489,43291.317791688489,0,19995.989742119404,19995.989742119404,0.0098609512762776012,0.0098609512762776012,0
2024-03-19,sz300308,-41598.156980033928,-41598.156980033928,0,9368.9542747824216,9368.9542747824216,-0.0094495932891843597,-0.0094495932891843597,0
2024-03-19,sz300394,4379.1217535241731,4379.1217535241731,0,19995.989742119404,19995.989742119404,0.00099477771465897118,0.00099477771465897118,0
2024-03-20,sz300308,-32650.805647616733,-32650.805647616733,0,9368.9542747824216,9368.9542747824216,-0.0074777919701464104,-0.0074777919701464104,0
2024-03-20,sz300394,-1619.675169111591,-1619.675169111591,0,19995.989742119404,19995.989742119404,-0.00037094318910664434,-0.00037094318910664434,0
2024-03-21,sz300308,-8619.4379327998431,-8619.4379327998431,0,9368.9542747824216,9368.9542747824216,-0.001986484777499623,-0.001986484777499623,0
2024-03-21,sz300394,-11797.633947850516,-11797.633947850516,0,19995.989742119404,19995.989742119404,-0.0027189499397329256,-0.0027189499397329256,0
2024-03-22,sz300308,0,0,0,9368.9542747824216,9368.9542747824216,0,0,0
2024-03-22,sz300394,5458.905199598662,5458.905199598662,0,19995.989742119404,19995.989742119404,0.0012602605130212583,0.0012602605130212583,0
2024-03-25,sz300308,-7869.9215908171327,-7869.9215908171327,0,9368.9542747824216,9368.9542747824216,-0.001824858033695362,-0.001824858033695362,0
2024-03-25,sz300394,-35412.897833293478,-35412.897833293478,0,19995.989742119404,19995.989742119404,-0.0082114555223680233,-0.0082114555223680233,0
2024-03-26,sz300308,-8659.7389464431908,-53918.331851372925,45258.592904929734,9368.9542747824216,0,-0.0020229941648487485,-0.012595815115016458,0.01057282095016771
2024-03-26,sz300394,-12046.836923019287,-20395.909536961855,8349.0726139425678,19995.989742119404,0,-0.002814251209057777,-0.0047646708792536754,0.001950419670195898
2024-04-29,sz300308,-1805.3757903665612,0,-1805.3757903665612,0,5094.1887690188132,-0.00042204102999019913,0,-0.00042204102999019913
2024-04-29,sz300502,16646.508627013089,0,16646.508627013089,0,14854.524844133761,0.003891438937075194,0,0.003891438937075194
2024-04-30,sz300308,-5084.0003914807266,-5084.0003914807266,0,5094.1887690188132,5094.1887690188132,-0.0011879682768803689,-0.0011879682768803689,0
2024-04-30,sz300502,-6060.6461364065926,-6060.6461364065926,0,14854.524844133761,14854.524844133761,-0.0014161791489067197,-0.0014161791489067197,0
2024-05-06,sz300308,-11309.099067221759,-11309.099067221759,0,5094.1887690188132,5094.1887690188132,-0.0026510124018968551,-0.0026510124018968551,0
2024-05-06,sz300502,-4783.1569998111117,-4783.1569998111117,0,14854.524844133761,14854.524844133761,-0.0011212394949719087,-0.0011212394949719087,0
2024-05-07,sz300308,-23535.152112866941,-23535.152112866941,0,5094.1887690188132,5094.1887690188132,-0.0055554962271426537,-0.0055554962271426537,0
2024-05-07,sz300502,-19474.282070659359,-19474.282070659359,0,14854.524844133761,14854.524844133761,-0.0045969237866413252,-0.0045969237866413252,0
2024-05-08,sz300308,-7284.6899396969375,-7284.6899396969375,0,5094.1887690188132,5094.1887690188132,-0.0017292994431657993,-0.0017292994431657993,0
2024-05-08,sz300502,2495.5601738145665,2495.5601738145665,0,14854.524844133761,14854.524844133761,0.00059241654136123938,0.00059241654136123938,0
2024-05-09,sz300308,-5929.6357271379065,-5929.6357271379065,0,5094.1887690188132,5094.1887690188132,-0.0014087073077610015,-0.0014087073077610015,0
2024-05-09,sz300502,4248.3941054221705,4248.3941054221705,0,14854.524844133761,14854.524844133761,0.0010092936729935798,0.0010092936729935798,0
2024-05-10,sz300308,-7249.0306183137081,-7249.0306183137081,0,5094.1887690188132,5094.1887690188132,-0.0017245468512537639,-0.0017245468512537639,0
2024-05-10,sz300502,-2733.2325713205746,-2733.2325713205746,0,14854.524844133761,14854.524844133761,-0.00065023695895377739,-0.00065023695895377739,0
2024-05-13,sz300308,1283.7355697927171,1283.7355697927171,0,5094.1887690188132,5094.1887690188132,0.00030581359410237818,0.00030581359410237818,0
2024-05-13,sz300502,-2644.1054222557691,-2644.1054222557691,0,14854.524844133761,14854.524844133761,-0.00062988313278270142,-0.00062988313278270142,0
2024-05-14,sz300308,-22399.148017375752,-22399.148017375752,0,5094.1887690188132,5094.1887690188132,-0.0053673441300409064,-0.0053673441300409064,0
2024-05-14,sz300502,-25237.837710183336,-25237.837710183336,0,14854.524844133761,14854.524844133761,-0.0060475585939070839,-0.0060475585939070839,0
2024-05-15,sz300308,4905.7037845651585,4905.7037845651585,0,5094.1887690188132,5094.1887690188132,0.0011808872950838604,0.0011808872950838604,0
2024-05-15,sz300502,4694.0298507463058,4694.0298507463058,0,14854.524844133761,14854.524844133761,0.00112993373773016,0.00112993373773016,0
2024-05-16,sz300308,17980.039842360195,13652.425900970382,4327.6139413898145,5094.1887690188132,0,0.0043061324412786203,0.0032696898666384681,0.0010364425746401519
2024-05-16,sz300502,14854.524844133761,14854.524844133761,0,14854.524844133761,14854.524844133761,0.0035575867401808283,0.0035575867401808283,0
2024-05-17,sh688256,88089.286442064345,0,88089.286442064345,0,9644.5727384641505,0.020754646736246624,0,0.020754646736246624
2024-05-17,sz300502,17201.539769506915,17201.539769506915,0,14854.524844133761,14854.524844133761,0.0040528411076461287,0.0040528411076461287,0
2024-05-20,sh688256,57207.409013752462,33013.372483762942,24194.036529989517,9644.5727384641505,14950.870642608157,0.013166220532865598,0.0075979903678275087,0.0055682301650380886
2024-05-20,sz300502,38814.873417721508,38814.873417721508,0,14854.524844133761,14854.524844133761,0.0089331992513440091,0.0089331992513440091,0
2024-05-21,sh688256,-89600.567761150829,-89600.567761150829,0,14950.870642608157,14950.870642608157,-0.020611202675435619,-0.020611202675435619,0
2024-05-21,sz300502,-2124.197052711138,-2124.197052711138,0,14854.524844133761,14854.524844133761,-0.00048863815341776721,-0.00048863815341776721,0
2024-05-22,sh688256,19959.412307881797,19959.412307881797,0,14950.870642608157,14950.870642608157,0.0046342378985909363,0.0046342378985909363,0
2024-05-22,sz300502,-9016.6965803891835,-9016.6965803891835,0,14854.524844133761,14854.524844133761,-0.0020935244168704369,-0.0020935244168704369,0
2024-05-23,sh688256,-53075.590781258914,-53075.590781258914,0,14950.870642608157,14950.870642608157,-0.012402159290042956,-0.012402159290042956,0
2024-05-23,sz300502,-12507.509918760608,-12507.509918760608,0,14854.524844133761,14854.524844133761,-0.0029226265417102901,-0.0029226265417102901,0
2024-05-24,sh688256,-118410.89548945663,-118410.89548945663,0,14950.870642608157,14950.870642608157,-0.028322269782887814,-0.028322269782887814,0
2024-05-24,sz300502,-12893.727564708135,-12893.727564708135,0,14854.524844133761,14854.524844133761,-0.0030840036221771224,-0.0030840036221771224,0
2024-05-27,sh688256,41040.139913959458,41040.139913959458,0,14950.870642608157,14950.870642608157,0.0098907547716950931,0.0098907547716950931,0
2024-05-27,sz300502,26767.853769129029,26767.853769129029,0,14854.524844133761,14854.524844133761,0.006451105623667611,0.006451105623667611,0
2024-05-28,sh688256,-37526.685312946553,-37526.685312946553,0,14950.870642608157,14950.870642608157,-0.0090140333703484475,-0.0090140333703484475,0
2024-05-28,sz300502,-2807.5051955412814,-2807.5051955412814,0,14854.524844133761,14854.524844133761,-0.00067437199179712695,-0.00067437199179712695,0
2024-05-29,sh688256,-2496.7953973153735,-2496.7953973153735,0,14950.870642608157,14950.870642608157,-0.00060316591114138751,-0.00060316591114138751,0
2024-05-29,sz300502,-4545.4846023048922,-4545.4846023048922,0,14854.524844133761,14854.524844133761,-0.0010980801088772885,-0.0010980801088772885,0
2024-05-30,sh688256,5307.5590781257424,5307.5590781257424,0,14950.870642608157,14950.870642608157,0.0012839291331394741,0.0012839291331394741,0
2024-05-30,sz300502,-9551.4594747780175,-9551.4594747780175,0,14854.524844133761,14854.524844133761,-0.0023105531004280651,-0.0023105531004280651,0
2024-05-31,sh688256,22680.470764836726,22680.470764836726,0,14950.870642608157,14950.870642608157,0.0054736958486810705,0.0054736958486810705,0
2024-05-31,sz300502,980.39863971275986,980.39863971275986,0,14854.524844133761,14854.524844133761,0.00023660902015174438,0.00023660902015174438,0
2024-06-03,sh688256,62210.57274389235,62210.57274389235,0,14950.870642608157,14950.870642608157,0.014745931927191105,0.014745931927191105,0
2024-06-03,sz300502,65330.20026450033,65330.20026450033,0,14854.524844133761,14854.524844133761,0.015485385255268583,0.015485385255268583,0
2024-06-04,sh688256,-14248.179722405406,-14248.179722405406,0,14950.870642608157,14950.870642608157,-0.003327495468225358,-0.003327495468225358,0
2024-06-04,sz300502,12312.236970429585,5525.8832420177578,6786.3537284118265,14854.524844133761,28670.231120742959,0.0028753787165105116,0.0012905052999045376,0.001584873416605974
2024-06-05,sh688256,5322.509948768422,5322.509948768422,0,14950.870642608157,14950.870642608157,0.0012484077684349079,0.0012484077684349079,0
2024-06-05,sz300502,-40367.68541800612,-40367.68541800612,0,28670.231120742959,28670.231120742959,-0.0094683396658068048,-0.0094683396658068048,0
2024-06-06,sh688256,-67533.082692660988,-67533.082692660988,0,14950.870642608157,14950.870642608157,-0.016020300245202988,-0.016020300245202988,0
2024-06-06,sz300502,6737.5043133745794,6737.5043133745794,0,28670.231120742959,28670.231120742959,0.0015982809861475608,0.0015982809861475608,0
2024-06-07,sh688256,76563.408560796306,76563.408560796306,0,14950.870642608157,14950.870642608157,0.018212274962511377,0.018212274962511377,0
2024-06-07,sz300502,-38905.503630848179,-38905.503630848179,0,28670.231120742959,28670.231120742959,-0.0092545217486934509,-0.0092545217486934509,0
2024-06-11,sh688256,115267.05727702034,94414.748108070475,20852.309168949872,14950.870642608157,19277.537966024567,0.026902231951493626,0.022035501844563217,0.0048667301069304095
2024-06-11,sz300502,9059.7930341548472,9059.7930341548472,0,28670.231120742959,28670.231120742959,0.0021144692976034682,0.0021144692976034682,0
2024-06-12,sh688256,-7884.5130281038901,-7884.5130281038901,0,19277.537966024567,19277.537966024567,-0.0018153455042629145,-0.0018153455042629145,0
2024-06-12,sz300502,143.35115560358443,143.35115560358443,0,28670.231120742959,28670.231120742959,3.30054468713894e-05,3.30054468713894e-05,0
2024-06-13,sh688256,74141.411017330553,74141.411017330553,0,19277.537966024567,19277.537966024567,0.016831679797075585,0.016831679797075585,0
2024-06-13,sz300502,57483.813397089703,57483.813397089703,0,28670.231120742959,28670.231120742959,0.013050050266624856,0.013050050266624856,0
2024-06-14,sh688256,57948.279125869856,57948.279125869856,0,19277.537966024567,19277.537966024567,0.012617585033987102,0.012617585033987102,0
2024-06-14,sz300502,187531.9817607798,187531.9817607798,0,28670.231120742959,28670.231120742959,0.040832976615562934,0.040832976615562934,0
2024-06-17,sh688256,142056.17727163504,142056.17727163504,0,19277.537966024567,19277.537966024567,0.029585313407146926,0.029585313407146926,0
2024-06-17,sz300502,29128.954818674796,29128.954818674796,0,28670.231120742959,28670.231120742959,0.0060665384222273709,0.0060665384222273709,0
2024-06-18,sh688256,-24443.918140919166,-24443.918140919166,0,19277.537966024567,19277.537966024567,-0.0049785260378696567,-0.0049785260378696567,0
2024-06-18,sz300502,68894.565383145295,68894.565383145295,0,28670.231120742959,28670.231120742959,0.014031849789806436,0.014031849789806436,0
2024-06-19,sh688256,106219.23419279519,106219.23419279519,0,19277.537966024567,19277.537966024567,0.021315955098583386,0.021315955098583386,0
2024-06-19,sz300502,-3956.4918946624748,-3956.4918946624748,0,28670.231120742959,28670.231120742959,-0.00079398429310324401,-0.00079398429310324401,0
2024-06-20,sh688256,-33253.75299139227,-33253.75299139227,0,19277.537966024567,19277.537966024567,-0.0066450143318931643,-0.0066450143318931643,0
2024-06-20,sz300502,-26777.995866774058,-26777.995866774058,0,28670.231120742959,28670.231120742959,-0.0053509799739039779,-0.0053509799739039779,0
2024-06-21,sh688256,7113.4115094630606,7113.4115094630606,0,19277.537966024567,19277.537966024567,0.0014296852797336175,0.0014296852797336175,0
2024-06-21,sz300502,-4816.5988282847957,-4816.5988282847957,0,28670.231120742959,28670.231120742959,-0.00096806158817328881,-0.00096806158817328881,0
2024-06-24,sh688256,-116185.72132123036,-116185.72132123036,0,19277.537966024567,19277.537966024567,-0.023682300716322182,-0.023682300716322182,0
2024-06-24,sz300502,-24427.036914872908,-24427.036914872908,0,28670.231120742959,28670.231120742959,-0.0049789976534837512,-0.0049789976534837512,0
2024-06-25,sh688256,-21191.930622125059,-117862.86712427373,96670.936502148674,19277.537966024567,0,-0.0044205239547893066,-0.024585566874168789,0.020165042919379483
2024-06-25,sz300502,-62680.026944726422,-77839.677492817238,15159.650548090814,28670.231120742959,0,-0.013074720068530395,-0.016236942500690774,0.0031622224321603771
2024-07-12,sz300308,9987.0994215075061,-0,9987.0994215075061,0,5470.173038779838,0.002097004382512078,-0,0.002097004382512078
2024-07-12,sz300502,10793.790127007804,-0,10793.790127007804,0,12356.999856999857,0.0022663862894472292,-0,0.0022663862894472292
2024-07-15,sz300308,-2953.893440941069,-2953.893440941069,0,5470.173038779838,5470.173038779838,-0.00061945444263908844,-0.00061945444263908844,0
2024-07-15,sz300502,-5869.5749320749501,-5869.5749320749501,0,12356.999856999857,12356.999856999857,-0.0012308955420268972,-0.0012308955420268972,0
2024-07-16,sz300308,-7986.4526366186074,-7986.4526366186074,0,5470.173038779838,5470.173038779838,-0.0016760355156936861,-0.0016760355156936861,0
2024-07-16,sz300502,9897.9568854569097,9897.9568854569097,0,12356.999856999857,12356.999856999857,0.0020771834539864515,0.0020771834539864515,0
2024-07-17,sz300308,-35063.80917857874,-35063.80917857874,0,5470.173038779838,5470.173038779838,-0.0074011605984111101,-0.0074011605984111101,0
2024-07-17,sz300502,-21686.534749034694,-21686.534749034694,0,12356.999856999857,12356.999856999857,-0.0045775268078599215,-0.0045775268078599215,0
2024-07-18,sz300308,-9353.9958963135668,-9353.9958963135668,0,5470.173038779838,5470.173038779838,-0.001990568787047287,-0.001990568787047287,0
2024-07-18,sz300502,-10898.873873873936,-10898.873873873936,0,12356.999856999857,12356.999856999857,-0.0023193251726621607,-0.0023193251726621607,0
2024-07-19,sz300308,-27460.268654674688,-27460.268654674688,0,5470.173038779838,5470.173038779838,-0.0058872615909880801,-0.0058872615909880801,0
2024-07-19,sz300502,-21822.461747461726,-21822.461747461726,0,12356.999856999857,12356.999856999857,-0.0046785609595544585,-0.0046785609595544585,0
2024-07-22,sz300308,-6632.0137453361531,-2078.6657547364689,-4553.3479905996837,5470.173038779838,0,-0.0014306534508229749,-0.00044840834915527443,-0.00098224510166770038
2024-07-22,sz300502,-1569.3389818390121,-1569.3389818390121,0,12356.999856999857,12356.999856999857,-0.00033853672746952316,-0.00033853672746952316,0
2024-07-23,sz002371,-110409.67816552478,-0,-110409.67816552478,0,9099.0530500596906,-0.024176381688949103,-0,-0.024176381688949103
2024-07-23,sz300502,-18411.929786929722,-18411.929786929722,0,12356.999856999857,12356.999856999857,-0.0040316560065649792,-0.0040316560065649792,0
2024-07-24,sz002371,-7787.2456949916377,-20754.940007186207,12967.69431219457,9099.0530500596906,0,-0.001731996973370638,-0.0046162012453331586,0.0028842042719625207
2024-07-24,sz300502,-5454.9145488221548,-7129.9889174889831,1675.0743686668286,12356.999856999857,0,-0.0012132525232421828,-0.0015858134838611087,0.00037256096061892585
2024-09-27,sh688041,71143.137527439525,0,71143.137527439525,0,17842.997389417953,0.015666808149079326,0,0.015666808149079326
2024-09-27,sz300502,32289.534600658826,0,32289.534600658826,0,13561.167352690325,0.0071106499009334218,0,0.0071106499009334218
2024-09-30,sh688041,306721.12512409454,306721.12512409454,0,17842.997389417953,17842.997389417953,0.063846830884002753,0.063846830884002753,0
2024-09-30,sz300502,121833.52749656991,121833.52749656991,0,13561.167352690325,13561.167352690325,0.025360772339785415,0.025360772339785415,0
2024-10-08,sh688041,368636.32606537512,368636.32606537512,0,17842.997389417953,17842.997389417953,0.069672651052988449,0.069672651052988449,0
2024-10-08,sz300502,179834.64026402635,179834.64026402635,0,13561.167352690325,13561.167352690325,0.033988935035483142,0.033988935035483142,0
2024-10-09,sh688041,125971.56156929079,125971.56156929079,0,17842.997389417953,17842.997389417953,0.022477377556204665,0.022477377556204665,0
2024-10-09,sz300502,-56985.361319424657,-51627.364111692099,-5357.9972077325619,13561.167352690325,28842.811531333587,-0.010168020985029221,-0.0092119819815986697,-0.00095603900343055174
2024-10-10,sh688041,535.28992168255888,535.28992168255888,0,17842.997389417953,17842.997389417953,9.557138435796742e-05,9.557138435796742e-05,0
2024-10-10,sz300502,-76346.922123439756,-76346.922123439756,0,28842.811531333587,28842.811531333587,-0.013631082415809303,-0.013631082415809303,0
2024-10-11,sh688041,-139032.92620285894,-130789.17086443382,-8243.7553384251205,17842.997389417953,23424.256347294868,-0.025286661122846582,-0.023787325294164822,-0.0014993358286817596
2024-10-11,sz300502,9835.3987321845798,9835.3987321845798,0,28842.811531333587,28842.811531333587,0.0017888165166426041,0.0017888165166426041,0
2024-10-14,sh688041,11712.128173647434,11712.128173647434,0,23424.256347294868,23424.256347294868,0.0021399152104178741,0.0021399152104178741,0
2024-10-14,sz300502,66973.008375756675,66973.008375756675,0,28842.811531333587,28842.811531333587,0.012236594168529596,0.012236594168529596,0
2024-10-15,sh688041,-168654.64570052311,-168654.64570052311,0,23424.256347294868,23424.256347294868,-0.03135821378136474,-0.03135821378136474,0
2024-10-15,sz300502,-97719.445468158345,-97719.445468158345,0,28842.811531333587,28842.811531333587,-0.018169124537655228,-0.018169124537655228,0
2024-10-16,sh688041,-80345.199271221223,-80345.199271221223,0,23424.256347294868,23424.256347294868,-0.015621369921419768,-0.015621369921419768,0
2024-10-16,sz300502,-124197.14645392235,-124197.14645392235,0,28842.811531333587,28842.811531333587,-0.024147423686039719,-0.024147423686039719,0
2024-10-17,sh688041,61137.309066439593,61137.309066439593,0,23424.256347294868,23424.256347294868,0.01203054461022848,0.01203054461022848,0
2024-10-17,sz300502,19367.595767947074,13383.064550538746,5984.5312174083274,28842.811531333587,0,0.0038111380503507131,0.0026335073878023412,0.0011776306625483717
2024-10-18,sh688041,393761.74919802643,393761.74919802643,0,23424.256347294868,23424.256347294868,0.072673593239372433,0.072673593239372433,0
2024-10-18,sh688256,209477.48079523872,0,209477.48079523872,0,4506.6582434207239,0.038661655844244025,0,0.038661655844244025
2024-10-21,sh688041,-39586.993226928273,-39586.993226928273,0,23424.256347294868,23424.256347294868,-0.0069120343114844269,-0.0069120343114844269,0
2024-10-21,sh688256,43223.359212648204,43223.359212648204,0,4506.6582434207239,4506.6582434207239,0.0075469571589542794,0.0075469571589542794,0
2024-10-22,sh688041,-74723.377747870574,-74723.377747870574,0,23424.256347294868,23424.256347294868,-0.013209889307749979,-0.013209889307749979,0
2024-10-22,sh688256,-69564.776645442456,-69564.776645442456,0,4506.6582434207239,4506.6582434207239,-0.012297931743735089,-0.012297931743735089,0
2024-10-23,sh688041,-72380.952113140884,-72380.952113140884,0,23424.256347294868,23424.256347294868,-0.013052248697112231,-0.013052248697112231,0
2024-10-23,sh688256,-6052.4420209138561,-6052.4420209138561,0,4506.6582434207239,4506.6582434207239,-0.001091419443589745,-0.001091419443589745,0
2024-10-24,sh688041,-28577.592743699712,-28577.592743699712,0,23424.256347294868,23424.256347294868,-0.005194566733606772,-0.005194566733606772,0
2024-10-24,sh688256,18752.204950873638,18752.204950873638,0,4506.6582434207239,4506.6582434207239,0.0034085999087890137,0.0034085999087890137,0
2024-10-25,sh688041,-42163.661425131031,-42163.661425131031,0,23424.256347294868,23424.256347294868,-0.0077076012123406777,-0.0077076012123406777,0
2024-10-25,sh688256,-10009.287958637444,-10009.287958637444,0,4506.6582434207239,4506.6582434207239,-0.0018297177568805305,-0.0018297177568805305,0
2024-10-28,sh688041,13351.826117958248,13351.826117958248,0,23424.256347294868,23424.256347294868,0.0024407575922454593,0.0024407575922454593,0
2024-10-28,sh688256,38743.740918687872,38743.740918687872,0,4506.6582434207239,4506.6582434207239,0.0070824828726678453,0.0070824828726678453,0
2024-10-29,sh688041,92760.055135287534,92760.055135287534,0,23424.256347294868,23424.256347294868,0.016738665742594239,0.016738665742594239,0
2024-10-29,sh688256,-2086.5827667038957,-2086.5827667038957,0,4506.6582434207239,4506.6582434207239,-0.0003765264199678911,-0.0003765264199678911,0
2024-10-30,sh688041,-31388.503505374869,-31388.503505374869,0,23424.256347294868,23424.256347294868,-0.0056166956497323553,-0.0056166956497323553,0
2024-10-30,sh688256,33998.229788366123,33998.229788366123,0,4506.6582434207239,4506.6582434207239,0.0060836831331642803,0.0060836831331642803,0
2024-10-31,sh688041,75660.348001762177,75660.348001762177,0,23424.256347294868,23424.256347294868,0.013414857598733333,0.013414857598733333,0
2024-10-31,sh688256,25255.31279612967,25255.31279612967,0,4506.6582434207239,4506.6582434207239,0.0044778597207041203,0.0044778597207041203,0
2024-11-01,sh688041,-106346.12381671851,-106346.12381671851,0,23424.256347294868,23424.256347294868,-0.019084985784800956,-0.019084985784800956,0
2024-11-01,sh688256,-128818.31922993799,-128818.31922993799,0,4506.6582434207239,4506.6582434207239,-0.023117869303467944,-0.023117869303467944,0
2024-11-04,sh688041,13351.826117957915,13351.826117957915,0,23424.256347294868,23424.256347294868,0.0024444705667969256,0.0024444705667969256,0
2024-11-04,sh688256,-211.81293744088879,-211.81293744088879,0,4506.6582434207239,4506.6582434207239,-3.8779001963234164e-05,-3.8779001963234164e-05,0
2024-11-05,sh688041,113139.1581574345,113139.1581574345,0,23424.256347294868,23424.256347294868,0.020329249599065548,0.020329249599065548,0
2024-11-05,sh688256,81421.794483882259,81421.794483882259,0,4506.6582434207239,4506.6582434207239,0.014630159971345806,0.014630159971345806,0
2024-11-06,sh688041,91588.842317922856,91588.842317922856,0,23424.256347294868,23424.256347294868,0.015967084689645031,0.015967084689645031,0
2024-11-06,sh688256,54868.564113647364,54868.564113647364,0,4506.6582434207239,4506.6582434207239,0.0095654774951815826,0.0095654774951815826,0
2024-11-07,sh688041,200511.63433284411,200511.63433284411,0,23424.256347294868,23424.256347294868,0.033760785157719769,0.033760785157719769,0
2024-11-07,sh688256,60488.366943193068,60488.366943193068,0,4506.6582434207239,4506.6582434207239,0.010184619798772221,0.010184619798772221,0
2024-11-08,sh688041,-111499.46021312402,-111499.46021312402,0,23424.256347294868,23424.256347294868,-0.018752069568323586,-0.018752069568323586,0
2024-11-08,sh688256,-136105.58560954939,-136105.58560954939,0,4506.6582434207239,4506.6582434207239,-0.022890347676205867,-0.022890347676205867,0
2024-11-11,sh688041,48253.968075427481,48253.968075427481,0,23424.256347294868,23424.256347294868,0.0082536309687022465,0.0082536309687022465,0
2024-11-11,sh688256,-1482.6905620854529,-1482.6905620854529,0,4506.6582434207239,4506.6582434207239,-0.0002536077596997213,-0.0002536077596997213,0
2024-11-12,sh688041,-225809.83118792222,-225809.83118792222,0,23424.256347294868,23424.256347294868,-0.039307944748226145,-0.039307944748226145,0
2024-11-12,sh688256,-22745.104154544253,-22745.104154544253,0,4506.6582434207239,4506.6582434207239,-0.0039593639156278448,-0.0039593639156278448,0
2024-11-13,sh688041,49190.938329319091,49190.938329319091,0,23424.256347294868,23424.256347294868,0.0085962227901497986,0.0085962227901497986,0
2024-11-13,sh688256,154285.44496350829,154285.44496350829,0,4506.6582434207239,4506.6582434207239,0.026961714966783207,0.026961714966783207,0
2024-11-14,sh688041,-112670.67303048837,-112670.67303048837,0,23424.256347294868,23424.256347294868,-0.019558852744253966,-0.019558852744253966,0
2024-11-14,sh688256,-15124.345064919926,-15124.345064919926,0,4506.6582434207239,4506.6582434207239,-0.0026254821243324455,-0.0026254821243324455,0
2024-11-15,sh688041,-112436.43046701529,-112436.43046701529,0,23424.256347294868,23424.256347294868,-0.020016535708977105,-0.020016535708977105,0
2024-11-15,sh688256,-46332.953400608487,-46332.953400608487,0,4506.6582434207239,4506.6582434207239,-0.0082484405845463446,-0.0082484405845463446,0
2024-11-18,sh688041,18376.538357082391,28343.350180226644,-9966.8118231442531,23424.256347294868,0,0.0033172077979111716,0.0051163489232747055,-0.0017991411253635349
2024-11-18,sh688256,-15187.438280327604,-15187.438280327604,0,4506.6582434207239,4506.6582434207239,-0.0027415331285383653,-0.0027415331285383653,0
2024-11-19,sh600206,-2373.7249151997858,-0,-2373.7249151997858,0,97228.99029527152,-0.00042702013719521896,-0,-0.00042702013719521896
2024-11-19,sh688256,37324.143572010355,37324.143572010355,0,4506.6582434207239,4506.6582434207239,0.0067144094106087546,0.0067144094106087546,0
2024-11-20,sh600206,190568.82097873226,190568.82097873226,0,97228.99029527152,97228.99029527152,0.033480300832763113,0.033480300832763113,0
2024-11-20,sh688256,42344.560855181189,42344.560855181189,0,4506.6582434207239,4506.6582434207239,0.0074393525067824673,0.0074393525067824673,0
2024-11-21,sh600206,62226.553788973826,62226.553788973826,0,97228.99029527152,97228.99029527152,0.010548063217698257,0.010548063217698257,0
2024-11-21,sh688256,118930.71104387284,118930.71104387284,0,4506.6582434207239,4506.6582434207239,0.020160021441503369,0.020160021441503369,0
2024-11-22,sh600206,112785.62874251498,112785.62874251498,0,97228.99029527152,97228.99029527152,0.018757007455390187,0.018757007455390187,0
2024-11-22,sh688256,-67509.740486442533,-67509.740486442533,0,4506.6582434207239,4506.6582434207239,-0.01122732319475318,-0.01122732319475318,0
2024-11-25,sh600206,227515.83729093533,227515.83729093533,0,97228.99029527152,97228.99029527152,0.037029215149039486,0.037029215149039486,0
2024-11-25,sh688256,-9076.4097022493825,-9076.4097022493825,0,4506.6582434207239,4506.6582434207239,-0.0014772260764231747,-0.0014772260764231747,0
2024-11-26,sh600206,-249878.50505884783,-249878.50505884783,0,97228.99029527152,97228.99029527152,-0.040806142438462978,-0.040806142438462978,0
2024-11-26,sh688256,-9373.8491463150349,-9373.8491463150349,0,4506.6582434207239,4506.6582434207239,-0.001530786425071306,-0.001530786425071306,0
2024-11-27,sh600206,-224598.96758207743,-224598.96758207743,0,97228.99029527152,97228.99029527152,-0.037709510672122061,-0.037709510672122061,0
2024-11-27,sh688256,147146.89830593011,147146.89830593011,0,4506.6582434207239,4506.6582434207239,0.024705534454468783,0.024705534454468783,0
2024-11-28,sh600206,78006.426917720572,-39863.886021061335,117870.31293878191,97228.99029527152,0,0.013058587165982001,-0.0066733736045862238,0.01973196077056822
2024-11-28,sh688256,34719.295107313294,34719.295107313294,0,4506.6582434207239,4506.6582434207239,0.0058121485551251217,0.0058121485551251217,0
2024-11-29,sh688256,79407.325356335248,45278.395371647872,34128.929984687376,4506.6582434207239,7282.7587197792272,0.013082512609692882,0.0074597044509191997,0.0056228081587736808
2024-12-02,sh688120,1916.0267084541549,0,1916.0267084541549,0,2340.3100858484381,0.00031343860446725487,0,0.00031343860446725487
2024-12-02,sh688256,4894.0138596918259,4894.0138596918259,0,7282.7587197792272,7282.7587197792272,0.00080060098727058706,0.00080060098727058706,0
2024-12-03,sh688120,-5888.2201759946829,-5888.2201759946829,0,2340.3100858484381,2340.3100858484381,-0.0009601042384844062,-0.0009601042384844062,0
2024-12-03,sh688256,39050.152255455971,39050.152255455971,0,7282.7587197792272,7282.7587197792272,0.0063673258766332045,0.0063673258766332045,0
2024-12-04,sh688120,-3044.7434216888223,-3044.7434216888223,0,2340.3100858484381,2340.3100858484381,-0.00049869957685528057,-0.00049869957685528057,0
2024-12-04,sh688256,-84997.077018543307,-84997.077018543307,0,7282.7587197792272,7282.7587197792272,-0.013921700607393696,-0.013921700607393696,0
2024-12-05,sh688120,-549.97287017438168,-549.97287017438168,0,2340.3100858484381,2340.3100858484381,-9.0101993322108239e-05,-9.0101993322108239e-05,0
2024-12-05,sh688256,85630.677027164435,85630.677027164435,0,7282.7587197792272,7282.7587197792272,0.01402886416419559,0.01402886416419559,0
2024-12-06,sh688120,3920.0193937961271,3920.0193937961271,0,2340.3100858484381,2340.3100858484381,0.0006417803403386906,0.0006417803403386906,0
2024-12-06,sh688256,-80743.945926192624,-80743.945926192624,0,7282.7587197792272,7282.7587197792272,-0.013219291001164823,-0.013219291001164823,0
2024-12-09,sh688120,-8909.5604968250082,-8909.5604968250082,0,2340.3100858484381,2340.3100858484381,-0.0014776660127479024,-0.0014776660127479024,0
2024-12-09,sh688256,-71363.752695116491,-71363.752695116491,0,7282.7587197792272,7282.7587197792272,-0.011835801770165738,-0.011835801770165738,0
2024-12-10,sh688120,8623.4159978689368,3304.5178412180089,5318.8981566509283,2340.3100858484381,0,0.0014390697241552801,0.00055145566204888973,0.00088761406210639035
2024-12-10,sh688256,-2782.0138309557015,-2782.0138309557015,0,7282.7587197792272,7282.7587197792272,-0.00046426055258136259,-0.00046426055258136259,0
2024-12-11,sh688249,-16021.047551215277,-0,-16021.047551215277,0,42847.935174515856,-0.0026689162334578471,-0,-0.0026689162334578471
2024-12-11,sh688256,31133.79352705603,31133.79352705603,0,7282.7587197792272,7282.7587197792272,0.0051865202127298867,0.0051865202127298867,0
2024-12-12,sh688249,10283.504441883892,10283.504441883892,0,42847.935174515856,42847.935174515856,0.0016875316242504212,0.0016875316242504212,0
2024-12-12,sh688256,157336.71938211072,157336.71938211072,0,7282.7587197792272,7282.7587197792272,0.025819086393517973,0.025819086393517973,0
2024-12-13,sh688249,2142.3967587258235,2142.3967587258235,0,42847.935174515856,42847.935174515856,0.00034795638740595607,0.00034795638740595607,0
2024-12-13,sh688256,-43944.166115147797,-43944.166115147797,0,7282.7587197792272,7282.7587197792272,-0.0071371715937845574,-0.0071371715937845574,0
2024-12-16,sh688249,-86981.308404267242,-86981.308404267242,0,42847.935174515856,42847.935174515856,-0.014234963811208734,-0.014234963811208734,0
2024-12-16,sh688256,35437.903930445616,35437.903930445616,0,7282.7587197792272,7282.7587197792272,0.0057996055618109877,0.0057996055618109877,0
2024-12-17,sh688249,-13711.339255845087,-13711.339255845087,0,42847.935174515856,42847.935174515856,-0.0022607476137441588,-0.0022607476137441588,0
2024-12-17,sh688256,-25657.158969782395,-25657.158969782395,0,7282.7587197792272,7282.7587197792272,-0.0042303935329776826,-0.0042303935329776826,0
2024-12-18,sh688249,0,0,0,42847.935174515856,42847.935174515856,0,0,0
2024-12-18,sh688256,232407.39626559496,232407.39626559496,0,7282.7587197792272,7282.7587197792272,0.037723769437528774,0.037723769437528774,0
2024-12-19,sh688249,-7284.1489796677688,-7284.1489796677688,0,42847.935174515856,42847.935174515856,-0.0011527179042488543,-0.0011527179042488543,0
2024-12-19,sh688256,90277.077090382998,90277.077090382998,0,7282.7587197792272,7282.7587197792272,0.01428636391098153,0.01428636391098153,0
2024-12-20,sh688249,-978.76560186479765,39848.579712299885,-40827.345314164682,42847.935174515856,0,-0.00015157494630627064,0.0061710856192383288,-0.0063226605655445998
2024-12-20,sh688256,195170.65093136378,195170.65093136378,0,7282.7587197792272,7282.7587197792272,0.030224786076582834,0.030224786076582834,0
2024-12-23,sh688205,6456.315869666998,-0,6456.315869666998,0,3506.9327020629016,0.00099458968177249842,-0,0.00099458968177249842
2024-12-23,sh688256,-132946.76042956975,-132946.76042956975,0,7282.7587197792272,7282.7587197792272,-0.020480329466152709,-0.020480329466152709,0
2024-12-24,sh688205,-12677.561717957396,-12677.561717957396,0,3506.9327020629016,3506.9327020629016,-0.0019661770497557459,-0.0019661770497557459,0
2024-12-24,sh688256,51569.214494756423,51569.214494756423,0,7282.7587197792272,7282.7587197792272,0.007997926436429768,0.007997926436429768,0
2024-12-25,sh688205,1374.7176192086431,1374.7176192086431,0,3506.9327020629016,3506.9327020629016,0.00021231766681231842,0.00021231766681231842,0
2024-12-25,sh688256,13684.303634465306,13684.303634465306,0,7282.7587197792272,7282.7587197792272,0.0021134663432141863,0.0021134663432141863,0
2024-12-26,sh688205,33154.541765302674,33154.541765302674,0,3506.9327020629016,3506.9327020629016,0.0051224671716141919,0.0051224671716141919,0
2024-12-26,sh688256,-53084.028308470697,-53084.028308470697,0,7282.7587197792272,7282.7587197792272,-0.0082016272241697535,-0.0082016272241697535,0
2024-12-27,sh688205,-17749.124870636089,-8767.3317551572545,-8981.7931154788348,3506.9327020629016,10683.332818942225,-0.0027493972809125946,-0.0013580882586705324,-0.0013913090222420624
2024-12-27,sh688256,4202.1517813126011,4202.1517813126011,0,7282.7587197792272,7282.7587197792272,0.00065092700433003572,0.00065092700433003572,0
2024-12-30,sh688205,26045.965412581168,26045.965412581168,0,10683.332818942225,10683.332818942225,0.0039836467528864758,0.0039836467528864758,0
2024-12-30,sh688256,153476.85726062753,153476.85726062753,0,7282.7587197792272,7282.7587197792272,0.023473792366098752,0.023473792366098752,0
2024-12-31,sh688205,-37145.948211462157,-37145.948211462157,0,10683.332818942225,10683.332818942225,-0.0056735892160734687,-0.0056735892160734687,0
2024-12-31,sh688256,-124637.13273030194,-124637.13273030194,0,7282.7587197792272,7282.7587197792272,-0.019036797449762125,-0.019036797449762125,0
2025-01-02,sh688205,-25837.835281901695,-46835.731078242716,20997.895796341021,10683.332818942225,0,-0.0040129240678111414,-0.0072741477924452977,0.0032612237246341567
2025-01-02,sh688256,-29992.122679985823,-60512.442202645376,30520.319522659553,7282.7587197792272,0,-0.004658134461889841,-0.0093983041948997818,0.0047401697330099399
2025-01-16,sh603986,-27259.943063658597,-0,-27259.943063658597,0,6755.7566040616894,-0.0043020234608394442,-0,-0.0043020234608394442
2025-01-16,sh688256,-120646.53281111515,-0,-120646.53281111515,0,1894.942461876381,-0.019039812864256735,-0,-0.019039812864256735
2025-01-17,sh603986,44520.436020766458,44520.436020766458,0,6755.7566040616894,6755.7566040616894,0.0070963888500740887,0.0070963888500740887,0
2025-01-17,sh688256,-22906.997503502855,-2543.012783838074,-20363.984719664782,1894.942461876381,0,-0.0036512886261201105,-0.00040534660434158291,-0.0032459420217785281
2025-01-20,sh603986,-25190.87784978226,-12092.804321270371,-13098.07352851189,6755.7566040616894,13409.559610568309,-0.0040164770854142261,-0.0019280976131286506,-0.0020883794722855748
2025-01-21,sh603986,-12068.603649511555,-12068.603649511555,0,13409.559610568309,13409.559610568309,-0.001926577472044171,-0.001926577472044171,0
2025-01-21,sh688205,22019.783438327311,0,22019.783438327311,0,21948.920342423942,0.0035151389459450585,0,0.0035151389459450585
2025-01-22,sh603986,55113.289999435932,55113.289999435932,0,13409.559610568309,13409.559610568309,0.0085835970895789763,0.0085835970895789763,0
2025-01-22,sh688205,250349.60149646364,248352.03367452684,1997.5678219368051,21948.920342423942,29720.122864094548,0.038990597563750867,0.038679487170181749,0.00031111039356911666
2025-01-23,sh603986,-76970.872164662214,-76970.872164662214,0,13409.559610568309,13409.559610568309,-0.011856300744222628,-0.011856300744222628,0
2025-01-23,sh688205,-87793.242940535521,-87793.242940535521,0,29720.122864094548,29720.122864094548,-0.013523337625521594,-0.013523337625521594,0
2025-01-24,sh603986,402.28678831706452,402.28678831706452,0,13409.559610568309,13409.559610568309,6.212724291346366e-05,6.212724291346366e-05,0
2025-01-24,sh688205,130560.49974196737,130560.49974196737,0,29720.122864094548,29720.122864094548,0.02016313763697206,0.02016313763697206,0
2025-01-27,sh603986,-41569.634792761681,-41569.634792761681,0,13409.559610568309,13409.559610568309,-0.0064812908289814328,-0.0064812908289814328,0
2025-01-27,sh688205,-211012.87233507112,-211012.87233507112,0,29720.122864094548,29720.122864094548,-0.032899875139159658,-0.032899875139159658,0
2025-02-05,sh603986,85099.942931884259,106605.99890401791,-21506.055972133647,13409.559610568309,0,0.013582259346434311,0.017014703830753826,-0.0034324444843195157
2025-02-05,sh688205,-130655.20435549258,-269085.99241151212,138430.78805601955,29720.122864094548,3375.7849738680634,-0.020853044189913201,-0.042947099721925626,0.022094055532012422
2025-02-06,sh688205,12555.810853328796,30847.923091206379,-18292.112237877584,3375.7849738680634,0,0.0020092358988223437,0.0049364198937840997,-0.0029271839949617556
2025-02-11,sh601869,-4392.9454106016401,-0,-4392.9454106016401,0,24550.905297859739,-0.00070033650465070357,-0,-0.00070033650465070357
2025-02-11,sh688205,39011.332716181169,0,39011.332716181169,0,8164.4658708295065,0.0062193034154900137,0,0.0062193034154900137
2025-02-12,sh601869,7610.7806423364009,7610.7806423364009,0,24550.905297859739,24550.905297859739,0.0012075446103543255,0.0012075446103543255,0
2025-02-12,sh688205,17896.509188858337,17896.509188858337,0,8164.4658708295065,8164.4658708295065,0.0028395028356156026,0.0028395028356156026,0
2025-02-13,sh601869,-41491.029953382902,-41491.029953382902,0,24550.905297859739,24550.905297859739,-0.0066089021353967839,-0.0066089021353967839,0
2025-02-13,sh688205,-33164.060367309437,-33164.060367309437,0,8164.4658708295065,8164.4658708295065,-0.0052825400966472966,-0.0052825400966472966,0
2025-02-14,sh601869,4419.1629536147457,4419.1629536147457,0,24550.905297859739,24550.905297859739,0.0007094607232211534,0.0007094607232211534,0
2025-02-14,sh688205,-28191.900651974309,-28191.900651974309,0,8164.4658708295065,8164.4658708295065,-0.0045259806971291545,-0.0045259806971291545,0
2025-02-17,sh601869,-16203.597496587345,-16203.597496587345,0,24550.905297859739,24550.905297859739,-0.0026079872078895198,-0.0026079872078895198,0
2025-02-17,sh688205,8286.9328588919543,8286.9328588919543,0,8164.4658708295065,8164.4658708295065,0.0013337911468845921,0.0013337911468845921,0
2025-02-18,sh601869,-17185.633708501886,-17185.633708501886,0,24550.905297859739,24550.905297859739,-0.0027753068474828547,-0.0027753068474828547,0
2025-02-18,sh688205,-16328.931741659013,-16328.931741659013,0,8164.4658708295065,8164.4658708295065,-0.0026369581036914148,-0.0026369581036914148,0
2025-02-19,sh601869,13748.506966801509,13748.506966801509,0,24550.905297859739,24550.905297859739,0.0022204894865339815,0.0022204894865339815,0
2025-02-19,sh688205,18402.706072849633,18402.706072849633,0,8164.4658708295065,8164.4658708295065,0.0029721783941492339,0.0029721783941492339,0
2025-02-20,sh601869,-8347.3078012723945,-8347.3078012723945,0,24550.905297859739,24550.905297859739,-0.0013425620917496661,-0.0013425620917496661,0
2025-02-20,sh688205,27759.18396082037,27759.18396082037,0,8164.4658708295065,8164.4658708295065,0.0044647243124330332,0.0044647243124330332,0
2025-02-21,sh601869,47383.247224869287,47383.247224869287,0,24550.905297859739,24550.905297859739,0.0075828753266344133,0.0075828753266344133,0
2025-02-21,sh688205,-4212.8643893480694,-4212.8643893480694,0,8164.4658708295065,8164.4658708295065,-0.00067419662651734523,-0.00067419662651734523,0
2025-02-24,sh601869,95503.021608674404,95503.021608674404,0,24550.905297859739,24550.905297859739,0.015209425112042929,0.015209425112042929,0
2025-02-24,sh688205,-77750.20848790936,-77750.20848790936,0,8164.4658708295065,8164.4658708295065,-0.012382183867313093,-0.012382183867313093,0
2025-02-25,sh601869,8592.8168542509429,8592.8168542509429,0,24550.905297859739,24550.905297859739,0.0013675099928961731,0.0013675099928961731,0
2025-02-25,sh688205,-17652.566533688354,-22476.774542393632,4824.2080087052773,8164.4658708295065,0,-0.0028093303446984422,-0.0035770823835948075,0.00076775203889636553
2025-02-26,sh601869,-36034.559716508811,-21850.305715095183,-14184.254001413627,24550.905297859739,42891.486547712186,-0.00574182214372172,-0.003481673432089819,-0.0022601487116319006
2025-02-26,sh688256,29605.304615524634,0,29605.304615524634,0,3423.1408984752757,0.0047173711833966986,0,0.0047173711833966986
2025-02-27,sh601869,-70770.952803725042,-70770.952803725042,0,42891.486547712186,42891.486547712186,-0.011344601122391589,-0.011344601122391589,0
2025-02-27,sh688256,2300.3506837754726,2300.3506837754726,0,3423.1408984752757,3423.1408984752757,0.00036874677979013853,0.00036874677979013853,0
2025-02-28,sh601869,-173710.52051823452,-173710.52051823452,0,42891.486547712186,42891.486547712186,-0.028802638487358881,-0.028802638487358881,0
2025-02-28,sh688256,-169157.3247386314,-139133.56181852752,-30023.762920103887,3423.1408984752757,4405.4503707451868,-0.02804768103509386,-0.023069493261330631,-0.004978187773763236
2025-03-03,sh601869,2854.4065945520961,-31739.700045306799,34594.106639858896,42891.486547712186,0,0.00049215363884911646,-0.0054725240976849603,0.0059646777365340766
2025-03-03,sh688256,-125273.38674251003,-125273.38674251003,0,4405.4503707451868,4405.4503707451868,-0.021599499263332343,-0.021599499263332343,0
2025-03-04,sh600206,58544.464659167177,-0,58544.464659167177,0,82955.01766050281,0.010169291663122132,-0,0.010169291663122132
2025-03-04,sh688256,-22203.469868555832,-22203.469868555832,0,4405.4503707451868,4405.4503707451868,-0.0038567875262197388,-0.0038567875262197388,0
2025-03-05,sh600206,-57238.96218574675,-57238.96218574675,0,82955.01766050281,82955.01766050281,-0.0098948030822114865,-0.0098948030822114865,0
2025-03-05,sh688256,76399.320329462964,76399.320329462964,0,4405.4503707451868,4405.4503707451868,0.013207021955109378,0.013207021955109378,0
2025-03-06,sh600206,58898.062538956772,58898.062538956772,0,82955.01766050281,82955.01766050281,0.0099541271284985383,0.0099541271284985383,0
2025-03-06,sh688256,188046.64907525855,188046.64907525855,0,4405.4503707451868,4405.4503707451868,0.031781015712447076,0.031781015712447076,0
2025-03-07,sh600206,-63875.36359858713,-63875.36359858713,0,82955.01766050281,82955.01766050281,-0.010695596305120066,-0.010695596305120066,0
2025-03-07,sh688256,-73919.051770733728,-73919.051770733728,0,4405.4503707451868,4405.4503707451868,-0.012377359477207361,-0.012377359477207361,0
2025-03-10,sh600206,24056.955121545743,24056.955121545743,0,82955.01766050281,82955.01766050281,0.0040376095798062795,0.0040376095798062795,0
2025-03-10,sh688256,85743.280565813664,85743.280565813664,0,4405.4503707451868,4405.4503707451868,0.014390760978162494,0.014390760978162494,0
2025-03-11,sh600206,-24056.955121545743,-24056.955121545743,0,82955.01766050281,82955.01766050281,-0.0039958576931593062,-0.0039958576931593062,0
2025-03-11,sh688256,38437.554484751854,38437.554484751854,0,4405.4503707451868,4405.4503707451868,0.00638447372155454,0.00638447372155454,0
2025-03-12,sh600206,5806.8512362352203,5806.8512362352203,0,82955.01766050281,82955.01766050281,0.00096717540983202663,0.00096717540983202663,0
2025-03-12,sh688256,-53222.245928972676,-53222.245928972676,0,4405.4503707451868,4405.4503707451868,-0.0088645714216553997,-0.0088645714216553997,0
2025-03-13,sh600206,-102034.6717224185,-102034.6717224185,0,82955.01766050281,82955.01766050281,-0.017348808944278173,-0.017348808944278173,0
2025-03-13,sh688256,-94642.290314718863,-94642.290314718863,0,4405.4503707451868,4405.4503707451868,-0.016091892932098395,-0.016091892932098395,0
2025-03-14,sh600206,5806.8512362352203,5806.8512362352203,0,82955.01766050281,82955.01766050281,0.0009994399048093999,0.0009994399048093999,0
2025-03-14,sh688256,47336.564233657053,47336.564233657053,0,4405.4503707451868,4405.4503707451868,0.0081472814313670906,0.0081472814313670906,0
2025-03-17,sh600206,15761.45335549564,15761.45335549564,0,82955.01766050281,82955.01766050281,0.0027010596651737351,0.0027010596651737351,0
2025-03-17,sh688256,-18626.244167510689,-18626.244167510689,0,4405.4503707451868,4405.4503707451868,-0.0031920023934213248,-0.0031920023934213248,0
2025-03-18,sh600206,4147.7508830251991,4147.7508830251991,0,82955.01766050281,82955.01766050281,0.00071103324572433456,0.00071103324572433456,0
2025-03-18,sh688256,-5026.6188730203439,-5026.6188730203439,0,4405.4503707451868,4405.4503707451868,-0.0008616942610825399,-0.0008616942610825399,0
2025-03-19,sh600206,-48943.460419696647,-48943.460419696647,0,82955.01766050281,82955.01766050281,-0.0085269555087448025,-0.0085269555087448025,0
2025-03-19,sh688256,-136304.63447085608,-136304.63447085608,0,4405.4503707451868,4405.4503707451868,-0.023747065364854651,-0.023747065364854651,0
2025-03-20,sh600206,-16591.003532100796,-16591.003532100796,0,82955.01766050281,82955.01766050281,-0.002942174741674923,-0.002942174741674923,0
2025-03-20,sh688256,-797.38651710480462,-797.38651710480462,0,4405.4503707451868,4405.4503707451868,-0.00014140497682606619,-0.00014140497682606619,0
2025-03-21,sh600206,-5879.7007134625674,-56409.412009141888,50529.711295679321,82955.01766050281,0,-0.0010499700589541893,-0.01007333477317934,0.0090233647142251502
2025-03-21,sh688256,-54935.9661231926,-54935.9661231926,0,4405.4503707451868,4405.4503707451868,-0.0098102135465846438,-0.0098102135465846438,0
2025-03-24,sh688256,-21410.149183538007,-2568.3775661443115,-18841.771617393697,4405.4503707451868,0,-0.0038515706678959112,-0.00046203730824301656,-0.0033895333596528948
2025-03-25,sh688019,-20875.91570237351,-0,-20875.91570237351,0,16762.016750905528,-0.0037698032393844506,-0,-0.0037698032393844506
2025-03-26,sh688019,34714.136691125314,34714.136691125314,0,16762.016750905528,16762.016750905528,0.0062609196000541914,0.0062609196000541914,0
2025-03-27,sh688019,86834.95906803949,44938.966909177674,41895.992158861809,16762.016750905528,31437.906404940411,0.01547701810513503,0.0080096911652187408,0.0074673269399162879
2025-03-27,sz300776,10696.238764642043,0,10696.238764642043,0,23469.642349632777,0.0019064427828830858,0,0.0019064427828830858
2025-03-28,sh688019,-99909.666554900541,-99909.666554900541,0,31437.906404940411,31437.906404940411,-0.017808111033580976,-0.017808111033580976,0
2025-03-28,sz300776,1924.8682138741005,-3755.1427759411645,5680.010989815265,23469.642349632777,37126.828449463443,0.00034309259613878013,-0.00066932461899633575,0.0010124172151351159
2025-03-31,sh688019,61964.113524137669,61964.113524137669,0,31437.906404940411,31437.906404940411,0.011141292142501334,0.011141292142501334,0
2025-03-31,sz300776,-61630.535226109714,-61630.535226109714,0,37126.828449463443,37126.828449463443,-0.011081313986446861,-0.011081313986446861,0
2025-04-01,sh688019,-5218.692463220008,-5218.692463220008,0,31437.906404940411,31437.906404940411,-0.00093398032085198826,-0.00093398032085198826,0
2025-04-01,sz300776,56804.047527679111,56804.047527679111,0,37126.828449463443,37126.828449463443,0.010166121669269305,0.010166121669269305,0
2025-04-02,sh688019,-49860.519558235443,-49860.519558235443,0,31437.906404940411,31437.906404940411,-0.0089205833490783523,-0.0089205833490783523,0
2025-04-02,sz300776,1856.3414224735943,1856.3414224735943,0,37126.828449463443,37126.828449463443,0.00033211945102539989,0.00033211945102539989,0
2025-04-03,sh688019,-65673.786479920484,-65673.786479920484,0,31437.906404940411,31437.906404940411,-0.011964683420365586,-0.011964683420365586,0
2025-04-03,sz300776,-86505.51028725029,-86505.51028725029,0,37126.828449463443,37126.828449463443,-0.015759880771007151,-0.015759880771007151,0
2025-04-07,sh688019,-233714.58731922728,-176775.34771498007,-56939.239604247225,31437.906404940411,15782.290726342349,-0.044980507091437062,-0.034022030343463981,-0.010958476747973079
2025-04-07,sz300776,-195036.62191072921,-288104.18876783596,93067.566857106765,37126.828449463443,18699.55879033418,-0.037536579361915408,-0.055448282687822828,0.01791170332590742
2025-04-08,sh688019,16079.153892741349,-18670.449929263108,34749.603822004457,15782.290726342349,0,0.0032175314783534433,-0.0037360647682801681,0.0069535962466336114
2025-04-08,sz300776,9696.1281179838988,-25057.408779047866,34753.536897031765,18699.55879033418,0,0.0019402511877098664,-0.0050141320899324349,0.0069543832776423013
2025-04-16,sh688268,6574.4709274121342,-0,6574.4709274121342,0,14844.439436619719,0.0013034025693221462,-0,0.0013034025693221462
2025-04-16,sz002371,61232.020293145491,0,61232.020293145491,0,4611.4249161175076,0.012139375693655505,0,0.012139375693655505
2025-04-17,sh688268,-10539.552000000014,-10539.552000000014,0,14844.439436619719,14844.439436619719,-0.002080932470121206,-0.002080932470121206,0
2025-04-17,sz002371,-15918.638810437627,-15918.638810437627,0,4611.4249161175076,4611.4249161175076,-0.0031429810660615577,-0.0031429810660615577,0
2025-04-18,sh688268,-27313.768563380228,-27313.768563380228,0,14844.439436619719,14844.439436619719,-0.0054397624778188556,-0.0054397624778188556,0
2025-04-18,sz002371,-33506.6134405099,-33506.6134405099,0,4611.4249161175076,4611.4249161175076,-0.0066731186555060292,-0.0066731186555060292,0
2025-04-21,sh688268,10539.552000000014,10539.552000000014,0,14844.439436619719,14844.439436619719,0.0021075183268171533,0.0021075183268171533,0
2025-04-21,sz002371,9766.9979723368579,9766.9979723368579,0,4611.4249161175076,4611.4249161175076,0.0019530362604298431,0.0019530362604298431,0
2025-04-22,sh688268,29540.434478873165,29540.434478873165,0,14844.439436619719,14844.439436619719,0.0058668257493452039,0.0058668257493452039,0
2025-04-22,sz002371,18685.493760108238,18685.493760108238,0,4611.4249161175076,4611.4249161175076,0.0037109994441494694,0.0037109994441494694,0
2025-04-23,sh688268,-19446.215661971761,-19446.215661971761,0,14844.439436619719,14844.439436619719,-0.0038589762959999195,-0.0038589762959999195,0
2025-04-23,sz002371,-20700.686448451641,-20700.686448451641,0,4611.4249161175076,4611.4249161175076,-0.0041079179468177206,-0.0041079179468177206,0
2025-04-24,sh688268,-38892.431323943732,-38892.431323943732,0,14844.439436619719,14844.439436619719,-0.0077779169607908177,-0.0077779169607908177,0
2025-04-24,sz002371,1332.7018007579011,1332.7018007579011,0,4611.4249161175076,4611.4249161175076,0.00026652085217953035,0.00026652085217953035,0
2025-04-25,sh688268,1187.5551549296576,1187.5551549296576,0,14844.439436619719,14844.439436619719,0.00023859667184633962,0.00023859667184633962,0
2025-04-25,sz002371,-9905.3407198202567,-9905.3407198202567,0,4611.4249161175076,4611.4249161175076,-0.0019901234224301177,-0.0019901234224301177,0
2025-04-28,sh688268,3859.5542535210975,3859.5542535210975,0,14844.439436619719,14844.439436619719,0.00077551441382412865,0.00077551441382412865,0
2025-04-28,sz002371,3892.0426292031493,3892.0426292031493,0,4611.4249161175076,4611.4249161175076,0.00078204242249253352,0.00078204242249253352,0
2025-04-29,sh688268,6531.5533521126426,6531.5533521126426,0,14844.439436619719,14844.439436619719,0.0013105283451093554,0.0013105283451093554,0
2025-04-29,sz002371,0,0,0,4611.4249161175076,4611.4249161175076,0,0,0
2025-04-30,sh688268,5195.5538028169231,5195.5538028169231,0,14844.439436619719,14844.439436619719,0.0010424753524116762,0.0010424753524116762,0
2025-04-30,sz002371,-11819.082060009117,-11819.082060009117,0,4611.4249161175076,4611.4249161175076,-0.0023714703385441364,-0.0023714703385441364,0
2025-05-06,sh688268,32063.989183098649,32063.989183098649,0,14844.439436619719,14844.439436619719,0.0064027777032629723,0.0064027777032629723,0
2025-05-06,sz002371,22582.147814227395,22582.147814227395,0,4611.4249161175076,4611.4249161175076,0.0045093725453518533,0.0045093725453518533,0
2025-05-07,sh688268,-4007.9986478873707,-4007.9986478873707,0,14844.439436619719,14844.439436619719,-0.00079882952794371753,-0.00079882952794371753,0
2025-05-07,sz002371,-31666.65489897901,-31666.65489897901,0,4611.4249161175076,4611.4249161175076,-0.0063114439915896063,-0.0063114439915896063,0
2025-05-08,sh688268,-890.66636619721692,-890.66636619721692,0,14844.439436619719,14844.439436619719,-0.00017813023853225989,-0.00017813023853225989,0
2025-05-08,sz002371,2015.1926883434053,2015.1926883434053,0,4611.4249161175076,4611.4249161175076,0.00040303167143912585,0.00040303167143912585,0
2025-05-09,sh688268,-22860.436732394355,-22860.436732394355,0,14844.439436619719,14844.439436619719,-0.0045946523106469407,-0.0045946523106469407,0
2025-05-09,sz002371,-27461.035375479685,-27461.035375479685,0,4611.4249161175076,4611.4249161175076,-0.0055193131748839473,-0.0055193131748839473,0
2025-05-12,sh688268,2226.6659154929366,2226.6659154929366,0,14844.439436619719,14844.439436619719,0.00044950016755830369,0.00044950016755830369,0
2025-05-12,sz002371,4420.2087322558018,-14244.691565886975,18664.900298142777,4611.4249161175076,0,0.00089231372877587964,-0.0028755958409077565,0.003767909569683636
2025-05-13,sh688019,-50707.60419926115,-0,-50707.60419926115,0,18908.084204707724,-0.010295453663600357,-0,-0.010295453663600357
2025-05-13,sh688268,-12617.773521126677,-12617.773521126677,0,14844.439436619719,14844.439436619719,-0.002561858417015412,-0.002561858417015412,0
2025-05-14,sh688019,9510.7663549679874,9510.7663549679874,0,18908.084204707724,18908.084204707724,0.0019402550065898386,0.0019402550065898386,0
2025-05-14,sh688268,6828.442140844978,6828.442140844978,0,14844.439436619719,14844.439436619719,0.0013930443201417599,0.0013930443201417599,0
2025-05-15,sh688019,-28532.29906490396,-28532.29906490396,0,18908.084204707724,18908.084204707724,-0.0058523274639691054,-0.0058523274639691054,0
2025-05-15,sh688268,-40525.319661971786,-40525.319661971786,0,14844.439436619719,14844.439436619719,-0.0083122443341977839,-0.0083122443341977839,0
2025-05-16,sh688019,8962.4319130315325,8962.4319130315325,0,18908.084204707724,18908.084204707724,0.0018492380389083316,0.0018492380389083316,0
2025-05-16,sh688268,2291.6517421386325,-9648.8856338027963,11940.537375941429,14844.439436619719,0,0.00047284148037224778,-0.0019908755257777855,0.0024637170061500339
2025-05-19,sh688019,-10531.802902022244,-10531.802902022244,0,18908.084204707724,18908.084204707724,-0.0021702285408733463,-0.0021702285408733463,0
2025-05-19,sh688498,11874.131126517947,0,11874.131126517947,0,17062.03245089667,0.0024468344602132396,0,0.0024468344602132396
2025-05-20,sh688019,-21139.238140863141,-21139.238140863141,0,18908.084204707724,18908.084204707724,-0.0043671329785023834,-0.0043671329785023834,0
2025-05-20,sh688498,-4828.5551836037785,-4828.5551836037785,0,17062.03245089667,17062.03245089667,-0.00099752613790147159,-0.00099752613790147159,0
2025-05-21,sh688019,0,0,0,18908.084204707724,18908.084204707724,0,0,0
2025-05-21,sh688498,-58181.530657557589,-58181.530657557589,0,17062.03245089667,17062.03245089667,-0.012125173367288331,-0.012125173367288331,0
2025-05-22,sh688019,-35471.565968031784,-35471.565968031784,0,18908.084204707724,18908.084204707724,-0.0074695114775432834,-0.0074695114775432834,0
2025-05-22,sh688498,-5528.0985140904877,-5528.0985140904877,0,17062.03245089667,17062.03245089667,-0.0011640928211966405,-0.0011640928211966405,0
2025-05-23,sh688019,7827.9468607490253,7827.9468607490253,0,18908.084204707724,18908.084204707724,0.001662693888700928,0.001662693888700928,0
2025-05-23,sh688498,-48541.482322801006,-48541.482322801006,0,17062.03245089667,17062.03245089667,-0.010310446333163095,-0.010310446333163095,0
2025-05-26,sh688019,-12762.956838177661,-12762.956838177661,0,18908.084204707724,18908.084204707724,-0.0027099995825250345,-0.0027099995825250345,0
2025-05-26,sh688498,56663.009769427808,56663.009769427808,0,17062.03245089667,17062.03245089667,0.012031438699254167,0.012031438699254167,0
2025-05-27,sh688019,-9851.1118706527395,-9851.1118706527395,0,18908.084204707724,18908.084204707724,-0.0020875537636505549,-0.0020875537636505549,0
2025-05-27,sh688498,-15304.643108454407,-15304.643108454407,0,17062.03245089667,17062.03245089667,-0.0032432141408892104,-0.0032432141408892104,0
2025-05-28,sh688019,5016.2799493901875,-3346.7309042333941,8363.0108536235821,18908.084204707724,0,0.0010556945951413533,-0.00070433184803037931,0.0017600264431717326
2025-05-28,sh688498,85736.713065755859,85736.713065755859,0,17062.03245089667,17062.03245089667,0.018043607115608994,0.018043607115608994,0
2025-05-29,sh688205,8539.4443877584181,0,8539.4443877584181,0,24659.094733242135,0.0017840808476982932,0,0.0017840808476982932
2025-05-29,sh688498,-29909.742886421864,-29909.742886421864,0,17062.03245089667,17062.03245089667,-0.0062488139766728717,-0.0062488139766728717,0
2025-05-30,sh688205,-81128.421672366603,-81128.421672366603,0,24659.094733242135,24659.094733242135,-0.017180708667519227,-0.017180708667519227,0
2025-05-30,sh688498,-25917.227292912135,-25917.227292912135,0,17062.03245089667,17062.03245089667,-0.0054885368457878968,-0.0054885368457878968,0
2025-06-03,sh688205,-55976.145044459547,-55976.145044459547,0,24659.094733242135,24659.094733242135,-0.012146860258700747,-0.012146860258700747,0
2025-06-03,sh688498,-64426.234534585761,-64426.234534585761,0,17062.03245089667,17062.03245089667,-0.013980535230933198,-0.013980535230933198,0
2025-06-04,sh688205,152393.2054514364,152393.2054514364,0,24659.094733242135,24659.094733242135,0.032774847843682356,0.032774847843682356,0
2025-06-04,sh688498,51817.392553373051,51817.392553373051,0,17062.03245089667,17062.03245089667,0.011144244597797148,0.011144244597797148,0
2025-06-05,sh688205,164918.81693631809,117623.88187756506,47294.935058753028,24659.094733242135,33779.519093736802,0.033617382497662426,0.023976688054128163,0.0096406944435342562
2025-06-05,sh688498,144754.2833134075,144754.2833134075,0,17062.03245089667,17062.03245089667,0.029507003510708393,0.029507003510708393,0
2025-06-06,sh688205,-111810.20820026913,-111810.20820026913,0,33779.519093736802,33779.519093736802,-0.022282215765683819,-0.022282215765683819,0
2025-06-06,sh688498,23443.232587531944,23443.232587531944,0,17062.03245089667,17062.03245089667,0.0046719094362552092,0.0046719094362552092,0
2025-06-09,sh688205,14525.193210306816,14525.193210306816,0,33779.519093736802,33779.519093736802,0.0029107253296297756,0.0029107253296297756,0
2025-06-09,sh688498,18256.374722459561,18256.374722459561,0,17062.03245089667,17062.03245089667,0.0036584224087407744,0.0036584224087407744,0
2025-06-10,sh688205,92893.677507776214,92893.677507776214,0,33779.519093736802,33779.519093736802,0.018516276614392001,0.018516276614392001,0
2025-06-10,sh688498,-72428.327754056445,-72428.327754056445,0,17062.03245089667,17062.03245089667,-0.014436966943199011,-0.014436966943199011,0
2025-06-11,sh688205,-41886.603676233462,-41886.603676233462,0,33779.519093736802,33779.519093736802,-0.0083366077986129373,-0.0083366077986129373,0
2025-06-11,sh688498,36512.749444918882,36512.749444918882,0,17062.03245089667,17062.03245089667,0.0072670602306203168,0.0072670602306203168,0
2025-06-12,sh688205,77017.303533719954,77017.303533719954,0,33779.519093736802,33779.519093736802,0.015136243201166792,0.015136243201166792,0
2025-06-12,sh688498,56645.947736976828,56645.947736976828,0,17062.03245089667,17062.03245089667,0.011132652040097358,0.011132652040097358,0
2025-06-13,sh688205,-16214.1691649938,-16214.1691649938,0,33779.519093736802,33779.519093736802,-0.0031564109483538101,-0.0031564109483538101,0
2025-06-13,sh688498,-20730.369427839269,-20730.369427839269,0,17062.03245089667,17062.03245089667,-0.0040355792738810984,-0.0040355792738810984,0
2025-06-16,sh688205,137820.43790244611,137820.43790244611,0,33779.519093736802,33779.519093736802,0.026358532533127713,0.026358532533127713,0
2025-06-16,sh688498,84218.192177625839,84218.192177625839,0,17062.03245089667,17062.03245089667,0.016106957663031437,0.016106957663031437,0
2025-06-17,sh688205,48304.71230404386,48304.71230404386,0,33779.519093736802,33779.519093736802,0.0090144023063409278,0.0090144023063409278,0
2025-06-17,sh688498,-12011.670845431145,-12011.670845431145,0,17062.03245089667,17062.03245089667,-0.0022415625351524557,-0.0022415625351524557,0
2025-06-18,sh688205,165519.64355931003,165519.64355931003,0,33779.519093736802,33779.519093736802,0.029835854082340969,0.029835854082340969,0
2025-06-18,sh688498,179850.88406490174,179850.88406490174,0,17062.03245089667,17062.03245089667,0.032419141427269024,0.032419141427269024,0
2025-06-19,sh688205,-26348.024893114743,-26348.024893114743,0,33779.519093736802,33779.519093736802,-0.0046391100637997685,-0.0046391100637997685,0
2025-06-19,sh688498,-58659.267566182789,-58659.267566182789,0,17062.03245089667,17062.03245089667,-0.010328166896962133,-0.010328166896962133,0
2025-06-20,sh688205,-291517.24977894843,-291517.24977894843,0,33779.519093736802,33779.519093736802,-0.053010249373517476,-0.053010249373517476,0
2025-06-20,sh688498,18017.506268146837,18017.506268146837,0,17062.03245089667,17062.03245089667,0.003276349859528451,0.003276349859528451,0
2025-06-23,sh688205,-3905.4951985228108,-144238.54653025602,140333.05133173321,33779.519093736802,0,-0.0007286472144801227,-0.026910547781414398,0.026181900566934275
2025-06-23,sh688498,-3531.8407173355022,-3531.8407173355022,0,17062.03245089667,17062.03245089667,-0.00065893459596298146,-0.00065893459596298146,0
2025-06-24,sh601869,-7617.0776106617213,0,-7617.0776106617213,0,25573.682408407301,-0.0014252339519840557,0,-0.0014252339519840557
2025-06-24,sh688498,-15901.814244235733,-15901.814244235733,0,17062.03245089667,17062.03245089667,-0.0029753938081588699,-0.0029753938081588699,0
2025-06-25,sh601869,6393.4206021018254,6393.4206021018254,0,25573.682408407301,25573.682408407301,0.0011983634628031667,0.0011983634628031667,0
2025-06-25,sh688498,-1518.5208881297804,-1518.5208881297804,0,17062.03245089667,17062.03245089667,-0.00028462697249104929,-0.00028462697249104929,0
2025-06-26,sh601869,9462.2624911108178,9462.2624911108178,0,25573.682408407301,25573.682408407301,0.0017673651213100014,0.0017673651213100014,0
2025-06-26,sh688498,23204.36413321946,23204.36413321946,0,17062.03245089667,17062.03245089667,0.0043341202878017428,0.0043341202878017428,0
2025-06-27,sh601869,46218.40724132349,22504.840519398309,23713.566721925181,25573.682408407301,54086.346414458894,0.0084648592241410425,0.0041217410600884394,0.0043431181640526039
2025-06-27,sh688498,134380.56758326225,134380.56758326225,0,17062.03245089667,17062.03245089667,0.024611678656798149,0.024611678656798149,0
2025-06-30,sh601869,50841.16562959124,50841.16562959124,0,54086.346414458894,54086.346414458894,0.0089617710181083294,0.0089617710181083294,0
2025-06-30,sh688498,195513.82985482475,195513.82985482475,0,17062.03245089667,17062.03245089667,0.034463217991456165,0.034463217991456165,0
2025-07-01,sh601869,-36237.852097687166,-36237.852097687166,0,54086.346414458894,54086.346414458894,-0.0062705584651540098,-0.0062705584651540098,0
2025-07-01,sh688498,0,0,0,17062.03245089667,17062.03245089667,0,0,0
2025-07-02,sh601869,-51382.029093736106,-51382.029093736106,0,54086.346414458894,54086.346414458894,-0.0089467761912226645,-0.0089467761912226645,0
2025-07-02,sh688498,15680.007822374229,15680.007822374229,0,17062.03245089667,17062.03245089667,0.0027302448567665628,0.0027302448567665628,0
2025-07-03,sh601869,15685.040460193033,15685.040460193033,0,54086.346414458894,54086.346414458894,0.00273123123266887,0.00273123123266887,0
2025-07-03,sh688498,19553.089188727354,19553.089188727354,0,17062.03245089667,17062.03245089667,0.0034047733585989702,0.0034047733585989702,0
2025-07-04,sh601869,-67067.069553928755,-67067.069553928755,0,54086.346414458894,54086.346414458894,-0.011814780626759719,-0.011814780626759719,0
2025-07-04,sh688498,-100000.57219470521,-100000.57219470521,0,17062.03245089667,17062.03245089667,-0.017616467081223157,-0.017616467081223157,0
2025-07-07,sh601869,-30288.353992097105,-30288.353992097105,0,54086.346414458894,54086.346414458894,-0.0054264492019603251,-0.0054264492019603251,0
2025-07-07,sh688498,6705.3787532024025,6705.3787532024025,0,17062.03245089667,17062.03245089667,0.0012013329345546776,0.0012013329345546776,0
2025-07-08,sh601869,95732.83315359203,95732.83315359203,0,54086.346414458894,54086.346414458894,0.016766513932775323,0.016766513932775323,0
2025-07-08,sh688498,186453.89062339877,186453.89062339877,0,17062.03245089667,17062.03245089667,0.032655272511801579,0.032655272511801579,0
2025-07-09,sh601869,-37860.442490120993,-37860.442490120993,0,54086.346414458894,54086.346414458894,-0.0065303824842136001,-0.0065303824842136001,0
2025-07-09,sh688498,-70670.938411613941,-70670.938411613941,0,17062.03245089667,17062.03245089667,-0.012189721725163782,-0.012189721725163782,0
2025-07-10,sh601869,20552.811637494135,20552.811637494135,0,54086.346414458894,54086.346414458894,0.0035914515420702258,0.0035914515420702258,0
2025-07-10,sh688498,-62071.674056362172,-62071.674056362172,0,17062.03245089667,17062.03245089667,-0.010846565104597163,-0.010846565104597163,0
2025-07-11,sh601869,-23257.128958217309,-23257.128958217309,0,54086.346414458894,54086.346414458894,-0.0040960529246603754,-0.0040960529246603754,0
2025-07-11,sh688498,-24739.947053799977,-24739.947053799977,0,17062.03245089667,17062.03245089667,-0.0043572073177095966,-0.0043572073177095966,0
2025-07-14,sh601869,40023.896346699687,40023.896346699687,0,54086.346414458894,54086.346414458894,0.0070075503545863182,0.0070075503545863182,0
2025-07-14,sh688498,75499.493595217471,75499.493595217471,0,17062.03245089667,17062.03245089667,0.013218765572729645,0.013218765572729645,0
2025-07-15,sh601869,3245.1807848676567,3245.1807848676567,0,54086.346414458894,54086.346414458894,0.00055535646201021157,0.00055535646201021157,0
2025-07-15,sh688498,145232.02022203247,145232.02022203247,0,17062.03245089667,17062.03245089667,0.02485394382254507,0.02485394382254507,0
2025-07-16,sh601869,-540.86346414448133,-540.86346414448133,0,54086.346414458894,54086.346414458894,-9.1467718986060857e-05,-9.1467718986060857e-05,0
2025-07-16,sh688498,-9077.0012638767257,-9077.0012638767257,0,17062.03245089667,17062.03245089667,-0.001535050259225144,-0.001535050259225144,0
2025-07-17,sh601869,213100.20487296791,213100.20487296791,0,54086.346414458894,54086.346414458894,0.035010219940341453,0.035010219940341453,0
2025-07-17,sh688498,147347.71224594358,147347.71224594358,0,17062.03245089667,17062.03245089667,0.024207746850885427,0.024207746850885427,0
2025-07-18,sh601869,-47055.121380579483,-47055.121380579483,0,54086.346414458894,54086.346414458894,-0.0076435249546513342,-0.0076435249546513342,0
2025-07-18,sh688498,-176779.7182237407,-176779.7182237407,0,17062.03245089667,17062.03245089667,-0.028715688071247154,-0.028715688071247154,0
2025-07-21,sh601869,-27584.036671373928,-27584.036671373928,0,54086.346414458894,54086.346414458894,-0.004622123624961492,-0.004622123624961492,0
2025-07-21,sh688498,-126037.23371477371,-126037.23371477371,0,17062.03245089667,17062.03245089667,-0.021119449720802302,-0.021119449720802302,0
2025-07-22,sh601869,-28665.763599663274,-28665.763599663274,0,54086.346414458894,54086.346414458894,-0.0048400646416869898,-0.0048400646416869898,0
2025-07-22,sh688498,91281.873612297568,91281.873612297568,0,17062.03245089667,17062.03245089667,0.015412468164741715,0.015412468164741715,0
2025-07-23,sh601869,-5408.634641445582,-5408.634641445582,0,54086.346414458894,54086.346414458894,-0.00090980349970308841,-0.00090980349970308841,0
2025-07-23,sh688498,-12830.648403074458,-12830.648403074458,0,17062.03245089667,17062.03245089667,-0.0021582838543253878,-0.0021582838543253878,0
2025-07-24,sh601869,-39483.032882555206,-39483.032882555206,0,54086.346414458894,54086.346414458894,-0.0067339598605902756,-0.0067339598605902756,0
2025-07-24,sh688498,-104829.12737830923,-104829.12737830923,0,17062.03245089667,17062.03245089667,-0.017878949119385763,-0.017878949119385763,0
2025-07-25,sh601869,-15685.040460193033,-15685.040460193033,0,54086.346414458894,54086.346414458894,-0.0027056914893231203,-0.0027056914893231203,0
2025-07-25,sh688498,26975.073304867929,26975.073304867929,0,17062.03245089667,17062.03245089667,0.0046532379977010409,0.0046532379977010409,0
2025-07-28,sh601869,4867.7711773014853,4867.7711773014853,0,54086.346414458894,54086.346414458894,0.00083192276333901409,0.00083192276333901409,0
2025-07-28,sh688498,92459.153851408759,92459.153851408759,0,17062.03245089667,17062.03245089667,0.015801661985823261,0.015801661985823261,0
2025-07-29,sh601869,205528.11637494364,205528.11637494364,0,54086.346414458894,54086.346414458894,0.033765458205666198,0.033765458205666198,0
2025-07-29,sh688498,172190.03149444942,172190.03149444942,0,17062.03245089667,17062.03245089667,0.028288466874535054,0.028288466874535054,0
2025-07-30,sh601869,239061.65115190842,239061.65115190842,0,54086.346414458894,54086.346414458894,0.037147771302052525,0.037147771302052525,0
2025-07-30,sh688498,78911.900085397094,78911.900085397094,0,17062.03245089667,17062.03245089667,0.012262113991340383,0.012262113991340383,0
2025-07-31,sh601869,120612.55250424317,120612.55250424317,0,54086.346414458894,54086.346414458894,0.017911486597256155,0.017911486597256155,0
2025-07-31,sh688498,157482.5595217761,157482.5595217761,0,17062.03245089667,17062.03245089667,0.023386842377592938,0.023386842377592938,0
2025-08-01,sh601869,-6490.3615697349287,-6490.3615697349287,0,54086.346414458894,54086.346414458894,-0.00095852835901943923,-0.00095852835901943923,0
2025-08-01,sh688498,-197766.01813834344,-197766.01813834344,0,17062.03245089667,17062.03245089667,-0.029207053382034762,-0.029207053382034762,0
2025-08-04,sh601869,58954.117591759998,58954.117591759998,0,54086.346414458894,54086.346414458894,0.0088470567425533182,0.0088470567425533182,0
2025-08-04,sh688498,-70670.938411613941,-70670.938411613941,0,17062.03245089667,17062.03245089667,-0.010605362741693002,-0.010605362741693002,0
2025-08-05,sh601869,280167.27442689706,280167.27442689706,0,54086.346414458894,54086.346414458894,0.041197296247296789,0.041197296247296789,0
2025-08-05,sh688498,7421.98411614009,7421.98411614009,0,17062.03245089667,17062.03245089667,0.0010913682870378808,0.0010913682870378808,0
2025-08-06,sh601869,-212018.47794467857,-212018.47794467857,0,54086.346414458894,54086.346414458894,-0.030973116330064561,-0.030973116330064561,0
2025-08-06,sh688498,12608.841981212712,12608.841981212712,0,17062.03245089667,17062.03245089667,0.0018419862893903254,0.0018419862893903254,0
2025-08-07,sh601869,38942.16941841034,38942.16941841034,0,54086.346414458894,54086.346414458894,0.0057270096840762287,0.0057270096840762287,0
2025-08-07,sh688498,68777.052809564571,68777.052809564571,0,17062.03245089667,17062.03245089667,0.010114661133808951,0.010114661133808951,0
2025-08-08,sh601869,103845.78511576078,103845.78511576078,0,54086.346414458894,54086.346414458894,0.014906130844220081,0.014906130844220081,0
2025-08-08,sh688498,123204.93632792491,123204.93632792491,0,17062.03245089667,17062.03245089667,0.017684963328175787,0.017684963328175787,0
2025-08-11,sh601869,-44350.804059855924,-44350.804059855924,0,54086.346414458894,54086.346414458894,-0.0062369402009840574,-0.0062369402009840574,0
2025-08-11,sh688498,104829.12737830875,104829.12737830875,0,17062.03245089667,17062.03245089667,0.014741852208529639,0.014741852208529639,0
2025-08-12,sh601869,56790.663735181683,56790.663735181683,0,54086.346414458894,54086.346414458894,0.0077561312927114726,0.0077561312927114726,0
2025-08-12,sh688498,307764.9413492743,307764.9413492743,0,17062.03245089667,17062.03245089667,0.042032706353453596,0.042032706353453596,0
2025-08-13,sh601869,69230.523410507449,69230.523410507449,0,54086.346414458894,54086.346414458894,0.0091044507661854623,0.0091044507661854623,0
2025-08-13,sh688498,128033.49151152845,128033.49151152845,0,17062.03245089667,17062.03245089667,0.016837582073120874,0.016837582073120874,0
2025-08-14,sh601869,-242306.83193677606,-242306.83193677606,0,54086.346414458894,54086.346414458894,-0.032382777353173783,-0.032382777353173783,0
2025-08-14,sh688498,-194455.9838428692,-194455.9838428692,0,17062.03245089667,17062.03245089667,-0.02598781379560542,-0.02598781379560542,0
2025-08-15,sh601869,26502.309743084967,26502.309743084967,0,54086.346414458894,54086.346414458894,0.0036362390801632882,0.0036362390801632882,0
2025-08-15,sh688498,17659.203586677995,17659.203586677995,0,17062.03245089667,17062.03245089667,0.0024229241461941947,0.0024229241461941947,0
2025-08-18,sh601869,115203.91786279758,115203.91786279758,0,54086.346414458894,54086.346414458894,0.015499305458215758,0.015499305458215758,0
2025-08-18,sh688498,130865.78889837772,130865.78889837772,0,17062.03245089667,17062.03245089667,0.017606422366485668,0.017606422366485668,0
2025-08-19,sh601869,208773.29715981131,208773.29715981131,0,54086.346414458894,54086.346414458894,0.027294947249552184,0.027294947249552184,0
2025-08-19,sh688498,-23562.666814688306,-23562.666814688306,0,17062.03245089667,17062.03245089667,-0.003080574750291846,-0.003080574750291846,0
2025-08-20,sh601869,127102.91407397848,127102.91407397848,0,54086.346414458894,54086.346414458894,0.016358141133750552,0.016358141133750552,0
2025-08-20,sh688498,-70551.504184458056,-70551.504184458056,0,17062.03245089667,17062.03245089667,-0.0090799764195495531,-0.0090799764195495531,0
2025-08-21,sh601869,-280708.13789104193,-280708.13789104193,0,54086.346414458894,54086.346414458894,-0.036861952346944581,-0.036861952346944581,0
2025-08-21,sh688498,-82802.043484201204,-82802.043484201204,0,17062.03245089667,17062.03245089667,-0.010873375471319609,-0.010873375471319609,0
2025-08-22,sh601869,140083.63721344873,140083.63721344873,0,54086.346414458894,54086.346414458894,0.01863462111911271,0.01863462111911271,0
2025-08-22,sh688498,25678.358838599412,25678.358838599412,0,17062.03245089667,17062.03245089667,0.0034158628190729193,0.0034158628190729193,0
2025-08-25,sh601869,319109.44384530699,319109.44384530699,0,54086.346414458894,54086.346414458894,0.0403636876178858,0.0403636876178858,0
2025-08-25,sh688498,299523.97967549117,299523.97967549117,0,17062.03245089667,17062.03245089667,0.037886350851929831,0.037886350851929831,0
2025-08-26,sh601869,348589.46169849625,349289.62514457625,-700.16344607996928,54086.346414458894,48463.004839043846,0.04202374138036364,0.042108148658307976,-8.4407277944328462e-05
2025-08-26,sh688498,-196413.65170290309,-215544.6559521778,19131.004249274694,17062.03245089667,15292.953908075358,-0.023678387930943085,-0.025984700838398444,0.0023063129074553596
2025-08-27,sh601869,210329.44100144977,210329.44100144977,0,48463.004839043846,48463.004839043846,0.024456104499223058,0.024456104499223058,0
2025-08-27,sh688498,251612.06739268216,256539.30180796422,-4927.2344152820715,15292.953908075358,15002.167879769986,0.029256251450687658,0.029829166774279832,-0.00057291532359217347
2025-08-28,sh601869,365411.05648639088,365411.05648639088,0,48463.004839043846,48463.004839043846,0.040081981639412789,0.040081981639412789,0
2025-08-28,sh688498,207119.92974810419,207119.92974810419,0,15002.167879769986,15002.167879769986,0.022719009383968012,0.022719009383968012,0
2025-08-29,sh601869,402242.94016406377,402242.94016406377,0,48463.004839043846,48463.004839043846,0.042249713874194614,0.042249713874194614,0
2025-08-29,sh688498,-171804.82655912585,-171804.82655912585,0,15002.167879769986,15002.167879769986,-0.018045574053749888,-0.018045574053749888,0
2025-09-01,sh601869,35377.993532502202,35377.993532502202,0,48463.004839043846,48463.004839043846,0.0035519907222289126,0.0035519907222289126,0
2025-09-01,sh688498,619304.49224478484,619304.49224478484,0,15002.167879769986,15002.167879769986,0.062178874239072188,0.062178874239072188,0
2025-09-02,sh601869,-445859.64451920352,-445859.64451920352,0,48463.004839043846,48463.004839043846,-0.044449861052036035,-0.044449861052036035,0
2025-09-02,sh688498,-70420.176027640147,-70420.176027640147,0,15002.167879769986,15002.167879769986,-0.0070205210948480557,-0.0070205210948480557,0
2025-09-03,sh601869,401273.6800672831,401273.6800672831,0,48463.004839043846,48463.004839043846,0.039316557513899814,0.039316557513899814,0
2025-09-03,sh688498,474308.53968680807,474308.53968680807,0,15002.167879769986,15002.167879769986,0.046472469803659711,0.046472469803659711,0
2025-09-04,sh601869,-245222.80448556197,-245222.80448556197,0,48463.004839043846,48463.004839043846,-0.023704858672320191,-0.023704858672320191,0
2025-09-04,sh688498,-359766.9879247644,-359766.9879247644,0,15002.167879769986,15002.167879769986,-0.034777457266316293,-0.034777457266316293,0
2025-09-05,sh601869,-104062.53530855602,186582.56863031923,-290645.10393887525,48463.004839043846,0,-0.01045772390242144,0.018750542469053683,-0.029208266371475125
2025-09-05,sh688498,-84350.772521994455,106560.39845000592,-190911.17097200037,15002.167879769986,0,-0.0084767979885883808,0.010708745684678271,-0.01918554367326665
2025-09-16,sh688041,59004.997553640751,0,59004.997553640751,0,5071.1996749775471,0.005967776721003684,0,0.005967776721003684
2025-09-16,sz300308,1843.8374777805723,0,1843.8374777805723,0,2107.194772777329,0.00018648607462799731,0,0.00018648607462799731
2025-09-17,sh688041,-16785.670924175694,-16785.670924175694,0,5071.1996749775471,5071.1996749775471,-0.0016948678574815234,-0.0016948678574815234,0
2025-09-17,sz300308,-10999.556713897595,-10999.556713897595,0,2107.194772777329,2107.194772777329,-0.0011106374719928346,-0.0011106374719928346,0
2025-09-18,sh688041,5679.7436359748763,5679.7436359748763,0,5071.1996749775471,5071.1996749775471,0.00057393486295043866,0.00057393486295043866,0
2025-09-18,sz300308,6743.0232728874289,6743.0232728874289,0,2107.194772777329,2107.194772777329,0.00068137866531224253,0.00068137866531224253,0
2025-09-19,sh688041,-39808.917448573717,-39808.917448573717,0,5071.1996749775471,5071.1996749775471,-0.0040230526160126854,-0.0040230526160126854,0
2025-09-19,sz300308,25497.05675060573,25497.05675060573,0,2107.194772777329,2107.194772777329,0.0025767091253777212,0.0025767091253777212,0
2025-09-22,sh688041,128047.79179318321,128047.79179318321,0,5071.1996749775471,5071.1996749775471,0.012871373205562565,0.012871373205562565,0
2025-09-22,sz300308,-7375.1817047206514,-7375.1817047206514,0,2107.194772777329,2107.194772777329,-0.00074135379338380986,-0.00074135379338380986,0
2025-09-23,sh688041,-75164.393321674332,-33216.357871103137,-41948.035450571195,5071.1996749775471,14298.754268234585,-0.0075252535219869007,-0.0033255309197715239,-0.0041997226022153769
2025-09-23,sz300308,34326.202848542613,34326.202848542613,0,2107.194772777329,2107.194772777329,0.0034366455640365704,0.0034366455640365704,0
2025-09-24,sh688041,74782.484822866725,74782.484822866725,0,14298.754268234585,14298.754268234585,0.0074828262177309155,0.0074828262177309155,0
2025-09-24,sz300308,-22736.631598267304,-22736.631598267304,0,2107.194772777329,2107.194772777329,-0.0022750549601205641,-0.0022750549601205641,0
2025-09-25,sh688041,114818.99677392414,114818.99677392414,0,14298.754268234585,14298.754268234585,0.011380753786689306,0.011380753786689306,0
2025-09-25,sz300308,23389.861977828281,23389.861977828281,0,2107.194772777329,2107.194772777329,0.0023183816942630108,0.0023183816942630108,0
2025-09-26,sh688041,-126115.01264582895,-126115.01264582895,0,14298.754268234585,14298.754268234585,-0.01252032886027086,-0.01252032886027086,0
2025-09-26,sz300308,-44040.370751046132,-44040.370751046132,0,2107.194772777329,2107.194772777329,-0.0043721989425625158,-0.0043721989425625158,0
2025-09-29,sh688041,-46613.938914445025,-46613.938914445025,0,14298.754268234585,14298.754268234585,-0.0046764171930893253,-0.0046764171930893253,0
2025-09-29,sz300308,6426.9440569708777,6426.9440569708777,0,2107.194772777329,2107.194772777329,0.00064476575863294438,0.00064476575863294438,0
2025-09-30,sh688041,-46327.963829079781,-46327.963829079781,0,14298.754268234585,14298.754268234585,-0.0046744862760792804,-0.0046744862760792804,0
2025-09-30,sz300308,-27541.035680199795,-27541.035680199795,0,2107.194772777329,2107.194772777329,-0.0027788873646826299,-0.0027788873646826299,0
2025-10-09,sh688041,149421.98210305124,149421.98210305124,0,14298.754268234585,14298.754268234585,0.015027338583744948,0.015027338583744948,0
2025-10-09,sz300308,-10262.038543425482,-10262.038543425482,0,2107.194772777329,2107.194772777329,-0.0010320511452266868,-0.0010320511452266868,0
2025-10-10,sh688041,-308281.14202313765,-308281.14202313765,0,14298.754268234585,14298.754268234585,-0.031301522717475397,-0.031301522717475397,0
2025-10-10,sz300308,-18564.385948168274,-18564.385948168274,0,2107.194772777329,2107.194772777329,-0.0018849467881138088,-0.0018849467881138088,0
2025-10-13,sh688041,35889.873213268678,35889.873213268678,0,14298.754268234585,14298.754268234585,0.0037034620436767322,0.0037034620436767322,0
2025-10-13,sz300308,-26571.726084722148,-26571.726084722148,0,2107.194772777329,2107.194772777329,-0.0027419260693671574,-0.0027419260693671574,0
2025-10-14,sh688041,-234499.56999904686,-234499.56999904686,0,14298.754268234585,14298.754268234585,-0.024567845836734825,-0.024567845836734825,0
2025-10-14,sz300308,-65091.246531091667,-65091.246531091667,0,2107.194772777329,2107.194772777329,-0.0068194227823243359,-0.0068194227823243359,0
2025-10-15,sh688041,2559.4603473857569,192318.244907755,-189758.78456036924,14298.754268234585,0,0.00027241486928650146,0.020469295256504823,-0.02019688038721832
2025-10-15,sz300308,-3593.1433482840803,16899.702077674141,-20492.845425958221,2107.194772777329,0,-0.00038243439737218297,0.0017987112545707876,-0.0021811456519429707
2025-10-29,sz300308,-43200.550262293582,0,-43200.550262293582,0,2404.4691905178674,-0.0046244624234907106,0,-0.0046244624234907106
2025-10-29,sz300502,-62974.463452852287,-0,-62974.463452852287,0,3929.1803278688526,-0.0067411882049889195,-0,-0.0067411882049889195
2025-10-30,sz300308,-14378.725759296891,-14378.725759296891,0,2404.4691905178674,2404.4691905178674,-0.0015567412195246133,-0.0015567412195246133,0
2025-10-30,sz300502,-90088.246557377264,-90088.246557377264,0,3929.1803278688526,3929.1803278688526,-0.0097535824215777625,-0.0097535824215777625,0
2025-10-31,sz300308,-100338.49932031066,-100338.49932031066,0,2404.4691905178674,2404.4691905178674,-0.011035728632498515,-0.011035728632498515,0
2025-10-31,sz300502,-83326.127213114625,-83326.127213114625,0,3929.1803278688526,3929.1803278688526,-0.0091646230923332472,-0.0091646230923332472,0
2025-11-03,sz300308,16807.239641719916,16807.239641719916,0,2404.4691905178674,2404.4691905178674,0.0018648885620791535,0.0018648885620791535,0
2025-11-03,sz300502,6876.0655737704919,6876.0655737704919,0,3929.1803278688526,3929.1803278688526,0.00076295074705786791,0.00076295074705786791,0
2025-11-04,sz300308,-5289.8322191392808,-5289.8322191392808,0,2404.4691905178674,2404.4691905178674,-0.00058623097543555912,-0.00058623097543555912,0
2025-11-04,sz300502,3591.2708196720814,3591.2708196720814,0,3929.1803278688526,3929.1803278688526,0.00039799262215771826,0.00039799262215771826,0
2025-11-05,sz300308,-1899.5306605091646,-1899.5306605091646,0,2404.4691905178674,2404.4691905178674,-0.00021099651774765131,-0.00021099651774765131,0
2025-11-05,sz300502,-37967.002770773397,-5445.8439344262124,-32521.158836347182,3929.1803278688526,0,-0.0042173077489580041,-0.00060491474565253843,-0.0036123930033054655
2025-11-06,sh688498,109696.60827401021,0,109696.60827401021,0,2612.2117774345547,0.012106118262100967,0,0.012106118262100967
2025-11-06,sz300308,47776.802815590039,47776.802815590039,0,2404.4691905178674,2404.4691905178674,0.0052726482082823571,0.0052726482082823571,0
2025-11-07,sh688498,-47607.559643744673,-47607.559643744673,0,2612.2117774345547,2612.2117774345547,-0.0052269096089929343,-0.0052269096089929343,0
2025-11-07,sz300308,-16422.524571236998,-16422.524571236998,0,2404.4691905178674,2404.4691905178674,-0.0018030550636846166,-0.0018030550636846166,0
2025-11-10,sh688498,21404.463304298635,21404.463304298635,0,2612.2117774345547,2612.2117774345547,0.0023555488590102859,0.0023555488590102859,0
2025-11-10,sz300308,-120.2234595259207,-120.2234595259207,0,2404.4691905178674,2404.4691905178674,-1.3230522479658653e-05,-1.3230522479658653e-05,0
2025-11-11,sh688498,-7212.3167174967202,-7212.3167174967202,0,2612.2117774345547,2612.2117774345547,-0.00079540788910338785,-0.00079540788910338785,0
2025-11-11,sz300308,-52778.098731867161,-52778.098731867161,0,2404.4691905178674,2404.4691905178674,-0.0058206146162942327,-0.0058206146162942327,0
2025-11-12,sh688498,-32657.871641486829,-32657.871641486829,0,2612.2117774345547,2612.2117774345547,-0.0036087478645337543,-0.0036087478645337543,0
2025-11-12,sz300308,56985.919815273432,56985.919815273432,0,2404.4691905178674,2404.4691905178674,0.0062970367052522696,0.0062970367052522696,0
2025-11-13,sh688498,-18734.782867760692,-18734.782867760692,0,2612.2117774345547,2612.2117774345547,-0.0020725462591359308,-0.0020725462591359308,0
2025-11-13,sz300308,-25848.043798067076,-25848.043798067076,0,2404.4691905178674,2404.4691905178674,-0.0028594548897522831,-0.0028594548897522831,0
2025-11-14,sh688498,-64720.158997718558,-64720.158997718558,0,2612.2117774345547,2612.2117774345547,-0.007220893823992062,-0.007220893823992062,0
2025-11-14,sz300308,-43713.249883614844,-43713.249883614844,0,2404.4691905178674,2404.4691905178674,-0.0048771316541781524,-0.0048771316541781524,0
2025-11-17,sh688498,-11901.236857991787,-11901.236857991787,0,2612.2117774345547,2612.2117774345547,-0.001333123581487403,-0.001333123581487403,0
2025-11-17,sz300308,49003.082102754124,49003.082102754124,0,2404.4691905178674,2404.4691905178674,0.0054891071487983252,0.0054891071487983252,0
2025-11-18,sh688498,48200.531717222402,48200.531717222402,0,2612.2117774345547,2612.2117774345547,0.0053809529680194108,0.0053809529680194108,0
2025-11-18,sz300308,-24741.987970428767,-24741.987970428767,0,2404.4691905178674,2404.4691905178674,-0.002762116285049381,-0.002762116285049381,0
2025-11-19,sh688498,35507.79469066795,35507.79469066795,0,2612.2117774345547,2612.2117774345547,0.0039427163521590734,0.0039427163521590734,0
2025-11-19,sz300308,37726.121599225335,37726.121599225335,0,2404.4691905178674,2404.4691905178674,0.0041890350507152061,0.0041890350507152061,0
2025-11-20,sh688498,42683.540443280559,42683.540443280559,0,2612.2117774345547,2612.2117774345547,0.0047070544017233113,0.0047070544017233113,0
2025-11-20,sz300308,8175.1952477606947,8175.1952477606947,0,2404.4691905178674,2404.4691905178674,0.00090154397634972534,0.00090154397634972534,0
2025-11-21,sh688498,-105023.97451175623,-105023.97451175623,0,2612.2117774345547,2612.2117774345547,-0.011660248820042081,-0.011660248820042081,0
2025-11-21,sz300308,-67301.092642595133,-67301.092642595133,0,2404.4691905178674,2404.4691905178674,-0.007472079491578556,-0.007472079491578556,0
2025-11-24,sh688498,3946.0580791105895,-32205.959003990647,36152.017083101236,2612.2117774345547,0,0.00044192234953887075,-0.0036067723249030323,0.0040486946744419036
2025-11-24,sz300308,12418.882451579131,-17336.222863633775,29755.105315212906,2404.4691905178674,0,0.0013908010479374126,-0.0019414981194988688,0.0033322991674362809
2025-12-03,sh688205,-38967.164315039867,-0,-38967.164315039867,0,7345,-0.0043807167337617222,-0,-0.0043807167337617222
2025-12-03,sz300308,-45558.180487223937,-0,-45558.180487223937,0,2604.8189198205882,-0.005121683528382619,-0,-0.005121683528382619
2025-12-04,sh688205,-7124.6499999999915,-7124.6499999999915,0,7345,7345,-0.00080370810343457827,-0.00080370810343457827,0
2025-12-04,sz300308,30658.718686288277,30658.718686288277,0,2604.8189198205882,2604.8189198205882,0.0034585082283468023,0.0034585082283468023,0
2025-12-05,sh688205,32464.900000000012,32464.900000000012,0,7345,7345,0.0036499010417643221,0.0036499010417643221,0
2025-12-05,sz300308,4037.4693257217932,4037.4693257217932,0,2604.8189198205882,2604.8189198205882,0.000453916799313827,0.000453916799313827,0
2025-12-08,sh688205,117666.90000000008,117666.90000000008,0,7345,7345,0.013053268438775785,0.013053268438775785,0
2025-12-08,sz300308,85828.783408088508,85828.783408088508,0,2604.8189198205882,2604.8189198205882,0.0095213364981938317,0.0095213364981938317,0
2025-12-09,sh688205,201987.5,201987.5,0,7345,7345,0.02164187317665647,0.02164187317665647,0
2025-12-09,sz300308,234792.03757905104,93773.481113541173,141018.55646550987,2604.8189198205882,6611.8476850422576,0.025156702767124613,0.010047323649200315,0.015109379117924296
2025-12-10,sh688205,57878.599999999969,57878.599999999969,0,7345,7345,0.0060195284913465569,0.0060195284913465569,0
2025-12-10,sz300308,66118.476850422579,66118.476850422579,0,6611.8476850422576,6611.8476850422576,0.0068764976209783352,0.0068764976209783352,0
2025-12-11,sh688205,-67867.800000000061,-67867.800000000061,0,7345,7345,-0.0071093732093136302,-0.0071093732093136302,0
2025-12-11,sz300308,-192999.83392638387,-192999.83392638387,0,6611.8476850422576,6611.8476850422576,-0.020217361528121022,-0.020217361528121022,0
2025-12-12,sh688205,79987.050000000105,79987.050000000105,0,7345,7345,0.0084727788605178361,0.0084727788605178361,0
2025-12-12,sz300308,-31802.987365052897,-31802.987365052897,0,6611.8476850422576,6611.8476850422576,-0.0033687913111926948,-0.0033687913111926948,0
2025-12-15,sh688205,-83653.779915040228,-77636.650000000154,-6017.1299150400737,7345,13200,-0.0089128857797676382,-0.0082717911190213784,-0.00064109466074626145
2025-12-15,sz300308,-73655.983211370665,-73655.983211370665,0,6611.8476850422576,6611.8476850422576,-0.0078476712711148967,-0.0078476712711148967,0
2025-12-16,sh688205,-139127.99999999988,-139127.99999999988,0,13200,13200,-0.015165417968467517,-0.015165417968467517,0
2025-12-16,sz300308,-126087.93535375618,-126087.93535375618,0,6611.8476850422576,6611.8476850422576,-0.013744007248151531,-0.013744007248151531,0
2025-12-17,sh688205,86592.000000000029,86592.000000000029,0,13200,13200,0.0094013726619101672,0.0094013726619101672,0
2025-12-17,sz300308,252506.46309176419,252506.46309176419,0,6611.8476850422576,6611.8476850422576,0.027414857712797253,0.027414857712797253,0
2025-12-18,sh688205,28115.999999999942,28115.999999999942,0,13200,13200,0.0030125200774366316,0.0030125200774366316,0
2025-12-18,sz300308,-124170.49952509342,-124170.49952509342,0,6611.8476850422576,6611.8476850422576,-0.013304386215844375,-0.013304386215844375,0
2025-12-19,sh688205,-146915.99999999994,-146915.99999999994,0,13200,13200,-0.015946400952786578,-0.015946400952786578,0
2025-12-19,sz300308,3305.9238425211288,3305.9238425211288,0,6611.8476850422576,6611.8476850422576,0.00035882808620040576,0.00035882808620040576,0
2025-12-22,sh688205,41052.000000000182,41052.000000000182,0,13200,13200,0.0044083280805996567,0.0044083280805996567,0
2025-12-22,sz300308,302822.62397493509,302822.62397493509,0,6611.8476850422576,6611.8476850422576,0.032518305483522636,0.032518305483522636,0
2025-12-23,sh688205,51347.999999999818,51347.999999999818,0,13200,13200,0.0053922442425963883,0.0053922442425963883,0
2025-12-23,sz300308,23141.466897647901,23141.466897647901,0,6611.8476850422576,6611.8476850422576,0.0024301714116241576,0.0024301714116241576,0
2025-12-24,sh688205,-31415.999999999942,-31415.999999999942,0,13200,13200,-0.0032764515580631023,-0.0032764515580631023,0
2025-12-24,sz300308,88598.758979566104,88598.758979566104,0,6611.8476850422576,6611.8476850422576,0.0092401814967232355,0.0092401814967232355,0
2025-12-25,sh688205,-37223.999999999913,-37223.999999999913,0,13200,13200,-0.0038709348520250069,-0.0038709348520250069,0
2025-12-25,sz300308,35703.977499228044,35703.977499228044,0,6611.8476850422576,6611.8476850422576,0.0037128672592327207,0.0037128672592327207,0
2025-12-26,sh688205,-96228.000000000276,-96228.000000000276,0,13200,13200,-0.01010444814091542,-0.01010444814091542,0
2025-12-26,sz300308,-87563.101592871288,-84631.650368540591,-2931.451224330699,6611.8476850422576,8014.0794720660106,-0.0091945880523639049,-0.0088867701940079941,-0.00030781785835590968
2025-12-29,sh688205,-23100,-23100,0,13200,13200,-0.0024616271943394179,-0.0024616271943394179,0
2025-12-29,sz300308,-72126.71524859409,-72126.71524859409,0,8014.0794720660106,8014.0794720660106,-0.0076861075192344065,-0.0076861075192344065,0
2025-12-30,sh688205,-11615.99999999994,-11615.99999999994,0,13200,13200,-0.001237494993654978,-0.001237494993654978,0
2025-12-30,sz300308,112197.11260892414,112197.11260892414,0,8014.0794720660106,8014.0794720660106,0.011952769038919434,0.011952769038919434,0
2025-12-31,sh688205,-71280.000000000073,-71280.000000000073,0,13200,13200,-0.0076540296110532008,-0.0076540296110532008,0
2025-12-31,sz300308,-176309.74838545223,-176309.74838545223,0,8014.0794720660106,8014.0794720660106,-0.018932099254483574,-0.018932099254483574,0
