date,nav,cash,global_peak,warning_cap,funded_budget,actual_risk,requested_risk,original_target_error,changed_units,target_l1_change,protective,reason
2023-01-03,2000000,2000000,2000000,0,200000,0,0,0,False,0,False,WARMUP_OR_NO_FRESH_QUOTES|FUNDED_STOP_RISK_BUDGET_0.1|ENTRY_WARNING_CAP_0|RETAIN_ACTUAL_UNITS
2023-01-04,2000000,2000000,2000000,0,200000,0,0,0,False,0,False,WARMUP_OR_NO_FRESH_QUOTES|FUNDED_STOP_RISK_BUDGET_0.1|ENTRY_WARNING_CAP_0|RETAIN_ACTUAL_UNITS
2023-01-05,2000000,2000000,2000000,0,200000,0,0,0,False,0,False,WARMUP_OR_NO_FRESH_QUOTES|FUNDED_STOP_RISK_BUDGET_0.1|ENTRY_WARNING_CAP_0|RETAIN_ACTUAL_UNITS
2023-01-06,2000000,2000000,2000000,0,200000,0,0,0,False,0,False,WARMUP_OR_NO_FRESH_QUOTES|FUNDED_STOP_RISK_BUDGET_0.1|ENTRY_WARNING_CAP_0|RETAIN_ACTUAL_UNITS
2023-01-09,2000000,2000000,2000000,0,200000,0,0,0,False,0,False,WARMUP_OR_NO_FRESH_QUOTES|FUNDED_STOP_RISK_BUDGET_0.1|ENTRY_WARNING_CAP_0|RETAIN_ACTUAL_UNITS
2023-01-10,2000000,2000000,2000000,0,200000,0,0,0,False,0,False,WARMUP_OR_NO_FRESH_QUOTES|FUNDED_STOP_RISK_BUDGET_0.1|ENTRY_WARNING_CAP_0|RETAIN_ACTUAL_UNITS
2023-01-11,2000000,2000000,2000000,0,200000,0,0,0,False,0,False,WARMUP_OR_NO_FRESH_QUOTES|FUNDED_STOP_RISK_BUDGET_0.1|ENTRY_WARNING_CAP_0|RETAIN_ACTUAL_UNITS
2023-01-12,2000000,2000000,2000000,0,200000,0,0,0,False,0,False,WARMUP_OR_NO_FRESH_QUOTES|FUNDED_STOP_RISK_BUDGET_0.1|ENTRY_WARNING_CAP_0|RETAIN_ACTUAL_UNITS
2023-01-13,2000000,2000000,2000000,0,200000,0,0,0,False,0,False,WARMUP_OR_NO_FRESH_QUOTES|FUNDED_STOP_RISK_BUDGET_0.1|ENTRY_WARNING_CAP_0|RETAIN_ACTUAL_UNITS
2023-01-16,2000000,2000000,2000000,0,200000,0,0,0,False,0,False,RECOVERY_WAIT|FUNDED_STOP_RISK_BUDGET_0.1|ENTRY_WARNING_CAP_0|RETAIN_ACTUAL_UNITS
2023-01-17,2000000,2000000,2000000,0,200000,0,0,0,False,0,False,RECOVERY_WAIT|FUNDED_STOP_RISK_BUDGET_0.1|ENTRY_WARNING_CAP_0|RETAIN_ACTUAL_UNITS
2023-01-18,2000000,2000000,2000000,0.5,200000,0,0,0,False,0,False,CONFIRMED_RECOVERY|FUNDED_STOP_RISK_BUDGET_0.1|ENTRY_WARNING_CAP_0.5|RETAIN_ACTUAL_UNITS
2023-01-19,2000000,2000000,2000000,0.5,200000,0,0,0,False,0,False,RECOVERY_WAIT|FUNDED_STOP_RISK_BUDGET_0.1|ENTRY_WARNING_CAP_0.5|RETAIN_ACTUAL_UNITS
2023-01-20,2000000,2000000,2000000,0.5,200000,0,0,0,False,0,False,RECOVERY_WAIT|FUNDED_STOP_RISK_BUDGET_0.1|ENTRY_WARNING_CAP_0.5|RETAIN_ACTUAL_UNITS
2023-01-30,2000000,2000000,2000000,1,200000,0,0,0,False,0,False,CONFIRMED_RECOVERY|FUNDED_STOP_RISK_BUDGET_0.1|ENTRY_WARNING_CAP_1|RETAIN_ACTUAL_UNITS
2023-01-31,2000000,2000000,2000000,1,200000,0,0,0,False,0,False,TREND_OPEN|FUNDED_STOP_RISK_BUDGET_0.1|ENTRY_WARNING_CAP_1|RETAIN_ACTUAL_UNITS
2023-02-01,2000000,2000000,2000000,1,200000,0,0,0,False,0,False,TREND_OPEN|FUNDED_STOP_RISK_BUDGET_0.1|ENTRY_WARNING_CAP_1|RETAIN_ACTUAL_UNITS
2023-02-02,2000000,2000000,2000000,1,200000,0,0,0,False,0,False,TREND_OPEN|FUNDED_STOP_RISK_BUDGET_0.1|ENTRY_WARNING_CAP_1|RETAIN_ACTUAL_UNITS
2023-02-03,2000000,2000000,2000000,1,200000,0,0,0,False,0,False,TREND_OPEN|FUNDED_STOP_RISK_BUDGET_0.1|ENTRY_WARNING_CAP_1|RETAIN_ACTUAL_UNITS
2023-02-06,2000000,2000000,2000000,1,200000,0,0,0,False,0,False,TREND_OPEN|FUNDED_STOP_RISK_BUDGET_0.1|ENTRY_WARNING_CAP_1|RETAIN_ACTUAL_UNITS
2023-02-07,2000000,2000000,2000000,1,200000,0,200000,0,False,0,False,TREND_OPEN|FUNDED_STOP_RISK_BUDGET_0.1|ENTRY_WARNING_CAP_1|CASH_FUNDED_SUPPORT_RISK
2023-02-08,1913532.9007963808,232541.34619916009,2000000,1,191353.2900796381,143987.185333676,143987.185333676,0,False,0,False,TREND_OPEN|FUNDED_STOP_RISK_BUDGET_0.1|ENTRY_WARNING_CAP_1|RETAIN_ACTUAL_UNITS
2023-02-09,2069593.5298885568,232541.34619916009,2069593.5298885568,1,206959.35298885568,253560.89867402342,206757.41538313491,0,False,0,True,TREND_OPEN|FUNDED_STOP_RISK_BUDGET_0.1|ENTRY_WARNING_CAP_1|PROTECTIVE_INVENTORY_PENDING
2023-02-10,2145364.9585894989,575275.04732525605,2145364.9585894989,1,214536.4958589499,217651.70205353887,213300.415820316,0,False,0,True,TREND_OPEN|FUNDED_STOP_RISK_BUDGET_0.1|ENTRY_WARNING_CAP_1|PROTECTIVE_INVENTORY_PENDING
2023-02-13,2296373.7318900567,586677.08456955606,2296373.7318900567,1,229637.37318900568,257963.31493953455,229192.45252371661,0,False,0,True,TREND_OPEN|FUNDED_STOP_RISK_BUDGET_0.1|ENTRY_WARNING_CAP_1|PROTECTIVE_INVENTORY_PENDING
2023-02-14,2223001.7840038626,769425.86810430605,2296373.7318900567,1,222300.17840038627,160479.63420268527,160119.44439600687,0,False,0,True,TREND_OPEN|FUNDED_STOP_RISK_BUDGET_0.1|ENTRY_WARNING_CAP_1|PROTECTIVE_INVENTORY_PENDING
2023-02-15,2280987.7599847596,773372.91250390606,2296373.7318900567,1,228098.77599847596,218118.37597730389,218118.37597730389,0,False,0,False,TREND_OPEN|FUNDED_STOP_RISK_BUDGET_0.1|ENTRY_WARNING_CAP_1|RETAIN_ACTUAL_UNITS
2023-02-16,2169225.9073831714,773372.91250390606,2296373.7318900567,1,216922.59073831714,106356.52337571551,106356.52337571551,0,False,0,False,TREND_OPEN|FUNDED_STOP_RISK_BUDGET_0.1|ENTRY_WARNING_CAP_1|RETAIN_ACTUAL_UNITS
2023-02-17,2141340.6331819892,773372.91250390606,2296373.7318900567,1,214134.06331819893,78471.249174533557,78471.249174533557,0,False,0,False,MARKET_WEAK_WARNING|FUNDED_STOP_RISK_BUDGET_0.1|ENTRY_WARNING_CAP_1|RETAIN_ACTUAL_UNITS
2023-02-20,2192468.9669442936,773372.91250390606,2296373.7318900567,1,219246.89669442936,129599.58293683761,129599.58293683761,0,False,0,False,MARKET_WEAK_WARNING|FUNDED_STOP_RISK_BUDGET_0.1|ENTRY_WARNING_CAP_1|RETAIN_ACTUAL_UNITS
2023-02-21,2218415.8603892624,773372.91250390606,2296373.7318900567,1,221841.58603892627,155546.47638180674,155546.47638180674,0,False,0,False,MARKET_WEAK_WARNING|FUNDED_STOP_RISK_BUDGET_0.1|ENTRY_WARNING_CAP_1|RETAIN_ACTUAL_UNITS
2023-02-22,2188541.9630483654,773372.91250390606,2296373.7318900567,1,218854.19630483654,125672.5790409098,125672.5790409098,0,False,0,False,MARKET_WEAK_WARNING|FUNDED_STOP_RISK_BUDGET_0.1|ENTRY_WARNING_CAP_1|RETAIN_ACTUAL_UNITS
2023-02-23,2178240.3127200734,773372.91250390606,2296373.7318900567,1,217824.03127200736,115370.9287126174,115370.9287126174,0,False,0,False,MARKET_WEAK_WARNING|FUNDED_STOP_RISK_BUDGET_0.1|ENTRY_WARNING_CAP_1|RETAIN_ACTUAL_UNITS
2023-02-24,2289881.8524683937,773372.91250390606,2296373.7318900567,1,228988.18524683939,227012.46846093776,227012.46846093776,0,False,0,False,MARKET_WEAK_WARNING|FUNDED_STOP_RISK_BUDGET_0.1|ENTRY_WARNING_CAP_1|RETAIN_ACTUAL_UNITS
2023-02-27,2233770.0076880031,773372.91250390606,2296373.7318900567,1,223377.00076880032,170900.62368054726,170900.62368054726,0,False,0,False,MARKET_WEAK_WARNING|FUNDED_STOP_RISK_BUDGET_0.1|ENTRY_WARNING_CAP_1|RETAIN_ACTUAL_UNITS
2023-02-28,2223981.9082187591,773372.91250390606,2296373.7318900567,1,222398.19082187593,161112.52421130321,161112.52421130321,0,False,0,False,MARKET_WEAK_WARNING|FUNDED_STOP_RISK_BUDGET_0.1|ENTRY_WARNING_CAP_1|RETAIN_ACTUAL_UNITS
2023-03-01,2304588.4796304693,773372.91250390606,2304588.4796304693,1,230458.84796304695,241719.09562301356,229921.99105635611,0,False,0,True,TREND_OPEN|FUNDED_STOP_RISK_BUDGET_0.1|ENTRY_WARNING_CAP_1|PROTECTIVE_INVENTORY_PENDING
2023-03-02,2366263.1499466859,843740.1114772961,2366263.1499466859,1,236626.31499466859,292873.83012764866,235971.20229736395,0,False,0,True,TREND_OPEN|FUNDED_STOP_RISK_BUDGET_0.1|ENTRY_WARNING_CAP_1|PROTECTIVE_INVENTORY_PENDING
2023-03-03,2322654.5963020348,1136834.0497520957,2366263.1499466859,1,232265.45963020349,191934.17400556407,187534.4968891677,0,False,0,True,TREND_OPEN|FUNDED_STOP_RISK_BUDGET_0.1|ENTRY_WARNING_CAP_1|PROTECTIVE_INVENTORY_PENDING
2023-03-06,2297959.7971596853,1136834.0497520957,2366263.1499466859,1,229795.97971596854,167239.37486321438,163402.17656207841,0,False,0,True,TREND_OPEN|FUNDED_STOP_RISK_BUDGET_0.1|ENTRY_WARNING_CAP_1|PROTECTIVE_INVENTORY_PENDING
2023-03-07,2250485.894630339,1136834.0497520957,2366263.1499466859,0,225048.58946303392,117095.5044235597,114199.86722357749,0,False,0,True,CROSS_SECTION_SHOCK|FUNDED_STOP_RISK_BUDGET_0.1|ENTRY_WARNING_CAP_0|PROTECTIVE_INVENTORY_PENDING
2023-03-08,2275825.1375630423,1154766.9401658357,2366263.1499466859,0,227582.51375630425,136381.5072144267,132759.97770759414,0,False,0,True,RECOVERY_WAIT|FUNDED_STOP_RISK_BUDGET_0.1|ENTRY_WARNING_CAP_0|PROTECTIVE_INVENTORY_PENDING
2023-03-09,2281658.1919577476,1180594.9274147355,2366263.1499466859,0,228165.81919577476,116356.73259143057,113681.221194381,0,False,0,True,RECOVERY_WAIT|FUNDED_STOP_RISK_BUDGET_0.1|ENTRY_WARNING_CAP_0|PROTECTIVE_INVENTORY_PENDING
2023-03-10,2280342.6382533489,1180594.9274147355,2366263.1499466859,0.5,228034.2638253349,90079.822379525198,87352.830562481351,0,False,0,True,CONFIRMED_RECOVERY|FUNDED_STOP_RISK_BUDGET_0.1|ENTRY_WARNING_CAP_0.5|PROTECTIVE_INVENTORY_PENDING
2023-03-13,2325425.7556527341,1198629.6129114956,2366263.1499466859,0.5,232542.57556527341,127838.77142603663,124115.08973702483,0,False,0,True,RECOVERY_WAIT|FUNDED_STOP_RISK_BUDGET_0.1|ENTRY_WARNING_CAP_0.5|PROTECTIVE_INVENTORY_PENDING
2023-03-14,2338418.5040586516,1221758.0344783457,2366263.1499466859,0.5,233841.85040586517,107604.0550770531,103979.3637046176,0,False,0,True,RECOVERY_WAIT|FUNDED_STOP_RISK_BUDGET_0.1|ENTRY_WARNING_CAP_0.5|PROTECTIVE_INVENTORY_PENDING
2023-03-15,2312275.5765575995,1225657.1753094657,2366263.1499466859,1,231227.55765575997,103358.38753238221,89430.032098936877,0,False,0,True,CONFIRMED_RECOVERY|FUNDED_STOP_RISK_BUDGET_0.1|ENTRY_WARNING_CAP_1|PROTECTIVE_INVENTORY_PENDING
2023-03-16,2298132.9590925602,1764483.4408826611,2366263.1499466859,1,229813.29590925603,79278.994481778383,76235.296354979349,0,False,0,True,MARKET_WEAK_WARNING|FUNDED_STOP_RISK_BUDGET_0.1|ENTRY_WARNING_CAP_1|PROTECTIVE_INVENTORY_PENDING
2023-03-17,2402299.3664310058,1784967.0689504612,2402299.3664310058,1,240229.93664310058,96833.460841842883,92976.951992437374,0,False,0,True,TREND_OPEN|FUNDED_STOP_RISK_BUDGET_0.1|ENTRY_WARNING_CAP_1|PROTECTIVE_INVENTORY_PENDING
2023-03-20,2461373.3400819814,1809711.0521984613,2461373.3400819814,1,246137.33400819814,100834.66012974935,96656.8277246465,0,False,0,True,TREND_OPEN|FUNDED_STOP_RISK_BUDGET_0.1|ENTRY_WARNING_CAP_1|PROTECTIVE_INVENTORY_PENDING
2023-03-21,2470159.438319236,1809711.0521984613,2470159.438319236,1,247015.94383192362,101617.99024576954,97387.274245989785,0,False,0,True,TREND_OPEN|FUNDED_STOP_RISK_BUDGET_0.1|ENTRY_WARNING_CAP_1|PROTECTIVE_INVENTORY_PENDING
2023-03-22,2578990.4217534391,1836642.0842883813,2578990.4217534391,1,257899.04217534393,116779.88457560405,111741.19921162873,0,False,0,True,TREND_OPEN|FUNDED_STOP_RISK_BUDGET_0.1|ENTRY_WARNING_CAP_1|PROTECTIVE_INVENTORY_PENDING
2023-03-23,2610082.5623013363,1869092.6210286212,2610082.5623013363,1,261008.25623013364,121701.56381005589,116215.8857935984,0,False,0,True,TREND_OPEN|FUNDED_STOP_RISK_BUDGET_0.1|ENTRY_WARNING_CAP_1|PROTECTIVE_INVENTORY_PENDING
2023-03-24,2678414.9855315937,1902419.1745951413,2678414.9855315937,1,267841.49855315936,126547.47960045362,120578.84202780068,0,False,0,True,TREND_OPEN|FUNDED_STOP_RISK_BUDGET_0.1|ENTRY_WARNING_CAP_1|PROTECTIVE_INVENTORY_PENDING
2023-03-27,2692907.7323043291,1902419.1745951413,2692907.7323043291,1,269290.77323043294,134364.96276623913,127996.87392002236,0,False,0,True,TREND_OPEN|FUNDED_STOP_RISK_BUDGET_0.1|ENTRY_WARNING_CAP_1|PROTECTIVE_INVENTORY_PENDING
2023-03-28,2632908.2197103398,1938325.8870600213,2692907.7323043291,1,263290.82197103399,69409.370311454782,65971.790306211391,0,False,0,True,TREND_OPEN|FUNDED_STOP_RISK_BUDGET_0.1|ENTRY_WARNING_CAP_1|PROTECTIVE_INVENTORY_PENDING
2023-03-29,2633325.6706396593,1973139.0751039414,2692907.7323043291,1,263332.56706396595,65972.216294862912,62534.636289619528,0,False,0,True,TREND_OPEN|FUNDED_STOP_RISK_BUDGET_0.1|ENTRY_WARNING_CAP_1|PROTECTIVE_INVENTORY_PENDING
2023-03-30,2648421.1385194855,2007589.0853292213,2692907.7323043291,1,264842.11385194858,77579.227562099943,73315.48890992938,0,False,0,True,TREND_OPEN|FUNDED_STOP_RISK_BUDGET_0.1|ENTRY_WARNING_CAP_1|PROTECTIVE_INVENTORY_PENDING
2023-03-31,2684574.9578557331,2007589.0853292213,2692907.7323043291,1,268457.49578557332,113733.04689834763,107453.91930244079,0,False,0,True,TREND_OPEN|FUNDED_STOP_RISK_BUDGET_0.1|ENTRY_WARNING_CAP_1|PROTECTIVE_INVENTORY_PENDING
2023-04-03,2771947.7740177484,2045468.2125361701,2771947.7740177484,1,277194.77740177483,146522.78046417577,138011.51371500792,0,False,0,True,TREND_OPEN|FUNDED_STOP_RISK_BUDGET_0.1|ENTRY_WARNING_CAP_1|PROTECTIVE_INVENTORY_PENDING
2023-04-04,2787587.8243193384,2045468.2125361701,2787587.8243193384,1,278758.78243193385,156556.2834970986,147418.09570597761,0,False,0,True,TREND_OPEN|FUNDED_STOP_RISK_BUDGET_0.1|ENTRY_WARNING_CAP_1|PROTECTIVE_INVENTORY_PENDING
2023-04-06,2762256.6699551395,2087772.4419601702,2787587.8243193384,1,276225.66699551395,122934.19321447372,115352.01082167766,0,False,0,True,TREND_OPEN|FUNDED_STOP_RISK_BUDGET_0.1|ENTRY_WARNING_CAP_1|PROTECTIVE_INVENTORY_PENDING
2023-04-07,2816088.5262639588,2129567.8233415703,2816088.5262639588,1,281608.85262639588,156199.48859504805,145938.18561372624,0,False,0,True,TREND_OPEN|FUNDED_STOP_RISK_BUDGET_0.1|ENTRY_WARNING_CAP_1|PROTECTIVE_INVENTORY_PENDING
2023-04-10,2764698.0883517321,2174565.9541675705,2816088.5262639588,1,276469.8088351732,94649.616875499589,232884.52129308617,0,False,0,False,TREND_OPEN|FUNDED_STOP_RISK_BUDGET_0.1|ENTRY_WARNING_CAP_1|CASH_FUNDED_SUPPORT_RISK
2023-04-11,2761682.6164130596,1373857.1229853106,2816088.5262639588,1,276168.26164130599,217033.6196127361,276168.26164130599,0,False,0,False,TREND_OPEN|FUNDED_STOP_RISK_BUDGET_0.1|ENTRY_WARNING_CAP_1|CASH_FUNDED_SUPPORT_RISK
2023-04-12,2762679.2079060413,1041101.2919576907,2816088.5262639588,1,276267.92079060414,269893.32969001809,269893.32969001809,0,False,0,False,TREND_OPEN|FUNDED_STOP_RISK_BUDGET_0.1|ENTRY_WARNING_CAP_1|RETAIN_ACTUAL_UNITS
2023-04-13,2642205.8681389652,1041101.2919576907,2816088.5262639588,1,264220.58681389655,149419.98992294201,149419.98992294201,0,False,0,False,TREND_OPEN|FUNDED_STOP_RISK_BUDGET_0.1|ENTRY_WARNING_CAP_1|RETAIN_ACTUAL_UNITS
2023-04-14,2759397.7625721726,1041101.2919576907,2816088.5262639588,1,275939.77625721728,266611.88435614936,266611.88435614936,0,False,0,False,TREND_OPEN|FUNDED_STOP_RISK_BUDGET_0.1|ENTRY_WARNING_CAP_1|RETAIN_ACTUAL_UNITS
2023-04-17,2716962.801293408,1041101.2919576907,2816088.5262639588,1,271696.28012934083,224176.92307738465,224176.92307738465,0,False,0,False,TREND_OPEN|FUNDED_STOP_RISK_BUDGET_0.1|ENTRY_WARNING_CAP_1|RETAIN_ACTUAL_UNITS
2023-04-18,2882136.0518092345,1041101.2919576907,2882136.0518092345,1,288213.60518092348,339166.460439232,286749.34382912435,0,False,0,True,TREND_OPEN|FUNDED_STOP_RISK_BUDGET_0.1|ENTRY_WARNING_CAP_1|PROTECTIVE_INVENTORY_PENDING
2023-04-19,2908390.0996599714,1328073.1297707809,2908390.0996599714,1,290839.00996599713,309339.345609429,286924.11119454232,0,False,0,True,TREND_OPEN|FUNDED_STOP_RISK_BUDGET_0.1|ENTRY_WARNING_CAP_1|PROTECTIVE_INVENTORY_PENDING
2023-04-20,3083172.2804825045,1444283.0475467609,3083172.2804825045,1,308317.22804825049,377831.32504973968,307102.90287543269,0,False,0,True,TREND_OPEN|FUNDED_STOP_RISK_BUDGET_0.1|ENTRY_WARNING_CAP_1|PROTECTIVE_INVENTORY_PENDING
2023-04-21,2972415.4570548558,1739537.2353332369,3083172.2804825045,1,297241.54570548557,201811.0275378635,191062.97681766661,0,False,0,True,TREND_OPEN|FUNDED_STOP_RISK_BUDGET_0.1|ENTRY_WARNING_CAP_1|PROTECTIVE_INVENTORY_PENDING
2023-04-24,2998763.5982920588,1739537.2353332369,3083172.2804825045,1,299876.3598292059,228159.1687750665,216630.18348197272,0,False,0,True,TREND_OPEN|FUNDED_STOP_RISK_BUDGET_0.1|ENTRY_WARNING_CAP_1|PROTECTIVE_INVENTORY_PENDING
2023-04-25,2952239.3431470376,1747217.7641012468,3083172.2804825045,1,295223.93431470374,180413.95661896199,169814.55339339891,0,False,0,True,MARKET_WEAK_WARNING|FUNDED_STOP_RISK_BUDGET_0.1|ENTRY_WARNING_CAP_1|PROTECTIVE_INVENTORY_PENDING
2023-04-26,2909097.1905772267,1804934.9920832568,3083172.2804825045,1,290909.71905772266,126173.11900832955,117901.70397839836,0,False,0,True,MARKET_WEAK_WARNING|FUNDED_STOP_RISK_BUDGET_0.1|ENTRY_WARNING_CAP_1|PROTECTIVE_INVENTORY_PENDING
2023-04-27,2810694.5938141784,1804934.9920832568,3083172.2804825045,1,281069.45938141784,62331.784532296093,43463.716778052323,0,False,0,True,MARKET_WEAK_WARNING|FUNDED_STOP_RISK_BUDGET_0.1|ENTRY_WARNING_CAP_1|PROTECTIVE_INVENTORY_PENDING
2023-04-28,2861132.5174296005,2459738.2049121936,3083172.2804825045,1,286113.25174296007,79985.129350001662,69991.927853994028,0,False,0,True,MARKET_WEAK_WARNING|FUNDED_STOP_RISK_BUDGET_0.1|ENTRY_WARNING_CAP_1|PROTECTIVE_INVENTORY_PENDING
2023-05-04,2836347.170465352,2508527.7525261934,3083172.2804825045,1,283634.71704653522,46371.76561112114,39785.610890858312,0,False,0,True,MARKET_WEAK_WARNING|FUNDED_STOP_RISK_BUDGET_0.1|ENTRY_WARNING_CAP_1|PROTECTIVE_INVENTORY_PENDING
2023-05-05,2801169.434361828,2508527.7525261934,3083172.2804825045,1,272968.16436617402,11194.029507597414,9602.9135446309829,0,False,0,True,MARKET_WEAK_WARNING|FUNDED_STOP_RISK_BUDGET_0.097447931|ENTRY_WARNING_CAP_1|PROTECTIVE_INVENTORY_PENDING
2023-05-08,2801750.1689895429,2508527.7525261934,3083172.2804825045,1,273548.89899388887,11774.764135311978,10092.756433860077,0,False,0,True,MARKET_WEAK_WARNING|FUNDED_STOP_RISK_BUDGET_0.097635008|ENTRY_WARNING_CAP_1|PROTECTIVE_INVENTORY_PENDING
2023-05-09,2805271.1502959025,2550065.7166625136,3083172.2804825045,0.25,277069.88030024851,13762.357855842654,11482.341784629585,0,False,0,True,BROAD_TREND_BREAKDOWN|FUNDED_STOP_RISK_BUDGET_0.098767593|ENTRY_WARNING_CAP_0.25|PROTECTIVE_INVENTORY_PENDING
2023-05-10,2790291.0353646204,2550065.7166625136,3083172.2804825045,0.25,262089.76536896639,4804.5063740421383,0,0,False,0,True,BROAD_TREND_BREAKDOWN|FUNDED_STOP_RISK_BUDGET_0.093929186|ENTRY_WARNING_CAP_0.25|PROTECTIVE_INVENTORY_PENDING
2023-05-11,2792830.2289567776,2792830.2289567776,3083172.2804825045,0.25,264628.9589611236,0,0,0,False,0,False,BROAD_TREND_BREAKDOWN|FUNDED_STOP_RISK_BUDGET_0.09475297|ENTRY_WARNING_CAP_0.25|RETAIN_ACTUAL_UNITS
2023-05-12,2792830.2289567776,2792830.2289567776,3083172.2804825045,0.25,264628.9589611236,0,0,0,False,0,False,BROAD_TREND_BREAKDOWN|FUNDED_STOP_RISK_BUDGET_0.09475297|ENTRY_WARNING_CAP_0.25|RETAIN_ACTUAL_UNITS
2023-05-15,2792830.2289567776,2792830.2289567776,3083172.2804825045,0.25,264628.9589611236,0,0,0,False,0,False,BROAD_TREND_BREAKDOWN|FUNDED_STOP_RISK_BUDGET_0.09475297|ENTRY_WARNING_CAP_0.25|RETAIN_ACTUAL_UNITS
2023-05-16,2792830.2289567776,2792830.2289567776,3083172.2804825045,0.25,264628.9589611236,0,33078.61987014045,0,False,0,False,RECOVERY_WAIT|FUNDED_STOP_RISK_BUDGET_0.09475297|ENTRY_WARNING_CAP_0.25|CASH_FUNDED_SUPPORT_RISK
2023-05-17,2792085.5313846637,2541788.9498901996,3083172.2804825045,0.25,263884.26138900965,28327.575253280902,28327.575253280902,0,False,0,False,RECOVERY_WAIT|FUNDED_STOP_RISK_BUDGET_0.094511525|ENTRY_WARNING_CAP_0.25|RETAIN_ACTUAL_UNITS
2023-05-18,2793169.3853564714,2541788.9498901996,3083172.2804825045,0.25,264968.11536081741,29411.429225088705,62532.443645190884,0,False,0,False,RECOVERY_WAIT|FUNDED_STOP_RISK_BUDGET_0.094862888|ENTRY_WARNING_CAP_0.25|CASH_FUNDED_SUPPORT_RISK
2023-05-19,2788617.9474045085,2416818.6530588195,3083172.2804825045,0.5,260416.67740885448,56608.330656739112,56608.330656739112,0,False,0,False,CONFIRMED_RECOVERY|FUNDED_STOP_RISK_BUDGET_0.09338557|ENTRY_WARNING_CAP_0.5|RETAIN_ACTUAL_UNITS
2023-05-22,2777569.6248459206,2416818.6530588195,3083172.2804825045,0.5,249368.35485026659,45560.0080981512,45560.0080981512,0,False,0,False,RECOVERY_WAIT|FUNDED_STOP_RISK_BUDGET_0.089779335|ENTRY_WARNING_CAP_0.5|RETAIN_ACTUAL_UNITS
2023-05-23,2765379.3431683718,2416818.6530588195,3083172.2804825045,0.5,237178.07317271782,33369.726420602718,33369.726420602718,0,False,0,False,RECOVERY_WAIT|FUNDED_STOP_RISK_BUDGET_0.085766922|ENTRY_WARNING_CAP_0.5|RETAIN_ACTUAL_UNITS
2023-05-24,2768986.7849631109,2416818.6530588195,3083172.2804825045,1,240785.51496745693,36977.168215341691,36977.168215341691,0,False,0,False,CONFIRMED_RECOVERY|FUNDED_STOP_RISK_BUDGET_0.086957986|ENTRY_WARNING_CAP_1|RETAIN_ACTUAL_UNITS
2023-05-25,2777039.9307304765,2416818.6530588195,3083172.2804825045,1,248838.66073482251,45030.313982707303,45030.313982707303,0,False,0,False,TREND_OPEN|FUNDED_STOP_RISK_BUDGET_0.089605719|ENTRY_WARNING_CAP_1|RETAIN_ACTUAL_UNITS
2023-05-26,2783482.6146973013,2416818.6530588195,3083172.2804825045,1,255281.34470164729,51472.997949532,51472.997949532,0,False,0,False,TREND_OPEN|FUNDED_STOP_RISK_BUDGET_0.091712929|ENTRY_WARNING_CAP_1|RETAIN_ACTUAL_UNITS
2023-05-29,2796083.0685164849,2416818.6530588195,3083172.2804825045,1,267881.79852083093,64073.451768715611,267881.79852083093,0,False,0,False,TREND_OPEN|FUNDED_STOP_RISK_BUDGET_0.095806094|ENTRY_WARNING_CAP_1|CASH_FUNDED_SUPPORT_RISK
2023-05-30,2902780.8953984412,1596160.7124563195,3083172.2804825045,1,290278.08953984414,294065.02052340383,277274.3043959479,0,False,0,True,TREND_OPEN|FUNDED_STOP_RISK_BUDGET_0.1|ENTRY_WARNING_CAP_1|PROTECTIVE_INVENTORY_PENDING
2023-05-31,2884176.3696908364,1691477.5718296694,3083172.2804825045,1,288417.63696908363,252517.00451629434,240606.27841512504,0,False,0,True,TREND_OPEN|FUNDED_STOP_RISK_BUDGET_0.1|ENTRY_WARNING_CAP_1|PROTECTIVE_INVENTORY_PENDING
2023-06-01,2889792.4142601616,1691477.5718296694,3083172.2804825045,1,288979.24142601615,256171.49880623253,241545.31432973061,0,False,0,True,TREND_OPEN|FUNDED_STOP_RISK_BUDGET_0.1|ENTRY_WARNING_CAP_1|PROTECTIVE_INVENTORY_PENDING
2023-06-02,2877989.1647466719,1795472.1433594692,3083172.2804825045,1,287798.9164746672,225439.6079859506,212393.51216534385,0,False,0,True,TREND_OPEN|FUNDED_STOP_RISK_BUDGET_0.1|ENTRY_WARNING_CAP_1|PROTECTIVE_INVENTORY_PENDING
2023-06-05,2925643.7431584029,1883273.3742394692,3083172.2804825045,1,292564.37431584031,240976.20287779777,235164.5437810513,0,False,0,True,TREND_OPEN|FUNDED_STOP_RISK_BUDGET_0.1|ENTRY_WARNING_CAP_1|PROTECTIVE_INVENTORY_PENDING
2023-06-06,2890933.9558172571,1909519.9829043481,3083172.2804825045,1,289093.39558172569,200335.10482809044,198144.59596104274,0,False,0,True,MARKET_WEAK_WARNING|FUNDED_STOP_RISK_BUDGET_0.1|ENTRY_WARNING_CAP_1|PROTECTIVE_INVENTORY_PENDING
2023-06-07,2898456.679235504,1909519.9829043481,3083172.2804825045,1,289845.66792355041,200865.23403064808,196473.53928787727,0,False,0,True,MARKET_WEAK_WARNING|FUNDED_STOP_RISK_BUDGET_0.1|ENTRY_WARNING_CAP_1|PROTECTIVE_INVENTORY_PENDING
2023-06-08,2885286.8508431888,1920103.6675204481,3083172.2804825045,1,288528.68508431892,185731.65435241364,183678.02531131776,0,False,0,True,MARKET_WEAK_WARNING|FUNDED_STOP_RISK_BUDGET_0.1|ENTRY_WARNING_CAP_1|PROTECTIVE_INVENTORY_PENDING
2023-06-09,2964254.0272171097,1920103.6675204481,3083172.2804825045,1,296425.40272171097,242365.19702090978,237017.21807563221,0,False,0,True,TREND_OPEN|FUNDED_STOP_RISK_BUDGET_0.1|ENTRY_WARNING_CAP_1|PROTECTIVE_INVENTORY_PENDING
2023-06-12,3021588.1041108277,1943091.6261508481,3083172.2804825045,1,302158.81041108276,238738.04103879674,302158.81041108276,0,False,0,False,TREND_OPEN|FUNDED_STOP_RISK_BUDGET_0.1|ENTRY_WARNING_CAP_1|CASH_FUNDED_SUPPORT_RISK
2023-06-13,3025356.8653318621,1666743.7943908481,3083172.2804825045,1,302535.68653318624,301192.61809144967,301192.61809144967,0,False,0,False,TREND_OPEN|FUNDED_STOP_RISK_BUDGET_0.1|ENTRY_WARNING_CAP_1|RETAIN_ACTUAL_UNITS
2023-06-14,3117106.9438346988,1666743.7943908481,3117106.9438346988,1,311710.69438346988,315395.68347972794,309761.3000068072,0,False,0,True,TREND_OPEN|FUNDED_STOP_RISK_BUDGET_0.1|ENTRY_WARNING_CAP_1|PROTECTIVE_INVENTORY_PENDING
2023-06-15,3176961.3587278221,1693463.3053336481,3176961.3587278221,1,317696.13587278221,300524.05323416204,297793.50451232499,0,False,0,True,TREND_OPEN|FUNDED_STOP_RISK_BUDGET_0.1|ENTRY_WARNING_CAP_1|PROTECTIVE_INVENTORY_PENDING
2023-06-16,3402653.0642012632,1707065.9127549981,3402653.0642012632,1,340265.30642012635,323042.06853900035,320089.01946801413,0,False,0,True,TREND_OPEN|FUNDED_STOP_RISK_BUDGET_0.1|ENTRY_WARNING_CAP_1|PROTECTIVE_INVENTORY_PENDING
2023-06-19,3458345.5177315609,1722838.1526320882,3458345.5177315609,1,345834.5517731561,328083.66916013288,325058.80917059869,0,False,0,True,TREND_OPEN|FUNDED_STOP_RISK_BUDGET_0.1|ENTRY_WARNING_CAP_1|PROTECTIVE_INVENTORY_PENDING
2023-06-20,3567763.9469909444,1738802.0067830982,3567763.9469909444,1,356776.39469909447,338947.02422876243,356776.39469909447,0,False,0,False,TREND_OPEN|FUNDED_STOP_RISK_BUDGET_0.1|ENTRY_WARNING_CAP_1|CASH_FUNDED_SUPPORT_RISK
2023-06-21,3449328.4262281265,1660783.8073238982,3567763.9469909444,0,344932.84262281266,236286.04331551917,236286.04331551917,0,False,0,False,CROSS_SECTION_SHOCK|FUNDED_STOP_RISK_BUDGET_0.1|ENTRY_WARNING_CAP_0|RETAIN_ACTUAL_UNITS
2023-06-26,3312610.3878898695,1660783.8073238982,3567763.9469909444,0,331261.03878898697,99568.004977262564,99568.004977262564,0,False,0,False,RECOVERY_WAIT|FUNDED_STOP_RISK_BUDGET_0.1|ENTRY_WARNING_CAP_0|RETAIN_ACTUAL_UNITS
2023-06-27,3301048.7899243403,1660783.8073238982,3567763.9469909444,0,330104.87899243407,90344.892191946128,89122.337611754032,0,False,0,True,ACCUMULATED_MARKET_SHOCK|FUNDED_STOP_RISK_BUDGET_0.1|ENTRY_WARNING_CAP_0|PROTECTIVE_INVENTORY_PENDING
2023-06-28,3241595.0646876609,1719663.8668626738,3567763.9469909444,0,316028.62815508619,31916.281845903588,31916.281845903588,0,False,0,False,RECOVERY_WAIT|FUNDED_STOP_RISK_BUDGET_0.097491704|ENTRY_WARNING_CAP_0|RETAIN_ACTUAL_UNITS
2023-06-29,3307677.1333715934,1719663.8668626738,3567763.9469909444,0,330767.71333715937,97998.350529836011,97998.350529836011,0,False,0,False,RECOVERY_WAIT|FUNDED_STOP_RISK_BUDGET_0.1|ENTRY_WARNING_CAP_0|RETAIN_ACTUAL_UNITS
2023-06-30,3301546.27908797,1719663.8668626738,3567763.9469909444,0,330154.627908797,91867.496246212439,91867.496246212439,0,False,0,False,RECOVERY_WAIT|FUNDED_STOP_RISK_BUDGET_0.1|ENTRY_WARNING_CAP_0|RETAIN_ACTUAL_UNITS
2023-07-03,3285654.8607707173,1719663.8668626738,3567763.9469909444,0,328565.48607707175,75976.077928959334,75976.077928959334,0,False,0,False,RECOVERY_WAIT|FUNDED_STOP_RISK_BUDGET_0.1|ENTRY_WARNING_CAP_0|RETAIN_ACTUAL_UNITS
2023-07-04,3291343.4394965665,1719663.8668626738,3567763.9469909444,0,329134.3439496567,81664.656654809121,81664.656654809121,0,False,0,False,RECOVERY_WAIT|FUNDED_STOP_RISK_BUDGET_0.1|ENTRY_WARNING_CAP_0|RETAIN_ACTUAL_UNITS
2023-07-05,3208515.9031424383,1719663.8668626738,3567763.9469909444,0,282949.46660986356,29777.040725595296,0,0,False,0,True,RECOVERY_WAIT|FUNDED_STOP_RISK_BUDGET_0.088187023|ENTRY_WARNING_CAP_0|PROTECTIVE_INVENTORY_PENDING
2023-07-06,3203174.8371355133,3203174.8371355133,3567763.9469909444,0,277608.40060293861,0,0,0,False,0,False,RECOVERY_WAIT|FUNDED_STOP_RISK_BUDGET_0.08666664|ENTRY_WARNING_CAP_0|RETAIN_ACTUAL_UNITS
2023-07-07,3203174.8371355133,3203174.8371355133,3567763.9469909444,0,277608.40060293861,0,0,0,False,0,False,RECOVERY_WAIT|FUNDED_STOP_RISK_BUDGET_0.08666664|ENTRY_WARNING_CAP_0|RETAIN_ACTUAL_UNITS
2023-07-10,3203174.8371355133,3203174.8371355133,3567763.9469909444,0,277608.40060293861,0,0,0,False,0,False,RECOVERY_WAIT|FUNDED_STOP_RISK_BUDGET_0.08666664|ENTRY_WARNING_CAP_0|RETAIN_ACTUAL_UNITS
2023-07-11,3203174.8371355133,3203174.8371355133,3567763.9469909444,0,277608.40060293861,0,0,0,False,0,False,RECOVERY_WAIT|FUNDED_STOP_RISK_BUDGET_0.08666664|ENTRY_WARNING_CAP_0|RETAIN_ACTUAL_UNITS
2023-07-12,3203174.8371355133,3203174.8371355133,3567763.9469909444,0,277608.40060293861,0,0,0,False,0,False,RECOVERY_WAIT|FUNDED_STOP_RISK_BUDGET_0.08666664|ENTRY_WARNING_CAP_0|RETAIN_ACTUAL_UNITS
2023-07-13,3203174.8371355133,3203174.8371355133,3567763.9469909444,0,277608.40060293861,0,0,0,False,0,False,RECOVERY_WAIT|FUNDED_STOP_RISK_BUDGET_0.08666664|ENTRY_WARNING_CAP_0|RETAIN_ACTUAL_UNITS
2023-07-14,3203174.8371355133,3203174.8371355133,3567763.9469909444,0,277608.40060293861,0,0,0,False,0,False,RECOVERY_WAIT|FUNDED_STOP_RISK_BUDGET_0.08666664|ENTRY_WARNING_CAP_0|RETAIN_ACTUAL_UNITS
2023-07-17,3203174.8371355133,3203174.8371355133,3567763.9469909444,0,277608.40060293861,0,0,0,False,0,False,RECOVERY_WAIT|FUNDED_STOP_RISK_BUDGET_0.08666664|ENTRY_WARNING_CAP_0|RETAIN_ACTUAL_UNITS
2023-07-18,3203174.8371355133,3203174.8371355133,3567763.9469909444,0,277608.40060293861,0,0,0,False,0,False,RECOVERY_WAIT|FUNDED_STOP_RISK_BUDGET_0.08666664|ENTRY_WARNING_CAP_0|RETAIN_ACTUAL_UNITS
2023-07-19,3203174.8371355133,3203174.8371355133,3567763.9469909444,0,277608.40060293861,0,0,0,False,0,False,RECOVERY_WAIT|FUNDED_STOP_RISK_BUDGET_0.08666664|ENTRY_WARNING_CAP_0|RETAIN_ACTUAL_UNITS
2023-07-20,3203174.8371355133,3203174.8371355133,3567763.9469909444,0,277608.40060293861,0,0,0,False,0,False,RECOVERY_WAIT|FUNDED_STOP_RISK_BUDGET_0.08666664|ENTRY_WARNING_CAP_0|RETAIN_ACTUAL_UNITS
2023-07-21,3203174.8371355133,3203174.8371355133,3567763.9469909444,0,277608.40060293861,0,0,0,False,0,False,RECOVERY_WAIT|FUNDED_STOP_RISK_BUDGET_0.08666664|ENTRY_WARNING_CAP_0|RETAIN_ACTUAL_UNITS
2023-07-24,3203174.8371355133,3203174.8371355133,3567763.9469909444,0,277608.40060293861,0,0,0,False,0,False,RECOVERY_WAIT|FUNDED_STOP_RISK_BUDGET_0.08666664|ENTRY_WARNING_CAP_0|RETAIN_ACTUAL_UNITS
2023-07-25,3203174.8371355133,3203174.8371355133,3567763.9469909444,0,277608.40060293861,0,0,0,False,0,False,RECOVERY_WAIT|FUNDED_STOP_RISK_BUDGET_0.08666664|ENTRY_WARNING_CAP_0|RETAIN_ACTUAL_UNITS
2023-07-26,3203174.8371355133,3203174.8371355133,3567763.9469909444,0,277608.40060293861,0,0,0,False,0,False,RECOVERY_WAIT|FUNDED_STOP_RISK_BUDGET_0.08666664|ENTRY_WARNING_CAP_0|RETAIN_ACTUAL_UNITS
2023-07-27,3203174.8371355133,3203174.8371355133,3567763.9469909444,0,277608.40060293861,0,0,0,False,0,False,RECOVERY_WAIT|FUNDED_STOP_RISK_BUDGET_0.08666664|ENTRY_WARNING_CAP_0|RETAIN_ACTUAL_UNITS
2023-07-28,3203174.8371355133,3203174.8371355133,3567763.9469909444,0,277608.40060293861,0,0,0,False,0,False,RECOVERY_WAIT|FUNDED_STOP_RISK_BUDGET_0.08666664|ENTRY_WARNING_CAP_0|RETAIN_ACTUAL_UNITS
2023-07-31,3203174.8371355133,3203174.8371355133,3567763.9469909444,0,277608.40060293861,0,0,0,False,0,False,RECOVERY_WAIT|FUNDED_STOP_RISK_BUDGET_0.08666664|ENTRY_WARNING_CAP_0|RETAIN_ACTUAL_UNITS
2023-08-01,3203174.8371355133,3203174.8371355133,3567763.9469909444,0,277608.40060293861,0,0,0,False,0,False,RECOVERY_WAIT|FUNDED_STOP_RISK_BUDGET_0.08666664|ENTRY_WARNING_CAP_0|RETAIN_ACTUAL_UNITS
2023-08-02,3203174.8371355133,3203174.8371355133,3567763.9469909444,0,277608.40060293861,0,0,0,False,0,False,RECOVERY_WAIT|FUNDED_STOP_RISK_BUDGET_0.08666664|ENTRY_WARNING_CAP_0|RETAIN_ACTUAL_UNITS
2023-08-03,3203174.8371355133,3203174.8371355133,3567763.9469909444,0,277608.40060293861,0,0,0,False,0,False,RECOVERY_WAIT|FUNDED_STOP_RISK_BUDGET_0.08666664|ENTRY_WARNING_CAP_0|RETAIN_ACTUAL_UNITS
2023-08-04,3203174.8371355133,3203174.8371355133,3567763.9469909444,0.5,277608.40060293861,0,0,0,False,0,False,CONFIRMED_RECOVERY|FUNDED_STOP_RISK_BUDGET_0.08666664|ENTRY_WARNING_CAP_0.5|RETAIN_ACTUAL_UNITS
2023-08-07,3203174.8371355133,3203174.8371355133,3567763.9469909444,0.5,277608.40060293861,0,0,0,False,0,False,RECOVERY_WAIT|FUNDED_STOP_RISK_BUDGET_0.08666664|ENTRY_WARNING_CAP_0.5|RETAIN_ACTUAL_UNITS
2023-08-08,3203174.8371355133,3203174.8371355133,3567763.9469909444,0.5,277608.40060293861,0,0,0,False,0,False,RECOVERY_WAIT|FUNDED_STOP_RISK_BUDGET_0.08666664|ENTRY_WARNING_CAP_0.5|RETAIN_ACTUAL_UNITS
2023-08-09,3203174.8371355133,3203174.8371355133,3567763.9469909444,0.5,277608.40060293861,0,0,0,False,0,False,RECOVERY_WAIT|FUNDED_STOP_RISK_BUDGET_0.08666664|ENTRY_WARNING_CAP_0.5|RETAIN_ACTUAL_UNITS
2023-08-10,3203174.8371355133,3203174.8371355133,3567763.9469909444,0.5,277608.40060293861,0,0,0,False,0,False,RECOVERY_WAIT|FUNDED_STOP_RISK_BUDGET_0.08666664|ENTRY_WARNING_CAP_0.5|RETAIN_ACTUAL_UNITS
2023-08-11,3203174.8371355133,3203174.8371355133,3567763.9469909444,0.5,277608.40060293861,0,0,0,False,0,False,RECOVERY_WAIT|FUNDED_STOP_RISK_BUDGET_0.08666664|ENTRY_WARNING_CAP_0.5|RETAIN_ACTUAL_UNITS
2023-08-14,3203174.8371355133,3203174.8371355133,3567763.9469909444,0.5,277608.40060293861,0,0,0,False,0,False,RECOVERY_WAIT|FUNDED_STOP_RISK_BUDGET_0.08666664|ENTRY_WARNING_CAP_0.5|RETAIN_ACTUAL_UNITS
2023-08-15,3203174.8371355133,3203174.8371355133,3567763.9469909444,0,277608.40060293861,0,0,0,False,0,False,ACCUMULATED_MARKET_SHOCK|FUNDED_STOP_RISK_BUDGET_0.08666664|ENTRY_WARNING_CAP_0|RETAIN_ACTUAL_UNITS
2023-08-16,3203174.8371355133,3203174.8371355133,3567763.9469909444,0,277608.40060293861,0,0,0,False,0,False,RECOVERY_WAIT|FUNDED_STOP_RISK_BUDGET_0.08666664|ENTRY_WARNING_CAP_0|RETAIN_ACTUAL_UNITS
2023-08-17,3203174.8371355133,3203174.8371355133,3567763.9469909444,0,277608.40060293861,0,0,0,False,0,False,RECOVERY_WAIT|FUNDED_STOP_RISK_BUDGET_0.08666664|ENTRY_WARNING_CAP_0|RETAIN_ACTUAL_UNITS
2023-08-18,3203174.8371355133,3203174.8371355133,3567763.9469909444,0,277608.40060293861,0,0,0,False,0,False,RECOVERY_WAIT|FUNDED_STOP_RISK_BUDGET_0.08666664|ENTRY_WARNING_CAP_0|RETAIN_ACTUAL_UNITS
2023-08-21,3203174.8371355133,3203174.8371355133,3567763.9469909444,0,277608.40060293861,0,0,0,False,0,False,RECOVERY_WAIT|FUNDED_STOP_RISK_BUDGET_0.08666664|ENTRY_WARNING_CAP_0|RETAIN_ACTUAL_UNITS
2023-08-22,3203174.8371355133,3203174.8371355133,3567763.9469909444,0,277608.40060293861,0,0,0,False,0,False,RECOVERY_WAIT|FUNDED_STOP_RISK_BUDGET_0.08666664|ENTRY_WARNING_CAP_0|RETAIN_ACTUAL_UNITS
2023-08-23,3203174.8371355133,3203174.8371355133,3567763.9469909444,0,277608.40060293861,0,0,0,False,0,False,CROSS_SECTION_SHOCK|FUNDED_STOP_RISK_BUDGET_0.08666664|ENTRY_WARNING_CAP_0|RETAIN_ACTUAL_UNITS
2023-08-24,3203174.8371355133,3203174.8371355133,3567763.9469909444,0,277608.40060293861,0,0,0,False,0,False,RECOVERY_WAIT|FUNDED_STOP_RISK_BUDGET_0.08666664|ENTRY_WARNING_CAP_0|RETAIN_ACTUAL_UNITS
2023-08-25,3203174.8371355133,3203174.8371355133,3567763.9469909444,0,277608.40060293861,0,0,0,False,0,False,ACCUMULATED_MARKET_SHOCK|FUNDED_STOP_RISK_BUDGET_0.08666664|ENTRY_WARNING_CAP_0|RETAIN_ACTUAL_UNITS
2023-08-28,3203174.8371355133,3203174.8371355133,3567763.9469909444,0,277608.40060293861,0,0,0,False,0,False,RECOVERY_WAIT|FUNDED_STOP_RISK_BUDGET_0.08666664|ENTRY_WARNING_CAP_0|RETAIN_ACTUAL_UNITS
2023-08-29,3203174.8371355133,3203174.8371355133,3567763.9469909444,0,277608.40060293861,0,0,0,False,0,False,RECOVERY_WAIT|FUNDED_STOP_RISK_BUDGET_0.08666664|ENTRY_WARNING_CAP_0|RETAIN_ACTUAL_UNITS
2023-08-30,3203174.8371355133,3203174.8371355133,3567763.9469909444,0,277608.40060293861,0,0,0,False,0,False,RECOVERY_WAIT|FUNDED_STOP_RISK_BUDGET_0.08666664|ENTRY_WARNING_CAP_0|RETAIN_ACTUAL_UNITS
2023-08-31,3203174.8371355133,3203174.8371355133,3567763.9469909444,0.5,277608.40060293861,0,0,0,False,0,False,CONFIRMED_RECOVERY|FUNDED_STOP_RISK_BUDGET_0.08666664|ENTRY_WARNING_CAP_0.5|RETAIN_ACTUAL_UNITS
2023-09-01,3203174.8371355133,3203174.8371355133,3567763.9469909444,0.5,277608.40060293861,0,138804.2003014693,0,False,0,False,RECOVERY_WAIT|FUNDED_STOP_RISK_BUDGET_0.08666664|ENTRY_WARNING_CAP_0.5|CASH_FUNDED_SUPPORT_RISK
2023-09-04,3201353.4081149055,2265006.5994073921,3567763.9469909444,0.5,275786.97158233076,134860.88991352409,134860.88991352409,0,False,0,False,RECOVERY_WAIT|FUNDED_STOP_RISK_BUDGET_0.086146994|ENTRY_WARNING_CAP_0.5|RETAIN_ACTUAL_UNITS
2023-09-05,3180005.068061186,2265006.5994073921,3567763.9469909444,1,254438.63152861129,113328.51064868645,113328.51064868645,0,False,0,False,CONFIRMED_RECOVERY|FUNDED_STOP_RISK_BUDGET_0.080012021|ENTRY_WARNING_CAP_1|RETAIN_ACTUAL_UNITS
2023-09-06,3215078.4353742804,2265006.5994073921,3567763.9469909444,1,289511.99884170573,145537.47280412086,289511.99884170573,0,False,0,False,TREND_OPEN|FUNDED_STOP_RISK_BUDGET_0.090048192|ENTRY_WARNING_CAP_1|CASH_FUNDED_SUPPORT_RISK
2023-09-07,3146786.4890671223,1364070.6149388724,3567763.9469909444,1,221220.05253454763,189661.79148037513,189661.79148037513,0,False,0,False,TREND_OPEN|FUNDED_STOP_RISK_BUDGET_0.070300306|ENTRY_WARNING_CAP_1|RETAIN_ACTUAL_UNITS
2023-09-08,3128834.1189673804,1364070.6149388724,3567763.9469909444,1,203267.68243480567,171200.06476696732,171200.06476696732,0,False,0,False,TREND_OPEN|FUNDED_STOP_RISK_BUDGET_0.06496595|ENTRY_WARNING_CAP_1|RETAIN_ACTUAL_UNITS
2023-09-11,3145687.8167467955,1364070.6149388724,3567763.9469909444,1,220121.38021422084,187682.65987071203,187682.65987071203,0,False,0,False,TREND_OPEN|FUNDED_STOP_RISK_BUDGET_0.069975596|ENTRY_WARNING_CAP_1|RETAIN_ACTUAL_UNITS
2023-09-12,3132359.9598364732,1364070.6149388724,3567763.9469909444,1,206793.52330389852,172234.05982759612,172234.05982759612,0,False,0,False,TREND_OPEN|FUNDED_STOP_RISK_BUDGET_0.066018442|ENTRY_WARNING_CAP_1|RETAIN_ACTUAL_UNITS
2023-09-13,3134382.1316953809,1364070.6149388724,3567763.9469909444,1,208815.69516280619,165270.53984315484,165270.53984315484,0,False,0,False,MARKET_WEAK_WARNING|FUNDED_STOP_RISK_BUDGET_0.066621007|ENTRY_WARNING_CAP_1|RETAIN_ACTUAL_UNITS
2023-09-14,3089317.5759340813,1364070.6149388724,3567763.9469909444,1,163751.13940150663,116862.22122758387,116862.22122758387,0,False,0,False,MARKET_WEAK_WARNING|FUNDED_STOP_RISK_BUDGET_0.053005602|ENTRY_WARNING_CAP_1|RETAIN_ACTUAL_UNITS
2023-09-15,3127638.2805857179,1364070.6149388724,3567763.9469909444,1,202071.84405314317,150307.71009187165,150307.71009187165,0,False,0,False,MARKET_WEAK_WARNING|FUNDED_STOP_RISK_BUDGET_0.064608444|ENTRY_WARNING_CAP_1|RETAIN_ACTUAL_UNITS
2023-09-18,3060736.7105618934,1364070.6149388724,3567763.9469909444,1,135170.27402931871,83406.140068046996,0,0,False,0,True,MARKET_WEAK_WARNING|FUNDED_STOP_RISK_BUDGET_0.04416266|ENTRY_WARNING_CAP_1|PROTECTIVE_INVENTORY_PENDING
2023-09-19,3057217.0397348562,2532638.3643482928,3567763.9469909444,1,131650.60320228152,16583.621664185266,0,0,False,0,True,MARKET_WEAK_WARNING|FUNDED_STOP_RISK_BUDGET_0.043062237|ENTRY_WARNING_CAP_1|PROTECTIVE_INVENTORY_PENDING
2023-09-20,3054270.4089076309,3054270.4089076309,3567763.9469909444,1,128703.97237505624,0,64351.986187528113,0,False,0,False,MARKET_WEAK_WARNING|FUNDED_STOP_RISK_BUDGET_0.042139023|ENTRY_WARNING_CAP_1|CASH_FUNDED_SUPPORT_RISK
2023-09-21,3047863.7930409103,2563279.5115566771,3567763.9469909444,1,122297.35650833556,58210.023955753633,119358.70220992142,0,False,0,False,MARKET_WEAK_WARNING|FUNDED_STOP_RISK_BUDGET_0.040125598|ENTRY_WARNING_CAP_1|CASH_FUNDED_SUPPORT_RISK
2023-09-22,3135753.769801138,2155529.8777986104,3567763.9469909444,1,210187.33326856326,157642.81831197688,210187.33326856326,0,False,0,False,TREND_OPEN|FUNDED_STOP_RISK_BUDGET_0.067029285|ENTRY_WARNING_CAP_1|CASH_FUNDED_SUPPORT_RISK
2023-09-25,3115766.7425094894,1806102.0621817303,3567763.9469909444,1,190200.30597691471,177921.21264778313,177921.21264778313,0,False,0,False,TREND_OPEN|FUNDED_STOP_RISK_BUDGET_0.061044462|ENTRY_WARNING_CAP_1|RETAIN_ACTUAL_UNITS
2023-09-26,3088934.367284664,1806102.0621817303,3567763.9469909444,1,163367.93075208925,148674.37439204421,148674.37439204421,0,False,0,False,TREND_OPEN|FUNDED_STOP_RISK_BUDGET_0.05288812|ENTRY_WARNING_CAP_1|RETAIN_ACTUAL_UNITS
2023-09-27,3064313.0124329161,1806102.0621817303,3567763.9469909444,1,138746.57590034138,122783.60549977901,122783.60549977901,0,False,0,False,TREND_OPEN|FUNDED_STOP_RISK_BUDGET_0.045278199|ENTRY_WARNING_CAP_1|RETAIN_ACTUAL_UNITS
2023-09-28,3069466.783838647,1806102.0621817303,3567763.9469909444,1,143900.34730607225,106936.97984399229,106936.97984399229,0,False,0,False,TREND_OPEN|FUNDED_STOP_RISK_BUDGET_0.04688122|ENTRY_WARNING_CAP_1|RETAIN_ACTUAL_UNITS
2023-10-09,3054500.3935131952,1806102.0621817303,3567763.9469909444,1,128933.95698062051,86124.527701358893,86124.527701358893,0,False,0,False,TREND_OPEN|FUNDED_STOP_RISK_BUDGET_0.042211144|ENTRY_WARNING_CAP_1|RETAIN_ACTUAL_UNITS
2023-10-10,3050046.7214193624,1806102.0621817303,3567763.9469909444,1,124480.28488678765,81216.600804164365,81216.600804164365,0,False,0,False,TREND_OPEN|FUNDED_STOP_RISK_BUDGET_0.040812583|ENTRY_WARNING_CAP_1|RETAIN_ACTUAL_UNITS
2023-10-11,3063309.319819517,1806102.0621817303,3567763.9469909444,1,137742.88328694226,94479.199204318458,94479.199204318458,0,False,0,False,TREND_OPEN|FUNDED_STOP_RISK_BUDGET_0.044965385|ENTRY_WARNING_CAP_1|RETAIN_ACTUAL_UNITS
2023-10-12,3126232.2368503865,1806102.0621817303,3567763.9469909444,1,200665.80031781178,131294.80892239456,200665.80031781178,0,False,0,False,TREND_OPEN|FUNDED_STOP_RISK_BUDGET_0.064187746|ENTRY_WARNING_CAP_1|CASH_FUNDED_SUPPORT_RISK
2023-10-13,3100615.9960366804,1268864.0147572518,3567763.9469909444,1,175049.55950410571,160462.04656557241,146105.19318381025,0,False,0,True,TREND_OPEN|FUNDED_STOP_RISK_BUDGET_0.056456381|ENTRY_WARNING_CAP_1|PROTECTIVE_INVENTORY_PENDING
2023-10-16,3050507.9818088249,1741025.4567517384,3567763.9469909444,1,124941.54527625022,99946.236562480524,124941.54527625022,0,False,0,False,MARKET_WEAK_WARNING|FUNDED_STOP_RISK_BUDGET_0.04095762|ENTRY_WARNING_CAP_1|CASH_FUNDED_SUPPORT_RISK
2023-10-17,3086286.2670047404,1515665.8925854019,3567763.9469909444,1,160719.83047216572,151356.05440449476,151356.05440449476,0,False,0,False,MARKET_WEAK_WARNING|FUNDED_STOP_RISK_BUDGET_0.052075477|ENTRY_WARNING_CAP_1|RETAIN_ACTUAL_UNITS
2023-10-18,3054250.7834095797,1515665.8925854019,3567763.9469909444,1,128684.34687700495,119320.57080933391,119320.57080933391,0,False,0,False,MARKET_WEAK_WARNING|FUNDED_STOP_RISK_BUDGET_0.042132869|ENTRY_WARNING_CAP_1|RETAIN_ACTUAL_UNITS
2023-10-19,3053697.9527549976,1515665.8925854019,3567763.9469909444,1,128131.51622242294,118767.74015475201,118767.74015475201,0,False,0,False,MARKET_WEAK_WARNING|FUNDED_STOP_RISK_BUDGET_0.04195946|ENTRY_WARNING_CAP_1|RETAIN_ACTUAL_UNITS
2023-10-20,3007392.2267795536,1515665.8925854019,3567763.9469909444,1,81825.790246978868,72462.014179307414,72462.014179307414,0,False,0,False,MARKET_WEAK_WARNING|FUNDED_STOP_RISK_BUDGET_0.02720822|ENTRY_WARNING_CAP_1|RETAIN_ACTUAL_UNITS
2023-10-23,2998852.7332409928,1515665.8925854019,3567763.9469909444,1,73286.296708418056,63922.520640747025,63922.520640747025,0,False,0,False,MARKET_WEAK_WARNING|FUNDED_STOP_RISK_BUDGET_0.024438111|ENTRY_WARNING_CAP_1|RETAIN_ACTUAL_UNITS
2023-10-24,3095011.7174577168,1515665.8925854019,3567763.9469909444,1,169445.28092514211,160081.50485747075,160081.50485747075,0,False,0,False,MARKET_WEAK_WARNING|FUNDED_STOP_RISK_BUDGET_0.054747864|ENTRY_WARNING_CAP_1|RETAIN_ACTUAL_UNITS
2023-10-25,3078849.1829882022,1515665.8925854019,3567763.9469909444,1,153282.74645562749,143918.97038795619,143918.97038795619,0,False,0,False,MARKET_WEAK_WARNING|FUNDED_STOP_RISK_BUDGET_0.049785728|ENTRY_WARNING_CAP_1|RETAIN_ACTUAL_UNITS
2023-10-26,3091582.5055883005,1515665.8925854019,3567763.9469909444,1,166016.06905572582,156652.29298805413,156652.29298805413,0,False,0,False,MARKET_WEAK_WARNING|FUNDED_STOP_RISK_BUDGET_0.053699382|ENTRY_WARNING_CAP_1|RETAIN_ACTUAL_UNITS
2023-10-27,3114171.4977152888,1515665.8925854019,3567763.9469909444,1,188605.06118271407,179241.28511504273,179241.28511504273,0,False,0,False,MARKET_WEAK_WARNING|FUNDED_STOP_RISK_BUDGET_0.060563479|ENTRY_WARNING_CAP_1|RETAIN_ACTUAL_UNITS
2023-10-30,3149703.3197478903,1515665.8925854019,3567763.9469909444,1,224136.88321531564,214773.10714764424,214773.10714764424,0,False,0,False,TREND_OPEN|FUNDED_STOP_RISK_BUDGET_0.071161268|ENTRY_WARNING_CAP_1|RETAIN_ACTUAL_UNITS
2023-10-31,3189991.1267187754,1515665.8925854019,3567763.9469909444,1,264424.69018620066,249726.46411935918,249726.46411935918,0,False,0,False,TREND_OPEN|FUNDED_STOP_RISK_BUDGET_0.082891983|ENTRY_WARNING_CAP_1|RETAIN_ACTUAL_UNITS
2023-11-01,3123394.2395297727,1515665.8925854019,3567763.9469909444,1,197827.80299719796,183129.57693035653,183129.57693035653,0,False,0,False,TREND_OPEN|FUNDED_STOP_RISK_BUDGET_0.063337442|ENTRY_WARNING_CAP_1|RETAIN_ACTUAL_UNITS
2023-11-02,3078069.5722255684,1515665.8925854019,3567763.9469909444,1,152503.13569299364,137181.95032522254,137181.95032522254,0,False,0,False,MARKET_WEAK_WARNING|FUNDED_STOP_RISK_BUDGET_0.049545058|ENTRY_WARNING_CAP_1|RETAIN_ACTUAL_UNITS
2023-11-03,3093007.8363723066,1515665.8925854019,3567763.9469909444,1,167441.39983973186,146663.68512578745,146663.68512578745,0,False,0,False,TREND_OPEN|FUNDED_STOP_RISK_BUDGET_0.054135459|ENTRY_WARNING_CAP_1|RETAIN_ACTUAL_UNITS
2023-11-06,3079467.2957709888,1515665.8925854019,3567763.9469909444,1,153900.85923841409,132478.96130625147,132478.96130625147,0,False,0,False,TREND_OPEN|FUNDED_STOP_RISK_BUDGET_0.049976455|ENTRY_WARNING_CAP_1|RETAIN_ACTUAL_UNITS
2023-11-07,3045397.5773617206,1515665.8925854019,3567763.9469909444,1,119831.14082914591,98409.242896983342,98409.242896983342,0,False,0,False,TREND_OPEN|FUNDED_STOP_RISK_BUDGET_0.039348275|ENTRY_WARNING_CAP_1|RETAIN_ACTUAL_UNITS
2023-11-08,3101809.8439388294,1515665.8925854019,3567763.9469909444,1,176243.40740625467,136722.27616542976,176243.40740625467,0,False,0,False,TREND_OPEN|FUNDED_STOP_RISK_BUDGET_0.05681954|ENTRY_WARNING_CAP_1|CASH_FUNDED_SUPPORT_RISK
2023-11-09,3072852.4744692612,1176830.4092590618,3567763.9469909444,1,147286.03793668654,101729.27699526736,101729.27699526736,0,False,0,False,TREND_OPEN|FUNDED_STOP_RISK_BUDGET_0.047931373|ENTRY_WARNING_CAP_1|RETAIN_ACTUAL_UNITS
2023-11-10,3079077.3787677269,1176830.4092590618,3567763.9469909444,1,153510.94223515224,107954.18129373349,107954.18129373349,0,False,0,False,TREND_OPEN|FUNDED_STOP_RISK_BUDGET_0.04985615|ENTRY_WARNING_CAP_1|RETAIN_ACTUAL_UNITS
2023-11-13,3117522.522096728,1176830.4092590618,3567763.9469909444,1,191956.08556415327,146399.32462273404,146399.32462273404,0,False,0,False,TREND_OPEN|FUNDED_STOP_RISK_BUDGET_0.061573279|ENTRY_WARNING_CAP_1|RETAIN_ACTUAL_UNITS
2023-11-14,3115492.1847348604,1176830.4092590618,3567763.9469909444,1,189925.74820228573,144368.98726086682,189925.74820228573,0,False,0,False,TREND_OPEN|FUNDED_STOP_RISK_BUDGET_0.060961715|ENTRY_WARNING_CAP_1|CASH_FUNDED_SUPPORT_RISK
2023-11-15,3038571.1180192973,688663.46634541173,3567763.9469909444,1,113004.68148672255,117070.0710743027,112993.91999937213,0,False,0,True,TREND_OPEN|FUNDED_STOP_RISK_BUDGET_0.037190073|ENTRY_WARNING_CAP_1|PROTECTIVE_INVENTORY_PENDING
2023-11-16,2981537.6107824827,769398.33402804576,3567763.9469909444,1,55971.174249907956,70921.70267627039,44847.047848522787,0,False,0,True,MARKET_WEAK_WARNING|FUNDED_STOP_RISK_BUDGET_0.018772587|ENTRY_WARNING_CAP_1|PROTECTIVE_INVENTORY_PENDING
2023-11-17,2988200.4487856501,1985439.4199487981,3567763.9469909444,1,62634.012253075372,63111.397633371074,60988.903012943811,0,False,0,True,TREND_OPEN|FUNDED_STOP_RISK_BUDGET_0.020960445|ENTRY_WARNING_CAP_1|PROTECTIVE_INVENTORY_PENDING
2023-11-20,2971739.7491384447,2018860.5205935983,3567763.9469909444,1,46173.312605869956,44674.058415725929,43127.193042640414,0,False,0,True,TREND_OPEN|FUNDED_STOP_RISK_BUDGET_0.015537468|ENTRY_WARNING_CAP_1|PROTECTIVE_INVENTORY_PENDING
2023-11-21,2954488.1702927672,2018860.5205935983,3567763.9469909444,1,29544.881702927672,18712.55299398338,0,0,False,0,True,MARKET_WEAK_WARNING|FUNDED_STOP_RISK_BUDGET_0.01|ENTRY_WARNING_CAP_1|PROTECTIVE_INVENTORY_PENDING
2023-11-22,2950984.392324327,2950984.392324327,3567763.9469909444,1,29509.843923243272,0,29509.843923243268,0,False,0,False,MARKET_WEAK_WARNING|FUNDED_STOP_RISK_BUDGET_0.01|ENTRY_WARNING_CAP_1|CASH_FUNDED_SUPPORT_RISK
2023-11-23,2947061.7410151768,2808424.3257115632,3567763.9469909444,1,29470.617410151768,24737.910841680823,24737.910841680823,0,False,0,False,MARKET_WEAK_WARNING|FUNDED_STOP_RISK_BUDGET_0.01|ENTRY_WARNING_CAP_1|RETAIN_ACTUAL_UNITS
2023-11-24,2938670.6788412491,2808424.3257115632,3567763.9469909444,1,29386.706788412492,16346.848667753304,16346.848667753304,0,False,0,False,MARKET_WEAK_WARNING|FUNDED_STOP_RISK_BUDGET_0.01|ENTRY_WARNING_CAP_1|RETAIN_ACTUAL_UNITS
2023-11-27,2940671.1776204342,2808424.3257115632,3567763.9469909444,1,29406.711776204342,18347.347446938234,18347.347446938234,0,False,0,False,MARKET_WEAK_WARNING|FUNDED_STOP_RISK_BUDGET_0.01|ENTRY_WARNING_CAP_1|RETAIN_ACTUAL_UNITS
2023-11-28,2943333.7397611979,2808424.3257115632,3567763.9469909444,1,29433.33739761198,21009.909587701815,21009.909587701815,0,False,0,False,MARKET_WEAK_WARNING|FUNDED_STOP_RISK_BUDGET_0.01|ENTRY_WARNING_CAP_1|RETAIN_ACTUAL_UNITS
2023-11-29,2941550.1838840763,2808424.3257115632,3567763.9469909444,1,29415.501838840763,19226.353710580206,19226.353710580206,0,False,0,False,MARKET_WEAK_WARNING|FUNDED_STOP_RISK_BUDGET_0.01|ENTRY_WARNING_CAP_1|RETAIN_ACTUAL_UNITS
2023-11-30,2938266.2594734626,2808424.3257115632,3567763.9469909444,1,29382.662594734626,15942.429299966563,15942.429299966563,0,False,0,False,MARKET_WEAK_WARNING|FUNDED_STOP_RISK_BUDGET_0.01|ENTRY_WARNING_CAP_1|RETAIN_ACTUAL_UNITS
2023-12-01,2941578.2247602232,2808424.3257115632,3567763.9469909444,1,29415.782247602234,19254.394586727125,19254.394586727125,0,False,0,False,TREND_OPEN|FUNDED_STOP_RISK_BUDGET_0.01|ENTRY_WARNING_CAP_1|RETAIN_ACTUAL_UNITS
2023-12-04,2941655.1496027424,2808424.3257115632,3567763.9469909444,1,29416.551496027423,19331.319429246265,19331.319429246265,0,False,0,False,TREND_OPEN|FUNDED_STOP_RISK_BUDGET_0.01|ENTRY_WARNING_CAP_1|RETAIN_ACTUAL_UNITS
2023-12-05,2935784.2949460461,2808424.3257115632,3567763.9469909444,1,29357.842949460461,13460.464772550016,13460.464772550016,0,False,0,False,MARKET_WEAK_WARNING|FUNDED_STOP_RISK_BUDGET_0.01|ENTRY_WARNING_CAP_1|RETAIN_ACTUAL_UNITS
2023-12-06,2934678.3935527978,2808424.3257115632,3567763.9469909444,1,29346.783935527979,12354.563379301713,12354.563379301713,0,False,0,False,MARKET_WEAK_WARNING|FUNDED_STOP_RISK_BUDGET_0.01|ENTRY_WARNING_CAP_1|RETAIN_ACTUAL_UNITS
2023-12-07,2934530.1507028257,2808424.3257115632,3567763.9469909444,1,29345.301507028256,12206.320529329563,12206.320529329563,0,False,0,False,MARKET_WEAK_WARNING|FUNDED_STOP_RISK_BUDGET_0.01|ENTRY_WARNING_CAP_1|RETAIN_ACTUAL_UNITS
2023-12-08,2942217.7646024809,2808424.3257115632,3567763.9469909444,1,29422.177646024811,19893.934428984736,19893.934428984736,0,False,0,False,TREND_OPEN|FUNDED_STOP_RISK_BUDGET_0.01|ENTRY_WARNING_CAP_1|RETAIN_ACTUAL_UNITS
2023-12-11,2939750.783288816,2808424.3257115632,3567763.9469909444,1,29397.507832888161,17271.012562503638,17271.012562503638,0,False,0,False,TREND_OPEN|FUNDED_STOP_RISK_BUDGET_0.01|ENTRY_WARNING_CAP_1|RETAIN_ACTUAL_UNITS
2023-12-12,2938405.9011261784,2808424.3257115632,3567763.9469909444,1,29384.059011261787,10230.011109056957,10230.011109056957,0,False,0,False,TREND_OPEN|FUNDED_STOP_RISK_BUDGET_0.01|ENTRY_WARNING_CAP_1|RETAIN_ACTUAL_UNITS
2023-12-13,2937357.2516220775,2808424.3257115632,3567763.9469909444,1,29373.572516220775,5297.9245790756286,5297.9245790756286,0,False,0,False,TREND_OPEN|FUNDED_STOP_RISK_BUDGET_0.01|ENTRY_WARNING_CAP_1|RETAIN_ACTUAL_UNITS
2023-12-14,2934501.5685836244,2808424.3257115632,3567763.9469909444,1,29345.015685836246,3506.5833288523563,0,0,False,0,True,MARKET_WEAK_WARNING|FUNDED_STOP_RISK_BUDGET_0.01|ENTRY_WARNING_CAP_1|PROTECTIVE_INVENTORY_PENDING
2023-12-15,2934397.868250553,2934397.868250553,3567763.9469909444,1,29343.978682505531,0,29343.978682505527,0,False,0,False,MARKET_WEAK_WARNING|FUNDED_STOP_RISK_BUDGET_0.01|ENTRY_WARNING_CAP_1|CASH_FUNDED_SUPPORT_RISK
2023-12-18,2937833.4582088864,2748746.1933618728,3567763.9469909444,1,29378.334582088864,28104.00919521063,28104.00919521063,0,False,0,False,MARKET_WEAK_WARNING|FUNDED_STOP_RISK_BUDGET_0.01|ENTRY_WARNING_CAP_1|RETAIN_ACTUAL_UNITS
2023-12-19,2937318.0195909375,2748746.1933618728,3567763.9469909444,1,29373.180195909375,27581.802857005452,27581.802857005452,0,False,0,False,MARKET_WEAK_WARNING|FUNDED_STOP_RISK_BUDGET_0.01|ENTRY_WARNING_CAP_1|RETAIN_ACTUAL_UNITS
2023-12-20,2928575.6958506331,2748746.1933618728,3567763.9469909444,1,29285.756958506332,18803.320154189387,18803.320154189387,0,False,0,False,MARKET_WEAK_WARNING|FUNDED_STOP_RISK_BUDGET_0.01|ENTRY_WARNING_CAP_1|RETAIN_ACTUAL_UNITS
2023-12-21,2935925.8192494977,2748746.1933618728,3567763.9469909444,1,29359.258192494977,26153.4435530542,26153.4435530542,0,False,0,False,MARKET_WEAK_WARNING|FUNDED_STOP_RISK_BUDGET_0.01|ENTRY_WARNING_CAP_1|RETAIN_ACTUAL_UNITS
2023-12-22,2931648.3020541221,2748746.1933618728,3567763.9469909444,1,29316.483020541222,21875.926357678429,21875.926357678429,0,False,0,False,MARKET_WEAK_WARNING|FUNDED_STOP_RISK_BUDGET_0.01|ENTRY_WARNING_CAP_1|RETAIN_ACTUAL_UNITS
2023-12-25,2932443.6703204247,2748746.1933618728,3567763.9469909444,1,29324.436703204246,22671.294623981074,22671.294623981074,0,False,0,False,MARKET_WEAK_WARNING|FUNDED_STOP_RISK_BUDGET_0.01|ENTRY_WARNING_CAP_1|RETAIN_ACTUAL_UNITS
2023-12-26,2925993.2279710472,2748746.1933618728,3567763.9469909444,1,29259.932279710472,16220.852274603654,16220.852274603654,0,False,0,False,MARKET_WEAK_WARNING|FUNDED_STOP_RISK_BUDGET_0.01|ENTRY_WARNING_CAP_1|RETAIN_ACTUAL_UNITS
2023-12-27,2925410.3727252418,2748746.1933618728,3567763.9469909444,1,29254.103727252419,15637.997028798058,15637.997028798058,0,False,0,False,MARKET_WEAK_WARNING|FUNDED_STOP_RISK_BUDGET_0.01|ENTRY_WARNING_CAP_1|RETAIN_ACTUAL_UNITS
2023-12-28,2928980.1692931405,2748746.1933618728,3567763.9469909444,1,29289.801692931407,19207.793596696611,19207.793596696611,0,False,0,False,MARKET_WEAK_WARNING|FUNDED_STOP_RISK_BUDGET_0.01|ENTRY_WARNING_CAP_1|RETAIN_ACTUAL_UNITS
2023-12-29,2932581.8105679033,2748746.1933618728,3567763.9469909444,1,29325.818105679034,20200.639848882623,20200.639848882623,0,False,0,False,TREND_OPEN|FUNDED_STOP_RISK_BUDGET_0.01|ENTRY_WARNING_CAP_1|RETAIN_ACTUAL_UNITS
2024-01-02,2929013.537077419,2748746.1933618728,3567763.9469909444,1,29290.135370774191,16003.290646962658,16003.290646962658,0,False,0,False,MARKET_WEAK_WARNING|FUNDED_STOP_RISK_BUDGET_0.01|ENTRY_WARNING_CAP_1|RETAIN_ACTUAL_UNITS
2024-01-03,2922068.2523433622,2748746.1933618728,3567763.9469909444,1,29220.682523433621,9058.0059129058754,5065.6955065213406,0,False,0,True,MARKET_WEAK_WARNING|FUNDED_STOP_RISK_BUDGET_0.01|ENTRY_WARNING_CAP_1|PROTECTIVE_INVENTORY_PENDING
2024-01-04,2920817.828716049,2842694.4760271083,3567763.9469909444,1,29208.178287160492,4240.7816687511149,4240.7816687511149,0,False,0,False,MARKET_WEAK_WARNING|FUNDED_STOP_RISK_BUDGET_0.01|ENTRY_WARNING_CAP_1|RETAIN_ACTUAL_UNITS
2024-01-05,2917932.6429022201,2842694.4760271083,3567763.9469909444,1,29179.326429022203,1504.7633375022335,0,0,False,0,True,MARKET_WEAK_WARNING|FUNDED_STOP_RISK_BUDGET_0.01|ENTRY_WARNING_CAP_1|PROTECTIVE_INVENTORY_PENDING
2024-01-08,2918054.3320236532,2918054.3320236532,3567763.9469909444,1,29180.543320236531,0,0,0,False,0,False,MARKET_WEAK_WARNING|FUNDED_STOP_RISK_BUDGET_0.01|ENTRY_WARNING_CAP_1|RETAIN_ACTUAL_UNITS
2024-01-09,2918054.3320236532,2918054.3320236532,3567763.9469909444,1,29180.543320236531,0,0,0,False,0,False,MARKET_WEAK_WARNING|FUNDED_STOP_RISK_BUDGET_0.01|ENTRY_WARNING_CAP_1|RETAIN_ACTUAL_UNITS
2024-01-10,2918054.3320236532,2918054.3320236532,3567763.9469909444,1,29180.543320236531,0,0,0,False,0,False,MARKET_WEAK_WARNING|FUNDED_STOP_RISK_BUDGET_0.01|ENTRY_WARNING_CAP_1|RETAIN_ACTUAL_UNITS
2024-01-11,2918054.3320236532,2918054.3320236532,3567763.9469909444,1,29180.543320236531,0,0,0,False,0,False,MARKET_WEAK_WARNING|FUNDED_STOP_RISK_BUDGET_0.01|ENTRY_WARNING_CAP_1|RETAIN_ACTUAL_UNITS
2024-01-12,2918054.3320236532,2918054.3320236532,3567763.9469909444,1,29180.543320236531,0,0,0,False,0,False,MARKET_WEAK_WARNING|FUNDED_STOP_RISK_BUDGET_0.01|ENTRY_WARNING_CAP_1|RETAIN_ACTUAL_UNITS
2024-01-15,2918054.3320236532,2918054.3320236532,3567763.9469909444,1,29180.543320236531,0,0,0,False,0,False,MARKET_WEAK_WARNING|FUNDED_STOP_RISK_BUDGET_0.01|ENTRY_WARNING_CAP_1|RETAIN_ACTUAL_UNITS
2024-01-16,2918054.3320236532,2918054.3320236532,3567763.9469909444,1,29180.543320236531,0,0,0,False,0,False,MARKET_WEAK_WARNING|FUNDED_STOP_RISK_BUDGET_0.01|ENTRY_WARNING_CAP_1|RETAIN_ACTUAL_UNITS
2024-01-17,2918054.3320236532,2918054.3320236532,3567763.9469909444,0.25,29180.543320236531,0,0,0,False,0,False,BROAD_TREND_BREAKDOWN|FUNDED_STOP_RISK_BUDGET_0.01|ENTRY_WARNING_CAP_0.25|RETAIN_ACTUAL_UNITS
2024-01-18,2918054.3320236532,2918054.3320236532,3567763.9469909444,0.25,29180.543320236531,0,0,0,False,0,False,RECOVERY_WAIT|FUNDED_STOP_RISK_BUDGET_0.01|ENTRY_WARNING_CAP_0.25|RETAIN_ACTUAL_UNITS
2024-01-19,2918054.3320236532,2918054.3320236532,3567763.9469909444,0.25,29180.543320236531,0,0,0,False,0,False,RECOVERY_WAIT|FUNDED_STOP_RISK_BUDGET_0.01|ENTRY_WARNING_CAP_0.25|RETAIN_ACTUAL_UNITS
2024-01-22,2918054.3320236532,2918054.3320236532,3567763.9469909444,0.25,29180.543320236531,0,0,0,False,0,False,RECOVERY_WAIT|FUNDED_STOP_RISK_BUDGET_0.01|ENTRY_WARNING_CAP_0.25|RETAIN_ACTUAL_UNITS
2024-01-23,2918054.3320236532,2918054.3320236532,3567763.9469909444,0.25,29180.543320236531,0,0,0,False,0,False,RECOVERY_WAIT|FUNDED_STOP_RISK_BUDGET_0.01|ENTRY_WARNING_CAP_0.25|RETAIN_ACTUAL_UNITS
2024-01-24,2918054.3320236532,2918054.3320236532,3567763.9469909444,0.25,29180.543320236531,0,0,0,False,0,False,RECOVERY_WAIT|FUNDED_STOP_RISK_BUDGET_0.01|ENTRY_WARNING_CAP_0.25|RETAIN_ACTUAL_UNITS
2024-01-25,2918054.3320236532,2918054.3320236532,3567763.9469909444,0.25,29180.543320236531,0,0,0,False,0,False,RECOVERY_WAIT|FUNDED_STOP_RISK_BUDGET_0.01|ENTRY_WARNING_CAP_0.25|RETAIN_ACTUAL_UNITS
2024-01-26,2918054.3320236532,2918054.3320236532,3567763.9469909444,0.25,29180.543320236531,0,0,0,False,0,False,RECOVERY_WAIT|FUNDED_STOP_RISK_BUDGET_0.01|ENTRY_WARNING_CAP_0.25|RETAIN_ACTUAL_UNITS
2024-01-29,2918054.3320236532,2918054.3320236532,3567763.9469909444,0.25,29180.543320236531,0,0,0,False,0,False,BROAD_TREND_BREAKDOWN|FUNDED_STOP_RISK_BUDGET_0.01|ENTRY_WARNING_CAP_0.25|RETAIN_ACTUAL_UNITS
2024-01-30,2918054.3320236532,2918054.3320236532,3567763.9469909444,0,29180.543320236531,0,0,0,False,0,False,ACCUMULATED_MARKET_SHOCK|FUNDED_STOP_RISK_BUDGET_0.01|ENTRY_WARNING_CAP_0|RETAIN_ACTUAL_UNITS
2024-01-31,2918054.3320236532,2918054.3320236532,3567763.9469909444,0,29180.543320236531,0,0,0,False,0,False,ACCUMULATED_MARKET_SHOCK|FUNDED_STOP_RISK_BUDGET_0.01|ENTRY_WARNING_CAP_0|RETAIN_ACTUAL_UNITS
2024-02-01,2918054.3320236532,2918054.3320236532,3567763.9469909444,0,29180.543320236531,0,0,0,False,0,False,RECOVERY_WAIT|FUNDED_STOP_RISK_BUDGET_0.01|ENTRY_WARNING_CAP_0|RETAIN_ACTUAL_UNITS
2024-02-02,2918054.3320236532,2918054.3320236532,3567763.9469909444,0,29180.543320236531,0,0,0,False,0,False,RECOVERY_WAIT|FUNDED_STOP_RISK_BUDGET_0.01|ENTRY_WARNING_CAP_0|RETAIN_ACTUAL_UNITS
2024-02-05,2918054.3320236532,2918054.3320236532,3567763.9469909444,0,29180.543320236531,0,0,0,False,0,False,RECOVERY_WAIT|FUNDED_STOP_RISK_BUDGET_0.01|ENTRY_WARNING_CAP_0|RETAIN_ACTUAL_UNITS
2024-02-06,2918054.3320236532,2918054.3320236532,3567763.9469909444,0,29180.543320236531,0,0,0,False,0,False,RECOVERY_WAIT|FUNDED_STOP_RISK_BUDGET_0.01|ENTRY_WARNING_CAP_0|RETAIN_ACTUAL_UNITS
2024-02-07,2918054.3320236532,2918054.3320236532,3567763.9469909444,0,29180.543320236531,0,0,0,False,0,False,RECOVERY_WAIT|FUNDED_STOP_RISK_BUDGET_0.01|ENTRY_WARNING_CAP_0|RETAIN_ACTUAL_UNITS
2024-02-08,2918054.3320236532,2918054.3320236532,3567763.9469909444,0.5,29180.543320236531,0,7295.1358300591328,0,False,0,False,CONFIRMED_RECOVERY|FUNDED_STOP_RISK_BUDGET_0.01|ENTRY_WARNING_CAP_0.5|CASH_FUNDED_SUPPORT_RISK
2024-02-19,2921166.2705627475,2894925.2200176534,3567763.9469909444,0.5,29211.662705627474,5714.67443012884,13017.590106535708,0,False,0,False,RECOVERY_WAIT|FUNDED_STOP_RISK_BUDGET_0.01|ENTRY_WARNING_CAP_0.5|CASH_FUNDED_SUPPORT_RISK
2024-02-20,2919715.9004900232,2849141.5633310857,3567763.9469909444,0.5,29197.159004900233,10637.118074298196,10637.118074298196,0,False,0,False,RECOVERY_WAIT|FUNDED_STOP_RISK_BUDGET_0.01|ENTRY_WARNING_CAP_0.5|RETAIN_ACTUAL_UNITS
2024-02-21,2917100.4880527598,2849141.5633310857,3567763.9469909444,1,29171.004880527598,8021.7056370347327,8021.7056370347327,0,False,0,False,CONFIRMED_RECOVERY|FUNDED_STOP_RISK_BUDGET_0.01|ENTRY_WARNING_CAP_1|RETAIN_ACTUAL_UNITS
2024-02-22,2918915.7718966594,2849141.5633310857,3567763.9469909444,1,29189.157718966595,9836.989480934104,9836.989480934104,0,False,0,False,TREND_OPEN|FUNDED_STOP_RISK_BUDGET_0.01|ENTRY_WARNING_CAP_1|RETAIN_ACTUAL_UNITS
2024-02-23,2917250.1875951621,2849141.5633310857,3567763.9469909444,1,29172.501875951621,8171.4051794367997,8171.4051794367997,0,False,0,False,TREND_OPEN|FUNDED_STOP_RISK_BUDGET_0.01|ENTRY_WARNING_CAP_1|RETAIN_ACTUAL_UNITS
2024-02-26,2917570.1043375977,2849141.5633310857,3567763.9469909444,1,29175.701043375979,8491.3219218724171,8491.3219218724171,0,False,0,False,TREND_OPEN|FUNDED_STOP_RISK_BUDGET_0.01|ENTRY_WARNING_CAP_1|RETAIN_ACTUAL_UNITS
2024-02-27,2923688.7666233429,2849141.5633310857,3567763.9469909444,1,29236.88766623343,14609.984207617515,14609.984207617515,0,False,0,False,TREND_OPEN|FUNDED_STOP_RISK_BUDGET_0.01|ENTRY_WARNING_CAP_1|RETAIN_ACTUAL_UNITS
2024-02-28,2919378.5574227944,2849141.5633310857,3567763.9469909444,1,29193.785574227946,10299.775007069402,10299.775007069402,0,False,0,False,TREND_OPEN|FUNDED_STOP_RISK_BUDGET_0.01|ENTRY_WARNING_CAP_1|RETAIN_ACTUAL_UNITS
2024-02-29,2922740.8059557793,2849141.5633310857,3567763.9469909444,1,29227.408059557794,13662.023540054239,13662.023540054239,0,False,0,False,TREND_OPEN|FUNDED_STOP_RISK_BUDGET_0.01|ENTRY_WARNING_CAP_1|RETAIN_ACTUAL_UNITS
2024-03-01,2924219.4205625695,2849141.5633310857,3567763.9469909444,1,29242.194205625696,15098.484653286574,15098.484653286574,0,False,0,False,TREND_OPEN|FUNDED_STOP_RISK_BUDGET_0.01|ENTRY_WARNING_CAP_1|RETAIN_ACTUAL_UNITS
2024-03-04,2924563.3606660753,2849141.5633310857,3567763.9469909444,1,29245.633606660755,14670.98434549374,14670.98434549374,0,False,0,False,TREND_OPEN|FUNDED_STOP_RISK_BUDGET_0.01|ENTRY_WARNING_CAP_1|RETAIN_ACTUAL_UNITS
2024-03-05,2923301.9564967491,2849141.5633310857,3567763.9469909444,1,29233.01956496749,13362.61895218334,13362.61895218334,0,False,0,False,TREND_OPEN|FUNDED_STOP_RISK_BUDGET_0.01|ENTRY_WARNING_CAP_1|RETAIN_ACTUAL_UNITS
2024-03-06,2922260.4771547457,2849141.5633310857,3567763.9469909444,1,29222.604771547456,12321.139610180062,12321.139610180062,0,False,0,False,TREND_OPEN|FUNDED_STOP_RISK_BUDGET_0.01|ENTRY_WARNING_CAP_1|RETAIN_ACTUAL_UNITS
2024-03-07,2919845.0440582493,2849141.5633310857,3567763.9469909444,1,29198.450440582496,9905.7065136835481,9905.7065136835481,0,False,0,False,TREND_OPEN|FUNDED_STOP_RISK_BUDGET_0.01|ENTRY_WARNING_CAP_1|RETAIN_ACTUAL_UNITS
2024-03-08,2922634.9286177,2849141.5633310857,3567763.9469909444,1,29226.349286176999,12336.499398208902,12336.499398208902,0,False,0,False,TREND_OPEN|FUNDED_STOP_RISK_BUDGET_0.01|ENTRY_WARNING_CAP_1|RETAIN_ACTUAL_UNITS
2024-03-11,2922608.8605630025,2849141.5633310857,3567763.9469909444,1,29226.088605630026,12310.431343511154,12310.431343511154,0,False,0,False,TREND_OPEN|FUNDED_STOP_RISK_BUDGET_0.01|ENTRY_WARNING_CAP_1|RETAIN_ACTUAL_UNITS
2024-03-12,2919626.323848397,2849141.5633310857,3567763.9469909444,1,29196.263238483971,9251.2284990739863,9251.2284990739863,0,False,0,False,TREND_OPEN|FUNDED_STOP_RISK_BUDGET_0.01|ENTRY_WARNING_CAP_1|RETAIN_ACTUAL_UNITS
2024-03-13,2920009.0068045445,2849141.5633310857,3567763.9469909444,1,29200.090068045447,7706.3578018688859,7706.3578018688859,0,False,0,False,TREND_OPEN|FUNDED_STOP_RISK_BUDGET_0.01|ENTRY_WARNING_CAP_1|RETAIN_ACTUAL_UNITS
2024-03-14,2922605.9457444497,2849141.5633310857,3567763.9469909444,1,29226.059457444499,9779.7978567396076,9779.7978567396076,0,False,0,False,TREND_OPEN|FUNDED_STOP_RISK_BUDGET_0.01|ENTRY_WARNING_CAP_1|RETAIN_ACTUAL_UNITS
2024-03-15,2924499.4301519082,2849141.5633310857,3567763.9469909444,1,29244.994301519084,9187.4754081371793,9187.4754081371793,0,False,0,False,TREND_OPEN|FUNDED_STOP_RISK_BUDGET_0.01|ENTRY_WARNING_CAP_1|RETAIN_ACTUAL_UNITS
2024-03-18,2927099.0201391731,2849141.5633310857,3567763.9469909444,1,29270.990201391731,8548.3582305652017,8548.3582305652017,0,False,0,False,TREND_OPEN|FUNDED_STOP_RISK_BUDGET_0.01|ENTRY_WARNING_CAP_1|RETAIN_ACTUAL_UNITS
2024-03-19,2925836.5914671961,2849141.5633310857,3567763.9469909444,1,29258.365914671962,7616.4007113842499,7616.4007113842499,0,False,0,False,TREND_OPEN|FUNDED_STOP_RISK_BUDGET_0.01|ENTRY_WARNING_CAP_1|RETAIN_ACTUAL_UNITS
2024-03-20,2925538.9022279042,2849141.5633310857,3567763.9469909444,1,29255.389022279043,7565.0138740711609,7565.0138740711609,0,False,0,False,TREND_OPEN|FUNDED_STOP_RISK_BUDGET_0.01|ENTRY_WARNING_CAP_1|RETAIN_ACTUAL_UNITS
2024-03-21,2924671.240069564,2849141.5633310857,3567763.9469909444,1,29246.71240069564,7216.7285199033631,6356.7353815659071,0,False,0,True,TREND_OPEN|FUNDED_STOP_RISK_BUDGET_0.01|ENTRY_WARNING_CAP_1|PROTECTIVE_INVENTORY_PENDING
2024-03-22,2924577.314620771,2891891.0435603149,3567763.9469909444,1,29245.77314620771,6512.9866204162554,21135.87319352011,0,False,0,False,TREND_OPEN|FUNDED_STOP_RISK_BUDGET_0.01|ENTRY_WARNING_CAP_1|CASH_FUNDED_SUPPORT_RISK
2024-03-25,2921489.0540647609,2821602.5733083151,3567763.9469909444,0,29214.890540647611,16348.34421841424,16348.34421841424,0,False,0,False,CROSS_SECTION_SHOCK|FUNDED_STOP_RISK_BUDGET_0.01|ENTRY_WARNING_CAP_0|RETAIN_ACTUAL_UNITS
2024-03-26,2915935.330700411,2821602.5733083151,3567763.9469909444,0,29159.353307004112,10718.555690535879,10718.555690535879,0,False,0,False,RECOVERY_WAIT|FUNDED_STOP_RISK_BUDGET_0.01|ENTRY_WARNING_CAP_0|RETAIN_ACTUAL_UNITS
2024-03-27,2912155.3624831382,2821602.5733083151,3567763.9469909444,0,29121.553624831384,6910.4279093387358,6910.4279093387358,0,False,0,False,CROSS_SECTION_SHOCK|FUNDED_STOP_RISK_BUDGET_0.01|ENTRY_WARNING_CAP_0|RETAIN_ACTUAL_UNITS
2024-03-28,2913213.6585403243,2821602.5733083151,3567763.9469909444,0,29132.136585403245,7474.7296652363275,7474.7296652363275,0,False,0,False,RECOVERY_WAIT|FUNDED_STOP_RISK_BUDGET_0.01|ENTRY_WARNING_CAP_0|RETAIN_ACTUAL_UNITS
2024-03-29,2912202.9723289981,2821602.5733083151,3567763.9469909444,0,29122.029723289983,5808.4475495436072,5808.4475495436072,0,False,0,False,RECOVERY_WAIT|FUNDED_STOP_RISK_BUDGET_0.01|ENTRY_WARNING_CAP_0|RETAIN_ACTUAL_UNITS
2024-04-01,2918329.6872710702,2821602.5733083151,3567763.9469909444,0,29183.296872710704,11352.16917152176,11352.16917152176,0,False,0,False,RECOVERY_WAIT|FUNDED_STOP_RISK_BUDGET_0.01|ENTRY_WARNING_CAP_0|RETAIN_ACTUAL_UNITS
2024-04-02,2918266.7039059359,2821602.5733083151,3567763.9469909444,0,29182.667039059361,11289.18580638745,11289.18580638745,0,False,0,False,RECOVERY_WAIT|FUNDED_STOP_RISK_BUDGET_0.01|ENTRY_WARNING_CAP_0|RETAIN_ACTUAL_UNITS
2024-04-03,2913400.438047993,2821602.5733083151,3567763.9469909444,0,29134.004380479932,6422.9199484448127,6422.9199484448127,0,False,0,False,RECOVERY_WAIT|FUNDED_STOP_RISK_BUDGET_0.01|ENTRY_WARNING_CAP_0|RETAIN_ACTUAL_UNITS
2024-04-08,2915924.4580480023,2821602.5733083151,3567763.9469909444,0,29159.244580480023,8946.9399484540081,8946.9399484540081,0,False,0,False,RECOVERY_WAIT|FUNDED_STOP_RISK_BUDGET_0.01|ENTRY_WARNING_CAP_0|RETAIN_ACTUAL_UNITS
2024-04-09,2913681.0462709535,2821602.5733083151,3567763.9469909444,0,29136.810462709534,5719.7366544955803,5719.7366544955803,0,False,0,False,RECOVERY_WAIT|FUNDED_STOP_RISK_BUDGET_0.01|ENTRY_WARNING_CAP_0|RETAIN_ACTUAL_UNITS
2024-04-10,2909904.6629579333,2821602.5733083151,3567763.9469909444,0,29099.046629579334,3790.4282647465707,2617.9236868186308,0,False,0,True,RECOVERY_WAIT|FUNDED_STOP_RISK_BUDGET_0.01|ENTRY_WARNING_CAP_0|PROTECTIVE_INVENTORY_PENDING
2024-04-11,2911027.8119644299,2880623.4958098214,3567763.9469909444,0,29110.278119644299,3345.3790882061439,3345.3790882061439,0,False,0,False,RECOVERY_WAIT|FUNDED_STOP_RISK_BUDGET_0.01|ENTRY_WARNING_CAP_0|RETAIN_ACTUAL_UNITS
2024-04-12,2914634.1821329137,2880623.4958098214,3567763.9469909444,0,29146.341821329137,6405.1560951437077,6405.1560951437077,0,False,0,False,RECOVERY_WAIT|FUNDED_STOP_RISK_BUDGET_0.01|ENTRY_WARNING_CAP_0|RETAIN_ACTUAL_UNITS
2024-04-15,2914144.251508533,2880623.4958098214,3567763.9469909444,0,29141.442515085331,3891.972249752228,3891.972249752228,0,False,0,False,RECOVERY_WAIT|FUNDED_STOP_RISK_BUDGET_0.01|ENTRY_WARNING_CAP_0|RETAIN_ACTUAL_UNITS
2024-04-16,2914367.4675640333,2880623.4958098214,3567763.9469909444,0,29143.674675640334,4067.1110009910808,4067.1110009910808,0,False,0,False,RECOVERY_WAIT|FUNDED_STOP_RISK_BUDGET_0.01|ENTRY_WARNING_CAP_0|RETAIN_ACTUAL_UNITS
2024-04-17,2915448.0622121999,2880623.4958098214,3567763.9469909444,0,29154.480622121999,5147.7056491575813,5147.7056491575813,0,False,0,False,RECOVERY_WAIT|FUNDED_STOP_RISK_BUDGET_0.01|ENTRY_WARNING_CAP_0|RETAIN_ACTUAL_UNITS
2024-04-18,2914738.9219743409,2880623.4958098214,3567763.9469909444,0,29147.389219743411,4438.5654112983166,4438.5654112983166,0,False,0,False,RECOVERY_WAIT|FUNDED_STOP_RISK_BUDGET_0.01|ENTRY_WARNING_CAP_0|RETAIN_ACTUAL_UNITS
2024-04-19,2913528.9764837562,2880623.4958098214,3567763.9469909444,0,29135.289764837562,3228.6199207135764,3228.6199207135764,0,False,0,False,RECOVERY_WAIT|FUNDED_STOP_RISK_BUDGET_0.01|ENTRY_WARNING_CAP_0|RETAIN_ACTUAL_UNITS
2024-04-22,2911920.6761864321,2880623.4958098214,3567763.9469909444,0,29119.206761864323,1620.3196233894962,1620.3196233894962,0,False,0,False,RECOVERY_WAIT|FUNDED_STOP_RISK_BUDGET_0.01|ENTRY_WARNING_CAP_0|RETAIN_ACTUAL_UNITS
2024-04-23,2912696.7812409415,2880623.4958098214,3567763.9469909444,0,29126.967812409417,2396.4246778989082,2396.4246778989082,0,False,0,False,RECOVERY_WAIT|FUNDED_STOP_RISK_BUDGET_0.01|ENTRY_WARNING_CAP_0|RETAIN_ACTUAL_UNITS
2024-04-24,2911357.4849079382,2880623.4958098214,3567763.9469909444,0,29113.574849079381,1057.1283448959373,1057.1283448959373,0,False,0,False,RECOVERY_WAIT|FUNDED_STOP_RISK_BUDGET_0.01|ENTRY_WARNING_CAP_0|RETAIN_ACTUAL_UNITS
2024-04-25,2910231.1023509512,2880623.4958098214,3567763.9469909444,0,29102.311023509512,592.15213082259652,0,0,False,0,True,RECOVERY_WAIT|FUNDED_STOP_RISK_BUDGET_0.01|ENTRY_WARNING_CAP_0|PROTECTIVE_INVENTORY_PENDING
2024-04-26,2911282.8481343524,2911282.8481343524,3567763.9469909444,0.5,29112.828481343524,0,14556.414240671762,0,False,0,False,CONFIRMED_RECOVERY|FUNDED_STOP_RISK_BUDGET_0.01|ENTRY_WARNING_CAP_0.5|CASH_FUNDED_SUPPORT_RISK
2024-04-29,2912307.3135757516,2831089.9113904322,3567763.9469909444,0.5,29123.073135757517,13032.002308407327,13032.002308407327,0,False,0,False,RECOVERY_WAIT|FUNDED_STOP_RISK_BUDGET_0.01|ENTRY_WARNING_CAP_0.5|RETAIN_ACTUAL_UNITS
2024-04-30,2911615.3659922336,2831089.9113904322,3567763.9469909444,0.5,29116.153659922336,12309.191438473164,12309.191438473164,0,False,0,False,RECOVERY_WAIT|FUNDED_STOP_RISK_BUDGET_0.01|ENTRY_WARNING_CAP_0.5|RETAIN_ACTUAL_UNITS
2024-05-06,2910663.8964269501,2831089.9113904322,3567763.9469909444,1,29106.638964269503,11339.354453956872,11339.354453956872,0,False,0,False,CONFIRMED_RECOVERY|FUNDED_STOP_RISK_BUDGET_0.01|ENTRY_WARNING_CAP_1|RETAIN_ACTUAL_UNITS
2024-05-07,2908040.5581065961,2831089.9113904322,3567763.9469909444,1,29080.405581065963,8716.0161336028941,8716.0161336028941,0,False,0,False,TREND_OPEN|FUNDED_STOP_RISK_BUDGET_0.01|ENTRY_WARNING_CAP_1|RETAIN_ACTUAL_UNITS
2024-05-08,2907804.4720406095,2831089.9113904322,3567763.9469909444,1,29078.044720406095,8479.9300676162129,8479.9300676162129,0,False,0,False,TREND_OPEN|FUNDED_STOP_RISK_BUDGET_0.01|ENTRY_WARNING_CAP_1|RETAIN_ACTUAL_UNITS
2024-05-09,2907762.1014893181,2831089.9113904322,3567763.9469909444,1,29077.621014893182,8437.5595163247635,8437.5595163247635,0,False,0,False,TREND_OPEN|FUNDED_STOP_RISK_BUDGET_0.01|ENTRY_WARNING_CAP_1|RETAIN_ACTUAL_UNITS
2024-05-10,2907174.6996896379,2831089.9113904322,3567763.9469909444,1,29071.746996896378,7850.1577166445331,7850.1577166445331,0,False,0,False,MARKET_WEAK_WARNING|FUNDED_STOP_RISK_BUDGET_0.01|ENTRY_WARNING_CAP_1|RETAIN_ACTUAL_UNITS
2024-05-13,2907067.3625606298,2831089.9113904322,3567763.9469909444,1,29070.673625606298,7742.8205876367574,7742.8205876367574,0,False,0,False,MARKET_WEAK_WARNING|FUNDED_STOP_RISK_BUDGET_0.01|ENTRY_WARNING_CAP_1|RETAIN_ACTUAL_UNITS
2024-05-14,2904117.7061438113,2831089.9113904322,3567763.9469909444,1,29041.177061438113,4793.1641708182087,4793.1641708182087,0,False,0,False,MARKET_WEAK_WARNING|FUNDED_STOP_RISK_BUDGET_0.01|ENTRY_WARNING_CAP_1|RETAIN_ACTUAL_UNITS
2024-05-15,2904707.4094220586,2831089.9113904322,3567763.9469909444,1,29047.074094220588,5337.1046532901801,3833.9227517475933,0,False,0,True,MARKET_WEAK_WARNING|FUNDED_STOP_RISK_BUDGET_0.01|ENTRY_WARNING_CAP_1|PROTECTIVE_INVENTORY_PENDING
2024-05-16,2906709.9846355016,2865372.2508361442,3567763.9469909444,1,29067.099846355017,4837.6068628377125,19371.156786015224,0,False,0,False,MARKET_WEAK_WARNING|FUNDED_STOP_RISK_BUDGET_0.01|ENTRY_WARNING_CAP_1|CASH_FUNDED_SUPPORT_RISK
2024-05-17,2913980.0309026316,2786507.986457244,3567763.9469909444,1,29139.800309026316,21246.954137046316,21246.954137046316,0,False,0,False,TREND_OPEN|FUNDED_STOP_RISK_BUDGET_0.01|ENTRY_WARNING_CAP_1|RETAIN_ACTUAL_UNITS
2024-05-20,2918891.6806627344,2786507.986457244,3567763.9469909444,1,29188.916806627345,23813.430796908142,23813.430796908142,0,False,0,False,TREND_OPEN|FUNDED_STOP_RISK_BUDGET_0.01|ENTRY_WARNING_CAP_1|RETAIN_ACTUAL_UNITS
2024-05-21,2914740.5242979806,2786507.986457244,3567763.9469909444,1,29147.405242979807,19558.543679273062,19558.543679273062,0,False,0,False,TREND_OPEN|FUNDED_STOP_RISK_BUDGET_0.01|ENTRY_WARNING_CAP_1|RETAIN_ACTUAL_UNITS
2024-05-22,2915024.0271434528,2786507.986457244,3567763.9469909444,1,29150.24027143453,19707.603038065026,19707.603038065026,0,False,0,False,TREND_OPEN|FUNDED_STOP_RISK_BUDGET_0.01|ENTRY_WARNING_CAP_1|RETAIN_ACTUAL_UNITS
2024-05-23,2911804.9747037804,2786507.986457244,3567763.9469909444,1,29118.049747037803,16320.985536045917,16320.985536045917,0,False,0,False,MARKET_WEAK_WARNING|FUNDED_STOP_RISK_BUDGET_0.01|ENTRY_WARNING_CAP_1|RETAIN_ACTUAL_UNITS
2024-05-24,2905637.5269484166,2786507.986457244,3567763.9469909444,1,29056.375269484168,10153.537780682473,10153.537780682473,0,False,0,False,MARKET_WEAK_WARNING|FUNDED_STOP_RISK_BUDGET_0.01|ENTRY_WARNING_CAP_1|RETAIN_ACTUAL_UNITS
2024-05-27,2909281.7978004827,2786507.986457244,3567763.9469909444,1,29092.817978004827,12152.569637849594,12152.569637849594,0,False,0,False,TREND_OPEN|FUNDED_STOP_RISK_BUDGET_0.01|ENTRY_WARNING_CAP_1|RETAIN_ACTUAL_UNITS
2024-05-28,2907413.6182501013,2786507.986457244,3567763.9469909444,1,29074.136182501014,10284.390087468151,10284.390087468151,0,False,0,False,MARKET_WEAK_WARNING|FUNDED_STOP_RISK_BUDGET_0.01|ENTRY_WARNING_CAP_1|RETAIN_ACTUAL_UNITS
2024-05-29,2906994.8149346914,2786507.986457244,3567763.9469909444,1,29069.948149346914,9244.74323996575,9244.74323996575,0,False,0,False,MARKET_WEAK_WARNING|FUNDED_STOP_RISK_BUDGET_0.01|ENTRY_WARNING_CAP_1|RETAIN_ACTUAL_UNITS
2024-05-30,2906586.8410930741,2786507.986457244,3567763.9469909444,1,29065.86841093074,8836.7693983482695,8836.7693983482695,0,False,0,False,MARKET_WEAK_WARNING|FUNDED_STOP_RISK_BUDGET_0.01|ENTRY_WARNING_CAP_1|RETAIN_ACTUAL_UNITS
2024-05-31,2907667.5300991409,2786507.986457244,3567763.9469909444,1,29076.67530099141,9917.4584044155436,9917.4584044155436,0,False,0,False,MARKET_WEAK_WARNING|FUNDED_STOP_RISK_BUDGET_0.01|ENTRY_WARNING_CAP_1|RETAIN_ACTUAL_UNITS
2024-06-03,2914864.2701971405,2786507.986457244,3567763.9469909444,1,29148.642701971406,16998.272987583936,16998.272987583936,0,False,0,False,TREND_OPEN|FUNDED_STOP_RISK_BUDGET_0.01|ENTRY_WARNING_CAP_1|RETAIN_ACTUAL_UNITS
2024-06-04,2914600.3520249217,2786507.986457244,3567763.9469909444,1,29146.003520249218,16016.21883388015,16016.21883388015,0,False,0,False,TREND_OPEN|FUNDED_STOP_RISK_BUDGET_0.01|ENTRY_WARNING_CAP_1|RETAIN_ACTUAL_UNITS
2024-06-05,2913425.228556748,2786507.986457244,3567763.9469909444,1,29134.25228556748,14841.095365706375,14841.095365706375,0,False,0,False,TREND_OPEN|FUNDED_STOP_RISK_BUDGET_0.01|ENTRY_WARNING_CAP_1|RETAIN_ACTUAL_UNITS
2024-06-06,2910640.4931851882,2786507.986457244,3567763.9469909444,1,29106.404931851881,9340.6944594858633,9340.6944594858633,0,False,0,False,TREND_OPEN|FUNDED_STOP_RISK_BUDGET_0.01|ENTRY_WARNING_CAP_1|RETAIN_ACTUAL_UNITS
2024-06-07,2912703.0009144014,2786507.986457244,3567763.9469909444,1,29127.030009144015,11403.202188699383,11403.202188699383,0,False,0,False,TREND_OPEN|FUNDED_STOP_RISK_BUDGET_0.01|ENTRY_WARNING_CAP_1|RETAIN_ACTUAL_UNITS
2024-06-11,2917243.1219640751,2786507.986457244,3567763.9469909444,1,29172.431219640752,15943.323238373119,15943.323238373119,0,False,0,False,TREND_OPEN|FUNDED_STOP_RISK_BUDGET_0.01|ENTRY_WARNING_CAP_1|RETAIN_ACTUAL_UNITS
2024-06-12,2916974.6345477244,2786507.986457244,3567763.9469909444,1,29169.746345477244,13936.173215602339,13936.173215602339,0,False,0,False,TREND_OPEN|FUNDED_STOP_RISK_BUDGET_0.01|ENTRY_WARNING_CAP_1|RETAIN_ACTUAL_UNITS
2024-06-13,2921558.9122631773,2786507.986457244,3567763.9469909444,1,29215.589122631773,17649.779538263323,17649.779538263323,0,False,0,False,TREND_OPEN|FUNDED_STOP_RISK_BUDGET_0.01|ENTRY_WARNING_CAP_1|RETAIN_ACTUAL_UNITS
2024-06-14,2930134.1776273143,2786507.986457244,3567763.9469909444,1,29301.341776273144,21130.54509132919,21130.54509132919,0,False,0,False,TREND_OPEN|FUNDED_STOP_RISK_BUDGET_0.01|ENTRY_WARNING_CAP_1|RETAIN_ACTUAL_UNITS
2024-06-17,2936081.7067774879,2786507.986457244,3567763.9469909444,1,29360.817067774879,23274.711374173839,23274.711374173839,0,False,0,False,TREND_OPEN|FUNDED_STOP_RISK_BUDGET_0.01|ENTRY_WARNING_CAP_1|RETAIN_ACTUAL_UNITS
2024-06-18,2937645.6247301851,2786507.986457244,3567763.9469909444,1,29376.456247301852,22039.600417247111,22039.600417247111,0,False,0,False,TREND_OPEN|FUNDED_STOP_RISK_BUDGET_0.01|ENTRY_WARNING_CAP_1|RETAIN_ACTUAL_UNITS
2024-06-19,2941191.7548591709,2786507.986457244,3567763.9469909444,1,29411.917548591708,22640.694590890489,22640.694590890489,0,False,0,False,TREND_OPEN|FUNDED_STOP_RISK_BUDGET_0.01|ENTRY_WARNING_CAP_1|RETAIN_ACTUAL_UNITS
2024-06-20,2939100.7746117273,2786507.986457244,3567763.9469909444,1,29391.007746117273,20549.714343447129,20549.714343447129,0,False,0,False,TREND_OPEN|FUNDED_STOP_RISK_BUDGET_0.01|ENTRY_WARNING_CAP_1|RETAIN_ACTUAL_UNITS
2024-06-21,2939178.9127808651,2786507.986457244,3567763.9469909444,1,29391.78912780865,20627.852512584475,20627.852512584475,0,False,0,False,TREND_OPEN|FUNDED_STOP_RISK_BUDGET_0.01|ENTRY_WARNING_CAP_1|RETAIN_ACTUAL_UNITS
2024-06-24,2934293.4079548083,2786507.986457244,3567763.9469909444,0,29342.934079548082,15386.99066084175,15386.99066084175,0,False,0,False,CROSS_SECTION_SHOCK|FUNDED_STOP_RISK_BUDGET_0.01|ENTRY_WARNING_CAP_0|RETAIN_ACTUAL_UNITS
2024-06-25,2927479.8611265854,2786507.986457244,3567763.9469909444,0,29274.798611265855,8485.1730001702454,8485.1730001702454,0,False,0,False,ACCUMULATED_MARKET_SHOCK|FUNDED_STOP_RISK_BUDGET_0.01|ENTRY_WARNING_CAP_0|RETAIN_ACTUAL_UNITS
2024-06-26,2931519.1274532634,2786507.986457244,3567763.9469909444,0,29315.191274532634,12505.681774952582,12505.681774952582,0,False,0,False,RECOVERY_WAIT|FUNDED_STOP_RISK_BUDGET_0.01|ENTRY_WARNING_CAP_0|RETAIN_ACTUAL_UNITS
2024-06-27,2927734.7485676832,2786507.986457244,3567763.9469909444,0,29277.347485676833,8641.1569858192452,8641.1569858192452,0,False,0,False,RECOVERY_WAIT|FUNDED_STOP_RISK_BUDGET_0.01|ENTRY_WARNING_CAP_0|RETAIN_ACTUAL_UNITS
2024-06-28,2928022.4551736722,2786507.986457244,3567763.9469909444,0,29280.224551736723,8928.863591808431,8928.863591808431,0,False,0,False,RECOVERY_WAIT|FUNDED_STOP_RISK_BUDGET_0.01|ENTRY_WARNING_CAP_0|RETAIN_ACTUAL_UNITS
2024-07-01,2933239.603729493,2786507.986457244,3567763.9469909444,0,29332.39603729493,14146.012147629322,14146.012147629322,0,False,0,False,RECOVERY_WAIT|FUNDED_STOP_RISK_BUDGET_0.01|ENTRY_WARNING_CAP_0|RETAIN_ACTUAL_UNITS
2024-07-02,2931062.7330197599,2786507.986457244,3567763.9469909444,0,29310.6273301976,11914.509941840572,11914.509941840572,0,False,0,False,RECOVERY_WAIT|FUNDED_STOP_RISK_BUDGET_0.01|ENTRY_WARNING_CAP_0|RETAIN_ACTUAL_UNITS
2024-07-03,2928872.7668712661,2786507.986457244,3567763.9469909444,0,29288.727668712661,9724.5437933463108,9724.5437933463108,0,False,0,False,RECOVERY_WAIT|FUNDED_STOP_RISK_BUDGET_0.01|ENTRY_WARNING_CAP_0|RETAIN_ACTUAL_UNITS
2024-07-04,2929155.6901724632,2786507.986457244,3567763.9469909444,0,29291.556901724631,10007.467094543836,10007.467094543836,0,False,0,False,RECOVERY_WAIT|FUNDED_STOP_RISK_BUDGET_0.01|ENTRY_WARNING_CAP_0|RETAIN_ACTUAL_UNITS
2024-07-05,2929271.9620786752,2786507.986457244,3567763.9469909444,0,29292.719620786753,10014.604153364351,10014.604153364351,0,False,0,False,RECOVERY_WAIT|FUNDED_STOP_RISK_BUDGET_0.01|ENTRY_WARNING_CAP_0|RETAIN_ACTUAL_UNITS
2024-07-08,2929378.4338613804,2786507.986457244,3567763.9469909444,0,29293.784338613805,9876.6259148444842,9876.6259148444842,0,False,0,False,RECOVERY_WAIT|FUNDED_STOP_RISK_BUDGET_0.01|ENTRY_WARNING_CAP_0|RETAIN_ACTUAL_UNITS
2024-07-09,2938655.4738783226,2786507.986457244,3567763.9469909444,0,29386.554738783227,17112.771835793716,17112.771835793716,0,False,0,False,RECOVERY_WAIT|FUNDED_STOP_RISK_BUDGET_0.01|ENTRY_WARNING_CAP_0|RETAIN_ACTUAL_UNITS
2024-07-10,2940791.2863524714,2786507.986457244,3567763.9469909444,0,29407.912863524714,18939.198682699003,18939.198682699003,0,False,0,False,RECOVERY_WAIT|FUNDED_STOP_RISK_BUDGET_0.01|ENTRY_WARNING_CAP_0|RETAIN_ACTUAL_UNITS
2024-07-11,2934939.3720025094,2786507.986457244,3567763.9469909444,0.5,29349.393720025095,11875.566541846802,11875.566541846802,0,False,0,False,CONFIRMED_RECOVERY|FUNDED_STOP_RISK_BUDGET_0.01|ENTRY_WARNING_CAP_0.5|RETAIN_ACTUAL_UNITS
2024-07-12,2932424.0810101326,2786507.986457244,3567763.9469909444,0.5,29324.240810101328,7431.7467142156756,7431.7467142156756,0,False,0,False,RECOVERY_WAIT|FUNDED_STOP_RISK_BUDGET_0.01|ENTRY_WARNING_CAP_0.5|RETAIN_ACTUAL_UNITS
2024-07-15,2935896.7820910276,2786507.986457244,3567763.9469909444,0.5,29358.967820910275,10904.447795110902,10904.447795110902,0,False,0,False,RECOVERY_WAIT|FUNDED_STOP_RISK_BUDGET_0.01|ENTRY_WARNING_CAP_0.5|RETAIN_ACTUAL_UNITS
2024-07-16,2955388.7382429386,2786507.986457244,3567763.9469909444,1,29822.301710363943,20511.441585515662,20511.441585515662,0,False,0,False,CONFIRMED_RECOVERY|FUNDED_STOP_RISK_BUDGET_0.010090822|ENTRY_WARNING_CAP_1|RETAIN_ACTUAL_UNITS
2024-07-17,2952774.6566327298,2786507.986457244,3567763.9469909444,1,29527.7465663273,17702.161066277768,17702.161066277768,0,False,0,False,TREND_OPEN|FUNDED_STOP_RISK_BUDGET_0.01|ENTRY_WARNING_CAP_1|RETAIN_ACTUAL_UNITS
2024-07-18,2954609.0850919746,2786507.986457244,3567763.9469909444,1,29546.090850919747,18969.415991116824,18969.415991116824,0,False,0,False,TREND_OPEN|FUNDED_STOP_RISK_BUDGET_0.01|ENTRY_WARNING_CAP_1|RETAIN_ACTUAL_UNITS
2024-07-19,2959299.742554965,2786507.986457244,3567763.9469909444,1,33733.306022390258,19413.021606651106,19413.021606651106,0,False,0,False,TREND_OPEN|FUNDED_STOP_RISK_BUDGET_0.011399084|ENTRY_WARNING_CAP_1|RETAIN_ACTUAL_UNITS
2024-07-22,2957744.5608298373,2786507.986457244,3567763.9469909444,1,32178.124297262635,17965.204547264235,17965.204547264235,0,False,0,False,TREND_OPEN|FUNDED_STOP_RISK_BUDGET_0.010879278|ENTRY_WARNING_CAP_1|RETAIN_ACTUAL_UNITS
2024-07-23,2948727.3266301779,2786507.986457244,3567763.9469909444,0,29487.273266301781,10413.549886618679,9385.8977989557279,0,False,0,True,CROSS_SECTION_SHOCK|FUNDED_STOP_RISK_BUDGET_0.01|ENTRY_WARNING_CAP_0|PROTECTIVE_INVENTORY_PENDING
2024-07-24,2954024.536006907,2837447.5212342278,3567763.9469909444,0,29540.245360069071,15126.176781848288,15126.176781848288,0,False,0,False,ACCUMULATED_MARKET_SHOCK|FUNDED_STOP_RISK_BUDGET_0.01|ENTRY_WARNING_CAP_0|RETAIN_ACTUAL_UNITS
2024-07-25,2951578.3639985868,2837447.5212342278,3567763.9469909444,0,29515.783639985868,12680.004773528033,12680.004773528033,0,False,0,False,ACCUMULATED_MARKET_SHOCK|FUNDED_STOP_RISK_BUDGET_0.01|ENTRY_WARNING_CAP_0|RETAIN_ACTUAL_UNITS
2024-07-26,2949303.3839077433,2837447.5212342278,3567763.9469909444,0,29493.033839077434,10405.024682684556,10405.024682684556,0,False,0,False,RECOVERY_WAIT|FUNDED_STOP_RISK_BUDGET_0.01|ENTRY_WARNING_CAP_0|RETAIN_ACTUAL_UNITS
2024-07-29,2947413.5856312225,2837447.5212342278,3567763.9469909444,0,29474.135856312227,8515.2264061637816,8515.2264061637816,0,False,0,False,RECOVERY_WAIT|FUNDED_STOP_RISK_BUDGET_0.01|ENTRY_WARNING_CAP_0|RETAIN_ACTUAL_UNITS
2024-07-30,2946461.9993086853,2837447.5212342278,3567763.9469909444,0,29464.619993086853,7563.640083626954,7563.640083626954,0,False,0,False,RECOVERY_WAIT|FUNDED_STOP_RISK_BUDGET_0.01|ENTRY_WARNING_CAP_0|RETAIN_ACTUAL_UNITS
2024-07-31,2955285.7389614428,2837447.5212342278,3567763.9469909444,0,29719.302428868134,16387.379736384093,16387.379736384093,0,False,0,False,RECOVERY_WAIT|FUNDED_STOP_RISK_BUDGET_0.010056321|ENTRY_WARNING_CAP_0|RETAIN_ACTUAL_UNITS
2024-08-01,2952566.0611162162,2837447.5212342278,3567763.9469909444,0,29525.660611162162,13667.701891157616,13667.701891157616,0,False,0,False,RECOVERY_WAIT|FUNDED_STOP_RISK_BUDGET_0.01|ENTRY_WARNING_CAP_0|RETAIN_ACTUAL_UNITS
2024-08-02,2946776.2969696778,2837447.5212342278,3567763.9469909444,0,29467.762969696778,7877.9377446194394,7877.9377446194394,0,False,0,False,RECOVERY_WAIT|FUNDED_STOP_RISK_BUDGET_0.01|ENTRY_WARNING_CAP_0|RETAIN_ACTUAL_UNITS
2024-08-05,2939860.4109909879,2837447.5212342278,3567763.9469909444,0,29398.60410990988,2048.2577951352041,2048.2577951352041,0,False,0,False,RECOVERY_WAIT|FUNDED_STOP_RISK_BUDGET_0.01|ENTRY_WARNING_CAP_0|RETAIN_ACTUAL_UNITS
2024-08-06,2941552.2686129264,2837447.5212342278,3567763.9469909444,0,29415.522686129265,2653.9093878677231,2653.9093878677231,0,False,0,False,RECOVERY_WAIT|FUNDED_STOP_RISK_BUDGET_0.01|ENTRY_WARNING_CAP_0|RETAIN_ACTUAL_UNITS
2024-08-07,2939774.8150322498,2837447.5212342278,3567763.9469909444,0,29397.748150322499,2046.5458759604367,2046.5458759604367,0,False,0,False,RECOVERY_WAIT|FUNDED_STOP_RISK_BUDGET_0.01|ENTRY_WARNING_CAP_0|RETAIN_ACTUAL_UNITS
2024-08-08,2939792.8704297962,2837447.5212342278,3567763.9469909444,0,29397.928704297963,2046.906983911364,2046.906983911364,0,False,0,False,RECOVERY_WAIT|FUNDED_STOP_RISK_BUDGET_0.01|ENTRY_WARNING_CAP_0|RETAIN_ACTUAL_UNITS
2024-08-09,2947610.8575673774,2837447.5212342278,3567763.9469909444,0,29476.108575673774,8712.4983423186313,8712.4983423186313,0,False,0,False,RECOVERY_WAIT|FUNDED_STOP_RISK_BUDGET_0.01|ENTRY_WARNING_CAP_0|RETAIN_ACTUAL_UNITS
2024-08-12,2944958.7202833425,2837447.5212342278,3567763.9469909444,0,29449.587202833427,6060.3610582841557,6060.3610582841557,0,False,0,False,RECOVERY_WAIT|FUNDED_STOP_RISK_BUDGET_0.01|ENTRY_WARNING_CAP_0|RETAIN_ACTUAL_UNITS
2024-08-13,2944801.5714528463,2837447.5212342278,3567763.9469909444,0,29448.015714528465,5026.7564205968474,5026.7564205968474,0,False,0,False,RECOVERY_WAIT|FUNDED_STOP_RISK_BUDGET_0.01|ENTRY_WARNING_CAP_0|RETAIN_ACTUAL_UNITS
2024-08-14,2945241.588178236,2837447.5212342278,3567763.9469909444,0,29452.415881782363,5466.7731459863198,5466.7731459863198,0,False,0,False,RECOVERY_WAIT|FUNDED_STOP_RISK_BUDGET_0.01|ENTRY_WARNING_CAP_0|RETAIN_ACTUAL_UNITS
2024-08-15,2945079.758318746,2837447.5212342278,3567763.9469909444,0,29450.797583187461,5304.9432864965784,5304.9432864965784,0,False,0,False,RECOVERY_WAIT|FUNDED_STOP_RISK_BUDGET_0.01|ENTRY_WARNING_CAP_0|RETAIN_ACTUAL_UNITS
2024-08-16,2946551.6075779898,2837447.5212342278,3567763.9469909444,0,29465.516075779899,6776.7925457401107,6776.7925457401107,0,False,0,False,RECOVERY_WAIT|FUNDED_STOP_RISK_BUDGET_0.01|ENTRY_WARNING_CAP_0|RETAIN_ACTUAL_UNITS
2024-08-19,2951219.2622029418,2837447.5212342278,3567763.9469909444,0,29512.192622029419,11444.447170692347,11444.447170692347,0,False,0,False,RECOVERY_WAIT|FUNDED_STOP_RISK_BUDGET_0.01|ENTRY_WARNING_CAP_0|RETAIN_ACTUAL_UNITS
2024-08-20,2948068.9296903131,2837447.5212342278,3567763.9469909444,0,29480.689296903132,8294.1146580634158,8294.1146580634158,0,False,0,False,RECOVERY_WAIT|FUNDED_STOP_RISK_BUDGET_0.01|ENTRY_WARNING_CAP_0|RETAIN_ACTUAL_UNITS
2024-08-21,2955186.7686341512,2837447.5212342278,3567763.9469909444,0,29620.332101576496,15411.953601901769,15411.953601901769,0,False,0,False,RECOVERY_WAIT|FUNDED_STOP_RISK_BUDGET_0.010023168|ENTRY_WARNING_CAP_0|RETAIN_ACTUAL_UNITS
2024-08-22,2953773.0978781129,2837447.5212342278,3567763.9469909444,0,29537.730978781128,13998.282845863221,13998.282845863221,0,False,0,False,RECOVERY_WAIT|FUNDED_STOP_RISK_BUDGET_0.01|ENTRY_WARNING_CAP_0|RETAIN_ACTUAL_UNITS
2024-08-23,2950330.5354126035,2837447.5212342278,3567763.9469909444,0,29503.305354126034,10555.720380354032,10555.720380354032,0,False,0,False,RECOVERY_WAIT|FUNDED_STOP_RISK_BUDGET_0.01|ENTRY_WARNING_CAP_0|RETAIN_ACTUAL_UNITS
2024-08-26,2947727.8832922149,2837447.5212342278,3567763.9469909444,0,29477.278832922151,7953.0682599651918,7953.0682599651918,0,False,0,False,RECOVERY_WAIT|FUNDED_STOP_RISK_BUDGET_0.01|ENTRY_WARNING_CAP_0|RETAIN_ACTUAL_UNITS
2024-08-27,2946327.5869047293,2837447.5212342278,3567763.9469909444,0,29463.275869047295,6552.7718724795031,6552.7718724795031,0,False,0,False,RECOVERY_WAIT|FUNDED_STOP_RISK_BUDGET_0.01|ENTRY_WARNING_CAP_0|RETAIN_ACTUAL_UNITS
2024-08-28,2944576.8820611583,2837447.5212342278,3567763.9469909444,0,29445.768820611585,4802.0670289085938,4802.0670289085938,0,False,0,False,RECOVERY_WAIT|FUNDED_STOP_RISK_BUDGET_0.01|ENTRY_WARNING_CAP_0|RETAIN_ACTUAL_UNITS
2024-08-29,2944617.6738852444,2837447.5212342278,3567763.9469909444,0,29446.176738852446,4842.8588529948574,4842.8588529948574,0,False,0,False,RECOVERY_WAIT|FUNDED_STOP_RISK_BUDGET_0.01|ENTRY_WARNING_CAP_0|RETAIN_ACTUAL_UNITS
2024-08-30,2951978.2576183174,2837447.5212342278,3567763.9469909444,0,29519.782576183174,12203.442586067833,12203.442586067833,0,False,0,False,RECOVERY_WAIT|FUNDED_STOP_RISK_BUDGET_0.01|ENTRY_WARNING_CAP_0|RETAIN_ACTUAL_UNITS
2024-09-02,2949935.9915402941,2837447.5212342278,3567763.9469909444,0,29499.359915402943,10161.176508044315,10161.176508044315,0,False,0,False,CROSS_SECTION_SHOCK|FUNDED_STOP_RISK_BUDGET_0.01|ENTRY_WARNING_CAP_0|RETAIN_ACTUAL_UNITS
2024-09-03,2944801.5714528463,2837447.5212342278,3567763.9469909444,0,29448.015714528465,5026.7564205968474,0,0,False,0,True,RECOVERY_WAIT|FUNDED_STOP_RISK_BUDGET_0.01|ENTRY_WARNING_CAP_0|PROTECTIVE_INVENTORY_PENDING
2024-09-04,2942058.694254302,2942058.694254302,3567763.9469909444,0,29420.586942543021,0,0,0,False,0,False,RECOVERY_WAIT|FUNDED_STOP_RISK_BUDGET_0.01|ENTRY_WARNING_CAP_0|RETAIN_ACTUAL_UNITS
2024-09-05,2942058.694254302,2942058.694254302,3567763.9469909444,0,29420.586942543021,0,0,0,False,0,False,RECOVERY_WAIT|FUNDED_STOP_RISK_BUDGET_0.01|ENTRY_WARNING_CAP_0|RETAIN_ACTUAL_UNITS
2024-09-06,2942058.694254302,2942058.694254302,3567763.9469909444,0,29420.586942543021,0,0,0,False,0,False,RECOVERY_WAIT|FUNDED_STOP_RISK_BUDGET_0.01|ENTRY_WARNING_CAP_0|RETAIN_ACTUAL_UNITS
2024-09-09,2942058.694254302,2942058.694254302,3567763.9469909444,0,29420.586942543021,0,0,0,False,0,False,RECOVERY_WAIT|FUNDED_STOP_RISK_BUDGET_0.01|ENTRY_WARNING_CAP_0|RETAIN_ACTUAL_UNITS
2024-09-10,2942058.694254302,2942058.694254302,3567763.9469909444,0,29420.586942543021,0,0,0,False,0,False,RECOVERY_WAIT|FUNDED_STOP_RISK_BUDGET_0.01|ENTRY_WARNING_CAP_0|RETAIN_ACTUAL_UNITS
2024-09-11,2942058.694254302,2942058.694254302,3567763.9469909444,0,29420.586942543021,0,0,0,False,0,False,RECOVERY_WAIT|FUNDED_STOP_RISK_BUDGET_0.01|ENTRY_WARNING_CAP_0|RETAIN_ACTUAL_UNITS
2024-09-12,2942058.694254302,2942058.694254302,3567763.9469909444,0,29420.586942543021,0,0,0,False,0,False,RECOVERY_WAIT|FUNDED_STOP_RISK_BUDGET_0.01|ENTRY_WARNING_CAP_0|RETAIN_ACTUAL_UNITS
2024-09-13,2942058.694254302,2942058.694254302,3567763.9469909444,0,29420.586942543021,0,0,0,False,0,False,RECOVERY_WAIT|FUNDED_STOP_RISK_BUDGET_0.01|ENTRY_WARNING_CAP_0|RETAIN_ACTUAL_UNITS
2024-09-18,2942058.694254302,2942058.694254302,3567763.9469909444,0,29420.586942543021,0,0,0,False,0,False,RECOVERY_WAIT|FUNDED_STOP_RISK_BUDGET_0.01|ENTRY_WARNING_CAP_0|RETAIN_ACTUAL_UNITS
2024-09-19,2942058.694254302,2942058.694254302,3567763.9469909444,0,29420.586942543021,0,0,0,False,0,False,RECOVERY_WAIT|FUNDED_STOP_RISK_BUDGET_0.01|ENTRY_WARNING_CAP_0|RETAIN_ACTUAL_UNITS
2024-09-20,2942058.694254302,2942058.694254302,3567763.9469909444,0,29420.586942543021,0,0,0,False,0,False,RECOVERY_WAIT|FUNDED_STOP_RISK_BUDGET_0.01|ENTRY_WARNING_CAP_0|RETAIN_ACTUAL_UNITS
2024-09-23,2942058.694254302,2942058.694254302,3567763.9469909444,0,29420.586942543021,0,0,0,False,0,False,RECOVERY_WAIT|FUNDED_STOP_RISK_BUDGET_0.01|ENTRY_WARNING_CAP_0|RETAIN_ACTUAL_UNITS
2024-09-24,2942058.694254302,2942058.694254302,3567763.9469909444,0,29420.586942543021,0,0,0,False,0,False,RECOVERY_WAIT|FUNDED_STOP_RISK_BUDGET_0.01|ENTRY_WARNING_CAP_0|RETAIN_ACTUAL_UNITS
2024-09-25,2942058.694254302,2942058.694254302,3567763.9469909444,0,29420.586942543021,0,0,0,False,0,False,RECOVERY_WAIT|FUNDED_STOP_RISK_BUDGET_0.01|ENTRY_WARNING_CAP_0|RETAIN_ACTUAL_UNITS
2024-09-26,2942058.694254302,2942058.694254302,3567763.9469909444,0.5,29420.586942543021,0,14710.29347127151,0,False,0,False,CONFIRMED_RECOVERY|FUNDED_STOP_RISK_BUDGET_0.01|ENTRY_WARNING_CAP_0.5|CASH_FUNDED_SUPPORT_RISK
2024-09-27,2945845.9642932387,2847399.5492739016,3567763.9469909444,0.5,29458.459642932386,14493.906890341126,14493.906890341126,0,False,0,False,RECOVERY_WAIT|FUNDED_STOP_RISK_BUDGET_0.01|ENTRY_WARNING_CAP_0.5|RETAIN_ACTUAL_UNITS
2024-09-30,2961643.9778687023,2847399.5492739016,3567763.9469909444,0.5,36077.541336127557,15769.737394223761,15769.737394223761,0,False,0,False,RECOVERY_WAIT|FUNDED_STOP_RISK_BUDGET_0.012181593|ENTRY_WARNING_CAP_0.5|RETAIN_ACTUAL_UNITS
2024-10-08,2984795.979066174,2847399.5492739016,3567763.9469909444,1,59229.542533599306,18671.789227567126,59229.542533599306,0,False,0,False,CONFIRMED_RECOVERY|FUNDED_STOP_RISK_BUDGET_0.019843749|ENTRY_WARNING_CAP_1|CASH_FUNDED_SUPPORT_RISK
2024-10-09,2972618.1816542861,2578861.5475419015,3567763.9469909444,1,47051.745121711399,33048.269371167284,33048.269371167284,0,False,0,False,TREND_OPEN|FUNDED_STOP_RISK_BUDGET_0.015828385|ENTRY_WARNING_CAP_1|RETAIN_ACTUAL_UNITS
2024-10-10,2959552.5632164232,2578861.5475419015,3567763.9469909444,1,33986.126683848444,20689.965735101163,20689.965735101163,0,False,0,False,TREND_OPEN|FUNDED_STOP_RISK_BUDGET_0.011483535|ENTRY_WARNING_CAP_1|RETAIN_ACTUAL_UNITS
2024-10-11,2959796.3620496504,2578861.5475419015,3567763.9469909444,1,34229.925517075695,22155.224396526122,20874.4089122484,0,False,0,True,TREND_OPEN|FUNDED_STOP_RISK_BUDGET_0.01156496|ENTRY_WARNING_CAP_1|PROTECTIVE_INVENTORY_PENDING
2024-10-14,2969571.574588228,2642530.2825318007,3567763.9469909444,1,44005.138055653311,31021.660674812709,44005.138055653311,0,False,0,False,TREND_OPEN|FUNDED_STOP_RISK_BUDGET_0.014818682|ENTRY_WARNING_CAP_1|CASH_FUNDED_SUPPORT_RISK
2024-10-15,2954765.8515169239,2642530.2825318007,3567763.9469909444,1,29547.658515169238,16215.937603508708,29547.658515169238,0,False,0,False,TREND_OPEN|FUNDED_STOP_RISK_BUDGET_0.01|ENTRY_WARNING_CAP_1|CASH_FUNDED_SUPPORT_RISK
2024-10-16,2935895.8980908683,2567880.3225872405,3567763.9469909444,1,29358.958980908683,16226.317211355576,10357.954376783186,0,False,0,True,MARKET_WEAK_WARNING|FUNDED_STOP_RISK_BUDGET_0.01|ENTRY_WARNING_CAP_1|PROTECTIVE_INVENTORY_PENDING
2024-10-17,2942311.7479038262,2864232.8982775286,3567763.9469909444,1,29423.117479038261,13839.370228072325,28550.928967591455,0,False,0,False,MARKET_WEAK_WARNING|FUNDED_STOP_RISK_BUDGET_0.01|ENTRY_WARNING_CAP_1|CASH_FUNDED_SUPPORT_RISK
2024-10-18,2963821.1645483742,2801227.25472828,3567763.9469909444,1,38254.728015799541,36823.012655430168,36823.012655430168,0,False,0,False,TREND_OPEN|FUNDED_STOP_RISK_BUDGET_0.012907232|ENTRY_WARNING_CAP_1|RETAIN_ACTUAL_UNITS
2024-10-21,2974073.9667907679,2801227.25472828,3567763.9469909444,1,48507.530258193146,41085.792329592718,41085.792329592718,0,False,0,False,TREND_OPEN|FUNDED_STOP_RISK_BUDGET_0.016310129|ENTRY_WARNING_CAP_1|RETAIN_ACTUAL_UNITS
2024-10-22,2965248.0433879257,2801227.25472828,3567763.9469909444,1,39681.606855351012,32259.868926750445,32259.868926750445,0,False,0,False,TREND_OPEN|FUNDED_STOP_RISK_BUDGET_0.013382222|ENTRY_WARNING_CAP_1|RETAIN_ACTUAL_UNITS
2024-10-23,2963617.3772587106,2801227.25472828,3567763.9469909444,1,38050.940726135857,30629.202797535636,30629.202797535636,0,False,0,False,TREND_OPEN|FUNDED_STOP_RISK_BUDGET_0.012839357|ENTRY_WARNING_CAP_1|RETAIN_ACTUAL_UNITS
2024-10-24,2966489.4817584986,2801227.25472828,3567763.9469909444,1,40923.045225923881,33501.307297323612,33501.307297323612,0,False,0,False,TREND_OPEN|FUNDED_STOP_RISK_BUDGET_0.013795109|ENTRY_WARNING_CAP_1|RETAIN_ACTUAL_UNITS
2024-10-25,2963808.1156667885,2801227.25472828,3567763.9469909444,1,38241.679134213831,30819.941205613384,30819.941205613384,0,False,0,False,TREND_OPEN|FUNDED_STOP_RISK_BUDGET_0.012902886|ENTRY_WARNING_CAP_1|RETAIN_ACTUAL_UNITS
2024-10-28,2967819.3278732165,2801227.25472828,3567763.9469909444,1,42252.891340641771,34831.15341204132,34831.15341204132,0,False,0,False,TREND_OPEN|FUNDED_STOP_RISK_BUDGET_0.014237016|ENTRY_WARNING_CAP_1|RETAIN_ACTUAL_UNITS
2024-10-29,2966729.9323826227,2801227.25472828,3567763.9469909444,1,41163.495850048028,33741.757921447483,33741.757921447483,0,False,0,False,TREND_OPEN|FUNDED_STOP_RISK_BUDGET_0.01387504|ENTRY_WARNING_CAP_1|RETAIN_ACTUAL_UNITS
2024-10-30,2974145.7470485908,2801227.25472828,3567763.9469909444,1,48579.310516016092,41157.572587415649,41157.572587415649,0,False,0,False,TREND_OPEN|FUNDED_STOP_RISK_BUDGET_0.01633387|ENTRY_WARNING_CAP_1|RETAIN_ACTUAL_UNITS
2024-10-31,2970619.0644440898,2801227.25472828,3567763.9469909444,1,45052.627911515068,37630.889982914639,37630.889982914639,0,False,0,False,TREND_OPEN|FUNDED_STOP_RISK_BUDGET_0.015166074|ENTRY_WARNING_CAP_1|RETAIN_ACTUAL_UNITS
2024-11-01,2975018.7339435387,2801227.25472828,3567763.9469909444,1,49452.297410964034,38930.115028675493,38930.115028675493,0,False,0,False,MARKET_WEAK_WARNING|FUNDED_STOP_RISK_BUDGET_0.016622516|ENTRY_WARNING_CAP_1|RETAIN_ACTUAL_UNITS
2024-11-04,2985354.7535190922,2801227.25472828,3567763.9469909444,1,59788.316986517515,40063.771044222623,40063.771044222623,0,False,0,False,TREND_OPEN|FUNDED_STOP_RISK_BUDGET_0.020027207|ENTRY_WARNING_CAP_1|RETAIN_ACTUAL_UNITS
2024-11-05,2990244.6202206183,2801227.25472828,3567763.9469909444,1,64678.183688043617,44156.134388420032,44156.134388420032,0,False,0,False,TREND_OPEN|FUNDED_STOP_RISK_BUDGET_0.02162973|ENTRY_WARNING_CAP_1|RETAIN_ACTUAL_UNITS
2024-11-06,2994686.757639579,2801227.25472828,3567763.9469909444,1,69120.321107004303,47547.168788003655,47547.168788003655,0,False,0,False,TREND_OPEN|FUNDED_STOP_RISK_BUDGET_0.023080985|ENTRY_WARNING_CAP_1|RETAIN_ACTUAL_UNITS
2024-11-07,3008600.5620198436,2801227.25472828,3567763.9469909444,1,83034.125487268902,48664.668230860218,48664.668230860218,0,False,0,False,TREND_OPEN|FUNDED_STOP_RISK_BUDGET_0.02759892|ENTRY_WARNING_CAP_1|RETAIN_ACTUAL_UNITS
2024-11-08,2996858.6102687567,2801227.25472828,3567763.9469909444,1,71292.173736182041,36922.716479773451,36922.716479773451,0,False,0,False,TREND_OPEN|FUNDED_STOP_RISK_BUDGET_0.023788968|ENTRY_WARNING_CAP_1|RETAIN_ACTUAL_UNITS
2024-11-11,2998518.2809561295,2801227.25472828,3567763.9469909444,1,72951.844423554838,38582.387167146044,38582.387167146044,0,False,0,False,TREND_OPEN|FUNDED_STOP_RISK_BUDGET_0.024329298|ENTRY_WARNING_CAP_1|RETAIN_ACTUAL_UNITS
2024-11-12,2989493.7891431865,2801227.25472828,3567763.9469909444,1,63927.352610611822,29557.895354203094,29557.895354203094,0,False,0,False,TREND_OPEN|FUNDED_STOP_RISK_BUDGET_0.021384006|ENTRY_WARNING_CAP_1|RETAIN_ACTUAL_UNITS
2024-11-13,3002309.8499784842,2801227.25472828,3567763.9469909444,1,76743.413445909508,42373.956189500692,42373.956189500692,0,False,0,False,TREND_OPEN|FUNDED_STOP_RISK_BUDGET_0.025561457|ENTRY_WARNING_CAP_1|RETAIN_ACTUAL_UNITS
2024-11-14,2993903.2012052569,2801227.25472828,3567763.9469909444,1,68336.764672682155,33967.307416273485,33967.307416273485,0,False,0,False,TREND_OPEN|FUNDED_STOP_RISK_BUDGET_0.022825309|ENTRY_WARNING_CAP_1|RETAIN_ACTUAL_UNITS
2024-11-15,2983357.3914766619,2801227.25472828,3567763.9469909444,1,57790.954944087192,13688.524500617423,13688.524500617423,0,False,0,False,MARKET_WEAK_WARNING|FUNDED_STOP_RISK_BUDGET_0.019371114|ENTRY_WARNING_CAP_1|RETAIN_ACTUAL_UNITS
2024-11-18,2984467.1222891528,2801227.25472828,3567763.9469909444,1,58900.68575657811,14798.255313107929,14798.255313107929,0,False,0,False,MARKET_WEAK_WARNING|FUNDED_STOP_RISK_BUDGET_0.019735746|ENTRY_WARNING_CAP_1|RETAIN_ACTUAL_UNITS
2024-11-19,2991709.3769240766,2801227.25472828,3567763.9469909444,1,66142.940391501877,22040.509948031911,22040.509948031911,0,False,0,False,MARKET_WEAK_WARNING|FUNDED_STOP_RISK_BUDGET_0.022108745|ENTRY_WARNING_CAP_1|RETAIN_ACTUAL_UNITS
2024-11-20,2997546.3263826086,2801227.25472828,3567763.9469909444,1,71979.889850033913,27877.459406564089,27877.459406564089,0,False,0,False,MARKET_WEAK_WARNING|FUNDED_STOP_RISK_BUDGET_0.024012937|ENTRY_WARNING_CAP_1|RETAIN_ACTUAL_UNITS
2024-11-21,3002916.2660929956,2801227.25472828,3567763.9469909444,1,77349.829560420942,33247.399116951077,33247.399116951077,0,False,0,False,MARKET_WEAK_WARNING|FUNDED_STOP_RISK_BUDGET_0.025758237|ENTRY_WARNING_CAP_1|RETAIN_ACTUAL_UNITS
2024-11-22,2994024.9828673704,2801227.25472828,3567763.9469909444,1,68458.546334795654,24356.11589132568,24356.11589132568,0,False,0,False,MARKET_WEAK_WARNING|FUNDED_STOP_RISK_BUDGET_0.022865055|ENTRY_WARNING_CAP_1|RETAIN_ACTUAL_UNITS
2024-11-25,2985721.9102875525,2801227.25472828,3567763.9469909444,1,60155.473754977807,18646.957363867888,17091.921566224995,0,False,0,True,MARKET_WEAK_WARNING|FUNDED_STOP_RISK_BUDGET_0.020147715|ENTRY_WARNING_CAP_1|PROTECTIVE_INVENTORY_PENDING
2024-11-26,2985613.8230151879,2879549.5577476448,3567763.9469909444,1,60047.386482613161,16413.321156640013,46437.014397946594,0,False,0,False,MARKET_WEAK_WARNING|FUNDED_STOP_RISK_BUDGET_0.020112242|ENTRY_WARNING_CAP_1|CASH_FUNDED_SUPPORT_RISK
2024-11-27,2996111.2616661279,2756438.601219085,3567763.9469909444,1,70544.82513355324,42331.913091541632,42331.913091541632,0,False,0,False,MARKET_WEAK_WARNING|FUNDED_STOP_RISK_BUDGET_0.023545462|ENTRY_WARNING_CAP_1|RETAIN_ACTUAL_UNITS
2024-11-28,2996176.5599275343,2756438.601219085,3567763.9469909444,1,70610.123394959606,40684.54463172851,40684.54463172851,0,False,0,False,MARKET_WEAK_WARNING|FUNDED_STOP_RISK_BUDGET_0.023566743|ENTRY_WARNING_CAP_1|RETAIN_ACTUAL_UNITS
2024-11-29,3011635.3513669036,2756438.601219085,3567763.9469909444,1,86068.914834328927,52826.448194113429,52826.448194113429,0,False,0,False,TREND_OPEN|FUNDED_STOP_RISK_BUDGET_0.028578797|ENTRY_WARNING_CAP_1|RETAIN_ACTUAL_UNITS
2024-12-02,3003256.2698209095,2756438.601219085,3567763.9469909444,1,77689.833288334776,44447.366648119205,44447.366648119205,0,False,0,False,TREND_OPEN|FUNDED_STOP_RISK_BUDGET_0.025868533|ENTRY_WARNING_CAP_1|RETAIN_ACTUAL_UNITS
2024-12-03,3007871.7306028795,2756438.601219085,3567763.9469909444,1,82305.294070304837,48029.234181240128,48029.234181240128,0,False,0,False,TREND_OPEN|FUNDED_STOP_RISK_BUDGET_0.027363299|ENTRY_WARNING_CAP_1|RETAIN_ACTUAL_UNITS
2024-12-04,2996898.7964894064,2756438.601219085,3567763.9469909444,1,71332.359956831671,37056.300067767072,37056.300067767072,0,False,0,False,TREND_OPEN|FUNDED_STOP_RISK_BUDGET_0.023802058|ENTRY_WARNING_CAP_1|RETAIN_ACTUAL_UNITS
2024-12-05,2993808.4205083172,2756438.601219085,3567763.9469909444,1,68241.983975742478,33965.924086677966,33965.924086677966,0,False,0,False,TREND_OPEN|FUNDED_STOP_RISK_BUDGET_0.022794372|ENTRY_WARNING_CAP_1|RETAIN_ACTUAL_UNITS
2024-12-06,2988937.3626636891,2756438.601219085,3567763.9469909444,1,63370.926131114364,27680.865263596839,27680.865263596839,0,False,0,False,TREND_OPEN|FUNDED_STOP_RISK_BUDGET_0.021201825|ENTRY_WARNING_CAP_1|RETAIN_ACTUAL_UNITS
2024-12-09,2983710.2776989518,2756438.601219085,3567763.9469909444,1,58143.841166377068,22453.780298859048,22453.780298859048,0,False,0,False,MARKET_WEAK_WARNING|FUNDED_STOP_RISK_BUDGET_0.019487094|ENTRY_WARNING_CAP_1|RETAIN_ACTUAL_UNITS
2024-12-10,2985257.5460056257,2756438.601219085,3567763.9469909444,1,59691.109473051038,24001.048605533077,24001.048605533077,0,False,0,False,MARKET_WEAK_WARNING|FUNDED_STOP_RISK_BUDGET_0.019995296|ENTRY_WARNING_CAP_1|RETAIN_ACTUAL_UNITS
2024-12-11,2983189.0526992278,2756438.601219085,3567763.9469909444,1,57622.616166653112,22148.353448044669,19992.563129474351,0,False,0,True,MARKET_WEAK_WARNING|FUNDED_STOP_RISK_BUDGET_0.019315778|ENTRY_WARNING_CAP_1|PROTECTIVE_INVENTORY_PENDING
2024-12-12,2989749.7067154343,2863740.4619096373,3567763.9469909444,1,64183.270182859618,25632.450283558836,57724.085374988645,0,False,0,False,MARKET_WEAK_WARNING|FUNDED_STOP_RISK_BUDGET_0.021467774|ENTRY_WARNING_CAP_1|CASH_FUNDED_SUPPORT_RISK
2024-12-13,2982878.8735432178,2418936.5989661971,3567763.9469909444,1,57312.437010643072,45847.736748364725,45847.736748364725,0,False,0,False,MARKET_WEAK_WARNING|FUNDED_STOP_RISK_BUDGET_0.0192138|ENTRY_WARNING_CAP_1|RETAIN_ACTUAL_UNITS
2024-12-16,2967946.4962491789,2418936.5989661971,3567763.9469909444,1,42380.059716604184,33719.024307704749,25251.390053561106,0,False,0,True,MARKET_WEAK_WARNING|FUNDED_STOP_RISK_BUDGET_0.014279253|ENTRY_WARNING_CAP_1|PROTECTIVE_INVENTORY_PENDING
2024-12-17,2964827.2523186803,2840348.4471866153,3567763.9469909444,1,39260.815786105581,23866.833155379732,39260.815786105581,0,False,0,False,MARKET_WEAK_WARNING|FUNDED_STOP_RISK_BUDGET_0.013242193|ENTRY_WARNING_CAP_1|CASH_FUNDED_SUPPORT_RISK
2024-12-18,2978370.4918012419,2751741.7202258632,3567763.9469909444,1,52804.055268667173,42464.654962151653,42464.654962151653,0,False,0,False,MARKET_WEAK_WARNING|FUNDED_STOP_RISK_BUDGET_0.017729176|ENTRY_WARNING_CAP_1|RETAIN_ACTUAL_UNITS
2024-12-19,2983092.8867829107,2751741.7202258632,3567763.9469909444,1,57526.450250335969,42857.573391085956,42857.573391085956,0,False,0,False,TREND_OPEN|FUNDED_STOP_RISK_BUDGET_0.019284163|ENTRY_WARNING_CAP_1|RETAIN_ACTUAL_UNITS
2024-12-20,3000530.0218543955,2751741.7202258632,3567763.9469909444,1,74963.585321820807,44377.337664477032,44377.337664477032,0,False,0,False,TREND_OPEN|FUNDED_STOP_RISK_BUDGET_0.024983448|ENTRY_WARNING_CAP_1|RETAIN_ACTUAL_UNITS
2024-12-23,2988060.5628193603,2751741.7202258632,3567763.9469909444,1,62494.126286785584,31907.878629442021,31907.878629442021,0,False,0,False,TREND_OPEN|FUNDED_STOP_RISK_BUDGET_0.020914612|ENTRY_WARNING_CAP_1|RETAIN_ACTUAL_UNITS
2024-12-24,2990458.8678277675,2751741.7202258632,3567763.9469909444,1,64892.4312951928,34306.183637848932,34306.183637848932,0,False,0,False,TREND_OPEN|FUNDED_STOP_RISK_BUDGET_0.021699824|ENTRY_WARNING_CAP_1|RETAIN_ACTUAL_UNITS
2024-12-25,2994167.8445629436,2751741.7202258632,3567763.9469909444,1,68601.408030368853,38015.160373025297,38015.160373025297,0,False,0,False,TREND_OPEN|FUNDED_STOP_RISK_BUDGET_0.022911677|ENTRY_WARNING_CAP_1|RETAIN_ACTUAL_UNITS
2024-12-26,2994102.1922776932,2751741.7202258632,3567763.9469909444,1,68535.755745118484,37662.440539508607,37662.440539508607,0,False,0,False,TREND_OPEN|FUNDED_STOP_RISK_BUDGET_0.022890253|ENTRY_WARNING_CAP_1|RETAIN_ACTUAL_UNITS
2024-12-27,2990430.0769336587,2751741.7202258632,3567763.9469909444,1,64863.640401083976,33024.053674758521,33024.053674758521,0,False,0,False,TREND_OPEN|FUNDED_STOP_RISK_BUDGET_0.021690405|ENTRY_WARNING_CAP_1|RETAIN_ACTUAL_UNITS
2024-12-30,2999250.0230292552,2751741.7202258632,3567763.9469909444,1,73683.586496680509,40126.537171240503,40126.537171240503,0,False,0,False,TREND_OPEN|FUNDED_STOP_RISK_BUDGET_0.024567337|ENTRY_WARNING_CAP_1|RETAIN_ACTUAL_UNITS
2024-12-31,2988700.7917764867,2751741.7202258632,3567763.9469909444,0,63134.355243911967,29132.222787160768,29132.222787160768,0,False,0,False,CROSS_SECTION_SHOCK|FUNDED_STOP_RISK_BUDGET_0.021124348|ENTRY_WARNING_CAP_0|RETAIN_ACTUAL_UNITS
2025-01-02,2985194.9168016394,2751741.7202258632,3567763.9469909444,0,59628.480269064661,24459.968481018255,24459.968481018255,0,False,0,False,ACCUMULATED_MARKET_SHOCK|FUNDED_STOP_RISK_BUDGET_0.019974736|ENTRY_WARNING_CAP_0|RETAIN_ACTUAL_UNITS
2025-01-03,2975043.4913272681,2751741.7202258632,3567763.9469909444,0,49477.054794693366,14308.543006646629,14308.543006646629,0,False,0,False,ACCUMULATED_MARKET_SHOCK|FUNDED_STOP_RISK_BUDGET_0.0166307|ENTRY_WARNING_CAP_0|RETAIN_ACTUAL_UNITS
2025-01-06,2981603.2098633726,2751741.7202258632,3567763.9469909444,0,56036.773330797907,20868.26154275133,20868.26154275133,0,False,0,False,RECOVERY_WAIT|FUNDED_STOP_RISK_BUDGET_0.018794175|ENTRY_WARNING_CAP_0|RETAIN_ACTUAL_UNITS
2025-01-07,3002604.8858608371,2751741.7202258632,3567763.9469909444,0,77038.449328262359,35942.689212687714,35942.689212687714,0,False,0,False,RECOVERY_WAIT|FUNDED_STOP_RISK_BUDGET_0.025657205|ENTRY_WARNING_CAP_0|RETAIN_ACTUAL_UNITS
2025-01-08,3003000.1280866787,2751741.7202258632,3567763.9469909444,0,77433.691554103978,34525.856282309665,34525.856282309665,0,False,0,False,RECOVERY_WAIT|FUNDED_STOP_RISK_BUDGET_0.025785444|ENTRY_WARNING_CAP_0|RETAIN_ACTUAL_UNITS
2025-01-09,3003521.1525242263,2751741.7202258632,3567763.9469909444,0,77954.715991651639,34859.988294553725,34859.988294553725,0,False,0,False,RECOVERY_WAIT|FUNDED_STOP_RISK_BUDGET_0.025954442|ENTRY_WARNING_CAP_0|RETAIN_ACTUAL_UNITS
2025-01-10,3007789.0104990355,2751741.7202258632,3567763.9469909444,0,82222.573966460768,39127.846269363064,39127.846269363064,0,False,0,False,RECOVERY_WAIT|FUNDED_STOP_RISK_BUDGET_0.02733655|ENTRY_WARNING_CAP_0|RETAIN_ACTUAL_UNITS
2025-01-13,3005270.2920013671,2751741.7202258632,3567763.9469909444,0,79703.855468792375,36609.127771694817,36609.127771694817,0,False,0,False,RECOVERY_WAIT|FUNDED_STOP_RISK_BUDGET_0.02652136|ENTRY_WARNING_CAP_0|RETAIN_ACTUAL_UNITS
2025-01-14,3003114.69472398,2751741.7202258632,3567763.9469909444,0,77548.25819140533,34139.337283362169,34139.337283362169,0,False,0,False,RECOVERY_WAIT|FUNDED_STOP_RISK_BUDGET_0.02582261|ENTRY_WARNING_CAP_0|RETAIN_ACTUAL_UNITS
2025-01-15,3000106.704846222,2751741.7202258632,3567763.9469909444,0.5,74540.268313647248,28433.883740899884,28433.883740899884,0,False,0,False,CONFIRMED_RECOVERY|FUNDED_STOP_RISK_BUDGET_0.024845872|ENTRY_WARNING_CAP_0.5|RETAIN_ACTUAL_UNITS
2025-01-16,2978886.8275463646,2751741.7202258632,3567763.9469909444,0.5,53320.391013789922,12349.990378484847,9755.316037409073,0,False,0,True,RECOVERY_WAIT|FUNDED_STOP_RISK_BUDGET_0.017899435|ENTRY_WARNING_CAP_0.5|PROTECTIVE_INVENTORY_PENDING
2025-01-17,2979556.2304548202,2877531.5642615398,3567763.9469909444,0.5,53989.793922245502,14368.591963976447,26994.896961122751,0,False,0,False,RECOVERY_WAIT|FUNDED_STOP_RISK_BUDGET_0.018120079|ENTRY_WARNING_CAP_0.5|CASH_FUNDED_SUPPORT_RISK
2025-01-20,2981705.9961385815,2780857.2828818639,3567763.9469909444,1,56139.559606006835,29482.29380270699,29482.29380270699,0,False,0,False,CONFIRMED_RECOVERY|FUNDED_STOP_RISK_BUDGET_0.018828|ENTRY_WARNING_CAP_1|RETAIN_ACTUAL_UNITS
2025-01-21,2981390.6228803997,2780857.2828818639,3567763.9469909444,1,55824.186347824987,29166.920544525114,29166.920544525114,0,False,0,False,TREND_OPEN|FUNDED_STOP_RISK_BUDGET_0.018724211|ENTRY_WARNING_CAP_1|RETAIN_ACTUAL_UNITS
2025-01-22,2994789.3406504863,2780857.2828818639,3567763.9469909444,1,69222.904117911588,36096.110469269479,36096.110469269479,0,False,0,False,TREND_OPEN|FUNDED_STOP_RISK_BUDGET_0.023114449|ENTRY_WARNING_CAP_1|RETAIN_ACTUAL_UNITS
2025-01-23,2987830.8109295922,2780857.2828818639,3567763.9469909444,1,62264.374397017527,29137.580748375214,29137.580748375214,0,False,0,False,TREND_OPEN|FUNDED_STOP_RISK_BUDGET_0.020839324|ENTRY_WARNING_CAP_1|RETAIN_ACTUAL_UNITS
2025-01-24,2996189.3233949565,2780857.2828818639,3567763.9469909444,1,70622.886862381827,36184.58110136442,36184.58110136442,0,False,0,False,TREND_OPEN|FUNDED_STOP_RISK_BUDGET_0.023570903|ENTRY_WARNING_CAP_1|RETAIN_ACTUAL_UNITS
2025-01-27,2980318.3686644877,2780857.2828818639,3567763.9469909444,0,54751.932131913025,20313.626370895683,16792.363433590519,0,False,0,True,CROSS_SECTION_SHOCK|FUNDED_STOP_RISK_BUDGET_0.018371169|ENTRY_WARNING_CAP_0|PROTECTIVE_INVENTORY_PENDING
2025-02-05,2966765.6107306085,2871183.8257081597,3567763.9469909444,0,41199.174198033754,4090.3998400244104,4090.3998400244104,0,False,0,False,RECOVERY_WAIT|FUNDED_STOP_RISK_BUDGET_0.013886899|ENTRY_WARNING_CAP_0|RETAIN_ACTUAL_UNITS
2025-02-06,2979585.4189168257,2871183.8257081597,3567763.9469909444,0,54018.982384250965,16910.208026241238,16910.208026241238,0,False,0,False,RECOVERY_WAIT|FUNDED_STOP_RISK_BUDGET_0.018129698|ENTRY_WARNING_CAP_0|RETAIN_ACTUAL_UNITS
2025-02-07,2984247.2948856149,2871183.8257081597,3567763.9469909444,0,58680.858353040181,21572.083995030731,21572.083995030731,0,False,0,False,RECOVERY_WAIT|FUNDED_STOP_RISK_BUDGET_0.019663537|ENTRY_WARNING_CAP_0|RETAIN_ACTUAL_UNITS
2025-02-10,2981765.5438808636,2871183.8257081597,3567763.9469909444,0.5,56199.107348288875,19090.332990279407,28099.553674144438,0,False,0,False,CONFIRMED_RECOVERY|FUNDED_STOP_RISK_BUDGET_0.018847594|ENTRY_WARNING_CAP_0.5|CASH_FUNDED_SUPPORT_RISK
2025-02-11,2987789.3517387067,2819912.2915743398,3567763.9469909444,0.5,62222.915206131991,33389.177428693409,33389.177428693409,0,False,0,False,RECOVERY_WAIT|FUNDED_STOP_RISK_BUDGET_0.020825737|ENTRY_WARNING_CAP_0.5|RETAIN_ACTUAL_UNITS
2025-02-12,2991273.3780303882,2819912.2915743398,3567763.9469909444,0.5,65706.941497813445,36873.203720374797,36873.203720374797,0,False,0,False,RECOVERY_WAIT|FUNDED_STOP_RISK_BUDGET_0.021966211|ENTRY_WARNING_CAP_0.5|RETAIN_ACTUAL_UNITS
2025-02-13,2983345.8932476691,2819912.2915743398,3567763.9469909444,1,57779.456715094391,28945.718937655627,28945.718937655627,0,False,0,False,CONFIRMED_RECOVERY|FUNDED_STOP_RISK_BUDGET_0.019367334|ENTRY_WARNING_CAP_1|RETAIN_ACTUAL_UNITS
2025-02-14,2978739.0317938616,2819912.2915743398,3567763.9469909444,1,53172.595261286944,24338.857483848209,24338.857483848209,0,False,0,False,MARKET_WEAK_WARNING|FUNDED_STOP_RISK_BUDGET_0.017850706|ENTRY_WARNING_CAP_1|RETAIN_ACTUAL_UNITS
2025-02-17,2979292.5461005578,2819912.2915743398,3567763.9469909444,1,53726.109567983076,24892.37179054445,24892.37179054445,0,False,0,False,TREND_OPEN|FUNDED_STOP_RISK_BUDGET_0.018033177|ENTRY_WARNING_CAP_1|RETAIN_ACTUAL_UNITS
2025-02-18,2975563.5272667999,2819912.2915743398,3567763.9469909444,1,49997.090734225232,21163.352956786628,21163.352956786628,0,False,0,False,TREND_OPEN|FUNDED_STOP_RISK_BUDGET_0.016802562|ENTRY_WARNING_CAP_1|RETAIN_ACTUAL_UNITS
2025-02-19,2979464.246662301,2819912.2915743398,3567763.9469909444,1,53897.810129726306,25064.072352287709,25064.072352287709,0,False,0,False,TREND_OPEN|FUNDED_STOP_RISK_BUDGET_0.018089766|ENTRY_WARNING_CAP_1|RETAIN_ACTUAL_UNITS
2025-02-20,2983785.7377442578,2819912.2915743398,3567763.9469909444,1,58219.30121168308,29117.836826471535,29117.836826471535,0,False,0,False,TREND_OPEN|FUNDED_STOP_RISK_BUDGET_0.019511891|ENTRY_WARNING_CAP_1|RETAIN_ACTUAL_UNITS
2025-02-21,2985607.216295816,2819912.2915743398,3567763.9469909444,1,60040.779763241298,29040.263796581781,29040.263796581781,0,False,0,False,TREND_OPEN|FUNDED_STOP_RISK_BUDGET_0.020110073|ENTRY_WARNING_CAP_1|RETAIN_ACTUAL_UNITS
2025-02-24,2977377.6146670277,2819912.2915743398,3567763.9469909444,1,51811.178134453017,15441.544148483561,9183.1545316403553,0,False,0,True,TREND_OPEN|FUNDED_STOP_RISK_BUDGET_0.017401615|ENTRY_WARNING_CAP_1|PROTECTIVE_INVENTORY_PENDING
2025-02-25,2974805.9465776039,2918719.2005245998,3567763.9469909444,1,49239.510045029223,9644.752131248877,34264.507153763487,0,False,0,False,TREND_OPEN|FUNDED_STOP_RISK_BUDGET_0.016552175|ENTRY_WARNING_CAP_1|CASH_FUNDED_SUPPORT_RISK
2025-02-26,2973632.1698243138,2918719.2005245998,3567763.9469909444,1,48065.733291739132,8470.975377958639,32503.842023828201,0,False,0,False,TREND_OPEN|FUNDED_STOP_RISK_BUDGET_0.016163981|ENTRY_WARNING_CAP_1|CASH_FUNDED_SUPPORT_RISK
2025-02-27,2971456.0668547307,2918719.2005245998,3567763.9469909444,1,45889.630322156008,6294.8724083756188,29239.687569453621,0,False,0,False,TREND_OPEN|FUNDED_STOP_RISK_BUDGET_0.015443483|ENTRY_WARNING_CAP_1|CASH_FUNDED_SUPPORT_RISK
2025-02-28,2966114.7232021182,2918719.2005245998,3567763.9469909444,1,40548.286669543479,953.52875576274107,0,0,False,0,True,MARKET_WEAK_WARNING|FUNDED_STOP_RISK_BUDGET_0.013670505|ENTRY_WARNING_CAP_1|PROTECTIVE_INVENTORY_PENDING
2025-03-03,2966202.4920171574,2966202.4920171574,3567763.9469909444,1,40636.05548458267,0,40636.05548458267,0,False,0,False,MARKET_WEAK_WARNING|FUNDED_STOP_RISK_BUDGET_0.01369969|ENTRY_WARNING_CAP_1|CASH_FUNDED_SUPPORT_RISK
2025-03-04,2970852.4569610455,2657071.1965721855,3567763.9469909444,1,45286.020428470802,36254.131308322234,36254.131308322234,0,False,0,False,MARKET_WEAK_WARNING|FUNDED_STOP_RISK_BUDGET_0.015243443|ENTRY_WARNING_CAP_1|RETAIN_ACTUAL_UNITS
2025-03-05,2965680.4021748956,2657071.1965721855,3567763.9469909444,1,40113.965642320924,31082.076522172414,31082.076522172414,0,False,0,False,MARKET_WEAK_WARNING|FUNDED_STOP_RISK_BUDGET_0.013526058|ENTRY_WARNING_CAP_1|RETAIN_ACTUAL_UNITS
2025-03-06,2974404.4589664727,2657071.1965721855,3567763.9469909444,1,48838.022433897946,36729.2135653859,36729.2135653859,0,False,0,False,MARKET_WEAK_WARNING|FUNDED_STOP_RISK_BUDGET_0.016419429|ENTRY_WARNING_CAP_1|RETAIN_ACTUAL_UNITS
2025-03-07,2966398.604228409,2657071.1965721855,3567763.9469909444,1,40832.167695834301,28723.358827322409,28723.358827322409,0,False,0,False,MARKET_WEAK_WARNING|FUNDED_STOP_RISK_BUDGET_0.013764896|ENTRY_WARNING_CAP_1|RETAIN_ACTUAL_UNITS
2025-03-10,2966464.0195138534,2657071.1965721855,3567763.9469909444,1,40897.582981278654,28788.77411276662,28788.77411276662,0,False,0,False,MARKET_WEAK_WARNING|FUNDED_STOP_RISK_BUDGET_0.013786644|ENTRY_WARNING_CAP_1|RETAIN_ACTUAL_UNITS
2025-03-11,2961585.7196220164,2657071.1965721855,3567763.9469909444,1,36019.283089441713,23910.474220929485,23910.474220929485,0,False,0,False,MARKET_WEAK_WARNING|FUNDED_STOP_RISK_BUDGET_0.012162161|ENTRY_WARNING_CAP_1|RETAIN_ACTUAL_UNITS
2025-03-12,2962662.2295696861,2657071.1965721855,3567763.9469909444,1,37095.793037111405,23541.804447011942,23541.804447011942,0,False,0,False,MARKET_WEAK_WARNING|FUNDED_STOP_RISK_BUDGET_0.012521101|ENTRY_WARNING_CAP_1|RETAIN_ACTUAL_UNITS
2025-03-13,2952409.307209305,2657071.1965721855,3567763.9469909444,1,29524.093072093052,13288.882086630991,13288.882086630991,0,False,0,False,MARKET_WEAK_WARNING|FUNDED_STOP_RISK_BUDGET_0.01|ENTRY_WARNING_CAP_1|RETAIN_ACTUAL_UNITS
2025-03-14,2952647.9802254951,2657071.1965721855,3567763.9469909444,1,29526.479802254951,13527.555102820748,13527.555102820748,0,False,0,False,MARKET_WEAK_WARNING|FUNDED_STOP_RISK_BUDGET_0.01|ENTRY_WARNING_CAP_1|RETAIN_ACTUAL_UNITS
2025-03-17,2952190.3730741288,2657071.1965721855,3567763.9469909444,1,29521.903730741287,11151.03110838736,5169.7485975483005,0,False,0,True,MARKET_WEAK_WARNING|FUNDED_STOP_RISK_BUDGET_0.01|ENTRY_WARNING_CAP_1|PROTECTIVE_INVENTORY_PENDING
2025-03-18,2953393.3645390878,2845404.3659934821,3567763.9469909444,1,29533.933645390876,3759.8171618533174,18526.783984548754,0,False,0,False,TREND_OPEN|FUNDED_STOP_RISK_BUDGET_0.01|ENTRY_WARNING_CAP_1|CASH_FUNDED_SUPPORT_RISK
2025-03-19,2948389.708047593,2742115.458958168,3567763.9469909444,1,29483.89708047593,15339.192237028907,15339.192237028907,0,False,0,False,MARKET_WEAK_WARNING|FUNDED_STOP_RISK_BUDGET_0.01|ENTRY_WARNING_CAP_1|RETAIN_ACTUAL_UNITS
2025-03-20,2946194.2783771935,2742115.458958168,3567763.9469909444,1,29461.942783771934,14295.206572446954,12228.247087718095,0,False,0,True,MARKET_WEAK_WARNING|FUNDED_STOP_RISK_BUDGET_0.01|ENTRY_WARNING_CAP_1|PROTECTIVE_INVENTORY_PENDING
2025-03-21,2945179.6729113874,2845047.044133096,3567763.9469909444,1,29451.796729113874,11630.030683426856,11630.030683426856,0,False,0,False,MARKET_WEAK_WARNING|FUNDED_STOP_RISK_BUDGET_0.01|ENTRY_WARNING_CAP_1|RETAIN_ACTUAL_UNITS
2025-03-24,2946903.9437237564,2845047.044133096,3567763.9469909444,1,29469.039437237563,13354.301495795735,13354.301495795735,0,False,0,False,MARKET_WEAK_WARNING|FUNDED_STOP_RISK_BUDGET_0.01|ENTRY_WARNING_CAP_1|RETAIN_ACTUAL_UNITS
2025-03-25,2942100.6178893,2845047.044133096,3567763.9469909444,1,29421.006178893,8550.9756613395639,8550.9756613395639,0,False,0,False,MARKET_WEAK_WARNING|FUNDED_STOP_RISK_BUDGET_0.01|ENTRY_WARNING_CAP_1|RETAIN_ACTUAL_UNITS
2025-03-26,2942786.8072942225,2845047.044133096,3567763.9469909444,1,29427.868072942227,9237.1650662618758,23951.099102732987,0,False,0,False,MARKET_WEAK_WARNING|FUNDED_STOP_RISK_BUDGET_0.01|ENTRY_WARNING_CAP_1|CASH_FUNDED_SUPPORT_RISK
2025-03-27,2953532.71225309,2662215.9193968358,3567763.9469909444,1,29535.3271225309,31620.333844724424,28613.0857587305,0,False,0,True,MARKET_WEAK_WARNING|FUNDED_STOP_RISK_BUDGET_0.01|ENTRY_WARNING_CAP_1|PROTECTIVE_INVENTORY_PENDING
2025-03-28,2951741.6514249961,2681659.5100031658,3567763.9469909444,1,29517.416514249962,26968.432638681177,24759.14067556557,0,False,0,True,MARKET_WEAK_WARNING|FUNDED_STOP_RISK_BUDGET_0.01|ENTRY_WARNING_CAP_1|PROTECTIVE_INVENTORY_PENDING
2025-03-31,2947983.4985323073,2681659.5100031658,3567763.9469909444,1,29479.834985323076,23210.279745992542,21081.881688575144,0,False,0,True,MARKET_WEAK_WARNING|FUNDED_STOP_RISK_BUDGET_0.01|ENTRY_WARNING_CAP_1|PROTECTIVE_INVENTORY_PENDING
2025-04-01,2948678.9794912268,2700548.9383764458,3567763.9469909444,1,29486.789794912271,21652.654420476207,19865.40666022951,0,False,0,True,MARKET_WEAK_WARNING|FUNDED_STOP_RISK_BUDGET_0.01|ENTRY_WARNING_CAP_1|PROTECTIVE_INVENTORY_PENDING
2025-04-02,2947475.0826939633,2700548.9383764458,3567763.9469909444,1,29474.750826939635,20448.757623212441,18323.863214342011,0,False,0,True,MARKET_WEAK_WARNING|FUNDED_STOP_RISK_BUDGET_0.01|ENTRY_WARNING_CAP_1|PROTECTIVE_INVENTORY_PENDING
2025-04-03,2939620.426964839,2707235.821774466,3567763.9469909444,1,29396.204269648391,8540.8696405086903,6747.3304198671603,0,False,0,True,MARKET_WEAK_WARNING|FUNDED_STOP_RISK_BUDGET_0.01|ENTRY_WARNING_CAP_1|PROTECTIVE_INVENTORY_PENDING
2025-04-07,2914685.7653043102,2776144.5441456339,3567763.9469909444,0,29146.857653043102,2770.8244231735239,0,0,False,0,True,CROSS_SECTION_SHOCK|FUNDED_STOP_RISK_BUDGET_0.01|ENTRY_WARNING_CAP_0|PROTECTIVE_INVENTORY_PENDING
2025-04-08,2915944.6657774765,2915944.6657774765,3567763.9469909444,0,29159.446657774766,0,0,0,False,0,False,ACCUMULATED_MARKET_SHOCK|FUNDED_STOP_RISK_BUDGET_0.01|ENTRY_WARNING_CAP_0|RETAIN_ACTUAL_UNITS
2025-04-09,2915944.6657774765,2915944.6657774765,3567763.9469909444,0,29159.446657774766,0,0,0,False,0,False,ACCUMULATED_MARKET_SHOCK|FUNDED_STOP_RISK_BUDGET_0.01|ENTRY_WARNING_CAP_0|RETAIN_ACTUAL_UNITS
2025-04-10,2915944.6657774765,2915944.6657774765,3567763.9469909444,0,29159.446657774766,0,0,0,False,0,False,RECOVERY_WAIT|FUNDED_STOP_RISK_BUDGET_0.01|ENTRY_WARNING_CAP_0|RETAIN_ACTUAL_UNITS
2025-04-11,2915944.6657774765,2915944.6657774765,3567763.9469909444,0,29159.446657774766,0,0,0,False,0,False,RECOVERY_WAIT|FUNDED_STOP_RISK_BUDGET_0.01|ENTRY_WARNING_CAP_0|RETAIN_ACTUAL_UNITS
2025-04-14,2915944.6657774765,2915944.6657774765,3567763.9469909444,0,29159.446657774766,0,0,0,False,0,False,RECOVERY_WAIT|FUNDED_STOP_RISK_BUDGET_0.01|ENTRY_WARNING_CAP_0|RETAIN_ACTUAL_UNITS
2025-04-15,2915944.6657774765,2915944.6657774765,3567763.9469909444,0.5,29159.446657774766,0,14579.723328887383,0,False,0,False,CONFIRMED_RECOVERY|FUNDED_STOP_RISK_BUDGET_0.01|ENTRY_WARNING_CAP_0.5|CASH_FUNDED_SUPPORT_RISK
2025-04-16,2919928.9752320386,2779893.3215226508,3567763.9469909444,0.5,29199.289752320386,16740.652763350896,16740.652763350896,0,False,0,False,RECOVERY_WAIT|FUNDED_STOP_RISK_BUDGET_0.01|ENTRY_WARNING_CAP_0.5|RETAIN_ACTUAL_UNITS
2025-04-17,2918379.5167137776,2779893.3215226508,3567763.9469909444,0.5,29183.795167137778,15190.868732742845,15190.868732742845,0,False,0,False,RECOVERY_WAIT|FUNDED_STOP_RISK_BUDGET_0.01|ENTRY_WARNING_CAP_0.5|RETAIN_ACTUAL_UNITS
2025-04-18,2914819.7435089094,2779893.3215226508,3567763.9469909444,1,29148.197435089096,11631.095527874411,11631.095527874411,0,False,0,False,CONFIRMED_RECOVERY|FUNDED_STOP_RISK_BUDGET_0.01|ENTRY_WARNING_CAP_1|RETAIN_ACTUAL_UNITS
2025-04-21,2916007.3408013997,2779893.3215226508,3567763.9469909444,1,29160.073408013996,12764.739148846231,12764.739148846231,0,False,0,False,TREND_OPEN|FUNDED_STOP_RISK_BUDGET_0.01|ENTRY_WARNING_CAP_1|RETAIN_ACTUAL_UNITS
2025-04-22,2918824.8048452833,2779893.3215226508,3567763.9469909444,1,29188.248048452835,15558.457601180682,15558.457601180682,0,False,0,False,TREND_OPEN|FUNDED_STOP_RISK_BUDGET_0.01|ENTRY_WARNING_CAP_1|RETAIN_ACTUAL_UNITS
2025-04-23,2916475.9637733363,2779893.3215226508,3567763.9469909444,1,29164.759637733365,12881.495627825203,12881.495627825203,0,False,0,False,TREND_OPEN|FUNDED_STOP_RISK_BUDGET_0.01|ENTRY_WARNING_CAP_1|RETAIN_ACTUAL_UNITS
2025-04-24,2914292.0507293046,2779893.3215226508,3567763.9469909444,1,29142.920507293045,10671.678302103417,10671.678302103417,0,False,0,False,MARKET_WEAK_WARNING|FUNDED_STOP_RISK_BUDGET_0.01|ENTRY_WARNING_CAP_1|RETAIN_ACTUAL_UNITS
2025-04-25,2913778.4617126458,2779893.3215226508,3567763.9469909444,1,29137.784617126457,9303.2479896699224,9303.2479896699224,0,False,0,False,TREND_OPEN|FUNDED_STOP_RISK_BUDGET_0.01|ENTRY_WARNING_CAP_1|RETAIN_ACTUAL_UNITS
2025-04-28,2914231.9091713647,2779893.3215226508,3567763.9469909444,1,29142.319091713649,9588.2428088057059,9588.2428088057059,0,False,0,False,TREND_OPEN|FUNDED_STOP_RISK_BUDGET_0.01|ENTRY_WARNING_CAP_1|RETAIN_ACTUAL_UNITS
2025-04-29,2914611.8386361534,2779893.3215226508,3567763.9469909444,1,29146.118386361533,9926.588071262624,9926.588071262624,0,False,0,False,TREND_OPEN|FUNDED_STOP_RISK_BUDGET_0.01|ENTRY_WARNING_CAP_1|RETAIN_ACTUAL_UNITS
2025-04-30,2914218.8151346948,2779893.3215226508,3567763.9469909444,1,29142.188151346949,7972.8684959873426,7972.8684959873426,0,False,0,False,TREND_OPEN|FUNDED_STOP_RISK_BUDGET_0.01|ENTRY_WARNING_CAP_1|RETAIN_ACTUAL_UNITS
2025-05-06,2917412.2850525156,2779893.3215226508,3567763.9469909444,1,29174.122850525157,11166.338413808509,11166.338413808509,0,False,0,False,TREND_OPEN|FUNDED_STOP_RISK_BUDGET_0.01|ENTRY_WARNING_CAP_1|RETAIN_ACTUAL_UNITS
2025-05-07,2915316.4021114823,2779893.3215226508,3567763.9469909444,1,29153.164021114822,8706.6954249800256,8706.6954249800256,0,False,0,False,TREND_OPEN|FUNDED_STOP_RISK_BUDGET_0.01|ENTRY_WARNING_CAP_1|RETAIN_ACTUAL_UNITS
2025-05-08,2915383.134294475,2779893.3215226508,3567763.9469909444,1,29153.831342944752,8773.4276079728825,8773.4276079728825,0,False,0,False,TREND_OPEN|FUNDED_STOP_RISK_BUDGET_0.01|ENTRY_WARNING_CAP_1|RETAIN_ACTUAL_UNITS
2025-05-09,2912438.0261456277,2779893.3215226508,3567763.9469909444,1,29124.380261456277,4653.9920225055621,2676.7757746478883,0,False,0,True,TREND_OPEN|FUNDED_STOP_RISK_BUDGET_0.01|ENTRY_WARNING_CAP_1|PROTECTIVE_INVENTORY_PENDING
2025-05-12,2912827.5598324463,2868315.3691282207,3567763.9469909444,1,29128.275598324464,1355.6574084507045,15919.795207612939,0,False,0,False,TREND_OPEN|FUNDED_STOP_RISK_BUDGET_0.01|ENTRY_WARNING_CAP_1|CASH_FUNDED_SUPPORT_RISK
2025-05-13,2909116.9721800536,2747685.0348938107,3567763.9469909444,1,29091.169721800536,13604.252271451511,13604.252271451511,0,False,0,False,TREND_OPEN|FUNDED_STOP_RISK_BUDGET_0.01|ENTRY_WARNING_CAP_1|RETAIN_ACTUAL_UNITS
2025-05-14,2910072.4712765221,2747685.0348938107,3567763.9469909444,1,29100.724712765223,10569.940417076325,10569.940417076325,0,False,0,False,TREND_OPEN|FUNDED_STOP_RISK_BUDGET_0.01|ENTRY_WARNING_CAP_1|RETAIN_ACTUAL_UNITS
2025-05-15,2906040.2813110598,2747685.0348938107,3567763.9469909444,1,29060.402813110599,8712.5012471067857,7876.1383389377725,0,False,0,True,MARKET_WEAK_WARNING|FUNDED_STOP_RISK_BUDGET_0.01|ENTRY_WARNING_CAP_1|PROTECTIVE_INVENTORY_PENDING
2025-05-16,2906699.694669466,2789636.481826866,3567763.9469909444,1,29066.99694669466,8402.2501727394247,22935.748646086755,0,False,0,False,MARKET_WEAK_WARNING|FUNDED_STOP_RISK_BUDGET_0.01|ENTRY_WARNING_CAP_1|CASH_FUNDED_SUPPORT_RISK
2025-05-19,2906893.4597165463,2680195.531376034,3567763.9469909444,1,29068.934597165466,22297.373374324095,22297.373374324095,0,False,0,False,MARKET_WEAK_WARNING|FUNDED_STOP_RISK_BUDGET_0.01|ENTRY_WARNING_CAP_1|RETAIN_ACTUAL_UNITS
2025-05-20,2905322.3496776442,2680195.531376034,3567763.9469909444,1,29053.223496776442,20726.263335421983,20726.263335421983,0,False,0,False,MARKET_WEAK_WARNING|FUNDED_STOP_RISK_BUDGET_0.01|ENTRY_WARNING_CAP_1|RETAIN_ACTUAL_UNITS
2025-05-21,2901343.6571925888,2680195.531376034,3567763.9469909444,1,29013.436571925889,16747.570850366479,16747.570850366479,0,False,0,False,MARKET_WEAK_WARNING|FUNDED_STOP_RISK_BUDGET_0.01|ENTRY_WARNING_CAP_1|RETAIN_ACTUAL_UNITS
2025-05-22,2898883.3745442554,2680195.531376034,3567763.9469909444,1,28988.833745442556,14287.288202032931,14287.288202032931,0,False,0,False,MARKET_WEAK_WARNING|FUNDED_STOP_RISK_BUDGET_0.01|ENTRY_WARNING_CAP_1|RETAIN_ACTUAL_UNITS
2025-05-23,2896023.4236325528,2680195.531376034,3567763.9469909444,1,28960.23423632553,11427.337290330714,11427.337290330714,0,False,0,False,MARKET_WEAK_WARNING|FUNDED_STOP_RISK_BUDGET_0.01|ENTRY_WARNING_CAP_1|RETAIN_ACTUAL_UNITS
2025-05-26,2899149.0635206131,2680195.531376034,3567763.9469909444,1,28991.490635206133,14552.977178390853,14552.977178390853,0,False,0,False,MARKET_WEAK_WARNING|FUNDED_STOP_RISK_BUDGET_0.01|ENTRY_WARNING_CAP_1|RETAIN_ACTUAL_UNITS
2025-05-27,2897524.1900048545,2680195.531376034,3567763.9469909444,1,28975.241900048546,12928.103662632231,9335.2260128095659,0,False,0,True,MARKET_WEAK_WARNING|FUNDED_STOP_RISK_BUDGET_0.01|ENTRY_WARNING_CAP_1|PROTECTIVE_INVENTORY_PENDING
2025-05-28,2903681.6844463618,2792743.8368887189,3567763.9469909444,1,29036.816844463618,14518.435561485916,29036.816844463618,0,False,0,False,MARKET_WEAK_WARNING|FUNDED_STOP_RISK_BUDGET_0.01|ENTRY_WARNING_CAP_1|CASH_FUNDED_SUPPORT_RISK
2025-05-29,2902153.2024718733,2705349.6361028268,3567763.9469909444,1,29021.532024718734,27326.995388792049,27326.995388792049,0,False,0,False,TREND_OPEN|FUNDED_STOP_RISK_BUDGET_0.01|ENTRY_WARNING_CAP_1|RETAIN_ACTUAL_UNITS
2025-05-30,2895470.3932954995,2705349.6361028268,3567763.9469909444,1,28954.703932954995,20644.186212418419,20644.186212418419,0,False,0,False,MARKET_WEAK_WARNING|FUNDED_STOP_RISK_BUDGET_0.01|ENTRY_WARNING_CAP_1|RETAIN_ACTUAL_UNITS
2025-06-03,2887676.578575464,2705349.6361028268,3567763.9469909444,1,28876.76578575464,12693.206200659388,12693.206200659388,0,False,0,False,TREND_OPEN|FUNDED_STOP_RISK_BUDGET_0.01|ENTRY_WARNING_CAP_1|RETAIN_ACTUAL_UNITS
2025-06-04,2900444.0110043748,2705349.6361028268,3567763.9469909444,1,29004.44011004375,23451.165570219106,23451.165570219106,0,False,0,False,TREND_OPEN|FUNDED_STOP_RISK_BUDGET_0.01|ENTRY_WARNING_CAP_1|RETAIN_ACTUAL_UNITS
2025-06-05,2917462.3579512066,2705349.6361028268,3567763.9469909444,1,29174.623579512066,32003.518077696168,26094.973165648073,0,False,0,True,TREND_OPEN|FUNDED_STOP_RISK_BUDGET_0.01|ENTRY_WARNING_CAP_1|PROTECTIVE_INVENTORY_PENDING
2025-06-06,2914125.1691835942,2705349.6361028268,3567763.9469909444,1,29141.251691835943,27877.18307481474,22409.829585638494,0,False,0,True,TREND_OPEN|FUNDED_STOP_RISK_BUDGET_0.01|ENTRY_WARNING_CAP_1|PROTECTIVE_INVENTORY_PENDING
2025-06-09,2915698.9960188395,2747255.6075408645,3567763.9469909444,1,29156.989960188395,23155.574258836234,17557.324891224664,0,False,0,True,TREND_OPEN|FUNDED_STOP_RISK_BUDGET_0.01|ENTRY_WARNING_CAP_1|PROTECTIVE_INVENTORY_PENDING
2025-06-10,2915544.8976432863,2747255.6075408645,3567763.9469909444,1,29155.448976432865,23001.475883283303,18078.679399555273,0,False,0,True,TREND_OPEN|FUNDED_STOP_RISK_BUDGET_0.01|ENTRY_WARNING_CAP_1|PROTECTIVE_INVENTORY_PENDING
2025-06-11,2915158.7970222533,2788371.2947917646,3567763.9469909444,1,29151.587970222532,17981.024932899283,12694.280046135422,0,False,0,True,TREND_OPEN|FUNDED_STOP_RISK_BUDGET_0.01|ENTRY_WARNING_CAP_1|PROTECTIVE_INVENTORY_PENDING
2025-06-12,2918612.5840654075,2817533.9003544045,3567763.9469909444,1,29186.125840654076,18164.102191524595,11606.600375357013,0,False,0,True,TREND_OPEN|FUNDED_STOP_RISK_BUDGET_0.01|ENTRY_WARNING_CAP_1|PROTECTIVE_INVENTORY_PENDING
2025-06-13,2917655.7862802907,2859951.9491591603,3567763.9469909444,1,29176.557862802907,11191.619979593277,8677.2609931903135,0,False,0,True,TREND_OPEN|FUNDED_STOP_RISK_BUDGET_0.01|ENTRY_WARNING_CAP_1|PROTECTIVE_INVENTORY_PENDING
2025-06-16,2921293.4818219193,2859951.9491591603,3567763.9469909444,1,29212.934818219193,12418.049416428439,9614.4623996406481,0,False,0,True,TREND_OPEN|FUNDED_STOP_RISK_BUDGET_0.01|ENTRY_WARNING_CAP_1|PROTECTIVE_INVENTORY_PENDING
2025-06-17,2922168.2434049291,2873618.2812220803,3567763.9469909444,1,29221.682434049289,9834.6337320498878,6985.3223864710744,0,False,0,True,TREND_OPEN|FUNDED_STOP_RISK_BUDGET_0.01|ENTRY_WARNING_CAP_1|PROTECTIVE_INVENTORY_PENDING
2025-06-18,2925555.6108361688,2873618.2812220803,3567763.9469909444,1,29255.556108361689,10449.233530977152,7407.0042766113838,0,False,0,True,TREND_OPEN|FUNDED_STOP_RISK_BUDGET_0.01|ENTRY_WARNING_CAP_1|PROTECTIVE_INVENTORY_PENDING
2025-06-19,2924700.9606645498,2888193.2396491002,3567763.9469909444,1,29247.009606645501,7039.0175986392333,4168.091418410585,0,False,0,True,TREND_OPEN|FUNDED_STOP_RISK_BUDGET_0.01|ENTRY_WARNING_CAP_1|PROTECTIVE_INVENTORY_PENDING
2025-06-20,2920463.4134908668,2888193.2396491002,3567763.9469909444,1,29204.634134908669,2801.470424956236,0,0,False,0,True,TREND_OPEN|FUNDED_STOP_RISK_BUDGET_0.01|ENTRY_WARNING_CAP_1|PROTECTIVE_INVENTORY_PENDING
2025-06-23,2920406.6425102376,2920406.6425102376,3567763.9469909444,1,29204.066425102377,0,29204.066425102377,0,False,0,False,TREND_OPEN|FUNDED_STOP_RISK_BUDGET_0.01|ENTRY_WARNING_CAP_1|CASH_FUNDED_SUPPORT_RISK
2025-06-24,2917617.9285918083,2676143.1945216777,3567763.9469909444,1,29176.179285918082,28426.981346679939,28426.981346679939,0,False,0,False,TREND_OPEN|FUNDED_STOP_RISK_BUDGET_0.01|ENTRY_WARNING_CAP_1|RETAIN_ACTUAL_UNITS
2025-06-25,2921934.3067250676,2676143.1945216777,3567763.9469909444,1,29219.343067250677,29468.743148667258,27499.439169377543,0,False,0,True,TREND_OPEN|FUNDED_STOP_RISK_BUDGET_0.01|ENTRY_WARNING_CAP_1|PROTECTIVE_INVENTORY_PENDING
2025-06-26,2928657.9407046298,2687311.3033285779,3567763.9469909444,1,29286.579407046298,28793.368023472405,26359.607317648486,0,False,0,True,TREND_OPEN|FUNDED_STOP_RISK_BUDGET_0.01|ENTRY_WARNING_CAP_1|PROTECTIVE_INVENTORY_PENDING
2025-06-27,2937008.8866455057,2695074.5594963781,3567763.9469909444,1,29370.088866455058,29596.374086685093,26256.447583339232,0,False,0,True,TREND_OPEN|FUNDED_STOP_RISK_BUDGET_0.01|ENTRY_WARNING_CAP_1|PROTECTIVE_INVENTORY_PENDING
2025-06-30,2943031.2586840563,2719970.6840507779,3567763.9469909444,1,29430.312586840562,26661.832295459066,24947.66766329074,0,False,0,True,TREND_OPEN|FUNDED_STOP_RISK_BUDGET_0.01|ENTRY_WARNING_CAP_1|PROTECTIVE_INVENTORY_PENDING
2025-07-01,2940692.8914807378,2719970.6840507779,3567763.9469909444,1,29406.92891480738,23769.973200768734,20305.292593289505,0,False,0,True,TREND_OPEN|FUNDED_STOP_RISK_BUDGET_0.01|ENTRY_WARNING_CAP_1|PROTECTIVE_INVENTORY_PENDING
2025-07-02,2935846.9686015733,2732438.8275016979,3567763.9469909444,1,29358.469686015735,17343.389700898428,15854.953927328861,0,False,0,True,TREND_OPEN|FUNDED_STOP_RISK_BUDGET_0.01|ENTRY_WARNING_CAP_1|PROTECTIVE_INVENTORY_PENDING
2025-07-03,2939020.2103366787,2745156.5935801179,3567763.9469909444,1,29390.202103366788,17639.495044628431,15929.824244846061,0,False,0,True,TREND_OPEN|FUNDED_STOP_RISK_BUDGET_0.01|ENTRY_WARNING_CAP_1|PROTECTIVE_INVENTORY_PENDING
2025-07-04,2934083.7776227458,2758113.9973809379,3567763.9469909444,1,29340.837776227458,10940.986738749365,9383.4780292599007,0,False,0,True,TREND_OPEN|FUNDED_STOP_RISK_BUDGET_0.01|ENTRY_WARNING_CAP_1|PROTECTIVE_INVENTORY_PENDING
2025-07-07,2931473.6233583516,2758113.9973809379,3567763.9469909444,1,29314.736233583517,8330.8324743553676,6960.5547159770413,0,False,0,True,TREND_OPEN|FUNDED_STOP_RISK_BUDGET_0.01|ENTRY_WARNING_CAP_1|PROTECTIVE_INVENTORY_PENDING
2025-07-08,2939635.8468761607,2770737.9053514181,3567763.9469909444,1,29396.358468761609,14328.254527352194,12510.742480330251,0,False,0,True,TREND_OPEN|FUNDED_STOP_RISK_BUDGET_0.01|ENTRY_WARNING_CAP_1|PROTECTIVE_INVENTORY_PENDING
2025-07-09,2937193.9518578439,2770737.9053514181,3567763.9469909444,1,29371.939518578438,11807.983002797038,8136.1713397548065,0,False,0,True,TREND_OPEN|FUNDED_STOP_RISK_BUDGET_0.01|ENTRY_WARNING_CAP_1|PROTECTIVE_INVENTORY_PENDING
2025-07-10,2938933.8349214578,2798199.5086590182,3567763.9469909444,1,29389.33834921458,9521.8150318174557,9502.5241548423692,0,False,0,True,TREND_OPEN|FUNDED_STOP_RISK_BUDGET_0.01|ENTRY_WARNING_CAP_1|PROTECTIVE_INVENTORY_PENDING
2025-07-11,2937359.141007239,2798357.7813304653,3567763.9469909444,1,29373.591410072389,7931.5570704201409,22618.352775456337,0,False,0,False,TREND_OPEN|FUNDED_STOP_RISK_BUDGET_0.01|ENTRY_WARNING_CAP_1|CASH_FUNDED_SUPPORT_RISK
2025-07-14,2940648.5481444378,2690688.0602795733,3567763.9469909444,1,29406.485481444379,25057.51461909822,25057.51461909822,0,False,0,False,TREND_OPEN|FUNDED_STOP_RISK_BUDGET_0.01|ENTRY_WARNING_CAP_1|RETAIN_ACTUAL_UNITS
2025-07-15,2943820.9981788397,2690688.0602795733,3567763.9469909444,1,29438.209981788397,25445.798259370094,25445.798259370094,0,False,0,False,TREND_OPEN|FUNDED_STOP_RISK_BUDGET_0.01|ENTRY_WARNING_CAP_1|RETAIN_ACTUAL_UNITS
2025-07-16,2942116.2186098634,2690688.0602795733,3567763.9469909444,1,29421.162186098634,23030.887180960024,23030.887180960024,0,False,0,False,TREND_OPEN|FUNDED_STOP_RISK_BUDGET_0.01|ENTRY_WARNING_CAP_1|RETAIN_ACTUAL_UNITS
2025-07-17,2958111.2750757672,2690688.0602795733,3567763.9469909444,1,32544.838543192483,32655.208925016428,30895.397827139666,0,False,0,True,TREND_OPEN|FUNDED_STOP_RISK_BUDGET_0.011001898|ENTRY_WARNING_CAP_1|PROTECTIVE_INVENTORY_PENDING
2025-07-18,2955180.1555273542,2704956.4745725733,3567763.9469909444,1,29613.718994779512,27382.501069708313,26959.442833614103,0,False,0,True,TREND_OPEN|FUNDED_STOP_RISK_BUDGET_0.010020952|ENTRY_WARNING_CAP_1|PROTECTIVE_INVENTORY_PENDING
2025-07-21,2953738.0101044271,2704956.4745725733,3567763.9469909444,1,29537.380101044273,24140.438253752822,23769.00452667115,0,False,0,True,TREND_OPEN|FUNDED_STOP_RISK_BUDGET_0.01|ENTRY_WARNING_CAP_1|PROTECTIVE_INVENTORY_PENDING
2025-07-22,2954133.5150631052,2704956.4745725733,3567763.9469909444,1,29541.335150631054,24310.183904297264,23992.415692781859,0,False,0,True,TREND_OPEN|FUNDED_STOP_RISK_BUDGET_0.01|ENTRY_WARNING_CAP_1|PROTECTIVE_INVENTORY_PENDING
2025-07-23,2950638.1985687162,2704956.4745725733,3567763.9469909444,1,29506.381985687163,20636.312320747958,20328.671618709544,0,False,0,True,TREND_OPEN|FUNDED_STOP_RISK_BUDGET_0.01|ENTRY_WARNING_CAP_1|PROTECTIVE_INVENTORY_PENDING
2025-07-24,2948143.3546146876,2709113.1830182532,3567763.9469909444,1,29481.433546146876,17569.549839766823,17335.859253559065,0,False,0,True,TREND_OPEN|FUNDED_STOP_RISK_BUDGET_0.01|ENTRY_WARNING_CAP_1|PROTECTIVE_INVENTORY_PENDING
2025-07-25,2948230.3928082269,2709113.1830182532,3567763.9469909444,1,29482.30392808227,17404.889664616567,17204.997823722915,0,False,0,True,TREND_OPEN|FUNDED_STOP_RISK_BUDGET_0.01|ENTRY_WARNING_CAP_1|PROTECTIVE_INVENTORY_PENDING
2025-07-28,2954773.5401363135,2713187.0167516032,3567763.9469909444,1,29547.735401363137,19857.557425542411,19655.998573219193,0,False,0,True,TREND_OPEN|FUNDED_STOP_RISK_BUDGET_0.01|ENTRY_WARNING_CAP_1|PROTECTIVE_INVENTORY_PENDING
2025-07-29,2980249.7548082899,2717225.9033171032,3567763.9469909444,1,54683.318275715224,32275.575315974267,31735.141509800604,0,False,0,True,TREND_OPEN|FUNDED_STOP_RISK_BUDGET_0.018348569|ENTRY_WARNING_CAP_1|PROTECTIVE_INVENTORY_PENDING
2025-07-30,2996781.0647830423,2717225.9033171032,3567763.9469909444,1,71214.628250467591,34376.91036664795,33168.315323261966,0,False,0,True,TREND_OPEN|FUNDED_STOP_RISK_BUDGET_0.023763707|ENTRY_WARNING_CAP_1|PROTECTIVE_INVENTORY_PENDING
2025-07-31,2998556.781979179,2726982.146542863,3567763.9469909444,1,72990.345446604304,29914.967242100101,29251.370040039928,0,False,0,True,TREND_OPEN|FUNDED_STOP_RISK_BUDGET_0.024341825|ENTRY_WARNING_CAP_1|PROTECTIVE_INVENTORY_PENDING
2025-08-01,2992485.7576785926,2726982.146542863,3567763.9469909444,1,66919.321146017872,23843.942941513276,23192.4628350688,0,False,0,True,TREND_OPEN|FUNDED_STOP_RISK_BUDGET_0.022362453|ENTRY_WARNING_CAP_1|PROTECTIVE_INVENTORY_PENDING
2025-08-04,2995025.5556848883,2726982.146542863,3567763.9469909444,1,69459.119152313564,25549.249112341058,24081.603834622892,0,False,0,True,TREND_OPEN|FUNDED_STOP_RISK_BUDGET_0.023191495|ENTRY_WARNING_CAP_1|PROTECTIVE_INVENTORY_PENDING
2025-08-05,3008021.4138826095,2737621.0553794629,3567763.9469909444,1,82454.977350034751,24296.399740479654,23511.497105683338,0,False,0,True,TREND_OPEN|FUNDED_STOP_RISK_BUDGET_0.027411699|ENTRY_WARNING_CAP_1|PROTECTIVE_INVENTORY_PENDING
2025-08-06,2995992.5545967189,2737621.0553794629,3567763.9469909444,1,70426.118064144161,13132.403840475488,10562.289985656571,0,False,0,True,TREND_OPEN|FUNDED_STOP_RISK_BUDGET_0.023506773|ENTRY_WARNING_CAP_1|PROTECTIVE_INVENTORY_PENDING
2025-08-07,2997950.4493059376,2846573.4079449256,3567763.9469909444,1,72384.01277336292,12998.856896178717,12074.887852092837,0,False,0,True,TREND_OPEN|FUNDED_STOP_RISK_BUDGET_0.024144499|ENTRY_WARNING_CAP_1|PROTECTIVE_INVENTORY_PENDING
2025-08-08,3003149.2258306192,2851887.3668916957,3567763.9469909444,1,77582.789298044518,17802.207467810484,16490.655425458655,0,False,0,True,MARKET_WEAK_WARNING|FUNDED_STOP_RISK_BUDGET_0.025833811|ENTRY_WARNING_CAP_1|PROTECTIVE_INVENTORY_PENDING
2025-08-11,3000897.2694327827,2857374.0646966957,3567763.9469909444,1,75330.832900207955,14980.434246659157,14407.407855802097,0,False,0,True,TREND_OPEN|FUNDED_STOP_RISK_BUDGET_0.02510277|ENTRY_WARNING_CAP_1|PROTECTIVE_INVENTORY_PENDING
2025-08-12,3003670.6902137036,2857374.0646966957,3567763.9469909444,1,78104.253681128845,17753.855027579913,16395.890432999957,0,False,0,True,TREND_OPEN|FUNDED_STOP_RISK_BUDGET_0.026002935|ENTRY_WARNING_CAP_1|PROTECTIVE_INVENTORY_PENDING
2025-08-13,3006799.3770142477,2868570.1312378757,3567763.9469909444,1,81232.940481672995,19518.261246927508,18710.161568102092,0,False,0,True,TREND_OPEN|FUNDED_STOP_RISK_BUDGET_0.027016415|ENTRY_WARNING_CAP_1|PROTECTIVE_INVENTORY_PENDING
2025-08-14,2996347.2924178364,2874316.4365754756,3567763.9469909444,1,70780.85588526167,8234.4579847255536,7878.5089456928445,0,False,0,True,TREND_OPEN|FUNDED_STOP_RISK_BUDGET_0.023622381|ENTRY_WARNING_CAP_1|PROTECTIVE_INVENTORY_PENDING
2025-08-15,2997455.8201600588,2879603.4362784754,3567763.9469909444,1,71889.383627484087,8974.7866799736403,8569.3492784511545,0,False,0,True,TREND_OPEN|FUNDED_STOP_RISK_BUDGET_0.023983467|ENTRY_WARNING_CAP_1|PROTECTIVE_INVENTORY_PENDING
2025-08-18,3002221.1936184517,2879603.4362784754,3567763.9469909444,1,76654.757085877005,13740.160138366731,12499.242536600534,0,False,0,True,TREND_OPEN|FUNDED_STOP_RISK_BUDGET_0.025532681|ENTRY_WARNING_CAP_1|PROTECTIVE_INVENTORY_PENDING
2025-08-19,3010081.6342980862,2890681.6809394755,3567763.9469909444,1,84515.197765511461,20355.201962195835,19345.453986332061,0,False,0,True,TREND_OPEN|FUNDED_STOP_RISK_BUDGET_0.028077377|ENTRY_WARNING_CAP_1|PROTECTIVE_INVENTORY_PENDING
2025-08-20,3014864.3893459449,2890681.6809394755,3567763.9469909444,1,89297.952813370153,23564.735881546214,21227.669064101894,0,False,0,True,TREND_OPEN|FUNDED_STOP_RISK_BUDGET_0.029619227|ENTRY_WARNING_CAP_1|PROTECTIVE_INVENTORY_PENDING
2025-08-21,3004654.0012405734,2896669.6209804956,3567763.9469909444,1,79087.564707998652,12357.071189415619,11711.778562192232,0,False,0,True,TREND_OPEN|FUNDED_STOP_RISK_BUDGET_0.026321688|ENTRY_WARNING_CAP_1|PROTECTIVE_INVENTORY_PENDING
2025-08-22,3009663.7553895265,2896669.6209804956,3567763.9469909444,1,84097.318856951781,17366.825338368664,15553.819090187484,0,False,0,True,TREND_OPEN|FUNDED_STOP_RISK_BUDGET_0.02794243|ENTRY_WARNING_CAP_1|PROTECTIVE_INVENTORY_PENDING
2025-08-25,3021051.3495132416,2909621.0338382558,3567763.9469909444,1,95484.91298066685,23609.879609758933,22235.200753468995,0,False,0,True,TREND_OPEN|FUNDED_STOP_RISK_BUDGET_0.031606518|ENTRY_WARNING_CAP_1|PROTECTIVE_INVENTORY_PENDING
2025-08-26,3032224.2183405003,2916712.3058928256,3567763.9469909444,1,106657.78180792555,22818.723423715033,21414.77586596159,0,False,0,True,TREND_OPEN|FUNDED_STOP_RISK_BUDGET_0.035174767|ENTRY_WARNING_CAP_1|PROTECTIVE_INVENTORY_PENDING
2025-08-27,3038949.2632547561,2923896.4375648256,3567763.9469909444,1,113382.8267221814,22035.185528063303,20590.915619256808,0,False,0,True,TREND_OPEN|FUNDED_STOP_RISK_BUDGET_0.037309878|ENTRY_WARNING_CAP_1|PROTECTIVE_INVENTORY_PENDING
2025-08-28,3049724.8547057705,2931421.0545007358,3567763.9469909444,1,124158.41817319579,21168.443698413914,83247.652785011815,0,False,0,False,TREND_OPEN|FUNDED_STOP_RISK_BUDGET_0.040711351|ENTRY_WARNING_CAP_1|CASH_FUNDED_SUPPORT_RISK
2025-08-29,3067380.4790757801,2580979.9635007358,3567763.9469909444,1,141814.04254320543,82199.449481613497,141814.04254320543,0,False,0,False,TREND_OPEN|FUNDED_STOP_RISK_BUDGET_0.046232948|ENTRY_WARNING_CAP_1|CASH_FUNDED_SUPPORT_RISK
2025-09-01,3124324.6692433418,2254769.3707927358,3567763.9469909444,1,198758.23271076707,151951.52572780047,198758.2327107671,0,False,0,False,TREND_OPEN|FUNDED_STOP_RISK_BUDGET_0.063616382|ENTRY_WARNING_CAP_1|CASH_FUNDED_SUPPORT_RISK
2025-09-02,3035204.2188290078,2021675.982264736,3567763.9469909444,1,109637.78229643311,103510.68959925618,103510.68959925618,0,False,0,False,TREND_OPEN|FUNDED_STOP_RISK_BUDGET_0.036122045|ENTRY_WARNING_CAP_1|RETAIN_ACTUAL_UNITS
2025-09-03,3075908.3504876932,2021675.982264736,3567763.9469909444,1,150341.91395511851,144214.8212579416,144214.8212579416,0,False,0,False,TREND_OPEN|FUNDED_STOP_RISK_BUDGET_0.048877241|ENTRY_WARNING_CAP_1|RETAIN_ACTUAL_UNITS
2025-09-04,2924243.0665730559,2021675.982264736,3567763.9469909444,0,29242.430665730561,30118.028734845437,14520.072130421828,0,False,0,True,ACCUMULATED_MARKET_SHOCK|FUNDED_STOP_RISK_BUDGET_0.01|ENTRY_WARNING_CAP_0|PROTECTIVE_INVENTORY_PENDING
2025-09-05,2950656.7560063456,2822477.0109532708,3567763.9469909444,0,29506.567560063457,20030.56309635716,20030.56309635716,0,False,0,False,RECOVERY_WAIT|FUNDED_STOP_RISK_BUDGET_0.01|ENTRY_WARNING_CAP_0|RETAIN_ACTUAL_UNITS
2025-09-08,2942240.7334401896,2822477.0109532708,3567763.9469909444,0,29422.407334401898,11614.540530201384,11614.540530201384,0,False,0,False,RECOVERY_WAIT|FUNDED_STOP_RISK_BUDGET_0.01|ENTRY_WARNING_CAP_0|RETAIN_ACTUAL_UNITS
2025-09-09,2949025.0781618869,2822477.0109532708,3567763.9469909444,0,29490.25078161887,18398.885251898388,18398.885251898388,0,False,0,False,RECOVERY_WAIT|FUNDED_STOP_RISK_BUDGET_0.01|ENTRY_WARNING_CAP_0|RETAIN_ACTUAL_UNITS
2025-09-10,2947450.6521716197,2822477.0109532708,3567763.9469909444,0,29474.506521716197,16824.459261631142,16824.459261631142,0,False,0,False,RECOVERY_WAIT|FUNDED_STOP_RISK_BUDGET_0.01|ENTRY_WARNING_CAP_0|RETAIN_ACTUAL_UNITS
2025-09-11,2955523.163612626,2822477.0109532708,3567763.9469909444,0,29956.727080051322,24896.970702637689,24896.970702637689,0,False,0,False,RECOVERY_WAIT|FUNDED_STOP_RISK_BUDGET_0.010135846|ENTRY_WARNING_CAP_0|RETAIN_ACTUAL_UNITS
2025-09-12,2949869.5430112118,2822477.0109532708,3567763.9469909444,0,29498.695430112119,19243.350101223525,19243.350101223525,0,False,0,False,RECOVERY_WAIT|FUNDED_STOP_RISK_BUDGET_0.01|ENTRY_WARNING_CAP_0|RETAIN_ACTUAL_UNITS
2025-09-15,2946505.9965774594,2822477.0109532708,3567763.9469909444,0.5,29465.059965774595,15879.803667470807,15879.803667470807,0,False,0,False,CONFIRMED_RECOVERY|FUNDED_STOP_RISK_BUDGET_0.01|ENTRY_WARNING_CAP_0.5|RETAIN_ACTUAL_UNITS
2025-09-16,2958958.2748641181,2822477.0109532708,3567763.9469909444,0.5,33391.838331543375,28332.081954129844,28332.081954129844,0,False,0,False,RECOVERY_WAIT|FUNDED_STOP_RISK_BUDGET_0.011284998|ENTRY_WARNING_CAP_0.5|RETAIN_ACTUAL_UNITS
2025-09-17,2964726.3991739154,2822477.0109532708,3567763.9469909444,0.5,39159.96264134068,34100.206263927073,34100.206263927073,0,False,0,False,RECOVERY_WAIT|FUNDED_STOP_RISK_BUDGET_0.013208626|ENTRY_WARNING_CAP_0.5|RETAIN_ACTUAL_UNITS
2025-09-18,2978996.4238311555,2822477.0109532708,3567763.9469909444,1,53429.987298580818,38341.853011342457,53429.987298580818,0,False,0,False,CONFIRMED_RECOVERY|FUNDED_STOP_RISK_BUDGET_0.017935566|ENTRY_WARNING_CAP_1|CASH_FUNDED_SUPPORT_RISK
2025-09-19,2994697.7448431845,2822477.0109532708,3567763.9469909444,1,69131.308310609777,39550.582782961275,69131.308310609777,0,False,0,False,TREND_OPEN|FUNDED_STOP_RISK_BUDGET_0.02308457|ENTRY_WARNING_CAP_1|CASH_FUNDED_SUPPORT_RISK
2025-09-22,2987091.9215405467,2738913.8321741908,3567763.9469909444,1,61525.485007971991,52777.47876290229,52777.47876290229,0,False,0,False,TREND_OPEN|FUNDED_STOP_RISK_BUDGET_0.020597118|ENTRY_WARNING_CAP_1|RETAIN_ACTUAL_UNITS
2025-09-23,2993209.1686096662,2738913.8321741908,3567763.9469909444,1,67642.732077091467,58894.725832021417,58894.725832021417,0,False,0,False,TREND_OPEN|FUNDED_STOP_RISK_BUDGET_0.022598732|ENTRY_WARNING_CAP_1|RETAIN_ACTUAL_UNITS
2025-09-24,2981067.7685959106,2738913.8321741908,3567763.9469909444,1,55501.332063335925,44525.852688351646,44525.852688351646,0,False,0,False,TREND_OPEN|FUNDED_STOP_RISK_BUDGET_0.018617937|ENTRY_WARNING_CAP_1|RETAIN_ACTUAL_UNITS
2025-09-25,2980117.7638181942,2738913.8321741908,3567763.9469909444,1,54551.327285619453,37591.771448109415,37591.771448109415,0,False,0,False,TREND_OPEN|FUNDED_STOP_RISK_BUDGET_0.018305091|ENTRY_WARNING_CAP_1|RETAIN_ACTUAL_UNITS
2025-09-26,2968652.7073074724,2738913.8321741908,3567763.9469909444,1,43086.270774897654,26126.714937387445,26126.714937387445,0,False,0,False,TREND_OPEN|FUNDED_STOP_RISK_BUDGET_0.014513746|ENTRY_WARNING_CAP_1|RETAIN_ACTUAL_UNITS
2025-09-29,2972914.5664397716,2738913.8321741908,3567763.9469909444,1,47348.129907196853,29511.631945567518,29511.631945567518,0,False,0,False,TREND_OPEN|FUNDED_STOP_RISK_BUDGET_0.015926502|ENTRY_WARNING_CAP_1|RETAIN_ACTUAL_UNITS
2025-09-30,2963550.3611665582,2738913.8321741908,3567763.9469909444,1,37983.924633983523,20147.426672353991,20147.426672353991,0,False,0,False,TREND_OPEN|FUNDED_STOP_RISK_BUDGET_0.012817034|ENTRY_WARNING_CAP_1|RETAIN_ACTUAL_UNITS
2025-10-09,2958479.5748402704,2738913.8321741908,3567763.9469909444,1,32913.138307695743,15076.640346066222,15076.640346066222,0,False,0,False,TREND_OPEN|FUNDED_STOP_RISK_BUDGET_0.011125018|ENTRY_WARNING_CAP_1|RETAIN_ACTUAL_UNITS
2025-10-10,2947050.3930693637,2738913.8321741908,3567763.9469909444,1,29470.503930693638,8765.774339882837,6162.6756594291837,0,False,0,True,TREND_OPEN|FUNDED_STOP_RISK_BUDGET_0.01|ENTRY_WARNING_CAP_1|PROTECTIVE_INVENTORY_PENDING
2025-10-13,2937032.7354845242,2861581.5983569184,3567763.9469909444,1,29370.327354845242,3632.1859145447161,18317.349591967337,0,False,0,False,TREND_OPEN|FUNDED_STOP_RISK_BUDGET_0.01|ENTRY_WARNING_CAP_1|CASH_FUNDED_SUPPORT_RISK
2025-10-14,2923699.6621437832,2786433.8518614969,3567763.9469909444,0,29236.996621437833,9028.3363056457238,7643.2894999999999,0,False,0,True,CROSS_SECTION_SHOCK|FUNDED_STOP_RISK_BUDGET_0.01|ENTRY_WARNING_CAP_0|PROTECTIVE_INVENTORY_PENDING
2025-10-15,2924507.7184118815,2855344.0084118815,3567763.9469909444,0,29245.077184118814,8793.5294999999987,8793.5294999999987,0,False,0,False,RECOVERY_WAIT|FUNDED_STOP_RISK_BUDGET_0.01|ENTRY_WARNING_CAP_0|RETAIN_ACTUAL_UNITS
2025-10-16,2922339.9584118817,2855344.0084118815,3567763.9469909444,0,29223.399584118819,6625.7695000000058,6625.7695000000058,0,False,0,False,RECOVERY_WAIT|FUNDED_STOP_RISK_BUDGET_0.01|ENTRY_WARNING_CAP_0|RETAIN_ACTUAL_UNITS
2025-10-17,2920454.2284118817,2855344.0084118815,3567763.9469909444,0,29204.542284118819,4740.0394999999999,4740.0394999999999,0,False,0,False,RECOVERY_WAIT|FUNDED_STOP_RISK_BUDGET_0.01|ENTRY_WARNING_CAP_0|RETAIN_ACTUAL_UNITS
2025-10-20,2920144.5484118816,2855344.0084118815,3567763.9469909444,0,29201.445484118816,4430.3595000000068,4430.3595000000068,0,False,0,False,RECOVERY_WAIT|FUNDED_STOP_RISK_BUDGET_0.01|ENTRY_WARNING_CAP_0|RETAIN_ACTUAL_UNITS
2025-10-21,2919740.8584118816,2855344.0084118815,3567763.9469909444,0,29197.408584118817,4026.6695000000045,4026.6695000000045,0,False,0,False,RECOVERY_WAIT|FUNDED_STOP_RISK_BUDGET_0.01|ENTRY_WARNING_CAP_0|RETAIN_ACTUAL_UNITS
2025-10-22,2918717.8084118813,2855344.0084118815,3567763.9469909444,0,29187.178084118816,3003.6194999999998,3003.6194999999998,0,False,0,False,RECOVERY_WAIT|FUNDED_STOP_RISK_BUDGET_0.01|ENTRY_WARNING_CAP_0|RETAIN_ACTUAL_UNITS
2025-10-23,2916644.0584118813,2855344.0084118815,3567763.9469909444,0,29166.440584118813,1226.001,1226.001,0,False,0,False,RECOVERY_WAIT|FUNDED_STOP_RISK_BUDGET_0.01|ENTRY_WARNING_CAP_0|RETAIN_ACTUAL_UNITS
2025-10-24,2925851.5084118815,2855344.0084118815,3567763.9469909444,0,29258.515084118815,10137.319500000003,10137.319500000003,0,False,0,False,RECOVERY_WAIT|FUNDED_STOP_RISK_BUDGET_0.01|ENTRY_WARNING_CAP_0|RETAIN_ACTUAL_UNITS
2025-10-27,2929169.5084118815,2855344.0084118815,3567763.9469909444,0,29291.695084118815,13455.319500000003,13455.319500000003,0,False,0,False,RECOVERY_WAIT|FUNDED_STOP_RISK_BUDGET_0.01|ENTRY_WARNING_CAP_0|RETAIN_ACTUAL_UNITS
2025-10-28,2929667.2084118817,2855344.0084118815,3567763.9469909444,0.5,29296.672084118818,13953.019500000006,13953.019500000006,0,False,0,False,CONFIRMED_RECOVERY|FUNDED_STOP_RISK_BUDGET_0.01|ENTRY_WARNING_CAP_0.5|RETAIN_ACTUAL_UNITS
2025-10-29,2932764.0084118815,2855344.0084118815,3567763.9469909444,0.5,29327.640084118815,17049.819500000001,17049.819500000001,0,False,0,False,RECOVERY_WAIT|FUNDED_STOP_RISK_BUDGET_0.01|ENTRY_WARNING_CAP_0.5|RETAIN_ACTUAL_UNITS
2025-10-30,2929081.0284118815,2855344.0084118815,3567763.9469909444,0.5,29290.810284118816,13366.839500000006,14645.405142059408,0,False,0,False,RECOVERY_WAIT|FUNDED_STOP_RISK_BUDGET_0.01|ENTRY_WARNING_CAP_0.5|CASH_FUNDED_SUPPORT_RISK
2025-10-31,2924496.6584118814,2855344.0084118815,3567763.9469909444,0.5,29244.966584118814,8782.4695000000011,14622.483292059407,0,False,0,False,RECOVERY_WAIT|FUNDED_STOP_RISK_BUDGET_0.01|ENTRY_WARNING_CAP_0.5|CASH_FUNDED_SUPPORT_RISK
2025-11-03,2923224.7584118815,2855344.0084118815,3567763.9469909444,0.5,29232.247584118817,7510.5695000000032,14616.12379205941,0,False,0,False,RECOVERY_WAIT|FUNDED_STOP_RISK_BUDGET_0.01|ENTRY_WARNING_CAP_0.5|CASH_FUNDED_SUPPORT_RISK
2025-11-04,2924010.0184118813,2855344.0084118815,3567763.9469909444,0.5,29240.100184118812,8295.8295000000035,14620.050092059406,0,False,0,False,RECOVERY_WAIT|FUNDED_STOP_RISK_BUDGET_0.01|ENTRY_WARNING_CAP_0.5|CASH_FUNDED_SUPPORT_RISK
2025-11-05,2922240.4184118817,2855344.0084118815,3567763.9469909444,0.5,29222.404184118815,5596.3600000000024,12901.961046029704,0,False,0,False,RECOVERY_WAIT|FUNDED_STOP_RISK_BUDGET_0.01|ENTRY_WARNING_CAP_0.5|CASH_FUNDED_SUPPORT_RISK
2025-11-06,2925718.7884118813,2855344.0084118815,3567763.9469909444,0.5,29257.187884118815,9074.7300000000068,14628.593942059408,0,False,0,False,RECOVERY_WAIT|FUNDED_STOP_RISK_BUDGET_0.01|ENTRY_WARNING_CAP_0.5|CASH_FUNDED_SUPPORT_RISK
2025-11-07,2924889.2884118813,2855344.0084118815,3567763.9469909444,0.5,29248.892884118814,8245.2300000000068,14624.446442059405,0,False,0,False,RECOVERY_WAIT|FUNDED_STOP_RISK_BUDGET_0.01|ENTRY_WARNING_CAP_0.5|CASH_FUNDED_SUPPORT_RISK
2025-11-10,2921068.0584118813,2855344.0084118815,3567763.9469909444,0.5,29210.680584118814,4412.9399999999941,11715.610146029696,0,False,0,False,RECOVERY_WAIT|FUNDED_STOP_RISK_BUDGET_0.01|ENTRY_WARNING_CAP_0.5|CASH_FUNDED_SUPPORT_RISK
2025-11-11,2918551.9084118814,2855344.0084118815,3567763.9469909444,0.5,29185.519084118816,1264.1580000000001,8560.5377710297053,0,False,0,False,RECOVERY_WAIT|FUNDED_STOP_RISK_BUDGET_0.01|ENTRY_WARNING_CAP_0.5|CASH_FUNDED_SUPPORT_RISK
2025-11-12,2918043.1484118816,2855344.0084118815,3567763.9469909444,0.5,29180.431484118817,1253.9828,8549.090671029704,0,False,0,False,RECOVERY_WAIT|FUNDED_STOP_RISK_BUDGET_0.01|ENTRY_WARNING_CAP_0.5|CASH_FUNDED_SUPPORT_RISK
2025-11-13,2919685.5584118813,2855344.0084118815,3567763.9469909444,0.5,29196.855584118814,1513.2844999999959,8812.4983960296995,0,False,0,False,RECOVERY_WAIT|FUNDED_STOP_RISK_BUDGET_0.01|ENTRY_WARNING_CAP_0.5|CASH_FUNDED_SUPPORT_RISK
2025-11-14,2917130.6984118815,2855344.0084118815,3567763.9469909444,0.5,29171.306984118815,1235.7338,0,0,False,0,True,RECOVERY_WAIT|FUNDED_STOP_RISK_BUDGET_0.01|ENTRY_WARNING_CAP_0.5|PROTECTIVE_INVENTORY_PENDING
2025-11-17,2917441.5414219787,2917441.5414219787,3567763.9469909444,0.5,29174.415414219788,0,7293.6038535549469,0,False,0,False,RECOVERY_WAIT|FUNDED_STOP_RISK_BUDGET_0.01|ENTRY_WARNING_CAP_0.5|CASH_FUNDED_SUPPORT_RISK
2025-11-18,2915778.5628315993,2861499.1281752586,3567763.9469909444,0.5,29157.785628315993,4266.8731848983507,4266.8731848983507,0,False,0,False,RECOVERY_WAIT|FUNDED_STOP_RISK_BUDGET_0.01|ENTRY_WARNING_CAP_0.5|RETAIN_ACTUAL_UNITS
2025-11-19,2913849.455377582,2861499.1281752586,3567763.9469909444,0.5,29138.494553775821,2337.7657308809294,0,0,False,0,True,RECOVERY_WAIT|FUNDED_STOP_RISK_BUDGET_0.01|ENTRY_WARNING_CAP_0.5|PROTECTIVE_INVENTORY_PENDING
2025-11-20,2914795.2042843611,2914795.2042843611,3567763.9469909444,0.5,29147.952042843612,0,0,0,False,0,False,RECOVERY_WAIT|FUNDED_STOP_RISK_BUDGET_0.01|ENTRY_WARNING_CAP_0.5|RETAIN_ACTUAL_UNITS
2025-11-21,2914795.2042843611,2914795.2042843611,3567763.9469909444,0,29147.952042843612,0,0,0,False,0,False,CROSS_SECTION_SHOCK|FUNDED_STOP_RISK_BUDGET_0.01|ENTRY_WARNING_CAP_0|RETAIN_ACTUAL_UNITS
2025-11-24,2914795.2042843611,2914795.2042843611,3567763.9469909444,0,29147.952042843612,0,0,0,False,0,False,RECOVERY_WAIT|FUNDED_STOP_RISK_BUDGET_0.01|ENTRY_WARNING_CAP_0|RETAIN_ACTUAL_UNITS
2025-11-25,2914795.2042843611,2914795.2042843611,3567763.9469909444,0,29147.952042843612,0,0,0,False,0,False,RECOVERY_WAIT|FUNDED_STOP_RISK_BUDGET_0.01|ENTRY_WARNING_CAP_0|RETAIN_ACTUAL_UNITS
2025-11-26,2914795.2042843611,2914795.2042843611,3567763.9469909444,0,29147.952042843612,0,0,0,False,0,False,RECOVERY_WAIT|FUNDED_STOP_RISK_BUDGET_0.01|ENTRY_WARNING_CAP_0|RETAIN_ACTUAL_UNITS
2025-11-27,2914795.2042843611,2914795.2042843611,3567763.9469909444,0,29147.952042843612,0,0,0,False,0,False,RECOVERY_WAIT|FUNDED_STOP_RISK_BUDGET_0.01|ENTRY_WARNING_CAP_0|RETAIN_ACTUAL_UNITS
2025-11-28,2914795.2042843611,2914795.2042843611,3567763.9469909444,0,29147.952042843612,0,0,0,False,0,False,RECOVERY_WAIT|FUNDED_STOP_RISK_BUDGET_0.01|ENTRY_WARNING_CAP_0|RETAIN_ACTUAL_UNITS
2025-12-01,2914795.2042843611,2914795.2042843611,3567763.9469909444,0,29147.952042843612,0,0,0,False,0,False,RECOVERY_WAIT|FUNDED_STOP_RISK_BUDGET_0.01|ENTRY_WARNING_CAP_0|RETAIN_ACTUAL_UNITS
2025-12-02,2914795.2042843611,2914795.2042843611,3567763.9469909444,0.5,29147.952042843612,0,14573.976021421804,0,False,0,False,CONFIRMED_RECOVERY|FUNDED_STOP_RISK_BUDGET_0.01|ENTRY_WARNING_CAP_0.5|CASH_FUNDED_SUPPORT_RISK
2025-12-03,2913527.2461807132,2885313.296180713,3567763.9469909444,0.5,29135.272461807133,5608.9715000000015,12892.789615451784,0,False,0,False,RECOVERY_WAIT|FUNDED_STOP_RISK_BUDGET_0.01|ENTRY_WARNING_CAP_0.5|CASH_FUNDED_SUPPORT_RISK
2025-12-04,2915046.7251573722,2833511.0941090928,3567763.9469909444,0.5,29150.467251573722,13262.382509353758,13262.382509353758,0,False,0,False,RECOVERY_WAIT|FUNDED_STOP_RISK_BUDGET_0.01|ENTRY_WARNING_CAP_0.5|RETAIN_ACTUAL_UNITS
2025-12-05,2916258.4053297294,2833511.0941090928,3567763.9469909444,1,29162.584053297294,14474.062681710784,14474.062681710784,0,False,0,False,CONFIRMED_RECOVERY|FUNDED_STOP_RISK_BUDGET_0.01|ENTRY_WARNING_CAP_1|RETAIN_ACTUAL_UNITS
2025-12-08,2923388.5664130608,2833511.0941090928,3567763.9469909444,1,29233.885664130608,17952.120285173423,17952.120285173423,0,False,0,False,TREND_OPEN|FUNDED_STOP_RISK_BUDGET_0.01|ENTRY_WARNING_CAP_1|RETAIN_ACTUAL_UNITS
2025-12-09,2933568.0381581276,2833511.0941090928,3567763.9469909444,1,29335.680381581275,18854.433915825859,18854.433915825859,0,False,0,False,TREND_OPEN|FUNDED_STOP_RISK_BUDGET_0.01|ENTRY_WARNING_CAP_1|RETAIN_ACTUAL_UNITS
2025-12-10,2936453.2947539794,2833511.0941090928,3567763.9469909444,1,29364.532947539796,18876.64881444507,18876.64881444507,0,False,0,False,TREND_OPEN|FUNDED_STOP_RISK_BUDGET_0.01|ENTRY_WARNING_CAP_1|RETAIN_ACTUAL_UNITS
2025-12-11,2931320.281830688,2833511.0941090928,3567763.9469909444,1,29313.20281830688,13743.635891153623,13743.635891153623,0,False,0,False,TREND_OPEN|FUNDED_STOP_RISK_BUDGET_0.01|ENTRY_WARNING_CAP_1|RETAIN_ACTUAL_UNITS
2025-12-12,2933441.0603280831,2833511.0941090928,3567763.9469909444,1,29334.41060328083,15864.41438854891,15864.41438854891,0,False,0,False,TREND_OPEN|FUNDED_STOP_RISK_BUDGET_0.01|ENTRY_WARNING_CAP_1|RETAIN_ACTUAL_UNITS
2025-12-15,2929798.6729603042,2833511.0941090928,3567763.9469909444,1,29297.986729603042,12222.027020769989,12222.027020769989,0,False,0,False,TREND_OPEN|FUNDED_STOP_RISK_BUDGET_0.01|ENTRY_WARNING_CAP_1|RETAIN_ACTUAL_UNITS
2025-12-16,2925368.9198720148,2833511.0941090928,3567763.9469909444,1,29253.689198720149,7792.2739324805807,7792.2739324805807,0,False,0,False,MARKET_WEAK_WARNING|FUNDED_STOP_RISK_BUDGET_0.01|ENTRY_WARNING_CAP_1|RETAIN_ACTUAL_UNITS
2025-12-17,2930763.1557315728,2833511.0941090928,3567763.9469909444,1,29307.63155731573,13186.509792038656,13186.509792038656,0,False,0,False,TREND_OPEN|FUNDED_STOP_RISK_BUDGET_0.01|ENTRY_WARNING_CAP_1|RETAIN_ACTUAL_UNITS
2025-12-18,2929390.588804563,2833511.0941090928,3567763.9469909444,1,29293.905888045632,11813.942865028956,11813.942865028956,0,False,0,False,TREND_OPEN|FUNDED_STOP_RISK_BUDGET_0.01|ENTRY_WARNING_CAP_1|RETAIN_ACTUAL_UNITS
2025-12-19,2926780.6156343557,2833511.0941090928,3567763.9469909444,1,29267.806156343559,9203.969694821546,9203.969694821546,0,False,0,False,MARKET_WEAK_WARNING|FUNDED_STOP_RISK_BUDGET_0.01|ENTRY_WARNING_CAP_1|RETAIN_ACTUAL_UNITS
2025-12-22,2932112.7752433568,2833511.0941090928,3567763.9469909444,1,29321.127752433567,14536.129303822843,14536.129303822843,0,False,0,False,TREND_OPEN|FUNDED_STOP_RISK_BUDGET_0.01|ENTRY_WARNING_CAP_1|RETAIN_ACTUAL_UNITS
2025-12-23,2933393.1630519051,2833511.0941090928,3567763.9469909444,1,29333.931630519051,15421.503609456397,15421.503609456397,0,False,0,False,TREND_OPEN|FUNDED_STOP_RISK_BUDGET_0.01|ENTRY_WARNING_CAP_1|RETAIN_ACTUAL_UNITS
2025-12-24,2934166.9380903468,2833511.0941090928,3567763.9469909444,1,29341.66938090347,13859.564055648079,13859.564055648079,0,False,0,False,TREND_OPEN|FUNDED_STOP_RISK_BUDGET_0.01|ENTRY_WARNING_CAP_1|RETAIN_ACTUAL_UNITS
2025-12-25,2934034.0038521066,2833511.0941090928,3567763.9469909444,1,29340.340038521066,13260.428719358219,13260.428719358219,0,False,0,False,TREND_OPEN|FUNDED_STOP_RISK_BUDGET_0.01|ENTRY_WARNING_CAP_1|RETAIN_ACTUAL_UNITS
2025-12-26,2931009.2150094165,2833511.0941090928,3567763.9469909444,1,29310.092150094166,10235.639876667899,10235.639876667899,0,False,0,False,TREND_OPEN|FUNDED_STOP_RISK_BUDGET_0.01|ENTRY_WARNING_CAP_1|RETAIN_ACTUAL_UNITS
2025-12-29,2929689.2220731494,2833511.0941090928,3567763.9469909444,1,29296.892220731494,8758.743669490872,8758.743669490872,0,False,0,False,TREND_OPEN|FUNDED_STOP_RISK_BUDGET_0.01|ENTRY_WARNING_CAP_1|RETAIN_ACTUAL_UNITS
2025-12-30,2930881.6133073419,2833511.0941090928,3567763.9469909444,1,29308.816133073418,9951.134903683409,9951.134903683409,0,False,0,False,TREND_OPEN|FUNDED_STOP_RISK_BUDGET_0.01|ENTRY_WARNING_CAP_1|RETAIN_ACTUAL_UNITS
2025-12-31,2927386.7527964683,2833511.0941090928,3567763.9469909444,1,29273.867527964685,6635.3092928094247,6635.3092928094247,0,False,0,False,MARKET_WEAK_WARNING|FUNDED_STOP_RISK_BUDGET_0.01|ENTRY_WARNING_CAP_1|RETAIN_ACTUAL_UNITS
