date,nav,cash,global_peak,warning_cap,funded_budget,actual_risk,requested_risk,original_target_error,changed_units,target_l1_change,protective,reason
2023-01-03,2000000,2000000,2000000,0,200000,0,0,0,False,0,False,WARMUP_OR_NO_FRESH_QUOTES|FUNDED_STOP_RISK_BUDGET_0.1|ENTRY_WARNING_CAP_0|RETAIN_ACTUAL_UNITS
2023-01-04,2000000,2000000,2000000,0,200000,0,0,0,False,0,False,WARMUP_OR_NO_FRESH_QUOTES|FUNDED_STOP_RISK_BUDGET_0.1|ENTRY_WARNING_CAP_0|RETAIN_ACTUAL_UNITS
2023-01-05,2000000,2000000,2000000,0,200000,0,0,0,False,0,False,WARMUP_OR_NO_FRESH_QUOTES|FUNDED_STOP_RISK_BUDGET_0.1|ENTRY_WARNING_CAP_0|RETAIN_ACTUAL_UNITS
2023-01-06,2000000,2000000,2000000,0,200000,0,0,0,False,0,False,WARMUP_OR_NO_FRESH_QUOTES|FUNDED_STOP_RISK_BUDGET_0.1|ENTRY_WARNING_CAP_0|RETAIN_ACTUAL_UNITS
2023-01-09,2000000,2000000,2000000,0,200000,0,0,0,False,0,False,WARMUP_OR_NO_FRESH_QUOTES|FUNDED_STOP_RISK_BUDGET_0.1|ENTRY_WARNING_CAP_0|RETAIN_ACTUAL_UNITS
2023-01-10,2000000,2000000,2000000,0,200000,0,0,0,False,0,False,WARMUP_OR_NO_FRESH_QUOTES|FUNDED_STOP_RISK_BUDGET_0.1|ENTRY_WARNING_CAP_0|RETAIN_ACTUAL_UNITS
2023-01-11,2000000,2000000,2000000,0,200000,0,0,0,False,0,False,WARMUP_OR_NO_FRESH_QUOTES|FUNDED_STOP_RISK_BUDGET_0.1|ENTRY_WARNING_CAP_0|RETAIN_ACTUAL_UNITS
2023-01-12,2000000,2000000,2000000,0,200000,0,0,0,False,0,False,WARMUP_OR_NO_FRESH_QUOTES|FUNDED_STOP_RISK_BUDGET_0.1|ENTRY_WARNING_CAP_0|RETAIN_ACTUAL_UNITS
2023-01-13,2000000,2000000,2000000,0,200000,0,0,0,False,0,False,WARMUP_OR_NO_FRESH_QUOTES|FUNDED_STOP_RISK_BUDGET_0.1|ENTRY_WARNING_CAP_0|RETAIN_ACTUAL_UNITS
2023-01-16,2000000,2000000,2000000,0,200000,0,0,0,False,0,False,RECOVERY_WAIT|FUNDED_STOP_RISK_BUDGET_0.1|ENTRY_WARNING_CAP_0|RETAIN_ACTUAL_UNITS
2023-01-17,2000000,2000000,2000000,0,200000,0,0,0,False,0,False,RECOVERY_WAIT|FUNDED_STOP_RISK_BUDGET_0.1|ENTRY_WARNING_CAP_0|RETAIN_ACTUAL_UNITS
2023-01-18,2000000,2000000,2000000,0.5,200000,0,0,0,False,0,False,CONFIRMED_RECOVERY|FUNDED_STOP_RISK_BUDGET_0.1|ENTRY_WARNING_CAP_0.5|RETAIN_ACTUAL_UNITS
2023-01-19,2000000,2000000,2000000,0.5,200000,0,0,0,False,0,False,RECOVERY_WAIT|FUNDED_STOP_RISK_BUDGET_0.1|ENTRY_WARNING_CAP_0.5|RETAIN_ACTUAL_UNITS
2023-01-20,2000000,2000000,2000000,0.5,200000,0,0,0,False,0,False,RECOVERY_WAIT|FUNDED_STOP_RISK_BUDGET_0.1|ENTRY_WARNING_CAP_0.5|RETAIN_ACTUAL_UNITS
2023-01-30,2000000,2000000,2000000,1,200000,0,0,0,False,0,False,CONFIRMED_RECOVERY|FUNDED_STOP_RISK_BUDGET_0.1|ENTRY_WARNING_CAP_1|RETAIN_ACTUAL_UNITS
2023-01-31,2000000,2000000,2000000,1,200000,0,0,0,False,0,False,TREND_OPEN|FUNDED_STOP_RISK_BUDGET_0.1|ENTRY_WARNING_CAP_1|RETAIN_ACTUAL_UNITS
2023-02-01,2000000,2000000,2000000,1,200000,0,0,0,False,0,False,TREND_OPEN|FUNDED_STOP_RISK_BUDGET_0.1|ENTRY_WARNING_CAP_1|RETAIN_ACTUAL_UNITS
2023-02-02,2000000,2000000,2000000,1,200000,0,0,0,False,0,False,TREND_OPEN|FUNDED_STOP_RISK_BUDGET_0.1|ENTRY_WARNING_CAP_1|RETAIN_ACTUAL_UNITS
2023-02-03,2000000,2000000,2000000,1,200000,0,0,0,False,0,False,TREND_OPEN|FUNDED_STOP_RISK_BUDGET_0.1|ENTRY_WARNING_CAP_1|RETAIN_ACTUAL_UNITS
2023-02-06,2000000,2000000,2000000,1,200000,0,0,0,False,0,False,TREND_OPEN|FUNDED_STOP_RISK_BUDGET_0.1|ENTRY_WARNING_CAP_1|RETAIN_ACTUAL_UNITS
2023-02-07,2000000,2000000,2000000,1,200000,0,177461.1801242237,0,False,0,False,TREND_OPEN|FUNDED_STOP_RISK_BUDGET_0.1|ENTRY_WARNING_CAP_1|CASH_FUNDED_SUPPORT_RISK
2023-02-08,1935375.2892847811,367515.23428820027,2000000,1,193537.52892847813,110926.69187881846,110926.69187881846,0,False,0,False,MARKET_WEAK_WARNING|FUNDED_STOP_RISK_BUDGET_0.1|ENTRY_WARNING_CAP_1|RETAIN_ACTUAL_UNITS
2023-02-09,2031193.8706126972,367515.23428820027,2031193.8706126972,1,203119.38706126972,187327.59939176121,203119.38706126972,0,False,0,False,TREND_OPEN|FUNDED_STOP_RISK_BUDGET_0.1|ENTRY_WARNING_CAP_1|CASH_FUNDED_SUPPORT_RISK
2023-02-10,2129542.6335692089,182061.8089310003,2129542.6335692089,1,212954.26335692091,220674.14278806996,212877.41568809981,0,False,0,True,TREND_OPEN|FUNDED_STOP_RISK_BUDGET_0.1|ENTRY_WARNING_CAP_1|PROTECTIVE_INVENTORY_PENDING
2023-02-13,2271431.4540994181,252583.1589290603,2271431.4540994181,1,227143.14540994182,251655.98285364063,227101.08840985192,0,False,0,True,TREND_OPEN|FUNDED_STOP_RISK_BUDGET_0.1|ENTRY_WARNING_CAP_1|PROTECTIVE_INVENTORY_PENDING
2023-02-14,2240206.5004575662,445486.45413746033,2271431.4540994181,1,224020.65004575663,197948.21576960923,197736.08699518652,0,False,0,True,TREND_OPEN|FUNDED_STOP_RISK_BUDGET_0.1|ENTRY_WARNING_CAP_1|PROTECTIVE_INVENTORY_PENDING
2023-02-15,2302540.4493499929,445486.45413746033,2302540.4493499929,1,230254.04493499931,256188.21922019581,230167.28915079319,0,False,0,True,TREND_OPEN|FUNDED_STOP_RISK_BUDGET_0.1|ENTRY_WARNING_CAP_1|PROTECTIVE_INVENTORY_PENDING
2023-02-16,2159514.2293839762,626971.99746292434,2302540.4493499929,1,215951.42293839762,92733.624976825085,91383.272296069845,0,False,0,True,TREND_OPEN|FUNDED_STOP_RISK_BUDGET_0.1|ENTRY_WARNING_CAP_1|PROTECTIVE_INVENTORY_PENDING
2023-02-17,2107412.4896356966,643096.52816654439,2302540.4493499929,1,210741.24896356967,64477.366121376406,47674.73155430887,0,False,0,True,MARKET_WEAK_WARNING|FUNDED_STOP_RISK_BUDGET_0.1|ENTRY_WARNING_CAP_1|PROTECTIVE_INVENTORY_PENDING
2023-02-20,2135765.8734815568,1449501.7503802706,2302540.4493499929,1,213576.58734815568,68441.358850587072,66796.805435284012,0,False,0,True,MARKET_WEAK_WARNING|FUNDED_STOP_RISK_BUDGET_0.1|ENTRY_WARNING_CAP_1|PROTECTIVE_INVENTORY_PENDING
2023-02-21,2159342.0451298212,1465983.5618654706,2302540.4493499929,1,215934.20451298213,90380.576445214741,88156.773504352052,0,False,0,True,MARKET_WEAK_WARNING|FUNDED_STOP_RISK_BUDGET_0.1|ENTRY_WARNING_CAP_1|PROTECTIVE_INVENTORY_PENDING
2023-02-22,2151895.8568027406,1465983.5618654706,2302540.4493499929,1,215189.58568027406,82934.388118134142,80893.409290714044,0,False,0,True,MARKET_WEAK_WARNING|FUNDED_STOP_RISK_BUDGET_0.1|ENTRY_WARNING_CAP_1|PROTECTIVE_INVENTORY_PENDING
2023-02-23,2142434.7554065622,1482924.4492152706,2302540.4493499929,1,214243.47554065625,71369.991336138686,69568.833530646953,0,False,0,True,MARKET_WEAK_WARNING|FUNDED_STOP_RISK_BUDGET_0.1|ENTRY_WARNING_CAP_1|PROTECTIVE_INVENTORY_PENDING
2023-02-24,2180114.1562703345,1500184.6936882706,2302540.4493499929,1,218011.41562703345,106621.75899481263,103864.0460894736,0,False,0,True,MARKET_WEAK_WARNING|FUNDED_STOP_RISK_BUDGET_0.1|ENTRY_WARNING_CAP_1|PROTECTIVE_INVENTORY_PENDING
2023-02-27,2158394.2036066116,1500184.6936882706,2302540.4493499929,1,215839.42036066117,84901.80633108996,82704.607191224597,0,False,0,True,MARKET_WEAK_WARNING|FUNDED_STOP_RISK_BUDGET_0.1|ENTRY_WARNING_CAP_1|PROTECTIVE_INVENTORY_PENDING
2023-02-28,2149179.7041095258,1517195.4404087707,2302540.4493499929,1,214917.97041095258,73513.029788639062,71559.535226858367,0,False,0,True,MARKET_WEAK_WARNING|FUNDED_STOP_RISK_BUDGET_0.1|ENTRY_WARNING_CAP_1|PROTECTIVE_INVENTORY_PENDING
2023-03-01,2199990.5583881643,1517195.4404087707,2302540.4493499929,1,219999.05583881645,124323.88406727756,121008.08337746668,0,False,0,True,TREND_OPEN|FUNDED_STOP_RISK_BUDGET_0.1|ENTRY_WARNING_CAP_1|PROTECTIVE_INVENTORY_PENDING
2023-03-02,2206439.1332408492,1535054.4794877707,2302540.4493499929,1,220643.91332408495,127737.36879118285,124255.61829865763,0,False,0,True,TREND_OPEN|FUNDED_STOP_RISK_BUDGET_0.1|ENTRY_WARNING_CAP_1|PROTECTIVE_INVENTORY_PENDING
2023-03-03,2223342.4186831387,1554208.9108977506,2302540.4493499929,1,222334.24186831387,140293.03149165169,136363.51374127198,0,False,0,True,TREND_OPEN|FUNDED_STOP_RISK_BUDGET_0.1|ENTRY_WARNING_CAP_1|PROTECTIVE_INVENTORY_PENDING
2023-03-06,2205350.6571061281,1554208.9108977506,2302540.4493499929,1,220535.06571061281,122301.26991464097,118874.19895220199,0,False,0,True,TREND_OPEN|FUNDED_STOP_RISK_BUDGET_0.1|ENTRY_WARNING_CAP_1|PROTECTIVE_INVENTORY_PENDING
2023-03-07,2181033.6668496993,1554208.9108977506,2302540.4493499929,0,218103.36668496995,94910.867261418331,92249.591702106234,0,False,0,True,CROSS_SECTION_SHOCK|FUNDED_STOP_RISK_BUDGET_0.1|ENTRY_WARNING_CAP_0|PROTECTIVE_INVENTORY_PENDING
2023-03-08,2196425.7400227487,1572141.8013114906,2302540.4493499929,0,219642.57400227489,103776.70864752617,100784.17881738293,0,False,0,True,RECOVERY_WAIT|FUNDED_STOP_RISK_BUDGET_0.1|ENTRY_WARNING_CAP_0|PROTECTIVE_INVENTORY_PENDING
2023-03-09,2200444.3974429914,1590120.5993116905,2302540.4493499929,0,220044.43974429916,78986.201671234216,76641.167807791673,0,False,0,True,RECOVERY_WAIT|FUNDED_STOP_RISK_BUDGET_0.1|ENTRY_WARNING_CAP_0|PROTECTIVE_INVENTORY_PENDING
2023-03-10,2209895.3888821388,1590120.5993116905,2302540.4493499929,0.5,220989.53888821389,88161.624245525425,85531.749050136365,0,False,0,True,CONFIRMED_RECOVERY|FUNDED_STOP_RISK_BUDGET_0.1|ENTRY_WARNING_CAP_0.5|PROTECTIVE_INVENTORY_PENDING
2023-03-13,2234781.8445902849,1608155.2848084506,2302540.4493499929,0.5,223478.1844590285,104875.15239967794,101669.11462804617,0,False,0,True,RECOVERY_WAIT|FUNDED_STOP_RISK_BUDGET_0.1|ENTRY_WARNING_CAP_0.5|PROTECTIVE_INVENTORY_PENDING
2023-03-14,2280566.0829261169,1627281.7724701506,2302540.4493499929,0.5,228056.60829261169,112501.38191567811,108957.66687460356,0,False,0,True,RECOVERY_WAIT|FUNDED_STOP_RISK_BUDGET_0.1|ENTRY_WARNING_CAP_0.5|PROTECTIVE_INVENTORY_PENDING
2023-03-15,2287593.639104255,1627281.7724701506,2302540.4493499929,1,228759.36391042551,108993.36411855838,105543.5410193275,0,False,0,True,CONFIRMED_RECOVERY|FUNDED_STOP_RISK_BUDGET_0.1|ENTRY_WARNING_CAP_1|PROTECTIVE_INVENTORY_PENDING
2023-03-16,2278137.1041693147,1648335.0908425853,2302540.4493499929,1,227813.71041693148,93563.413130458051,90519.715003659017,0,False,0,True,MARKET_WEAK_WARNING|FUNDED_STOP_RISK_BUDGET_0.1|ENTRY_WARNING_CAP_1|PROTECTIVE_INVENTORY_PENDING
2023-03-17,2401822.1344739813,1668818.7189103854,2401822.1344739813,1,240182.21344739816,114977.39196150108,111120.8831120956,0,False,0,True,TREND_OPEN|FUNDED_STOP_RISK_BUDGET_0.1|ENTRY_WARNING_CAP_1|PROTECTIVE_INVENTORY_PENDING
2023-03-20,2472392.6792438049,1693562.7021583854,2472392.6792438049,1,247239.26792438049,120511.89319751757,116334.06079241472,0,False,0,True,TREND_OPEN|FUNDED_STOP_RISK_BUDGET_0.1|ENTRY_WARNING_CAP_1|PROTECTIVE_INVENTORY_PENDING
2023-03-21,2482893.3278405122,1693562.7021583854,2482893.3278405122,1,248289.33278405122,121448.0851295254,117217.36912974564,0,False,0,True,TREND_OPEN|FUNDED_STOP_RISK_BUDGET_0.1|ENTRY_WARNING_CAP_1|PROTECTIVE_INVENTORY_PENDING
2023-03-22,2613968.0473950333,1720493.7342483054,2613968.0473950333,1,261396.80473950334,140553.72915205493,135515.04378807961,0,False,0,True,TREND_OPEN|FUNDED_STOP_RISK_BUDGET_0.1|ENTRY_WARNING_CAP_1|PROTECTIVE_INVENTORY_PENDING
2023-03-23,2651584.8468853184,1752944.2709885454,2651584.8468853184,1,265158.48468853184,147594.39676328251,142108.718746825,0,False,0,True,TREND_OPEN|FUNDED_STOP_RISK_BUDGET_0.1|ENTRY_WARNING_CAP_1|PROTECTIVE_INVENTORY_PENDING
2023-03-24,2735158.0331617719,1786270.8245550655,2735158.0331617719,1,273515.80331617722,154742.18157103172,148773.54399837877,0,False,0,True,TREND_OPEN|FUNDED_STOP_RISK_BUDGET_0.1|ENTRY_WARNING_CAP_1|PROTECTIVE_INVENTORY_PENDING
2023-03-27,2752879.7551561585,1786270.8245550655,2752879.7551561585,1,275287.97551561584,164301.39526132261,157933.30641510585,0,False,0,True,TREND_OPEN|FUNDED_STOP_RISK_BUDGET_0.1|ENTRY_WARNING_CAP_1|PROTECTIVE_INVENTORY_PENDING
2023-03-28,2679173.7749949209,1822177.5370199454,2752879.7551561585,1,267917.37749949208,85639.335239290056,82201.755234046665,0,False,0,True,MARKET_WEAK_WARNING|FUNDED_STOP_RISK_BUDGET_0.1|ENTRY_WARNING_CAP_1|PROTECTIVE_INVENTORY_PENDING
2023-03-29,2679591.2259242404,1856990.7250638655,2752879.7551561585,1,267959.12259242404,82202.181222698186,78764.601217454809,0,False,0,True,TREND_OPEN|FUNDED_STOP_RISK_BUDGET_0.1|ENTRY_WARNING_CAP_1|PROTECTIVE_INVENTORY_PENDING
2023-03-30,2698591.269995172,1891440.7352891455,2752879.7551561585,1,269859.1269995172,97713.768681040092,93450.030028869529,0,False,0,True,TREND_OPEN|FUNDED_STOP_RISK_BUDGET_0.1|ENTRY_WARNING_CAP_1|PROTECTIVE_INVENTORY_PENDING
2023-03-31,2744128.278426074,1891440.7352891455,2752879.7551561585,1,274412.8278426074,143250.77711194224,136971.6495160354,0,False,0,True,TREND_OPEN|FUNDED_STOP_RISK_BUDGET_0.1|ENTRY_WARNING_CAP_1|PROTECTIVE_INVENTORY_PENDING
2023-04-03,2855362.8666436528,1929319.8624960943,2855362.8666436528,1,285536.28666436527,186772.48885072613,178261.22210155829,0,False,0,True,TREND_OPEN|FUNDED_STOP_RISK_BUDGET_0.1|ENTRY_WARNING_CAP_1|PROTECTIVE_INVENTORY_PENDING
2023-04-04,2875299.228152249,1929319.8624960943,2875299.228152249,1,287529.92281522491,199562.1883596601,190424.00056853908,0,False,0,True,TREND_OPEN|FUNDED_STOP_RISK_BUDGET_0.1|ENTRY_WARNING_CAP_1|PROTECTIVE_INVENTORY_PENDING
2023-04-06,2842814.6517585451,1971624.0919200943,2875299.228152249,1,284281.46517585451,158786.67604753008,151204.49365473402,0,False,0,True,TREND_OPEN|FUNDED_STOP_RISK_BUDGET_0.1|ENTRY_WARNING_CAP_1|PROTECTIVE_INVENTORY_PENDING
2023-04-07,2913316.536189693,2013419.4733014943,2913316.536189693,1,291331.65361896931,204747.59233475471,194486.28935343286,0,False,0,True,TREND_OPEN|FUNDED_STOP_RISK_BUDGET_0.1|ENTRY_WARNING_CAP_1|PROTECTIVE_INVENTORY_PENDING
2023-04-10,2844864.3351392355,2058417.6041274942,2913316.536189693,1,284486.43351392355,126135.95747697582,268379.17423393758,0,False,0,False,TREND_OPEN|FUNDED_STOP_RISK_BUDGET_0.1|ENTRY_WARNING_CAP_1|CASH_FUNDED_SUPPORT_RISK
2023-04-11,2828257.2478419766,1312779.0885054944,2913316.536189693,1,282825.72478419769,213619.57127628592,213619.57127628592,0,False,0,False,TREND_OPEN|FUNDED_STOP_RISK_BUDGET_0.1|ENTRY_WARNING_CAP_1|RETAIN_ACTUAL_UNITS
2023-04-12,2815997.5732396138,1312779.0885054944,2913316.536189693,1,281599.75732396141,201359.89667392289,201359.89667392289,0,False,0,False,TREND_OPEN|FUNDED_STOP_RISK_BUDGET_0.1|ENTRY_WARNING_CAP_1|RETAIN_ACTUAL_UNITS
2023-04-13,2728182.3727764236,1312779.0885054944,2913316.536189693,1,272818.23727764236,113544.69621073245,113544.69621073245,0,False,0,False,TREND_OPEN|FUNDED_STOP_RISK_BUDGET_0.1|ENTRY_WARNING_CAP_1|RETAIN_ACTUAL_UNITS
2023-04-14,2727574.9833952216,1312779.0885054944,2913316.536189693,1,272757.49833952216,112937.3068295308,112937.3068295308,0,False,0,False,TREND_OPEN|FUNDED_STOP_RISK_BUDGET_0.1|ENTRY_WARNING_CAP_1|RETAIN_ACTUAL_UNITS
2023-04-17,2732199.2393123596,1312779.0885054944,2913316.536189693,1,273219.92393123597,117561.56274666876,117561.56274666876,0,False,0,False,TREND_OPEN|FUNDED_STOP_RISK_BUDGET_0.1|ENTRY_WARNING_CAP_1|RETAIN_ACTUAL_UNITS
2023-04-18,2770303.7304758951,1312779.0885054944,2913316.536189693,1,277030.3730475895,155666.05391020421,155666.05391020421,0,False,0,False,TREND_OPEN|FUNDED_STOP_RISK_BUDGET_0.1|ENTRY_WARNING_CAP_1|RETAIN_ACTUAL_UNITS
2023-04-19,2862520.2401104625,1312779.0885054944,2913316.536189693,1,286252.02401104628,247882.56354477158,247882.56354477158,0,False,0,False,TREND_OPEN|FUNDED_STOP_RISK_BUDGET_0.1|ENTRY_WARNING_CAP_1|RETAIN_ACTUAL_UNITS
2023-04-20,3117983.2189688524,1312779.0885054944,3117983.2189688524,1,311798.32189688523,405859.75148962392,311757.19005039189,0,False,0,True,TREND_OPEN|FUNDED_STOP_RISK_BUDGET_0.1|ENTRY_WARNING_CAP_1|PROTECTIVE_INVENTORY_PENDING
2023-04-21,3014322.1374662612,1729294.189354812,3117983.2189688524,1,301432.2137466261,209902.10875721759,193585.3640729241,0,False,0,True,TREND_OPEN|FUNDED_STOP_RISK_BUDGET_0.1|ENTRY_WARNING_CAP_1|PROTECTIVE_INVENTORY_PENDING
2023-04-24,2999626.8414375857,1729294.189354812,3117983.2189688524,1,299962.68414375855,195206.81272854196,179898.9811118517,0,False,0,True,TREND_OPEN|FUNDED_STOP_RISK_BUDGET_0.1|ENTRY_WARNING_CAP_1|PROTECTIVE_INVENTORY_PENDING
2023-04-25,2968437.0698188827,1729294.189354812,3117983.2189688524,1,296843.70698188827,164017.04110983928,152060.44998561201,0,False,0,True,MARKET_WEAK_WARNING|FUNDED_STOP_RISK_BUDGET_0.1|ENTRY_WARNING_CAP_1|PROTECTIVE_INVENTORY_PENDING
2023-04-26,2905550.9322343161,1779430.687669812,3117983.2189688524,1,290555.09322343161,113092.53789433948,95846.219038235693,0,False,0,True,MARKET_WEAK_WARNING|FUNDED_STOP_RISK_BUDGET_0.1|ENTRY_WARNING_CAP_1|PROTECTIVE_INVENTORY_PENDING
2023-04-27,2880740.2718748674,2255130.035247176,3117983.2189688524,1,288074.02718748676,83692.279154683478,77518.469237811543,0,False,0,True,MARKET_WEAK_WARNING|FUNDED_STOP_RISK_BUDGET_0.1|ENTRY_WARNING_CAP_1|PROTECTIVE_INVENTORY_PENDING
2023-04-28,2931908.4142501778,2255130.035247176,3117983.2189688524,1,293190.8414250178,134860.42152999382,124867.22003398617,0,False,0,True,MARKET_WEAK_WARNING|FUNDED_STOP_RISK_BUDGET_0.1|ENTRY_WARNING_CAP_1|PROTECTIVE_INVENTORY_PENDING
2023-05-04,2888579.1536508077,2303919.5828611758,3117983.2189688524,1,288857.91536508076,82703.144155991657,76116.989435728829,0,False,0,True,MARKET_WEAK_WARNING|FUNDED_STOP_RISK_BUDGET_0.1|ENTRY_WARNING_CAP_1|PROTECTIVE_INVENTORY_PENDING
2023-05-05,2825840.3439093595,2303919.5828611758,3117983.2189688524,1,282584.03439093597,19964.334414543559,18373.218451577126,0,False,0,True,MARKET_WEAK_WARNING|FUNDED_STOP_RISK_BUDGET_0.1|ENTRY_WARNING_CAP_1|PROTECTIVE_INVENTORY_PENDING
2023-05-08,2826876.0728491424,2303919.5828611758,3117983.2189688524,1,282687.60728491424,21000.063354326161,19318.055652874256,0,False,0,True,MARKET_WEAK_WARNING|FUNDED_STOP_RISK_BUDGET_0.1|ENTRY_WARNING_CAP_1|PROTECTIVE_INVENTORY_PENDING
2023-05-09,2833740.848718009,2345457.5469974959,3117983.2189688524,0.25,283374.08487180091,26331.451637364025,24051.435566150954,0,False,0,True,BROAD_TREND_BREAKDOWN|FUNDED_STOP_RISK_BUDGET_0.1|ENTRY_WARNING_CAP_0.25|PROTECTIVE_INVENTORY_PENDING
2023-05-10,2805079.4684540345,2345457.5469974959,3117983.2189688524,0.25,280507.94684540346,9192.4384291307706,0,0,False,0,True,BROAD_TREND_BREAKDOWN|FUNDED_STOP_RISK_BUDGET_0.1|ENTRY_WARNING_CAP_0.25|PROTECTIVE_INVENTORY_PENDING
2023-05-11,2809937.695072623,2809937.695072623,3117983.2189688524,0.25,280993.76950726233,0,0,0,False,0,False,BROAD_TREND_BREAKDOWN|FUNDED_STOP_RISK_BUDGET_0.1|ENTRY_WARNING_CAP_0.25|RETAIN_ACTUAL_UNITS
2023-05-12,2809937.695072623,2809937.695072623,3117983.2189688524,0.25,280993.76950726233,0,0,0,False,0,False,BROAD_TREND_BREAKDOWN|FUNDED_STOP_RISK_BUDGET_0.1|ENTRY_WARNING_CAP_0.25|RETAIN_ACTUAL_UNITS
2023-05-15,2809937.695072623,2809937.695072623,3117983.2189688524,0.25,280993.76950726233,0,0,0,False,0,False,BROAD_TREND_BREAKDOWN|FUNDED_STOP_RISK_BUDGET_0.1|ENTRY_WARNING_CAP_0.25|RETAIN_ACTUAL_UNITS
2023-05-16,2809937.695072623,2809937.695072623,3117983.2189688524,0.25,280993.76950726233,0,35124.221188407784,0,False,0,False,RECOVERY_WAIT|FUNDED_STOP_RISK_BUDGET_0.1|ENTRY_WARNING_CAP_0.25|CASH_FUNDED_SUPPORT_RISK
2023-05-17,2809146.5303285215,2543232.0997424489,3117983.2189688524,0.25,280914.65303285216,30095.141525242598,30095.141525242598,0,False,0,False,RECOVERY_WAIT|FUNDED_STOP_RISK_BUDGET_0.1|ENTRY_WARNING_CAP_0.25|RETAIN_ACTUAL_UNITS
2023-05-18,2810298.0139406063,2543232.0997424489,3117983.2189688524,0.25,281029.80139406066,31246.625137327406,66375.350311585004,0,False,0,False,RECOVERY_WAIT|FUNDED_STOP_RISK_BUDGET_0.1|ENTRY_WARNING_CAP_0.25|CASH_FUNDED_SUPPORT_RISK
2023-05-19,2804131.4620486628,2221442.4916116581,3117983.2189688524,0.5,280413.14620486629,62277.540539735375,62277.540539735375,0,False,0,False,CONFIRMED_RECOVERY|FUNDED_STOP_RISK_BUDGET_0.1|ENTRY_WARNING_CAP_0.5|RETAIN_ACTUAL_UNITS
2023-05-22,2794047.6478705518,2221442.4916116581,3117983.2189688524,0.5,279404.7647870552,52193.726361624475,52193.726361624475,0,False,0,False,RECOVERY_WAIT|FUNDED_STOP_RISK_BUDGET_0.1|ENTRY_WARNING_CAP_0.5|RETAIN_ACTUAL_UNITS
2023-05-23,2771696.3648188943,2221442.4916116581,3117983.2189688524,0.5,277169.63648188947,29842.44330996694,29842.44330996694,0,False,0,False,RECOVERY_WAIT|FUNDED_STOP_RISK_BUDGET_0.1|ENTRY_WARNING_CAP_0.5|RETAIN_ACTUAL_UNITS
2023-05-24,2785143.4030995467,2221442.4916116581,3117983.2189688524,1,278514.34030995466,43289.481590619303,43289.481590619303,0,False,0,False,CONFIRMED_RECOVERY|FUNDED_STOP_RISK_BUDGET_0.1|ENTRY_WARNING_CAP_1|RETAIN_ACTUAL_UNITS
2023-05-25,2786756.0618483191,2221442.4916116581,3117983.2189688524,1,278675.60618483194,44902.140339391677,44902.140339391677,0,False,0,False,TREND_OPEN|FUNDED_STOP_RISK_BUDGET_0.1|ENTRY_WARNING_CAP_1|RETAIN_ACTUAL_UNITS
2023-05-26,2802321.8381921994,2221442.4916116581,3117983.2189688524,1,280232.18381921994,60467.916683271993,60467.916683271993,0,False,0,False,TREND_OPEN|FUNDED_STOP_RISK_BUDGET_0.1|ENTRY_WARNING_CAP_1|RETAIN_ACTUAL_UNITS
2023-05-29,2821036.2159580146,2221442.4916116581,3117983.2189688524,1,282103.62159580149,79182.294449087378,274666.13505893684,0,False,0,False,TREND_OPEN|FUNDED_STOP_RISK_BUDGET_0.1|ENTRY_WARNING_CAP_1|CASH_FUNDED_SUPPORT_RISK
2023-05-30,2840371.7341710003,716997.02560457471,3117983.2189688524,1,284037.17341710004,282441.08910982998,282441.08910982998,0,False,0,False,TREND_OPEN|FUNDED_STOP_RISK_BUDGET_0.1|ENTRY_WARNING_CAP_1|RETAIN_ACTUAL_UNITS
2023-05-31,2804763.082179971,716997.02560457471,3117983.2189688524,1,280476.30821799714,246832.43711880024,246832.43711880024,0,False,0,False,TREND_OPEN|FUNDED_STOP_RISK_BUDGET_0.1|ENTRY_WARNING_CAP_1|RETAIN_ACTUAL_UNITS
2023-06-01,2788956.2024099967,716997.02560457471,3117983.2189688524,1,278895.62024099968,231025.55734882614,231025.55734882614,0,False,0,False,TREND_OPEN|FUNDED_STOP_RISK_BUDGET_0.1|ENTRY_WARNING_CAP_1|RETAIN_ACTUAL_UNITS
2023-06-02,2815252.5003243051,716997.02560457471,3117983.2189688524,1,281525.25003243051,257321.85526313464,257321.85526313464,0,False,0,False,TREND_OPEN|FUNDED_STOP_RISK_BUDGET_0.1|ENTRY_WARNING_CAP_1|RETAIN_ACTUAL_UNITS
2023-06-05,2920069.4527480574,716997.02560457471,3117983.2189688524,1,292006.94527480577,361297.66025447217,291920.27570561389,0,False,0,True,TREND_OPEN|FUNDED_STOP_RISK_BUDGET_0.1|ENTRY_WARNING_CAP_1|PROTECTIVE_INVENTORY_PENDING
2023-06-06,2875303.2158754687,1130858.0548829916,3117983.2189688524,1,287530.3215875469,252605.86560447351,231891.08626080773,0,False,0,True,MARKET_WEAK_WARNING|FUNDED_STOP_RISK_BUDGET_0.1|ENTRY_WARNING_CAP_1|PROTECTIVE_INVENTORY_PENDING
2023-06-07,2832297.6655998677,1274656.5162392317,3117983.2189688524,1,283229.76655998681,187782.13764771135,170924.42617373521,0,False,0,True,MARKET_WEAK_WARNING|FUNDED_STOP_RISK_BUDGET_0.1|ENTRY_WARNING_CAP_1|PROTECTIVE_INVENTORY_PENDING
2023-06-08,2829370.3205250581,1330416.2842955918,3117983.2189688524,1,282937.03205250582,142086.71703371234,128313.27316087372,0,False,0,True,MARKET_WEAK_WARNING|FUNDED_STOP_RISK_BUDGET_0.1|ENTRY_WARNING_CAP_1|PROTECTIVE_INVENTORY_PENDING
2023-06-09,2877937.466920407,1468902.7711835918,3117983.2189688524,1,287793.7466920407,170157.69273685451,152021.44942270889,0,False,0,True,MARKET_WEAK_WARNING|FUNDED_STOP_RISK_BUDGET_0.1|ENTRY_WARNING_CAP_1|PROTECTIVE_INVENTORY_PENDING
2023-06-12,2841258.5252096849,1468902.7711835918,3117983.2189688524,1,284125.85252096847,108129.27203876505,96875.90820660691,0,False,0,True,MARKET_WEAK_WARNING|FUNDED_STOP_RISK_BUDGET_0.1|ENTRY_WARNING_CAP_1|PROTECTIVE_INVENTORY_PENDING
2023-06-13,2863255.1445827121,1608965.6892623918,3117983.2189688524,1,286325.51445827121,115684.43909835244,102769.95932459668,0,False,0,True,TREND_OPEN|FUNDED_STOP_RISK_BUDGET_0.1|ENTRY_WARNING_CAP_1|PROTECTIVE_INVENTORY_PENDING
2023-06-14,2894822.1427182127,1665569.5464247118,3117983.2189688524,1,289482.21427182126,142090.85781979075,125080.6131328162,0,False,0,True,TREND_OPEN|FUNDED_STOP_RISK_BUDGET_0.1|ENTRY_WARNING_CAP_1|PROTECTIVE_INVENTORY_PENDING
2023-06-15,2851132.9516875306,1812433.0689316718,3117983.2189688524,1,285113.29516875307,80641.453737138596,71518.514930891572,0,False,0,True,TREND_OPEN|FUNDED_STOP_RISK_BUDGET_0.1|ENTRY_WARNING_CAP_1|PROTECTIVE_INVENTORY_PENDING
2023-06-16,2871094.36713485,1812433.0689316718,3117983.2189688524,1,287109.43671348499,100602.86918445799,89078.018171177726,0,False,0,True,TREND_OPEN|FUNDED_STOP_RISK_BUDGET_0.1|ENTRY_WARNING_CAP_1|PROTECTIVE_INVENTORY_PENDING
2023-06-19,2850685.1025076299,1936012.3136314244,3117983.2189688524,1,285068.51025076298,69071.499005975769,60159.833217238353,0,False,0,True,TREND_OPEN|FUNDED_STOP_RISK_BUDGET_0.1|ENTRY_WARNING_CAP_1|PROTECTIVE_INVENTORY_PENDING
2023-06-20,2837981.6832474107,2057094.2019799845,3117983.2189688524,1,283798.16832474107,47365.745514906877,40522.296994326469,0,False,0,True,TREND_OPEN|FUNDED_STOP_RISK_BUDGET_0.1|ENTRY_WARNING_CAP_1|PROTECTIVE_INVENTORY_PENDING
2023-06-21,2823196.512108841,2178167.3716889508,3117983.2189688524,0,282319.6512108841,18516.152142061746,0,0,False,0,True,CROSS_SECTION_SHOCK|FUNDED_STOP_RISK_BUDGET_0.1|ENTRY_WARNING_CAP_0|PROTECTIVE_INVENTORY_PENDING
2023-06-26,2816000.3365174476,2816000.3365174476,3117983.2189688524,0,281600.03365174477,0,0,0,False,0,False,RECOVERY_WAIT|FUNDED_STOP_RISK_BUDGET_0.1|ENTRY_WARNING_CAP_0|RETAIN_ACTUAL_UNITS
2023-06-27,2816000.3365174476,2816000.3365174476,3117983.2189688524,0,281600.03365174477,0,0,0,False,0,False,ACCUMULATED_MARKET_SHOCK|FUNDED_STOP_RISK_BUDGET_0.1|ENTRY_WARNING_CAP_0|RETAIN_ACTUAL_UNITS
2023-06-28,2816000.3365174476,2816000.3365174476,3117983.2189688524,0,281600.03365174477,0,0,0,False,0,False,RECOVERY_WAIT|FUNDED_STOP_RISK_BUDGET_0.1|ENTRY_WARNING_CAP_0|RETAIN_ACTUAL_UNITS
2023-06-29,2816000.3365174476,2816000.3365174476,3117983.2189688524,0,281600.03365174477,0,0,0,False,0,False,RECOVERY_WAIT|FUNDED_STOP_RISK_BUDGET_0.1|ENTRY_WARNING_CAP_0|RETAIN_ACTUAL_UNITS
2023-06-30,2816000.3365174476,2816000.3365174476,3117983.2189688524,0,281600.03365174477,0,0,0,False,0,False,RECOVERY_WAIT|FUNDED_STOP_RISK_BUDGET_0.1|ENTRY_WARNING_CAP_0|RETAIN_ACTUAL_UNITS
2023-07-03,2816000.3365174476,2816000.3365174476,3117983.2189688524,0,281600.03365174477,0,0,0,False,0,False,RECOVERY_WAIT|FUNDED_STOP_RISK_BUDGET_0.1|ENTRY_WARNING_CAP_0|RETAIN_ACTUAL_UNITS
2023-07-04,2816000.3365174476,2816000.3365174476,3117983.2189688524,0,281600.03365174477,0,0,0,False,0,False,RECOVERY_WAIT|FUNDED_STOP_RISK_BUDGET_0.1|ENTRY_WARNING_CAP_0|RETAIN_ACTUAL_UNITS
2023-07-05,2816000.3365174476,2816000.3365174476,3117983.2189688524,0,281600.03365174477,0,0,0,False,0,False,RECOVERY_WAIT|FUNDED_STOP_RISK_BUDGET_0.1|ENTRY_WARNING_CAP_0|RETAIN_ACTUAL_UNITS
2023-07-06,2816000.3365174476,2816000.3365174476,3117983.2189688524,0,281600.03365174477,0,0,0,False,0,False,RECOVERY_WAIT|FUNDED_STOP_RISK_BUDGET_0.1|ENTRY_WARNING_CAP_0|RETAIN_ACTUAL_UNITS
2023-07-07,2816000.3365174476,2816000.3365174476,3117983.2189688524,0,281600.03365174477,0,0,0,False,0,False,RECOVERY_WAIT|FUNDED_STOP_RISK_BUDGET_0.1|ENTRY_WARNING_CAP_0|RETAIN_ACTUAL_UNITS
2023-07-10,2816000.3365174476,2816000.3365174476,3117983.2189688524,0,281600.03365174477,0,0,0,False,0,False,RECOVERY_WAIT|FUNDED_STOP_RISK_BUDGET_0.1|ENTRY_WARNING_CAP_0|RETAIN_ACTUAL_UNITS
2023-07-11,2816000.3365174476,2816000.3365174476,3117983.2189688524,0,281600.03365174477,0,0,0,False,0,False,RECOVERY_WAIT|FUNDED_STOP_RISK_BUDGET_0.1|ENTRY_WARNING_CAP_0|RETAIN_ACTUAL_UNITS
2023-07-12,2816000.3365174476,2816000.3365174476,3117983.2189688524,0,281600.03365174477,0,0,0,False,0,False,RECOVERY_WAIT|FUNDED_STOP_RISK_BUDGET_0.1|ENTRY_WARNING_CAP_0|RETAIN_ACTUAL_UNITS
2023-07-13,2816000.3365174476,2816000.3365174476,3117983.2189688524,0,281600.03365174477,0,0,0,False,0,False,RECOVERY_WAIT|FUNDED_STOP_RISK_BUDGET_0.1|ENTRY_WARNING_CAP_0|RETAIN_ACTUAL_UNITS
2023-07-14,2816000.3365174476,2816000.3365174476,3117983.2189688524,0,281600.03365174477,0,0,0,False,0,False,RECOVERY_WAIT|FUNDED_STOP_RISK_BUDGET_0.1|ENTRY_WARNING_CAP_0|RETAIN_ACTUAL_UNITS
2023-07-17,2816000.3365174476,2816000.3365174476,3117983.2189688524,0,281600.03365174477,0,0,0,False,0,False,RECOVERY_WAIT|FUNDED_STOP_RISK_BUDGET_0.1|ENTRY_WARNING_CAP_0|RETAIN_ACTUAL_UNITS
2023-07-18,2816000.3365174476,2816000.3365174476,3117983.2189688524,0,281600.03365174477,0,0,0,False,0,False,RECOVERY_WAIT|FUNDED_STOP_RISK_BUDGET_0.1|ENTRY_WARNING_CAP_0|RETAIN_ACTUAL_UNITS
2023-07-19,2816000.3365174476,2816000.3365174476,3117983.2189688524,0,281600.03365174477,0,0,0,False,0,False,RECOVERY_WAIT|FUNDED_STOP_RISK_BUDGET_0.1|ENTRY_WARNING_CAP_0|RETAIN_ACTUAL_UNITS
2023-07-20,2816000.3365174476,2816000.3365174476,3117983.2189688524,0,281600.03365174477,0,0,0,False,0,False,RECOVERY_WAIT|FUNDED_STOP_RISK_BUDGET_0.1|ENTRY_WARNING_CAP_0|RETAIN_ACTUAL_UNITS
2023-07-21,2816000.3365174476,2816000.3365174476,3117983.2189688524,0,281600.03365174477,0,0,0,False,0,False,RECOVERY_WAIT|FUNDED_STOP_RISK_BUDGET_0.1|ENTRY_WARNING_CAP_0|RETAIN_ACTUAL_UNITS
2023-07-24,2816000.3365174476,2816000.3365174476,3117983.2189688524,0,281600.03365174477,0,0,0,False,0,False,RECOVERY_WAIT|FUNDED_STOP_RISK_BUDGET_0.1|ENTRY_WARNING_CAP_0|RETAIN_ACTUAL_UNITS
2023-07-25,2816000.3365174476,2816000.3365174476,3117983.2189688524,0,281600.03365174477,0,0,0,False,0,False,RECOVERY_WAIT|FUNDED_STOP_RISK_BUDGET_0.1|ENTRY_WARNING_CAP_0|RETAIN_ACTUAL_UNITS
2023-07-26,2816000.3365174476,2816000.3365174476,3117983.2189688524,0,281600.03365174477,0,0,0,False,0,False,RECOVERY_WAIT|FUNDED_STOP_RISK_BUDGET_0.1|ENTRY_WARNING_CAP_0|RETAIN_ACTUAL_UNITS
2023-07-27,2816000.3365174476,2816000.3365174476,3117983.2189688524,0,281600.03365174477,0,0,0,False,0,False,RECOVERY_WAIT|FUNDED_STOP_RISK_BUDGET_0.1|ENTRY_WARNING_CAP_0|RETAIN_ACTUAL_UNITS
2023-07-28,2816000.3365174476,2816000.3365174476,3117983.2189688524,0,281600.03365174477,0,0,0,False,0,False,RECOVERY_WAIT|FUNDED_STOP_RISK_BUDGET_0.1|ENTRY_WARNING_CAP_0|RETAIN_ACTUAL_UNITS
2023-07-31,2816000.3365174476,2816000.3365174476,3117983.2189688524,0,281600.03365174477,0,0,0,False,0,False,RECOVERY_WAIT|FUNDED_STOP_RISK_BUDGET_0.1|ENTRY_WARNING_CAP_0|RETAIN_ACTUAL_UNITS
2023-08-01,2816000.3365174476,2816000.3365174476,3117983.2189688524,0,281600.03365174477,0,0,0,False,0,False,RECOVERY_WAIT|FUNDED_STOP_RISK_BUDGET_0.1|ENTRY_WARNING_CAP_0|RETAIN_ACTUAL_UNITS
2023-08-02,2816000.3365174476,2816000.3365174476,3117983.2189688524,0,281600.03365174477,0,0,0,False,0,False,RECOVERY_WAIT|FUNDED_STOP_RISK_BUDGET_0.1|ENTRY_WARNING_CAP_0|RETAIN_ACTUAL_UNITS
2023-08-03,2816000.3365174476,2816000.3365174476,3117983.2189688524,0,281600.03365174477,0,0,0,False,0,False,RECOVERY_WAIT|FUNDED_STOP_RISK_BUDGET_0.1|ENTRY_WARNING_CAP_0|RETAIN_ACTUAL_UNITS
2023-08-04,2816000.3365174476,2816000.3365174476,3117983.2189688524,0,281600.03365174477,0,0,0,False,0,False,RECOVERY_WAIT|FUNDED_STOP_RISK_BUDGET_0.1|ENTRY_WARNING_CAP_0|RETAIN_ACTUAL_UNITS
2023-08-07,2816000.3365174476,2816000.3365174476,3117983.2189688524,0,281600.03365174477,0,0,0,False,0,False,RECOVERY_WAIT|FUNDED_STOP_RISK_BUDGET_0.1|ENTRY_WARNING_CAP_0|RETAIN_ACTUAL_UNITS
2023-08-08,2816000.3365174476,2816000.3365174476,3117983.2189688524,0,281600.03365174477,0,0,0,False,0,False,RECOVERY_WAIT|FUNDED_STOP_RISK_BUDGET_0.1|ENTRY_WARNING_CAP_0|RETAIN_ACTUAL_UNITS
2023-08-09,2816000.3365174476,2816000.3365174476,3117983.2189688524,0,281600.03365174477,0,0,0,False,0,False,RECOVERY_WAIT|FUNDED_STOP_RISK_BUDGET_0.1|ENTRY_WARNING_CAP_0|RETAIN_ACTUAL_UNITS
2023-08-10,2816000.3365174476,2816000.3365174476,3117983.2189688524,0,281600.03365174477,0,0,0,False,0,False,RECOVERY_WAIT|FUNDED_STOP_RISK_BUDGET_0.1|ENTRY_WARNING_CAP_0|RETAIN_ACTUAL_UNITS
2023-08-11,2816000.3365174476,2816000.3365174476,3117983.2189688524,0,281600.03365174477,0,0,0,False,0,False,RECOVERY_WAIT|FUNDED_STOP_RISK_BUDGET_0.1|ENTRY_WARNING_CAP_0|RETAIN_ACTUAL_UNITS
2023-08-14,2816000.3365174476,2816000.3365174476,3117983.2189688524,0,281600.03365174477,0,0,0,False,0,False,RECOVERY_WAIT|FUNDED_STOP_RISK_BUDGET_0.1|ENTRY_WARNING_CAP_0|RETAIN_ACTUAL_UNITS
2023-08-15,2816000.3365174476,2816000.3365174476,3117983.2189688524,0,281600.03365174477,0,0,0,False,0,False,CROSS_SECTION_SHOCK|FUNDED_STOP_RISK_BUDGET_0.1|ENTRY_WARNING_CAP_0|RETAIN_ACTUAL_UNITS
2023-08-16,2816000.3365174476,2816000.3365174476,3117983.2189688524,0,281600.03365174477,0,0,0,False,0,False,ACCUMULATED_MARKET_SHOCK|FUNDED_STOP_RISK_BUDGET_0.1|ENTRY_WARNING_CAP_0|RETAIN_ACTUAL_UNITS
2023-08-17,2816000.3365174476,2816000.3365174476,3117983.2189688524,0,281600.03365174477,0,0,0,False,0,False,RECOVERY_WAIT|FUNDED_STOP_RISK_BUDGET_0.1|ENTRY_WARNING_CAP_0|RETAIN_ACTUAL_UNITS
2023-08-18,2816000.3365174476,2816000.3365174476,3117983.2189688524,0,281600.03365174477,0,0,0,False,0,False,RECOVERY_WAIT|FUNDED_STOP_RISK_BUDGET_0.1|ENTRY_WARNING_CAP_0|RETAIN_ACTUAL_UNITS
2023-08-21,2816000.3365174476,2816000.3365174476,3117983.2189688524,0,281600.03365174477,0,0,0,False,0,False,RECOVERY_WAIT|FUNDED_STOP_RISK_BUDGET_0.1|ENTRY_WARNING_CAP_0|RETAIN_ACTUAL_UNITS
2023-08-22,2816000.3365174476,2816000.3365174476,3117983.2189688524,0,281600.03365174477,0,0,0,False,0,False,RECOVERY_WAIT|FUNDED_STOP_RISK_BUDGET_0.1|ENTRY_WARNING_CAP_0|RETAIN_ACTUAL_UNITS
2023-08-23,2816000.3365174476,2816000.3365174476,3117983.2189688524,0,281600.03365174477,0,0,0,False,0,False,CROSS_SECTION_SHOCK|FUNDED_STOP_RISK_BUDGET_0.1|ENTRY_WARNING_CAP_0|RETAIN_ACTUAL_UNITS
2023-08-24,2816000.3365174476,2816000.3365174476,3117983.2189688524,0,281600.03365174477,0,0,0,False,0,False,RECOVERY_WAIT|FUNDED_STOP_RISK_BUDGET_0.1|ENTRY_WARNING_CAP_0|RETAIN_ACTUAL_UNITS
2023-08-25,2816000.3365174476,2816000.3365174476,3117983.2189688524,0,281600.03365174477,0,0,0,False,0,False,RECOVERY_WAIT|FUNDED_STOP_RISK_BUDGET_0.1|ENTRY_WARNING_CAP_0|RETAIN_ACTUAL_UNITS
2023-08-28,2816000.3365174476,2816000.3365174476,3117983.2189688524,0,281600.03365174477,0,0,0,False,0,False,RECOVERY_WAIT|FUNDED_STOP_RISK_BUDGET_0.1|ENTRY_WARNING_CAP_0|RETAIN_ACTUAL_UNITS
2023-08-29,2816000.3365174476,2816000.3365174476,3117983.2189688524,0,281600.03365174477,0,0,0,False,0,False,RECOVERY_WAIT|FUNDED_STOP_RISK_BUDGET_0.1|ENTRY_WARNING_CAP_0|RETAIN_ACTUAL_UNITS
2023-08-30,2816000.3365174476,2816000.3365174476,3117983.2189688524,0,281600.03365174477,0,0,0,False,0,False,RECOVERY_WAIT|FUNDED_STOP_RISK_BUDGET_0.1|ENTRY_WARNING_CAP_0|RETAIN_ACTUAL_UNITS
2023-08-31,2816000.3365174476,2816000.3365174476,3117983.2189688524,0.5,281600.03365174477,0,0,0,False,0,False,CONFIRMED_RECOVERY|FUNDED_STOP_RISK_BUDGET_0.1|ENTRY_WARNING_CAP_0.5|RETAIN_ACTUAL_UNITS
2023-09-01,2816000.3365174476,2816000.3365174476,3117983.2189688524,0.5,281600.03365174477,0,140800.01682587239,0,False,0,False,RECOVERY_WAIT|FUNDED_STOP_RISK_BUDGET_0.1|ENTRY_WARNING_CAP_0.5|CASH_FUNDED_SUPPORT_RISK
2023-09-04,2814152.535993929,1864279.4404140702,3117983.2189688524,0.5,281415.25359939289,136809.15633300709,136809.15633300709,0,False,0,False,RECOVERY_WAIT|FUNDED_STOP_RISK_BUDGET_0.1|ENTRY_WARNING_CAP_0.5|RETAIN_ACTUAL_UNITS
2023-09-05,2792495.726679978,1864279.4404140702,3117983.2189688524,1,279249.5726679978,114965.65034519116,114965.65034519116,0,False,0,False,CONFIRMED_RECOVERY|FUNDED_STOP_RISK_BUDGET_0.1|ENTRY_WARNING_CAP_1|RETAIN_ACTUAL_UNITS
2023-09-06,2828075.8918394698,1864279.4404140702,3117983.2189688524,1,282807.58918394701,147640.04932427261,281405.05590770679,0,False,0,False,TREND_OPEN|FUNDED_STOP_RISK_BUDGET_0.1|ENTRY_WARNING_CAP_1|CASH_FUNDED_SUPPORT_RISK
2023-09-07,2759208.011066623,963343.45594555035,3117983.2189688524,1,275920.80110666231,191188.43353483826,191188.43353483826,0,False,0,False,TREND_OPEN|FUNDED_STOP_RISK_BUDGET_0.1|ENTRY_WARNING_CAP_1|RETAIN_ACTUAL_UNITS
2023-09-08,2741151.7124189767,963343.45594555035,3117983.2189688524,1,274115.17124189768,172615.41610896768,172615.41610896768,0,False,0,False,TREND_OPEN|FUNDED_STOP_RISK_BUDGET_0.1|ENTRY_WARNING_CAP_1|RETAIN_ACTUAL_UNITS
2023-09-11,2758044.7034914698,963343.45594555035,3117983.2189688524,1,275804.47034914698,189131.94064304017,189131.94064304017,0,False,0,False,TREND_OPEN|FUNDED_STOP_RISK_BUDGET_0.1|ENTRY_WARNING_CAP_1|RETAIN_ACTUAL_UNITS
2023-09-12,2744581.0888013477,963343.45594555035,3117983.2189688524,1,274458.10888013477,173522.32781317446,173522.32781317446,0,False,0,False,TREND_OPEN|FUNDED_STOP_RISK_BUDGET_0.1|ENTRY_WARNING_CAP_1|RETAIN_ACTUAL_UNITS
2023-09-13,2746603.4678731579,963343.45594555035,3117983.2189688524,1,274660.34678731579,166510.97629198269,166510.97629198269,0,False,0,False,MARKET_WEAK_WARNING|FUNDED_STOP_RISK_BUDGET_0.1|ENTRY_WARNING_CAP_1|RETAIN_ACTUAL_UNITS
2023-09-14,2701233.4855566891,963343.45594555035,3117983.2189688524,1,270123.3485556689,117759.87079344173,117759.87079344173,0,False,0,False,MARKET_WEAK_WARNING|FUNDED_STOP_RISK_BUDGET_0.1|ENTRY_WARNING_CAP_1|RETAIN_ACTUAL_UNITS
2023-09-15,2739771.428851394,963343.45594555035,3117983.2189688524,1,273977.14288513939,151396.53472385829,151396.53472385829,0,False,0,False,MARKET_WEAK_WARNING|FUNDED_STOP_RISK_BUDGET_0.1|ENTRY_WARNING_CAP_1|RETAIN_ACTUAL_UNITS
2023-09-18,2672382.299729059,963343.45594555035,3117983.2189688524,1,267238.22997290589,84007.40560152306,0,0,False,0,True,MARKET_WEAK_WARNING|FUNDED_STOP_RISK_BUDGET_0.1|ENTRY_WARNING_CAP_1|PROTECTIVE_INVENTORY_PENDING
2023-09-19,2668796.0833955389,2137164.8425794537,3117983.2189688524,1,266879.60833955387,16806.575974630516,0,0,False,0,True,MARKET_WEAK_WARNING|FUNDED_STOP_RISK_BUDGET_0.1|ENTRY_WARNING_CAP_1|PROTECTIVE_INVENTORY_PENDING
2023-09-20,2665809.8373348303,2665809.8373348303,3117983.2189688524,1,266580.98373348307,0,133290.49186674153,0,False,0,False,MARKET_WEAK_WARNING|FUNDED_STOP_RISK_BUDGET_0.1|ENTRY_WARNING_CAP_1|CASH_FUNDED_SUPPORT_RISK
2023-09-21,2657231.8465796961,2008408.8840157203,3117983.2189688524,1,265723.18465796963,77938.970860161731,210800.56318914657,0,False,0,False,MARKET_WEAK_WARNING|FUNDED_STOP_RISK_BUDGET_0.1|ENTRY_WARNING_CAP_1|CASH_FUNDED_SUPPORT_RISK
2023-09-22,2788337.9033668311,1122509.2253757245,3117983.2189688524,1,278833.7903366831,263354.92575455294,263354.92575455294,0,False,0,False,TREND_OPEN|FUNDED_STOP_RISK_BUDGET_0.1|ENTRY_WARNING_CAP_1|RETAIN_ACTUAL_UNITS
2023-09-25,2755012.3287030887,1122509.2253757245,3117983.2189688524,1,275501.23287030886,222270.32527819171,222270.32527819171,0,False,0,False,TREND_OPEN|FUNDED_STOP_RISK_BUDGET_0.1|ENTRY_WARNING_CAP_1|RETAIN_ACTUAL_UNITS
2023-09-26,2723089.3611169718,1122509.2253757245,3117983.2189688524,1,272308.93611169717,187493.10084834447,187493.10084834447,0,False,0,False,MARKET_WEAK_WARNING|FUNDED_STOP_RISK_BUDGET_0.1|ENTRY_WARNING_CAP_1|RETAIN_ACTUAL_UNITS
2023-09-27,2694050.9269510396,1122509.2253757245,3117983.2189688524,1,269405.09269510396,156904.10483151709,156904.10483151709,0,False,0,False,TREND_OPEN|FUNDED_STOP_RISK_BUDGET_0.1|ENTRY_WARNING_CAP_1|RETAIN_ACTUAL_UNITS
2023-09-28,2698110.5190766403,1122509.2253757245,3117983.2189688524,1,269811.05190766405,136138.08303533177,136138.08303533177,0,False,0,False,TREND_OPEN|FUNDED_STOP_RISK_BUDGET_0.1|ENTRY_WARNING_CAP_1|RETAIN_ACTUAL_UNITS
2023-10-09,2678099.4829088878,1122509.2253757245,3117983.2189688524,1,267809.9482908888,109216.12641159461,109216.12641159461,0,False,0,False,TREND_OPEN|FUNDED_STOP_RISK_BUDGET_0.1|ENTRY_WARNING_CAP_1|RETAIN_ACTUAL_UNITS
2023-10-10,2672834.5756020481,1122509.2253757245,3117983.2189688524,1,267283.45756020484,103414.22190716158,103414.22190716158,0,False,0,False,TREND_OPEN|FUNDED_STOP_RISK_BUDGET_0.1|ENTRY_WARNING_CAP_1|RETAIN_ACTUAL_UNITS
2023-10-11,2689027.004658646,1122509.2253757245,3117983.2189688524,1,268902.70046586462,119606.65096375928,119606.65096375928,0,False,0,False,TREND_OPEN|FUNDED_STOP_RISK_BUDGET_0.1|ENTRY_WARNING_CAP_1|RETAIN_ACTUAL_UNITS
2023-10-12,2759478.7125435364,1122509.2253757245,3117983.2189688524,1,275947.87125435367,159195.61230218044,226947.53912597924,0,False,0,False,TREND_OPEN|FUNDED_STOP_RISK_BUDGET_0.1|ENTRY_WARNING_CAP_1|CASH_FUNDED_SUPPORT_RISK
2023-10-13,2727588.7850020761,597790.7760406445,3117983.2189688524,1,272758.87850020762,180058.68121047641,160835.90304746942,0,False,0,True,TREND_OPEN|FUNDED_STOP_RISK_BUDGET_0.1|ENTRY_WARNING_CAP_1|PROTECTIVE_INVENTORY_PENDING
2023-10-16,2671488.4612405216,1229980.4637973844,3117983.2189688524,1,267148.84612405219,110023.07901197729,243597.50207400339,0,False,0,False,MARKET_WEAK_WARNING|FUNDED_STOP_RISK_BUDGET_0.1|ENTRY_WARNING_CAP_1|CASH_FUNDED_SUPPORT_RISK
2023-10-17,2758457.6474393848,25423.299321519211,3117983.2189688524,1,275845.76474393852,280543.52122364723,273393.17157036974,0,False,0,True,TREND_OPEN|FUNDED_STOP_RISK_BUDGET_0.1|ENTRY_WARNING_CAP_1|PROTECTIVE_INVENTORY_PENDING
2023-10-18,2703148.5443210779,25423.299321519211,3117983.2189688524,1,270314.85443210782,225234.41810534068,219487.90351005126,0,False,0,True,MARKET_WEAK_WARNING|FUNDED_STOP_RISK_BUDGET_0.1|ENTRY_WARNING_CAP_1|PROTECTIVE_INVENTORY_PENDING
2023-10-19,2697071.8613021253,25423.299321519211,3117983.2189688524,1,269707.18613021256,219157.73508638763,213572.20517230319,0,False,0,True,MARKET_WEAK_WARNING|FUNDED_STOP_RISK_BUDGET_0.1|ENTRY_WARNING_CAP_1|PROTECTIVE_INVENTORY_PENDING
2023-10-20,2630906.2514143786,25423.299321519211,3117983.2189688524,1,263090.62514143786,152992.12519864115,149068.48145045299,0,False,0,True,MARKET_WEAK_WARNING|FUNDED_STOP_RISK_BUDGET_0.1|ENTRY_WARNING_CAP_1|PROTECTIVE_INVENTORY_PENDING
2023-10-23,2608016.5607621586,25423.299321519211,3117983.2189688524,1,260801.65607621588,130102.43454642131,126770.7930116421,0,False,0,True,MARKET_WEAK_WARNING|FUNDED_STOP_RISK_BUDGET_0.1|ENTRY_WARNING_CAP_1|PROTECTIVE_INVENTORY_PENDING
2023-10-24,2769861.7655414352,91602.668746479219,3117983.2189688524,1,276986.17655414355,288080.91300743737,276968.75565283454,0,False,0,True,MARKET_WEAK_WARNING|FUNDED_STOP_RISK_BUDGET_0.1|ENTRY_WARNING_CAP_1|PROTECTIVE_INVENTORY_PENDING
2023-10-25,2748590.9705851777,195428.39248109123,3117983.2189688524,1,274859.0970585178,255168.30772819649,248219.60692284099,0,False,0,True,MARKET_WEAK_WARNING|FUNDED_STOP_RISK_BUDGET_0.1|ENTRY_WARNING_CAP_1|PROTECTIVE_INVENTORY_PENDING
2023-10-26,2753493.2514255675,195428.39248109123,3117983.2189688524,1,275349.32514255674,260070.58856858659,252993.95930904415,0,False,0,True,MARKET_WEAK_WARNING|FUNDED_STOP_RISK_BUDGET_0.1|ENTRY_WARNING_CAP_1|PROTECTIVE_INVENTORY_PENDING
2023-10-27,2780373.3207151354,231365.05984109122,3117983.2189688524,1,278037.33207151358,283836.92241210415,275068.99431425374,0,False,0,True,TREND_OPEN|FUNDED_STOP_RISK_BUDGET_0.1|ENTRY_WARNING_CAP_1|PROTECTIVE_INVENTORY_PENDING
2023-10-30,2838130.5973288706,272592.68273650401,3117983.2189688524,1,283813.05973288708,337499.6092729785,283776.63762339379,0,False,0,True,TREND_OPEN|FUNDED_STOP_RISK_BUDGET_0.1|ENTRY_WARNING_CAP_1|PROTECTIVE_INVENTORY_PENDING
2023-10-31,2877937.4675563658,680100.91452456801,3117983.2189688524,1,287793.74675563659,318938.65330649522,287761.10782740114,0,False,0,True,TREND_OPEN|FUNDED_STOP_RISK_BUDGET_0.1|ENTRY_WARNING_CAP_1|PROTECTIVE_INVENTORY_PENDING
2023-11-01,2811060.283181625,890421.86741659162,3117983.2189688524,1,281106.02831816248,225126.13158220117,216823.07295659074,0,False,0,True,TREND_OPEN|FUNDED_STOP_RISK_BUDGET_0.1|ENTRY_WARNING_CAP_1|PROTECTIVE_INVENTORY_PENDING
2023-11-02,2768854.1120522511,924162.40510459163,3117983.2189688524,1,276885.4112052251,176457.69586964668,169798.47529540688,0,False,0,True,TREND_OPEN|FUNDED_STOP_RISK_BUDGET_0.1|ENTRY_WARNING_CAP_1|PROTECTIVE_INVENTORY_PENDING
2023-11-03,2776957.8116583694,957321.96667027159,3117983.2189688524,1,277695.78116583696,167429.27143219707,161025.67915845074,0,False,0,True,TREND_OPEN|FUNDED_STOP_RISK_BUDGET_0.1|ENTRY_WARNING_CAP_1|PROTECTIVE_INVENTORY_PENDING
2023-11-06,2758591.3504155856,1027205.6278722548,3117983.2189688524,1,275859.13504155859,140320.44226719253,134777.55335441075,0,False,0,True,TREND_OPEN|FUNDED_STOP_RISK_BUDGET_0.1|ENTRY_WARNING_CAP_1|PROTECTIVE_INVENTORY_PENDING
2023-11-07,2741945.1440313398,1027205.6278722548,3117983.2189688524,1,274194.514403134,123674.23588294687,118684.20499274513,0,False,0,True,TREND_OPEN|FUNDED_STOP_RISK_BUDGET_0.1|ENTRY_WARNING_CAP_1|PROTECTIVE_INVENTORY_PENDING
2023-11-08,2805334.1926344167,1095782.7316731045,3117983.2189688524,1,280533.4192634417,165324.3997652299,158393.43832200579,0,False,0,True,TREND_OPEN|FUNDED_STOP_RISK_BUDGET_0.1|ENTRY_WARNING_CAP_1|PROTECTIVE_INVENTORY_PENDING
2023-11-09,2776084.7595690219,1095782.7316731045,3117983.2189688524,1,277608.4759569022,94268.268724496302,90326.293716085493,0,False,0,True,TREND_OPEN|FUNDED_STOP_RISK_BUDGET_0.1|ENTRY_WARNING_CAP_1|PROTECTIVE_INVENTORY_PENDING
2023-11-10,2784040.8854450956,1129527.2623241444,3117983.2189688524,1,278404.08854450955,99922.67852399846,95614.927752462827,0,False,0,True,TREND_OPEN|FUNDED_STOP_RISK_BUDGET_0.1|ENTRY_WARNING_CAP_1|PROTECTIVE_INVENTORY_PENDING
2023-11-13,2813465.2011447009,1199943.1655345443,3117983.2189688524,1,281346.5201144701,124544.26100330809,119008.79207648248,0,False,0,True,TREND_OPEN|FUNDED_STOP_RISK_BUDGET_0.1|ENTRY_WARNING_CAP_1|PROTECTIVE_INVENTORY_PENDING
2023-11-14,2815367.458643008,1199943.1655345443,3117983.2189688524,1,281536.74586430081,126446.51850161501,120754.9571072566,0,False,0,True,TREND_OPEN|FUNDED_STOP_RISK_BUDGET_0.1|ENTRY_WARNING_CAP_1|PROTECTIVE_INVENTORY_PENDING
2023-11-15,2769517.5540114474,1271877.1433807143,3117983.2189688524,1,276951.75540114474,74423.842470905773,70921.623350680355,0,False,0,True,TREND_OPEN|FUNDED_STOP_RISK_BUDGET_0.1|ENTRY_WARNING_CAP_1|PROTECTIVE_INVENTORY_PENDING
2023-11-16,2732154.5438299933,1271877.1433807143,3117983.2189688524,1,273215.45438299933,46564.79405859478,28638.298511359193,0,False,0,True,MARKET_WEAK_WARNING|FUNDED_STOP_RISK_BUDGET_0.1|ENTRY_WARNING_CAP_1|PROTECTIVE_INVENTORY_PENDING
2023-11-17,2736318.5936112003,2083849.2547537987,3117983.2189688524,1,273631.85936112003,41064.870596314177,38942.375975886913,0,False,0,True,TREND_OPEN|FUNDED_STOP_RISK_BUDGET_0.1|ENTRY_WARNING_CAP_1|PROTECTIVE_INVENTORY_PENDING
2023-11-20,2725758.2416285169,2117270.3553985986,3117983.2189688524,1,272575.82416285173,28527.879043191453,26981.013670105938,0,False,0,True,TREND_OPEN|FUNDED_STOP_RISK_BUDGET_0.1|ENTRY_WARNING_CAP_1|PROTECTIVE_INVENTORY_PENDING
2023-11-21,2714741.7597581274,2117270.3553985986,3117983.2189688524,1,271474.17597581277,11949.428087190578,0,0,False,0,True,MARKET_WEAK_WARNING|FUNDED_STOP_RISK_BUDGET_0.1|ENTRY_WARNING_CAP_1|PROTECTIVE_INVENTORY_PENDING
2023-11-22,2712504.3235899666,2712504.3235899666,3117983.2189688524,1,271250.43235899665,0,271250.43235899665,0,False,0,False,MARKET_WEAK_WARNING|FUNDED_STOP_RISK_BUDGET_0.1|ENTRY_WARNING_CAP_1|CASH_FUNDED_SUPPORT_RISK
2023-11-23,2676436.9241310256,1401677.5803855881,3117983.2189688524,1,267643.69241310254,227463.30057027965,227463.30057027965,0,False,0,False,MARKET_WEAK_WARNING|FUNDED_STOP_RISK_BUDGET_0.1|ENTRY_WARNING_CAP_1|RETAIN_ACTUAL_UNITS
2023-11-24,2599281.6500436179,1401677.5803855881,3117983.2189688524,1,259928.1650043618,150308.02648287246,150308.02648287246,0,False,0,False,MARKET_WEAK_WARNING|FUNDED_STOP_RISK_BUDGET_0.1|ENTRY_WARNING_CAP_1|RETAIN_ACTUAL_UNITS
2023-11-27,2617676.0751347514,1401677.5803855881,3117983.2189688524,1,261767.60751347514,168702.45157400565,168702.45157400565,0,False,0,False,MARKET_WEAK_WARNING|FUNDED_STOP_RISK_BUDGET_0.1|ENTRY_WARNING_CAP_1|RETAIN_ACTUAL_UNITS
2023-11-28,2642158.3968732404,1401677.5803855881,3117983.2189688524,1,264215.83968732407,193184.77331249468,193184.77331249468,0,False,0,False,MARKET_WEAK_WARNING|FUNDED_STOP_RISK_BUDGET_0.1|ENTRY_WARNING_CAP_1|RETAIN_ACTUAL_UNITS
2023-11-29,2625759.0580547499,1401677.5803855881,3117983.2189688524,1,262575.90580547502,176785.43449400438,176785.43449400438,0,False,0,False,MARKET_WEAK_WARNING|FUNDED_STOP_RISK_BUDGET_0.1|ENTRY_WARNING_CAP_1|RETAIN_ACTUAL_UNITS
2023-11-30,2595564.0256029307,1401677.5803855881,3117983.2189688524,1,259556.40256029309,146590.40204218481,146590.40204218481,0,False,0,False,MARKET_WEAK_WARNING|FUNDED_STOP_RISK_BUDGET_0.1|ENTRY_WARNING_CAP_1|RETAIN_ACTUAL_UNITS
2023-12-01,2626017.2238428867,1401677.5803855881,3117983.2189688524,1,262601.72238428867,177043.60028214086,177043.60028214086,0,False,0,False,TREND_OPEN|FUNDED_STOP_RISK_BUDGET_0.1|ENTRY_WARNING_CAP_1|RETAIN_ACTUAL_UNITS
2023-12-04,2626724.4465837888,1401677.5803855881,3117983.2189688524,1,262672.4446583789,177750.82302304334,177750.82302304334,0,False,0,False,TREND_OPEN|FUNDED_STOP_RISK_BUDGET_0.1|ENTRY_WARNING_CAP_1|RETAIN_ACTUAL_UNITS
2023-12-05,2572742.7608168679,1401677.5803855881,3117983.2189688524,1,257274.27608168681,123769.13725612222,123769.13725612222,0,False,0,False,MARKET_WEAK_WARNING|FUNDED_STOP_RISK_BUDGET_0.1|ENTRY_WARNING_CAP_1|RETAIN_ACTUAL_UNITS
2023-12-06,2562574.1192993866,1401677.5803855881,3117983.2189688524,1,256257.41192993868,113600.49573864118,113600.49573864118,0,False,0,False,MARKET_WEAK_WARNING|FUNDED_STOP_RISK_BUDGET_0.1|ENTRY_WARNING_CAP_1|RETAIN_ACTUAL_UNITS
2023-12-07,2561210.9188038027,1401677.5803855881,3117983.2189688524,1,256121.09188038029,112237.295243057,112237.295243057,0,False,0,False,MARKET_WEAK_WARNING|FUNDED_STOP_RISK_BUDGET_0.1|ENTRY_WARNING_CAP_1|RETAIN_ACTUAL_UNITS
2023-12-08,2631897.1905175801,1401677.5803855881,3117983.2189688524,1,263189.719051758,182923.56695683458,182923.56695683458,0,False,0,False,TREND_OPEN|FUNDED_STOP_RISK_BUDGET_0.1|ENTRY_WARNING_CAP_1|RETAIN_ACTUAL_UNITS
2023-12-11,2609213.4447430009,1401677.5803855881,3117983.2189688524,1,260921.3444743001,158805.92878196816,158805.92878196816,0,False,0,False,TREND_OPEN|FUNDED_STOP_RISK_BUDGET_0.1|ENTRY_WARNING_CAP_1|RETAIN_ACTUAL_UNITS
2023-12-12,2596847.2401297605,1401677.5803855881,3117983.2189688524,1,259684.72401297605,94063.613157535205,94063.613157535205,0,False,0,False,TREND_OPEN|FUNDED_STOP_RISK_BUDGET_0.1|ENTRY_WARNING_CAP_1|RETAIN_ACTUAL_UNITS
2023-12-13,2587205.3093407629,1401677.5803855881,3117983.2189688524,1,258720.53093407629,48713.234842310027,48713.234842310027,0,False,0,False,MARKET_WEAK_WARNING|FUNDED_STOP_RISK_BUDGET_0.1|ENTRY_WARNING_CAP_1|RETAIN_ACTUAL_UNITS
2023-12-14,2560947.8033626117,1401677.5803855881,3117983.2189688524,1,256094.78033626117,32242.481404711787,0,0,False,0,True,MARKET_WEAK_WARNING|FUNDED_STOP_RISK_BUDGET_0.1|ENTRY_WARNING_CAP_1|PROTECTIVE_INVENTORY_PENDING
2023-12-15,2559994.254258309,2559994.254258309,3117983.2189688524,1,255999.42542583091,0,0,0,False,0,False,MARKET_WEAK_WARNING|FUNDED_STOP_RISK_BUDGET_0.1|ENTRY_WARNING_CAP_1|RETAIN_ACTUAL_UNITS
2023-12-18,2559994.254258309,2559994.254258309,3117983.2189688524,1,255999.42542583091,0,0,0,False,0,False,MARKET_WEAK_WARNING|FUNDED_STOP_RISK_BUDGET_0.1|ENTRY_WARNING_CAP_1|RETAIN_ACTUAL_UNITS
2023-12-19,2559994.254258309,2559994.254258309,3117983.2189688524,1,255999.42542583091,0,69530.114094348944,0,False,0,False,MARKET_WEAK_WARNING|FUNDED_STOP_RISK_BUDGET_0.1|ENTRY_WARNING_CAP_1|CASH_FUNDED_SUPPORT_RISK
2023-12-20,2541381.5479641086,1152406.961090253,3117983.2189688524,1,254138.15479641088,50523.039378433285,50523.039378433285,0,False,0,False,MARKET_WEAK_WARNING|FUNDED_STOP_RISK_BUDGET_0.1|ENTRY_WARNING_CAP_1|RETAIN_ACTUAL_UNITS
2023-12-21,2568086.583064138,1152406.961090253,3117983.2189688524,1,256808.6583064138,77228.074478462542,77228.074478462542,0,False,0,False,MARKET_WEAK_WARNING|FUNDED_STOP_RISK_BUDGET_0.1|ENTRY_WARNING_CAP_1|RETAIN_ACTUAL_UNITS
2023-12-22,2537772.7594370777,1152406.961090253,3117983.2189688524,1,253777.27594370779,46914.250851402365,46914.250851402365,0,False,0,False,MARKET_WEAK_WARNING|FUNDED_STOP_RISK_BUDGET_0.1|ENTRY_WARNING_CAP_1|RETAIN_ACTUAL_UNITS
2023-12-25,2490858.5085856756,1152406.961090253,3117983.2189688524,1,249085.85085856757,26769.030949908443,0,0,False,0,True,MARKET_WEAK_WARNING|FUNDED_STOP_RISK_BUDGET_0.1|ENTRY_WARNING_CAP_1|PROTECTIVE_INVENTORY_PENDING
2023-12-26,2486822.7125110384,2486822.7125110384,3117983.2189688524,1,248682.27125110384,0,0,0,False,0,False,MARKET_WEAK_WARNING|FUNDED_STOP_RISK_BUDGET_0.1|ENTRY_WARNING_CAP_1|RETAIN_ACTUAL_UNITS
2023-12-27,2486822.7125110384,2486822.7125110384,3117983.2189688524,1,248682.27125110384,0,0,0,False,0,False,MARKET_WEAK_WARNING|FUNDED_STOP_RISK_BUDGET_0.1|ENTRY_WARNING_CAP_1|RETAIN_ACTUAL_UNITS
2023-12-28,2486822.7125110384,2486822.7125110384,3117983.2189688524,1,248682.27125110384,0,0,0,False,0,False,MARKET_WEAK_WARNING|FUNDED_STOP_RISK_BUDGET_0.1|ENTRY_WARNING_CAP_1|RETAIN_ACTUAL_UNITS
2023-12-29,2486822.7125110384,2486822.7125110384,3117983.2189688524,1,248682.27125110384,0,0,0,False,0,False,TREND_OPEN|FUNDED_STOP_RISK_BUDGET_0.1|ENTRY_WARNING_CAP_1|RETAIN_ACTUAL_UNITS
2024-01-02,2486822.7125110384,2486822.7125110384,3117983.2189688524,1,248682.27125110384,0,0,0,False,0,False,MARKET_WEAK_WARNING|FUNDED_STOP_RISK_BUDGET_0.1|ENTRY_WARNING_CAP_1|RETAIN_ACTUAL_UNITS
2024-01-03,2486822.7125110384,2486822.7125110384,3117983.2189688524,1,248682.27125110384,0,0,0,False,0,False,MARKET_WEAK_WARNING|FUNDED_STOP_RISK_BUDGET_0.1|ENTRY_WARNING_CAP_1|RETAIN_ACTUAL_UNITS
2024-01-04,2486822.7125110384,2486822.7125110384,3117983.2189688524,1,248682.27125110384,0,0,0,False,0,False,MARKET_WEAK_WARNING|FUNDED_STOP_RISK_BUDGET_0.1|ENTRY_WARNING_CAP_1|RETAIN_ACTUAL_UNITS
2024-01-05,2486822.7125110384,2486822.7125110384,3117983.2189688524,1,248682.27125110384,0,0,0,False,0,False,MARKET_WEAK_WARNING|FUNDED_STOP_RISK_BUDGET_0.1|ENTRY_WARNING_CAP_1|RETAIN_ACTUAL_UNITS
2024-01-08,2486822.7125110384,2486822.7125110384,3117983.2189688524,1,248682.27125110384,0,0,0,False,0,False,MARKET_WEAK_WARNING|FUNDED_STOP_RISK_BUDGET_0.1|ENTRY_WARNING_CAP_1|RETAIN_ACTUAL_UNITS
2024-01-09,2486822.7125110384,2486822.7125110384,3117983.2189688524,1,248682.27125110384,0,0,0,False,0,False,MARKET_WEAK_WARNING|FUNDED_STOP_RISK_BUDGET_0.1|ENTRY_WARNING_CAP_1|RETAIN_ACTUAL_UNITS
2024-01-10,2486822.7125110384,2486822.7125110384,3117983.2189688524,0.5,248682.27125110384,0,0,0,False,0,False,BROAD_TREND_BREAKDOWN|FUNDED_STOP_RISK_BUDGET_0.1|ENTRY_WARNING_CAP_0.5|RETAIN_ACTUAL_UNITS
2024-01-11,2486822.7125110384,2486822.7125110384,3117983.2189688524,0.5,248682.27125110384,0,0,0,False,0,False,RECOVERY_WAIT|FUNDED_STOP_RISK_BUDGET_0.1|ENTRY_WARNING_CAP_0.5|RETAIN_ACTUAL_UNITS
2024-01-12,2486822.7125110384,2486822.7125110384,3117983.2189688524,0.25,248682.27125110384,0,0,0,False,0,False,BROAD_TREND_BREAKDOWN|FUNDED_STOP_RISK_BUDGET_0.1|ENTRY_WARNING_CAP_0.25|RETAIN_ACTUAL_UNITS
2024-01-15,2486822.7125110384,2486822.7125110384,3117983.2189688524,0.25,248682.27125110384,0,0,0,False,0,False,BROAD_TREND_BREAKDOWN|FUNDED_STOP_RISK_BUDGET_0.1|ENTRY_WARNING_CAP_0.25|RETAIN_ACTUAL_UNITS
2024-01-16,2486822.7125110384,2486822.7125110384,3117983.2189688524,0.25,248682.27125110384,0,0,0,False,0,False,RECOVERY_WAIT|FUNDED_STOP_RISK_BUDGET_0.1|ENTRY_WARNING_CAP_0.25|RETAIN_ACTUAL_UNITS
2024-01-17,2486822.7125110384,2486822.7125110384,3117983.2189688524,0.25,248682.27125110384,0,0,0,False,0,False,BROAD_TREND_BREAKDOWN|FUNDED_STOP_RISK_BUDGET_0.1|ENTRY_WARNING_CAP_0.25|RETAIN_ACTUAL_UNITS
2024-01-18,2486822.7125110384,2486822.7125110384,3117983.2189688524,0.25,248682.27125110384,0,0,0,False,0,False,RECOVERY_WAIT|FUNDED_STOP_RISK_BUDGET_0.1|ENTRY_WARNING_CAP_0.25|RETAIN_ACTUAL_UNITS
2024-01-19,2486822.7125110384,2486822.7125110384,3117983.2189688524,0.25,248682.27125110384,0,0,0,False,0,False,RECOVERY_WAIT|FUNDED_STOP_RISK_BUDGET_0.1|ENTRY_WARNING_CAP_0.25|RETAIN_ACTUAL_UNITS
2024-01-22,2486822.7125110384,2486822.7125110384,3117983.2189688524,0,248682.27125110384,0,0,0,False,0,False,CROSS_SECTION_SHOCK|FUNDED_STOP_RISK_BUDGET_0.1|ENTRY_WARNING_CAP_0|RETAIN_ACTUAL_UNITS
2024-01-23,2486822.7125110384,2486822.7125110384,3117983.2189688524,0,248682.27125110384,0,0,0,False,0,False,RECOVERY_WAIT|FUNDED_STOP_RISK_BUDGET_0.1|ENTRY_WARNING_CAP_0|RETAIN_ACTUAL_UNITS
2024-01-24,2486822.7125110384,2486822.7125110384,3117983.2189688524,0,248682.27125110384,0,0,0,False,0,False,RECOVERY_WAIT|FUNDED_STOP_RISK_BUDGET_0.1|ENTRY_WARNING_CAP_0|RETAIN_ACTUAL_UNITS
2024-01-25,2486822.7125110384,2486822.7125110384,3117983.2189688524,0,248682.27125110384,0,0,0,False,0,False,RECOVERY_WAIT|FUNDED_STOP_RISK_BUDGET_0.1|ENTRY_WARNING_CAP_0|RETAIN_ACTUAL_UNITS
2024-01-26,2486822.7125110384,2486822.7125110384,3117983.2189688524,0,248682.27125110384,0,0,0,False,0,False,RECOVERY_WAIT|FUNDED_STOP_RISK_BUDGET_0.1|ENTRY_WARNING_CAP_0|RETAIN_ACTUAL_UNITS
2024-01-29,2486822.7125110384,2486822.7125110384,3117983.2189688524,0,248682.27125110384,0,0,0,False,0,False,RECOVERY_WAIT|FUNDED_STOP_RISK_BUDGET_0.1|ENTRY_WARNING_CAP_0|RETAIN_ACTUAL_UNITS
2024-01-30,2486822.7125110384,2486822.7125110384,3117983.2189688524,0,248682.27125110384,0,0,0,False,0,False,ACCUMULATED_MARKET_SHOCK|FUNDED_STOP_RISK_BUDGET_0.1|ENTRY_WARNING_CAP_0|RETAIN_ACTUAL_UNITS
2024-01-31,2486822.7125110384,2486822.7125110384,3117983.2189688524,0,248682.27125110384,0,0,0,False,0,False,ACCUMULATED_MARKET_SHOCK|FUNDED_STOP_RISK_BUDGET_0.1|ENTRY_WARNING_CAP_0|RETAIN_ACTUAL_UNITS
2024-02-01,2486822.7125110384,2486822.7125110384,3117983.2189688524,0,248682.27125110384,0,0,0,False,0,False,RECOVERY_WAIT|FUNDED_STOP_RISK_BUDGET_0.1|ENTRY_WARNING_CAP_0|RETAIN_ACTUAL_UNITS
2024-02-02,2486822.7125110384,2486822.7125110384,3117983.2189688524,0,248682.27125110384,0,0,0,False,0,False,RECOVERY_WAIT|FUNDED_STOP_RISK_BUDGET_0.1|ENTRY_WARNING_CAP_0|RETAIN_ACTUAL_UNITS
2024-02-05,2486822.7125110384,2486822.7125110384,3117983.2189688524,0,248682.27125110384,0,0,0,False,0,False,RECOVERY_WAIT|FUNDED_STOP_RISK_BUDGET_0.1|ENTRY_WARNING_CAP_0|RETAIN_ACTUAL_UNITS
2024-02-06,2486822.7125110384,2486822.7125110384,3117983.2189688524,0,248682.27125110384,0,0,0,False,0,False,RECOVERY_WAIT|FUNDED_STOP_RISK_BUDGET_0.1|ENTRY_WARNING_CAP_0|RETAIN_ACTUAL_UNITS
2024-02-07,2486822.7125110384,2486822.7125110384,3117983.2189688524,0,248682.27125110384,0,0,0,False,0,False,RECOVERY_WAIT|FUNDED_STOP_RISK_BUDGET_0.1|ENTRY_WARNING_CAP_0|RETAIN_ACTUAL_UNITS
2024-02-08,2486822.7125110384,2486822.7125110384,3117983.2189688524,0,248682.27125110384,0,0,0,False,0,False,RECOVERY_WAIT|FUNDED_STOP_RISK_BUDGET_0.1|ENTRY_WARNING_CAP_0|RETAIN_ACTUAL_UNITS
2024-02-19,2486822.7125110384,2486822.7125110384,3117983.2189688524,0,248682.27125110384,0,0,0,False,0,False,RECOVERY_WAIT|FUNDED_STOP_RISK_BUDGET_0.1|ENTRY_WARNING_CAP_0|RETAIN_ACTUAL_UNITS
2024-02-20,2486822.7125110384,2486822.7125110384,3117983.2189688524,0.5,248682.27125110384,0,62170.56781277596,0,False,0,False,CONFIRMED_RECOVERY|FUNDED_STOP_RISK_BUDGET_0.1|ENTRY_WARNING_CAP_0.5|CASH_FUNDED_SUPPORT_RISK
2024-02-21,2484262.2921023858,2122245.2484294078,3117983.2189688524,0.5,248426.22921023858,50146.768464260189,112253.32576681985,0,False,0,False,RECOVERY_WAIT|FUNDED_STOP_RISK_BUDGET_0.1|ENTRY_WARNING_CAP_0.5|CASH_FUNDED_SUPPORT_RISK
2024-02-22,2501602.3426741995,1625720.2854954079,3117983.2189688524,0.5,250160.23426741996,123298.44845369377,123298.44845369377,0,False,0,False,RECOVERY_WAIT|FUNDED_STOP_RISK_BUDGET_0.1|ENTRY_WARNING_CAP_0.5|RETAIN_ACTUAL_UNITS
2024-02-23,2492397.9897777783,1625720.2854954079,3117983.2189688524,1,249239.79897777783,110973.32409373547,110973.32409373547,0,False,0,False,CONFIRMED_RECOVERY|FUNDED_STOP_RISK_BUDGET_0.1|ENTRY_WARNING_CAP_1|RETAIN_ACTUAL_UNITS
2024-02-26,2489812.6498260312,1625720.2854954079,3117983.2189688524,1,248981.26498260314,108001.68071849179,108001.68071849179,0,False,0,False,TREND_OPEN|FUNDED_STOP_RISK_BUDGET_0.1|ENTRY_WARNING_CAP_1|RETAIN_ACTUAL_UNITS
2024-02-27,2535116.0270087332,1625720.2854954079,3117983.2189688524,1,253511.60270087334,128884.18158896774,253511.60270087334,0,False,0,False,TREND_OPEN|FUNDED_STOP_RISK_BUDGET_0.1|ENTRY_WARNING_CAP_1|CASH_FUNDED_SUPPORT_RISK
2024-02-28,2469588.6910135853,942693.37745993596,3117983.2189688524,1,246958.86910135855,181738.94255064888,181738.94255064888,0,False,0,False,TREND_OPEN|FUNDED_STOP_RISK_BUDGET_0.1|ENTRY_WARNING_CAP_1|RETAIN_ACTUAL_UNITS
2024-02-29,2535967.1211065715,942693.37745993596,3117983.2189688524,1,253596.71211065716,222020.30058075039,253596.71211065716,0,False,0,False,TREND_OPEN|FUNDED_STOP_RISK_BUDGET_0.1|ENTRY_WARNING_CAP_1|CASH_FUNDED_SUPPORT_RISK
2024-03-01,2586277.8508835095,684968.98653593601,3117983.2189688524,1,258627.78508835097,281746.08911217365,256336.8897377344,0,False,0,True,TREND_OPEN|FUNDED_STOP_RISK_BUDGET_0.1|ENTRY_WARNING_CAP_1|PROTECTIVE_INVENTORY_PENDING
2024-03-04,2573965.2931668977,862957.90946991195,3117983.2189688524,1,257396.52931668979,242561.52671229205,236468.17907551245,0,False,0,True,TREND_OPEN|FUNDED_STOP_RISK_BUDGET_0.1|ENTRY_WARNING_CAP_1|PROTECTIVE_INVENTORY_PENDING
2024-03-05,2571542.8281009635,862957.90946991195,3117983.2189688524,1,257154.28281009637,239856.90498644003,233862.44532744988,0,False,0,True,TREND_OPEN|FUNDED_STOP_RISK_BUDGET_0.1|ENTRY_WARNING_CAP_1|PROTECTIVE_INVENTORY_PENDING
2024-03-06,2549845.1896798476,879927.24813991191,3117983.2189688524,1,254984.51896798477,212741.99039627798,207266.44689282819,0,False,0,True,TREND_OPEN|FUNDED_STOP_RISK_BUDGET_0.1|ENTRY_WARNING_CAP_1|PROTECTIVE_INVENTORY_PENDING
2024-03-07,2511932.7627061363,926142.02637563192,3117983.2189688524,1,251193.27627061366,169120.585652999,164325.68407403058,0,False,0,True,TREND_OPEN|FUNDED_STOP_RISK_BUDGET_0.1|ENTRY_WARNING_CAP_1|PROTECTIVE_INVENTORY_PENDING
2024-03-08,2552027.9495423315,971741.72896269197,3117983.2189688524,1,255202.79495423316,182446.35761698391,177241.99342538725,0,False,0,True,TREND_OPEN|FUNDED_STOP_RISK_BUDGET_0.1|ENTRY_WARNING_CAP_1|PROTECTIVE_INVENTORY_PENDING
2024-03-11,2572600.449319053,971741.72896269197,3117983.2189688524,1,257260.04493190532,197538.53138164585,188959.28524764231,0,False,0,True,TREND_OPEN|FUNDED_STOP_RISK_BUDGET_0.1|ENTRY_WARNING_CAP_1|PROTECTIVE_INVENTORY_PENDING
2024-03-12,2519874.3434039587,1018358.718304692,3117983.2189688524,1,251987.43434039588,136720.3291118409,132691.55811520922,0,False,0,True,TREND_OPEN|FUNDED_STOP_RISK_BUDGET_0.1|ENTRY_WARNING_CAP_1|PROTECTIVE_INVENTORY_PENDING
2024-03-13,2504554.6797247389,1064552.3726454519,3117983.2189688524,1,250455.46797247391,79769.330759314937,77137.653126543824,0,False,0,True,TREND_OPEN|FUNDED_STOP_RISK_BUDGET_0.1|ENTRY_WARNING_CAP_1|PROTECTIVE_INVENTORY_PENDING
2024-03-14,2509718.8160887342,1064552.3726454519,3117983.2189688524,1,250971.88160887343,84796.302884013407,82229.398941099003,0,False,0,True,MARKET_WEAK_WARNING|FUNDED_STOP_RISK_BUDGET_0.1|ENTRY_WARNING_CAP_1|PROTECTIVE_INVENTORY_PENDING
2024-03-15,2507470.8792134942,1109462.223434852,3117983.2189688524,1,250747.08792134945,69444.294113921205,68643.141721209715,0,False,0,True,TREND_OPEN|FUNDED_STOP_RISK_BUDGET_0.1|ENTRY_WARNING_CAP_1|PROTECTIVE_INVENTORY_PENDING
2024-03-18,2551175.8816063972,1109462.223434852,3117983.2189688524,1,255117.58816063975,82699.77890536403,81993.885023591705,0,False,0,True,TREND_OPEN|FUNDED_STOP_RISK_BUDGET_0.1|ENTRY_WARNING_CAP_1|PROTECTIVE_INVENTORY_PENDING
2024-03-19,2519539.157952785,1125932.316849852,3117983.2189688524,1,251953.9157952785,57066.510666898699,56743.910666898701,0,False,0,True,TREND_OPEN|FUNDED_STOP_RISK_BUDGET_0.1|ENTRY_WARNING_CAP_1|PROTECTIVE_INVENTORY_PENDING
2024-03-20,2517260.7902040831,1142032.968776152,3117983.2189688524,1,251726.07902040833,57021.093465285288,57021.093465285288,0,False,0,False,TREND_OPEN|FUNDED_STOP_RISK_BUDGET_0.1|ENTRY_WARNING_CAP_1|RETAIN_ACTUAL_UNITS
2024-03-21,2517647.7379740803,1142032.968776152,3117983.2189688524,1,251764.77379740804,66738.55800449563,51288.926187667559,0,False,0,True,TREND_OPEN|FUNDED_STOP_RISK_BUDGET_0.1|ENTRY_WARNING_CAP_1|PROTECTIVE_INVENTORY_PENDING
2024-03-22,2536228.9771046788,1910020.1775801352,3117983.2189688524,1,253622.89771046789,61576.033736055819,188387.48259128976,0,False,0,False,TREND_OPEN|FUNDED_STOP_RISK_BUDGET_0.1|ENTRY_WARNING_CAP_1|CASH_FUNDED_SUPPORT_RISK
2024-03-25,2534019.5053276466,751686.21303237532,3117983.2189688524,0,253401.95053276466,176812.72730095245,176812.72730095245,0,False,0,False,CROSS_SECTION_SHOCK|FUNDED_STOP_RISK_BUDGET_0.1|ENTRY_WARNING_CAP_0|RETAIN_ACTUAL_UNITS
2024-03-26,2493093.8641474182,751686.21303237532,3117983.2189688524,0,249309.38641474184,135887.0861207236,135887.0861207236,0,False,0,False,RECOVERY_WAIT|FUNDED_STOP_RISK_BUDGET_0.1|ENTRY_WARNING_CAP_0|RETAIN_ACTUAL_UNITS
2024-03-27,2473652.2406021133,751686.21303237532,3117983.2189688524,0,247365.22406021133,116445.46257541883,116445.46257541883,0,False,0,False,CROSS_SECTION_SHOCK|FUNDED_STOP_RISK_BUDGET_0.1|ENTRY_WARNING_CAP_0|RETAIN_ACTUAL_UNITS
2024-03-28,2458618.0509816632,751686.21303237532,3117983.2189688524,0,245861.80509816634,64575.058455603779,64575.058455603779,0,False,0,False,RECOVERY_WAIT|FUNDED_STOP_RISK_BUDGET_0.1|ENTRY_WARNING_CAP_0|RETAIN_ACTUAL_UNITS
2024-03-29,2456711.1245608954,751686.21303237532,3117983.2189688524,0,245671.11245608956,58702.248538780281,58702.248538780281,0,False,0,False,RECOVERY_WAIT|FUNDED_STOP_RISK_BUDGET_0.1|ENTRY_WARNING_CAP_0|RETAIN_ACTUAL_UNITS
2024-04-01,2479606.6303824782,751686.21303237532,3117983.2189688524,0,247960.66303824785,81597.754360363062,81597.754360363062,0,False,0,False,RECOVERY_WAIT|FUNDED_STOP_RISK_BUDGET_0.1|ENTRY_WARNING_CAP_0|RETAIN_ACTUAL_UNITS
2024-04-02,2444396.2322456329,751686.21303237532,3117983.2189688524,0,244439.62322456331,46387.356223517854,46387.356223517854,0,False,0,False,RECOVERY_WAIT|FUNDED_STOP_RISK_BUDGET_0.1|ENTRY_WARNING_CAP_0|RETAIN_ACTUAL_UNITS
2024-04-03,2446510.148849491,751686.21303237532,3117983.2189688524,0,244651.01488494911,48501.272827375666,48501.272827375666,0,False,0,False,RECOVERY_WAIT|FUNDED_STOP_RISK_BUDGET_0.1|ENTRY_WARNING_CAP_0|RETAIN_ACTUAL_UNITS
2024-04-08,2445014.0177950431,751686.21303237532,3117983.2189688524,0,244501.40177950432,47005.141772927498,47005.141772927498,0,False,0,False,RECOVERY_WAIT|FUNDED_STOP_RISK_BUDGET_0.1|ENTRY_WARNING_CAP_0|RETAIN_ACTUAL_UNITS
2024-04-09,2429651.1803065734,751686.21303237532,3117983.2189688524,0,242965.11803065735,41883.231768804093,20304.471678484937,0,False,0,True,RECOVERY_WAIT|FUNDED_STOP_RISK_BUDGET_0.1|ENTRY_WARNING_CAP_0|PROTECTIVE_INVENTORY_PENDING
2024-04-10,2410531.6874397718,1827257.958725482,3117983.2189688524,0,241053.16874397721,11665.474574285798,11665.474574285798,0,False,0,False,RECOVERY_WAIT|FUNDED_STOP_RISK_BUDGET_0.1|ENTRY_WARNING_CAP_0|RETAIN_ACTUAL_UNITS
2024-04-11,2409499.6731471177,1827257.958725482,3117983.2189688524,0,240949.96731471177,11644.834288432719,11644.834288432719,0,False,0,False,RECOVERY_WAIT|FUNDED_STOP_RISK_BUDGET_0.1|ENTRY_WARNING_CAP_0|RETAIN_ACTUAL_UNITS
2024-04-12,2407943.4611185128,1827257.958725482,3117983.2189688524,0,240794.34611185128,11613.710047860617,11613.710047860617,0,False,0,False,RECOVERY_WAIT|FUNDED_STOP_RISK_BUDGET_0.1|ENTRY_WARNING_CAP_0|RETAIN_ACTUAL_UNITS
2024-04-15,2454498.7725426792,1827257.958725482,3117983.2189688524,0,245449.87725426792,48518.322737442024,48518.322737442024,0,False,0,False,RECOVERY_WAIT|FUNDED_STOP_RISK_BUDGET_0.1|ENTRY_WARNING_CAP_0|RETAIN_ACTUAL_UNITS
2024-04-16,2446428.3115662639,1827257.958725482,3117983.2189688524,0,244642.8311566264,40447.861761026616,40447.861761026616,0,False,0,False,RECOVERY_WAIT|FUNDED_STOP_RISK_BUDGET_0.1|ENTRY_WARNING_CAP_0|RETAIN_ACTUAL_UNITS
2024-04-17,2449906.5819600234,1827257.958725482,3117983.2189688524,0,244990.65819600236,41963.120841510587,41963.120841510587,0,False,0,False,RECOVERY_WAIT|FUNDED_STOP_RISK_BUDGET_0.1|ENTRY_WARNING_CAP_0|RETAIN_ACTUAL_UNITS
2024-04-18,2438723.6969263977,1827257.958725482,3117983.2189688524,0,243872.3696926398,30780.235807884859,30780.235807884859,0,False,0,False,RECOVERY_WAIT|FUNDED_STOP_RISK_BUDGET_0.1|ENTRY_WARNING_CAP_0|RETAIN_ACTUAL_UNITS
2024-04-19,2425091.8255951251,1827257.958725482,3117983.2189688524,0,242509.18255951253,17148.364476612114,17148.364476612114,0,False,0,False,RECOVERY_WAIT|FUNDED_STOP_RISK_BUDGET_0.1|ENTRY_WARNING_CAP_0|RETAIN_ACTUAL_UNITS
2024-04-22,2423961.5242269803,1827257.958725482,3117983.2189688524,0,242396.15242269804,16018.063108467282,16018.063108467282,0,False,0,False,RECOVERY_WAIT|FUNDED_STOP_RISK_BUDGET_0.1|ENTRY_WARNING_CAP_0|RETAIN_ACTUAL_UNITS
2024-04-23,2433951.3133720085,1827257.958725482,3117983.2189688524,0,243395.13133720087,26007.852253495781,26007.852253495781,0,False,0,False,RECOVERY_WAIT|FUNDED_STOP_RISK_BUDGET_0.1|ENTRY_WARNING_CAP_0|RETAIN_ACTUAL_UNITS
2024-04-24,2438278.6748901475,1827257.958725482,3117983.2189688524,0,243827.86748901475,30335.213771634586,30335.213771634586,0,False,0,False,RECOVERY_WAIT|FUNDED_STOP_RISK_BUDGET_0.1|ENTRY_WARNING_CAP_0|RETAIN_ACTUAL_UNITS
2024-04-25,2440989.7600557702,1827257.958725482,3117983.2189688524,0,244098.97600557702,33046.298937257292,33046.298937257292,0,False,0,False,RECOVERY_WAIT|FUNDED_STOP_RISK_BUDGET_0.1|ENTRY_WARNING_CAP_0|RETAIN_ACTUAL_UNITS
2024-04-26,2455792.885703309,1827257.958725482,3117983.2189688524,0.5,245579.28857033091,47849.424584796019,122789.64428516544,0,False,0,False,CONFIRMED_RECOVERY|FUNDED_STOP_RISK_BUDGET_0.1|ENTRY_WARNING_CAP_0.5|CASH_FUNDED_SUPPORT_RISK
2024-04-29,2505722.5979412375,954324.21994838212,3117983.2189688524,0.5,250572.25979412376,144257.36621280372,144257.36621280372,0,False,0,False,RECOVERY_WAIT|FUNDED_STOP_RISK_BUDGET_0.1|ENTRY_WARNING_CAP_0.5|RETAIN_ACTUAL_UNITS
2024-04-30,2488193.8731323592,954324.21994838212,3117983.2189688524,0.5,248819.38731323593,124295.76450554928,124295.76450554928,0,False,0,False,RECOVERY_WAIT|FUNDED_STOP_RISK_BUDGET_0.1|ENTRY_WARNING_CAP_0.5|RETAIN_ACTUAL_UNITS
2024-05-06,2484051.1750587379,954324.21994838212,3117983.2189688524,1,248405.11750587379,119007.84683205566,119007.84683205566,0,False,0,False,CONFIRMED_RECOVERY|FUNDED_STOP_RISK_BUDGET_0.1|ENTRY_WARNING_CAP_1|RETAIN_ACTUAL_UNITS
2024-05-07,2472577.5030708914,954324.21994838212,3117983.2189688524,1,247257.75030708915,103950.74577364088,103950.74577364088,0,False,0,False,TREND_OPEN|FUNDED_STOP_RISK_BUDGET_0.1|ENTRY_WARNING_CAP_1|RETAIN_ACTUAL_UNITS
2024-05-08,2452119.8129669679,954324.21994838212,3117983.2189688524,1,245211.98129669682,82229.092102116687,82229.092102116687,0,False,0,False,TREND_OPEN|FUNDED_STOP_RISK_BUDGET_0.1|ENTRY_WARNING_CAP_1|RETAIN_ACTUAL_UNITS
2024-05-09,2457189.7929831287,954324.21994838212,3117983.2189688524,1,245718.97929831289,84485.279875580061,84485.279875580061,0,False,0,False,TREND_OPEN|FUNDED_STOP_RISK_BUDGET_0.1|ENTRY_WARNING_CAP_1|RETAIN_ACTUAL_UNITS
2024-05-10,2384290.7459324412,954324.21994838212,3117983.2189688524,1,238429.07459324412,32668.007535946854,7033.5011436801005,0,False,0,True,MARKET_WEAK_WARNING|FUNDED_STOP_RISK_BUDGET_0.1|ENTRY_WARNING_CAP_1|PROTECTIVE_INVENTORY_PENDING
2024-05-13,2365293.2731997897,2216667.0913970112,3117983.2189688524,1,236529.32731997897,7418.4765757370269,125683.14023572652,0,False,0,False,MARKET_WEAK_WARNING|FUNDED_STOP_RISK_BUDGET_0.1|ENTRY_WARNING_CAP_1|CASH_FUNDED_SUPPORT_RISK
2024-05-14,2349199.7815985153,1360986.0681599714,3117983.2189688524,1,234919.97815985154,71255.604640073638,71255.604640073638,0,False,0,False,MARKET_WEAK_WARNING|FUNDED_STOP_RISK_BUDGET_0.1|ENTRY_WARNING_CAP_1|RETAIN_ACTUAL_UNITS
2024-05-15,2349148.3088047891,1360986.0681599714,3117983.2189688524,1,234914.83088047893,71204.131846347533,71204.131846347533,0,False,0,False,MARKET_WEAK_WARNING|FUNDED_STOP_RISK_BUDGET_0.1|ENTRY_WARNING_CAP_1|RETAIN_ACTUAL_UNITS
2024-05-16,2343693.419663094,1360986.0681599714,3117983.2189688524,1,234369.34196630941,65749.242704652163,65749.242704652163,0,False,0,False,MARKET_WEAK_WARNING|FUNDED_STOP_RISK_BUDGET_0.1|ENTRY_WARNING_CAP_1|RETAIN_ACTUAL_UNITS
2024-05-17,2357837.2770479997,1360986.0681599714,3117983.2189688524,1,235783.72770479997,79850.752792031752,79850.752792031752,0,False,0,False,TREND_OPEN|FUNDED_STOP_RISK_BUDGET_0.1|ENTRY_WARNING_CAP_1|RETAIN_ACTUAL_UNITS
2024-05-20,2362225.7115012119,1360986.0681599714,3117983.2189688524,1,236222.57115012119,83311.396453986556,83311.396453986556,0,False,0,False,TREND_OPEN|FUNDED_STOP_RISK_BUDGET_0.1|ENTRY_WARNING_CAP_1|RETAIN_ACTUAL_UNITS
2024-05-21,2344295.6200552126,1360986.0681599714,3117983.2189688524,1,234429.56200552126,64194.297425812096,64194.297425812096,0,False,0,False,TREND_OPEN|FUNDED_STOP_RISK_BUDGET_0.1|ENTRY_WARNING_CAP_1|RETAIN_ACTUAL_UNITS
2024-05-22,2339444.9296112955,1360986.0681599714,3117983.2189688524,1,233944.49296112955,59343.606981894773,59343.606981894773,0,False,0,False,TREND_OPEN|FUNDED_STOP_RISK_BUDGET_0.1|ENTRY_WARNING_CAP_1|RETAIN_ACTUAL_UNITS
2024-05-23,2330615.1605499601,1360986.0681599714,3117983.2189688524,1,233061.51605499603,50468.752562085538,50468.752562085538,0,False,0,False,MARKET_WEAK_WARNING|FUNDED_STOP_RISK_BUDGET_0.1|ENTRY_WARNING_CAP_1|RETAIN_ACTUAL_UNITS
2024-05-24,2315971.0492075584,1360986.0681599714,3117983.2189688524,1,231597.10492075584,38198.014620951799,35378.967857142918,0,False,0,True,MARKET_WEAK_WARNING|FUNDED_STOP_RISK_BUDGET_0.1|ENTRY_WARNING_CAP_1|PROTECTIVE_INVENTORY_PENDING
2024-05-27,2347525.6455376176,1502971.4312519033,3117983.2189688524,1,234752.56455376177,65900.53928571436,183276.82156259526,0,False,0,False,TREND_OPEN|FUNDED_STOP_RISK_BUDGET_0.1|ENTRY_WARNING_CAP_1|CASH_FUNDED_SUPPORT_RISK
2024-05-28,2323456.8131255601,779907.7299559674,3117983.2189688524,1,232345.68131255603,115112.92844258324,135445.07328280207,0,False,0,False,MARKET_WEAK_WARNING|FUNDED_STOP_RISK_BUDGET_0.1|ENTRY_WARNING_CAP_1|CASH_FUNDED_SUPPORT_RISK
2024-05-29,2291289.4609349906,582101.50645608245,3117983.2189688524,1,229128.94609349908,81731.92345401652,65592.712025445086,0,False,0,True,MARKET_WEAK_WARNING|FUNDED_STOP_RISK_BUDGET_0.1|ENTRY_WARNING_CAP_1|PROTECTIVE_INVENTORY_PENDING
2024-05-30,2310589.9162963163,1388385.5595118825,3117983.2189688524,1,231058.99162963164,85569.685759542204,190309.76093981031,0,False,0,False,MARKET_WEAK_WARNING|FUNDED_STOP_RISK_BUDGET_0.1|ENTRY_WARNING_CAP_1|CASH_FUNDED_SUPPORT_RISK
2024-05-31,2295806.6020194301,8453.1648384501459,3117983.2189688524,1,229580.66020194301,180990.59746029327,180990.59746029327,0,False,0,False,MARKET_WEAK_WARNING|FUNDED_STOP_RISK_BUDGET_0.1|ENTRY_WARNING_CAP_1|RETAIN_ACTUAL_UNITS
2024-06-03,2323291.3808195083,8453.1648384501459,3117983.2189688524,1,232329.13808195083,198183.43769648479,198183.43769648479,0,False,0,False,TREND_OPEN|FUNDED_STOP_RISK_BUDGET_0.1|ENTRY_WARNING_CAP_1|RETAIN_ACTUAL_UNITS
2024-06-04,2301249.4376830282,8453.1648384501459,3117983.2189688524,1,230124.94376830282,176141.49456000476,176141.49456000476,0,False,0,False,TREND_OPEN|FUNDED_STOP_RISK_BUDGET_0.1|ENTRY_WARNING_CAP_1|RETAIN_ACTUAL_UNITS
2024-06-05,2278605.5898501314,8453.1648384501459,3117983.2189688524,1,227860.55898501317,153497.64672710752,153497.64672710752,0,False,0,False,TREND_OPEN|FUNDED_STOP_RISK_BUDGET_0.1|ENTRY_WARNING_CAP_1|RETAIN_ACTUAL_UNITS
2024-06-06,2269228.6278519663,8453.1648384501459,3117983.2189688524,1,226922.86278519663,144120.68472894284,144120.68472894284,0,False,0,False,TREND_OPEN|FUNDED_STOP_RISK_BUDGET_0.1|ENTRY_WARNING_CAP_1|RETAIN_ACTUAL_UNITS
2024-06-07,2233520.8907485963,8453.1648384501459,3117983.2189688524,1,223352.08907485963,108412.94762557287,108412.94762557287,0,False,0,False,TREND_OPEN|FUNDED_STOP_RISK_BUDGET_0.1|ENTRY_WARNING_CAP_1|RETAIN_ACTUAL_UNITS
2024-06-11,2312041.3970511365,8453.1648384501459,3117983.2189688524,1,231204.13970511366,186422.40963612063,186422.40963612063,0,False,0,False,TREND_OPEN|FUNDED_STOP_RISK_BUDGET_0.1|ENTRY_WARNING_CAP_1|RETAIN_ACTUAL_UNITS
2024-06-12,2384167.89424787,8453.1648384501459,3117983.2189688524,1,238416.78942478701,254939.23065041561,238415.17798819553,0,False,0,True,TREND_OPEN|FUNDED_STOP_RISK_BUDGET_0.1|ENTRY_WARNING_CAP_1|PROTECTIVE_INVENTORY_PENDING
2024-06-13,2397574.6362959663,164645.03160466894,3117983.2189688524,1,239757.46362959663,232624.00954679956,230524.77336931889,0,False,0,True,TREND_OPEN|FUNDED_STOP_RISK_BUDGET_0.1|ENTRY_WARNING_CAP_1|PROTECTIVE_INVENTORY_PENDING
2024-06-14,2405607.6901957137,164645.03160466894,3117983.2189688524,1,240560.76901957137,226924.38708451088,224847.91013629723,0,False,0,True,TREND_OPEN|FUNDED_STOP_RISK_BUDGET_0.1|ENTRY_WARNING_CAP_1|PROTECTIVE_INVENTORY_PENDING
2024-06-17,2474856.8088281234,185661.24476424893,3117983.2189688524,1,247485.68088281236,272978.45402317087,247477.58243644232,0,False,0,True,TREND_OPEN|FUNDED_STOP_RISK_BUDGET_0.1|ENTRY_WARNING_CAP_1|PROTECTIVE_INVENTORY_PENDING
2024-06-18,2460674.5979097974,399959.47833393299,3117983.2189688524,1,246067.45979097974,232471.56527233764,230074.48415885825,0,False,0,True,TREND_OPEN|FUNDED_STOP_RISK_BUDGET_0.1|ENTRY_WARNING_CAP_1|PROTECTIVE_INVENTORY_PENDING
2024-06-19,2452038.9630680112,421856.360123333,3117983.2189688524,1,245203.89630680112,214329.20484442747,212061.05627410027,0,False,0,True,TREND_OPEN|FUNDED_STOP_RISK_BUDGET_0.1|ENTRY_WARNING_CAP_1|PROTECTIVE_INVENTORY_PENDING
2024-06-20,2479033.7635000274,421856.360123333,3117983.2189688524,1,247903.37635000274,229076.61377991561,226650.70657297631,0,False,0,True,TREND_OPEN|FUNDED_STOP_RISK_BUDGET_0.1|ENTRY_WARNING_CAP_1|PROTECTIVE_INVENTORY_PENDING
2024-06-21,2489039.0945568276,443485.64645605296,3117983.2189688524,1,248903.90945568276,227559.87100132997,225130.37324664544,0,False,0,True,TREND_OPEN|FUNDED_STOP_RISK_BUDGET_0.1|ENTRY_WARNING_CAP_1|PROTECTIVE_INVENTORY_PENDING
2024-06-24,2426124.5301723927,443485.64645605296,3117983.2189688524,0,242612.45301723928,162904.5186107234,161068.75525379955,0,False,0,True,CROSS_SECTION_SHOCK|FUNDED_STOP_RISK_BUDGET_0.1|ENTRY_WARNING_CAP_0|PROTECTIVE_INVENTORY_PENDING
2024-06-25,2335374.1103269584,454803.52883945295,3117983.2189688524,0,233537.41103269585,77939.506838941918,56944.454482566834,0,False,0,True,ACCUMULATED_MARKET_SHOCK|FUNDED_STOP_RISK_BUDGET_0.1|ENTRY_WARNING_CAP_0|PROTECTIVE_INVENTORY_PENDING
2024-06-26,2361715.8942742739,1307843.5143218862,3117983.2189688524,0,236171.58942742739,81724.508123855208,77196.320648123918,0,False,0,True,RECOVERY_WAIT|FUNDED_STOP_RISK_BUDGET_0.1|ENTRY_WARNING_CAP_0|PROTECTIVE_INVENTORY_PENDING
2024-06-27,2357219.7332095159,1483557.0315848268,3117983.2189688524,0,235721.9733209516,74234.12632044057,73281.62536726422,0,False,0,True,RECOVERY_WAIT|FUNDED_STOP_RISK_BUDGET_0.1|ENTRY_WARNING_CAP_0|PROTECTIVE_INVENTORY_PENDING
2024-06-28,2374826.5452214153,1483557.0315848268,3117983.2189688524,0,237482.65452214156,91840.938332339923,90657.036921031671,0,False,0,True,RECOVERY_WAIT|FUNDED_STOP_RISK_BUDGET_0.1|ENTRY_WARNING_CAP_0|PROTECTIVE_INVENTORY_PENDING
2024-07-01,2364206.0765293892,1495072.0159949008,3117983.2189688524,0,236420.60765293892,80009.999267348292,78970.121770005513,0,False,0,True,RECOVERY_WAIT|FUNDED_STOP_RISK_BUDGET_0.1|ENTRY_WARNING_CAP_0|PROTECTIVE_INVENTORY_PENDING
2024-07-02,2349644.569813414,1495072.0159949008,3117983.2189688524,0,234964.45698134141,65448.492551372969,64597.619504963179,0,False,0,True,RECOVERY_WAIT|FUNDED_STOP_RISK_BUDGET_0.1|ENTRY_WARNING_CAP_0|PROTECTIVE_INVENTORY_PENDING
2024-07-03,2357573.4379869653,1506228.1429156808,3117983.2189688524,0,235757.34379869653,72479.25055608782,71524.717346191101,0,False,0,True,RECOVERY_WAIT|FUNDED_STOP_RISK_BUDGET_0.1|ENTRY_WARNING_CAP_0|PROTECTIVE_INVENTORY_PENDING
2024-07-04,2357551.513585085,1517418.2185138008,3117983.2189688524,0,235755.1513585085,71524.717346191101,71524.717346191101,0,False,0,False,RECOVERY_WAIT|FUNDED_STOP_RISK_BUDGET_0.1|ENTRY_WARNING_CAP_0|RETAIN_ACTUAL_UNITS
2024-07-05,2376614.604562215,1517418.2185138008,3117983.2189688524,0,237661.46045622151,90587.808323320933,90587.808323320933,0,False,0,False,RECOVERY_WAIT|FUNDED_STOP_RISK_BUDGET_0.1|ENTRY_WARNING_CAP_0|RETAIN_ACTUAL_UNITS
2024-07-08,2410470.6541375974,1517418.2185138008,3117983.2189688524,0,241047.06541375976,99943.97337489629,99943.97337489629,0,False,0,False,RECOVERY_WAIT|FUNDED_STOP_RISK_BUDGET_0.1|ENTRY_WARNING_CAP_0|RETAIN_ACTUAL_UNITS
2024-07-09,2414283.2723330236,1517418.2185138008,3117983.2189688524,0,241428.32723330238,98845.939334613577,98845.939334613577,0,False,0,False,RECOVERY_WAIT|FUNDED_STOP_RISK_BUDGET_0.1|ENTRY_WARNING_CAP_0|RETAIN_ACTUAL_UNITS
2024-07-10,2426788.6600140207,1517418.2185138008,3117983.2189688524,0,242678.86600140209,100424.36326751998,100424.36326751998,0,False,0,False,RECOVERY_WAIT|FUNDED_STOP_RISK_BUDGET_0.1|ENTRY_WARNING_CAP_0|RETAIN_ACTUAL_UNITS
2024-07-11,2451494.4259203812,1517418.2185138008,3117983.2189688524,0.5,245149.44259203813,101247.88879773203,122574.72129601907,0,False,0,False,CONFIRMED_RECOVERY|FUNDED_STOP_RISK_BUDGET_0.1|ENTRY_WARNING_CAP_0.5|CASH_FUNDED_SUPPORT_RISK
2024-07-12,2472244.6387928063,1362242.9034190008,3117983.2189688524,0.5,247224.46387928064,115526.96444260881,115526.96444260881,0,False,0,False,RECOVERY_WAIT|FUNDED_STOP_RISK_BUDGET_0.1|ENTRY_WARNING_CAP_0.5|RETAIN_ACTUAL_UNITS
2024-07-15,2479213.27106742,1362242.9034190008,3117983.2189688524,0.5,247921.32710674201,114153.58810563036,114153.58810563036,0,False,0,False,RECOVERY_WAIT|FUNDED_STOP_RISK_BUDGET_0.1|ENTRY_WARNING_CAP_0.5|RETAIN_ACTUAL_UNITS
2024-07-16,2491192.0768967541,1362242.9034190008,3117983.2189688524,1,249119.20768967542,115342.68444190866,158177.07588183414,0,False,0,False,CONFIRMED_RECOVERY|FUNDED_STOP_RISK_BUDGET_0.1|ENTRY_WARNING_CAP_1|CASH_FUNDED_SUPPORT_RISK
2024-07-17,2449105.4945817827,967178.89672664576,3117983.2189688524,1,244910.54945817828,117937.17416333943,117937.17416333943,0,False,0,False,TREND_OPEN|FUNDED_STOP_RISK_BUDGET_0.1|ENTRY_WARNING_CAP_1|RETAIN_ACTUAL_UNITS
2024-07-18,2439495.7803861592,967178.89672664576,3117983.2189688524,1,243949.57803861593,108711.58940312469,105799.79267823386,0,False,0,True,TREND_OPEN|FUNDED_STOP_RISK_BUDGET_0.1|ENTRY_WARNING_CAP_1|PROTECTIVE_INVENTORY_PENDING
2024-07-19,2437849.0434551211,1110908.1078511707,3117983.2189688524,1,243784.90434551213,103607.43874120388,210032.35558124899,0,False,0,False,TREND_OPEN|FUNDED_STOP_RISK_BUDGET_0.1|ENTRY_WARNING_CAP_1|CASH_FUNDED_SUPPORT_RISK
2024-07-22,2442322.4270199714,35554.588611170882,3117983.2189688524,1,244232.24270199717,217528.32507892419,217528.32507892419,0,False,0,False,TREND_OPEN|FUNDED_STOP_RISK_BUDGET_0.1|ENTRY_WARNING_CAP_1|RETAIN_ACTUAL_UNITS
2024-07-23,2278762.9443592057,35554.588611170882,3117983.2189688524,0,227876.29443592057,69156.61494114653,44418.734780266816,0,False,0,True,CROSS_SECTION_SHOCK|FUNDED_STOP_RISK_BUDGET_0.1|ENTRY_WARNING_CAP_0|PROTECTIVE_INVENTORY_PENDING
2024-07-24,2285443.1987589346,1288421.1154477273,3117983.2189688524,0,228544.31987589347,35126.470387425092,35126.470387425092,0,False,0,False,ACCUMULATED_MARKET_SHOCK|FUNDED_STOP_RISK_BUDGET_0.1|ENTRY_WARNING_CAP_0|RETAIN_ACTUAL_UNITS
2024-07-25,2274912.5089494232,1288421.1154477273,3117983.2189688524,0,227491.25089494232,24595.780577913647,24595.780577913647,0,False,0,False,ACCUMULATED_MARKET_SHOCK|FUNDED_STOP_RISK_BUDGET_0.1|ENTRY_WARNING_CAP_0|RETAIN_ACTUAL_UNITS
2024-07-26,2283813.6916317372,1288421.1154477273,3117983.2189688524,0,228381.36916317372,33496.963260228047,33496.963260228047,0,False,0,False,RECOVERY_WAIT|FUNDED_STOP_RISK_BUDGET_0.1|ENTRY_WARNING_CAP_0|RETAIN_ACTUAL_UNITS
2024-07-29,2292050.8501597187,1288421.1154477273,3117983.2189688524,0,229205.08501597188,41734.121788209559,41734.121788209559,0,False,0,False,RECOVERY_WAIT|FUNDED_STOP_RISK_BUDGET_0.1|ENTRY_WARNING_CAP_0|RETAIN_ACTUAL_UNITS
2024-07-30,2296153.1343524377,1288421.1154477273,3117983.2189688524,0,229615.31343524379,45836.405980928386,45836.405980928386,0,False,0,False,RECOVERY_WAIT|FUNDED_STOP_RISK_BUDGET_0.1|ENTRY_WARNING_CAP_0|RETAIN_ACTUAL_UNITS
2024-07-31,2315951.6459478829,1288421.1154477273,3117983.2189688524,0,231595.16459478831,65634.917576373598,65634.917576373598,0,False,0,False,RECOVERY_WAIT|FUNDED_STOP_RISK_BUDGET_0.1|ENTRY_WARNING_CAP_0|RETAIN_ACTUAL_UNITS
2024-08-01,2323887.3456573328,1288421.1154477273,3117983.2189688524,0,232388.73456573329,73570.617285823711,73570.617285823711,0,False,0,False,RECOVERY_WAIT|FUNDED_STOP_RISK_BUDGET_0.1|ENTRY_WARNING_CAP_0|RETAIN_ACTUAL_UNITS
2024-08-02,2298841.8211123128,1288421.1154477273,3117983.2189688524,0,229884.18211123129,48525.092740803651,48525.092740803651,0,False,0,False,RECOVERY_WAIT|FUNDED_STOP_RISK_BUDGET_0.1|ENTRY_WARNING_CAP_0|RETAIN_ACTUAL_UNITS
2024-08-05,2256201.6933613815,1288421.1154477273,3117983.2189688524,0,225620.16933613818,19355.611558273089,0,0,False,0,True,RECOVERY_WAIT|FUNDED_STOP_RISK_BUDGET_0.1|ENTRY_WARNING_CAP_0|PROTECTIVE_INVENTORY_PENDING
2024-08-06,2271066.4678683993,2271066.4678683993,3117983.2189688524,0,227106.64678683993,0,0,0,False,0,False,RECOVERY_WAIT|FUNDED_STOP_RISK_BUDGET_0.1|ENTRY_WARNING_CAP_0|RETAIN_ACTUAL_UNITS
2024-08-07,2271066.4678683993,2271066.4678683993,3117983.2189688524,0,227106.64678683993,0,0,0,False,0,False,RECOVERY_WAIT|FUNDED_STOP_RISK_BUDGET_0.1|ENTRY_WARNING_CAP_0|RETAIN_ACTUAL_UNITS
2024-08-08,2271066.4678683993,2271066.4678683993,3117983.2189688524,0,227106.64678683993,0,0,0,False,0,False,RECOVERY_WAIT|FUNDED_STOP_RISK_BUDGET_0.1|ENTRY_WARNING_CAP_0|RETAIN_ACTUAL_UNITS
2024-08-09,2271066.4678683993,2271066.4678683993,3117983.2189688524,0,227106.64678683993,0,0,0,False,0,False,RECOVERY_WAIT|FUNDED_STOP_RISK_BUDGET_0.1|ENTRY_WARNING_CAP_0|RETAIN_ACTUAL_UNITS
2024-08-12,2271066.4678683993,2271066.4678683993,3117983.2189688524,0,227106.64678683993,0,0,0,False,0,False,RECOVERY_WAIT|FUNDED_STOP_RISK_BUDGET_0.1|ENTRY_WARNING_CAP_0|RETAIN_ACTUAL_UNITS
2024-08-13,2271066.4678683993,2271066.4678683993,3117983.2189688524,0,227106.64678683993,0,0,0,False,0,False,RECOVERY_WAIT|FUNDED_STOP_RISK_BUDGET_0.1|ENTRY_WARNING_CAP_0|RETAIN_ACTUAL_UNITS
2024-08-14,2271066.4678683993,2271066.4678683993,3117983.2189688524,0,227106.64678683993,0,0,0,False,0,False,RECOVERY_WAIT|FUNDED_STOP_RISK_BUDGET_0.1|ENTRY_WARNING_CAP_0|RETAIN_ACTUAL_UNITS
2024-08-15,2271066.4678683993,2271066.4678683993,3117983.2189688524,0,227106.64678683993,0,0,0,False,0,False,RECOVERY_WAIT|FUNDED_STOP_RISK_BUDGET_0.1|ENTRY_WARNING_CAP_0|RETAIN_ACTUAL_UNITS
2024-08-16,2271066.4678683993,2271066.4678683993,3117983.2189688524,0,227106.64678683993,0,0,0,False,0,False,RECOVERY_WAIT|FUNDED_STOP_RISK_BUDGET_0.1|ENTRY_WARNING_CAP_0|RETAIN_ACTUAL_UNITS
2024-08-19,2271066.4678683993,2271066.4678683993,3117983.2189688524,0,227106.64678683993,0,0,0,False,0,False,RECOVERY_WAIT|FUNDED_STOP_RISK_BUDGET_0.1|ENTRY_WARNING_CAP_0|RETAIN_ACTUAL_UNITS
2024-08-20,2271066.4678683993,2271066.4678683993,3117983.2189688524,0,227106.64678683993,0,0,0,False,0,False,RECOVERY_WAIT|FUNDED_STOP_RISK_BUDGET_0.1|ENTRY_WARNING_CAP_0|RETAIN_ACTUAL_UNITS
2024-08-21,2271066.4678683993,2271066.4678683993,3117983.2189688524,0,227106.64678683993,0,0,0,False,0,False,RECOVERY_WAIT|FUNDED_STOP_RISK_BUDGET_0.1|ENTRY_WARNING_CAP_0|RETAIN_ACTUAL_UNITS
2024-08-22,2271066.4678683993,2271066.4678683993,3117983.2189688524,0,227106.64678683993,0,0,0,False,0,False,RECOVERY_WAIT|FUNDED_STOP_RISK_BUDGET_0.1|ENTRY_WARNING_CAP_0|RETAIN_ACTUAL_UNITS
2024-08-23,2271066.4678683993,2271066.4678683993,3117983.2189688524,0,227106.64678683993,0,0,0,False,0,False,RECOVERY_WAIT|FUNDED_STOP_RISK_BUDGET_0.1|ENTRY_WARNING_CAP_0|RETAIN_ACTUAL_UNITS
2024-08-26,2271066.4678683993,2271066.4678683993,3117983.2189688524,0,227106.64678683993,0,0,0,False,0,False,RECOVERY_WAIT|FUNDED_STOP_RISK_BUDGET_0.1|ENTRY_WARNING_CAP_0|RETAIN_ACTUAL_UNITS
2024-08-27,2271066.4678683993,2271066.4678683993,3117983.2189688524,0,227106.64678683993,0,0,0,False,0,False,RECOVERY_WAIT|FUNDED_STOP_RISK_BUDGET_0.1|ENTRY_WARNING_CAP_0|RETAIN_ACTUAL_UNITS
2024-08-28,2271066.4678683993,2271066.4678683993,3117983.2189688524,0,227106.64678683993,0,0,0,False,0,False,RECOVERY_WAIT|FUNDED_STOP_RISK_BUDGET_0.1|ENTRY_WARNING_CAP_0|RETAIN_ACTUAL_UNITS
2024-08-29,2271066.4678683993,2271066.4678683993,3117983.2189688524,0,227106.64678683993,0,0,0,False,0,False,RECOVERY_WAIT|FUNDED_STOP_RISK_BUDGET_0.1|ENTRY_WARNING_CAP_0|RETAIN_ACTUAL_UNITS
2024-08-30,2271066.4678683993,2271066.4678683993,3117983.2189688524,0,227106.64678683993,0,0,0,False,0,False,RECOVERY_WAIT|FUNDED_STOP_RISK_BUDGET_0.1|ENTRY_WARNING_CAP_0|RETAIN_ACTUAL_UNITS
2024-09-02,2271066.4678683993,2271066.4678683993,3117983.2189688524,0,227106.64678683993,0,0,0,False,0,False,CROSS_SECTION_SHOCK|FUNDED_STOP_RISK_BUDGET_0.1|ENTRY_WARNING_CAP_0|RETAIN_ACTUAL_UNITS
2024-09-03,2271066.4678683993,2271066.4678683993,3117983.2189688524,0,227106.64678683993,0,0,0,False,0,False,RECOVERY_WAIT|FUNDED_STOP_RISK_BUDGET_0.1|ENTRY_WARNING_CAP_0|RETAIN_ACTUAL_UNITS
2024-09-04,2271066.4678683993,2271066.4678683993,3117983.2189688524,0,227106.64678683993,0,0,0,False,0,False,RECOVERY_WAIT|FUNDED_STOP_RISK_BUDGET_0.1|ENTRY_WARNING_CAP_0|RETAIN_ACTUAL_UNITS
2024-09-05,2271066.4678683993,2271066.4678683993,3117983.2189688524,0,227106.64678683993,0,0,0,False,0,False,RECOVERY_WAIT|FUNDED_STOP_RISK_BUDGET_0.1|ENTRY_WARNING_CAP_0|RETAIN_ACTUAL_UNITS
2024-09-06,2271066.4678683993,2271066.4678683993,3117983.2189688524,0,227106.64678683993,0,0,0,False,0,False,RECOVERY_WAIT|FUNDED_STOP_RISK_BUDGET_0.1|ENTRY_WARNING_CAP_0|RETAIN_ACTUAL_UNITS
2024-09-09,2271066.4678683993,2271066.4678683993,3117983.2189688524,0,227106.64678683993,0,0,0,False,0,False,RECOVERY_WAIT|FUNDED_STOP_RISK_BUDGET_0.1|ENTRY_WARNING_CAP_0|RETAIN_ACTUAL_UNITS
2024-09-10,2271066.4678683993,2271066.4678683993,3117983.2189688524,0,227106.64678683993,0,0,0,False,0,False,RECOVERY_WAIT|FUNDED_STOP_RISK_BUDGET_0.1|ENTRY_WARNING_CAP_0|RETAIN_ACTUAL_UNITS
2024-09-11,2271066.4678683993,2271066.4678683993,3117983.2189688524,0,227106.64678683993,0,0,0,False,0,False,RECOVERY_WAIT|FUNDED_STOP_RISK_BUDGET_0.1|ENTRY_WARNING_CAP_0|RETAIN_ACTUAL_UNITS
2024-09-12,2271066.4678683993,2271066.4678683993,3117983.2189688524,0,227106.64678683993,0,0,0,False,0,False,RECOVERY_WAIT|FUNDED_STOP_RISK_BUDGET_0.1|ENTRY_WARNING_CAP_0|RETAIN_ACTUAL_UNITS
2024-09-13,2271066.4678683993,2271066.4678683993,3117983.2189688524,0,227106.64678683993,0,0,0,False,0,False,RECOVERY_WAIT|FUNDED_STOP_RISK_BUDGET_0.1|ENTRY_WARNING_CAP_0|RETAIN_ACTUAL_UNITS
2024-09-18,2271066.4678683993,2271066.4678683993,3117983.2189688524,0,227106.64678683993,0,0,0,False,0,False,RECOVERY_WAIT|FUNDED_STOP_RISK_BUDGET_0.1|ENTRY_WARNING_CAP_0|RETAIN_ACTUAL_UNITS
2024-09-19,2271066.4678683993,2271066.4678683993,3117983.2189688524,0,227106.64678683993,0,0,0,False,0,False,RECOVERY_WAIT|FUNDED_STOP_RISK_BUDGET_0.1|ENTRY_WARNING_CAP_0|RETAIN_ACTUAL_UNITS
2024-09-20,2271066.4678683993,2271066.4678683993,3117983.2189688524,0,227106.64678683993,0,0,0,False,0,False,RECOVERY_WAIT|FUNDED_STOP_RISK_BUDGET_0.1|ENTRY_WARNING_CAP_0|RETAIN_ACTUAL_UNITS
2024-09-23,2271066.4678683993,2271066.4678683993,3117983.2189688524,0,227106.64678683993,0,0,0,False,0,False,RECOVERY_WAIT|FUNDED_STOP_RISK_BUDGET_0.1|ENTRY_WARNING_CAP_0|RETAIN_ACTUAL_UNITS
2024-09-24,2271066.4678683993,2271066.4678683993,3117983.2189688524,0,227106.64678683993,0,0,0,False,0,False,RECOVERY_WAIT|FUNDED_STOP_RISK_BUDGET_0.1|ENTRY_WARNING_CAP_0|RETAIN_ACTUAL_UNITS
2024-09-25,2271066.4678683993,2271066.4678683993,3117983.2189688524,0,227106.64678683993,0,0,0,False,0,False,RECOVERY_WAIT|FUNDED_STOP_RISK_BUDGET_0.1|ENTRY_WARNING_CAP_0|RETAIN_ACTUAL_UNITS
2024-09-26,2271066.4678683993,2271066.4678683993,3117983.2189688524,0.5,227106.64678683993,0,113553.32339341997,0,False,0,False,CONFIRMED_RECOVERY|FUNDED_STOP_RISK_BUDGET_0.1|ENTRY_WARNING_CAP_0.5|CASH_FUNDED_SUPPORT_RISK
2024-09-27,2333952.7832694384,959213.77332600951,3117983.2189688524,0.5,233395.27832694387,148102.73028787872,148102.73028787872,0,False,0,False,RECOVERY_WAIT|FUNDED_STOP_RISK_BUDGET_0.1|ENTRY_WARNING_CAP_0.5|RETAIN_ACTUAL_UNITS
2024-09-30,2590558.3657959113,959213.77332600951,3117983.2189688524,0.5,259055.83657959115,180796.08901390393,180796.08901390393,0,False,0,False,RECOVERY_WAIT|FUNDED_STOP_RISK_BUDGET_0.1|ENTRY_WARNING_CAP_0.5|RETAIN_ACTUAL_UNITS
2024-10-08,2910764.4075510767,959213.77332600951,3117983.2189688524,1,291076.44075510767,218827.11417895573,272137.84283986787,0,False,0,False,CONFIRMED_RECOVERY|FUNDED_STOP_RISK_BUDGET_0.1|ENTRY_WARNING_CAP_1|CASH_FUNDED_SUPPORT_RISK
2024-10-09,2925643.3570303065,487475.2083803615,3117983.2189688524,1,292564.33570303064,245269.15551841402,245269.15551841402,0,False,0,False,TREND_OPEN|FUNDED_STOP_RISK_BUDGET_0.1|ENTRY_WARNING_CAP_1|RETAIN_ACTUAL_UNITS
2024-10-10,2882518.8807209819,487475.2083803615,3117983.2189688524,1,288251.8880720982,244787.67250279032,230742.20818265801,0,False,0,True,TREND_OPEN|FUNDED_STOP_RISK_BUDGET_0.1|ENTRY_WARNING_CAP_1|PROTECTIVE_INVENTORY_PENDING
2024-10-11,2779719.9985467335,1181941.9817509979,3117983.2189688524,1,277971.99985467334,135749.76864438868,251010.67202860286,0,False,0,False,TREND_OPEN|FUNDED_STOP_RISK_BUDGET_0.1|ENTRY_WARNING_CAP_1|CASH_FUNDED_SUPPORT_RISK
2024-10-14,2841369.2394718286,689929.87903566472,3117983.2189688524,1,284136.92394718289,258560.84782480181,258560.84782480181,0,False,0,False,TREND_OPEN|FUNDED_STOP_RISK_BUDGET_0.1|ENTRY_WARNING_CAP_1|RETAIN_ACTUAL_UNITS
2024-10-15,2720819.1778219375,689929.87903566472,3117983.2189688524,1,272081.91778219375,138010.78617491081,138010.78617491081,0,False,0,False,TREND_OPEN|FUNDED_STOP_RISK_BUDGET_0.1|ENTRY_WARNING_CAP_1|RETAIN_ACTUAL_UNITS
2024-10-16,2656749.5537362853,689929.87903566472,3117983.2189688524,1,265674.95537362853,98800.152180813486,98800.152180813486,0,False,0,False,MARKET_WEAK_WARNING|FUNDED_STOP_RISK_BUDGET_0.1|ENTRY_WARNING_CAP_1|RETAIN_ACTUAL_UNITS
2024-10-17,2713923.2445659759,689929.87903566472,3117983.2189688524,1,271392.32445659762,131114.85291894875,131114.85291894875,0,False,0,False,MARKET_WEAK_WARNING|FUNDED_STOP_RISK_BUDGET_0.1|ENTRY_WARNING_CAP_1|RETAIN_ACTUAL_UNITS
2024-10-18,3036948.1768951537,689929.87903566472,3117983.2189688524,1,303694.81768951536,395118.64354940358,303645.37247798179,0,False,0,True,TREND_OPEN|FUNDED_STOP_RISK_BUDGET_0.1|ENTRY_WARNING_CAP_1|PROTECTIVE_INVENTORY_PENDING
2024-10-21,3052543.5223917128,1249489.7440906246,3117983.2189688524,1,305254.35223917128,299826.758234095,274896.67013392027,0,False,0,True,TREND_OPEN|FUNDED_STOP_RISK_BUDGET_0.1|ENTRY_WARNING_CAP_1|PROTECTIVE_INVENTORY_PENDING
2024-10-22,2994816.4908212787,1249489.7440906246,3117983.2189688524,1,299481.6490821279,242099.72666366067,222421.84228113719,0,False,0,True,TREND_OPEN|FUNDED_STOP_RISK_BUDGET_0.1|ENTRY_WARNING_CAP_1|PROTECTIVE_INVENTORY_PENDING
2024-10-23,2961780.8378946334,1249489.7440906246,3117983.2189688524,1,296178.08378946333,209064.07373701551,190407.3061542862,0,False,0,True,TREND_OPEN|FUNDED_STOP_RISK_BUDGET_0.1|ENTRY_WARNING_CAP_1|PROTECTIVE_INVENTORY_PENDING
2024-10-24,2956625.2863038452,1249489.7440906246,3117983.2189688524,1,295662.52863038454,203908.52214622725,184165.29884276452,0,False,0,True,TREND_OPEN|FUNDED_STOP_RISK_BUDGET_0.1|ENTRY_WARNING_CAP_1|PROTECTIVE_INVENTORY_PENDING
2024-10-25,2936777.7228295058,1360498.1095656645,3117983.2189688524,1,293677.77228295058,163531.56727413979,144900.88069771376,0,False,0,True,TREND_OPEN|FUNDED_STOP_RISK_BUDGET_0.1|ENTRY_WARNING_CAP_1|PROTECTIVE_INVENTORY_PENDING
2024-10-28,2952117.3194339266,1445350.5706471845,3117983.2189688524,1,295211.73194339266,161525.14188617418,140201.70098878877,0,False,0,True,TREND_OPEN|FUNDED_STOP_RISK_BUDGET_0.1|ENTRY_WARNING_CAP_1|PROTECTIVE_INVENTORY_PENDING
2024-10-29,2989576.0623154314,1470096.2902662754,3117983.2189688524,1,298957.60623154318,196989.6319710192,175019.54684276611,0,False,0,True,TREND_OPEN|FUNDED_STOP_RISK_BUDGET_0.1|ENTRY_WARNING_CAP_1|PROTECTIVE_INVENTORY_PENDING
2024-10-30,2984929.0298788752,1470096.2902662754,3117983.2189688524,1,298492.90298788756,192342.59953446296,168279.53248911304,0,False,0,True,TREND_OPEN|FUNDED_STOP_RISK_BUDGET_0.1|ENTRY_WARNING_CAP_1|PROTECTIVE_INVENTORY_PENDING
2024-10-31,3025611.8822176252,1590689.7635188354,3117983.2189688524,1,302561.18822176254,202887.20795651677,176609.85426398207,0,False,0,True,TREND_OPEN|FUNDED_STOP_RISK_BUDGET_0.1|ENTRY_WARNING_CAP_1|PROTECTIVE_INVENTORY_PENDING
2024-11-01,2960795.9825324556,1590689.7635188354,3117983.2189688524,1,296079.59825324558,138071.30827134737,121245.83934301899,0,False,0,True,MARKET_WEAK_WARNING|FUNDED_STOP_RISK_BUDGET_0.1|ENTRY_WARNING_CAP_1|PROTECTIVE_INVENTORY_PENDING
2024-11-04,2966092.9854117921,1590689.7635188354,3117983.2189688524,1,296609.29854117922,143368.31115068344,126431.28382532878,0,False,0,True,TREND_OPEN|FUNDED_STOP_RISK_BUDGET_0.1|ENTRY_WARNING_CAP_1|PROTECTIVE_INVENTORY_PENDING
2024-11-05,3024302.2692377781,1615446.1343668355,3117983.2189688524,1,302430.22692377784,196300.01373799104,172975.14004776883,0,False,0,True,TREND_OPEN|FUNDED_STOP_RISK_BUDGET_0.1|ENTRY_WARNING_CAP_1|PROTECTIVE_INVENTORY_PENDING
2024-11-06,3065998.8354297299,1730133.0170424755,3117983.2189688524,1,306599.88354297302,212364.40790339376,185641.01279431878,0,False,0,True,TREND_OPEN|FUNDED_STOP_RISK_BUDGET_0.1|ENTRY_WARNING_CAP_1|PROTECTIVE_INVENTORY_PENDING
2024-11-07,3149116.6615895526,1730133.0170424755,3149116.6615895526,1,314911.66615895531,259446.94022242841,232321.5818088894,0,False,0,True,TREND_OPEN|FUNDED_STOP_RISK_BUDGET_0.1|ENTRY_WARNING_CAP_1|PROTECTIVE_INVENTORY_PENDING
2024-11-08,3105026.8194789612,1857320.7589491119,3149116.6615895526,1,310502.68194789614,185203.96517695941,173328.91180580526,0,False,0,True,TREND_OPEN|FUNDED_STOP_RISK_BUDGET_0.1|ENTRY_WARNING_CAP_1|PROTECTIVE_INVENTORY_PENDING
2024-11-11,3121641.4869283126,1907900.545738871,3149116.6615895526,1,312164.14869283128,195428.04098478719,190927.88126904654,0,False,0,True,TREND_OPEN|FUNDED_STOP_RISK_BUDGET_0.1|ENTRY_WARNING_CAP_1|PROTECTIVE_INVENTORY_PENDING
2024-11-12,3038521.6536660958,1935052.694410871,3149116.6615895526,1,303852.16536660958,108489.83194110128,105945.18960499538,0,False,0,True,TREND_OPEN|FUNDED_STOP_RISK_BUDGET_0.1|ENTRY_WARNING_CAP_1|PROTECTIVE_INVENTORY_PENDING
2024-11-13,3056484.962589561,1935052.694410871,3149116.6615895526,1,305648.49625895609,126453.14086456673,123472.48794559584,0,False,0,True,TREND_OPEN|FUNDED_STOP_RISK_BUDGET_0.1|ENTRY_WARNING_CAP_1|PROTECTIVE_INVENTORY_PENDING
2024-11-14,3015916.7211240716,1960967.0245404709,3149116.6615895526,1,301591.67211240716,83307.704618921634,81306.645002638601,0,False,0,True,TREND_OPEN|FUNDED_STOP_RISK_BUDGET_0.1|ENTRY_WARNING_CAP_1|PROTECTIVE_INVENTORY_PENDING
2024-11-15,2975820.7638222743,1960967.0245404709,3149116.6615895526,1,297582.07638222742,20297.074785636061,0,0,False,0,True,MARKET_WEAK_WARNING|FUNDED_STOP_RISK_BUDGET_0.1|ENTRY_WARNING_CAP_1|PROTECTIVE_INVENTORY_PENDING
2024-11-18,2982374.0214653704,2982374.0214653704,3149116.6615895526,1,298237.40214653703,0,298237.40214653703,0,False,0,False,MARKET_WEAK_WARNING|FUNDED_STOP_RISK_BUDGET_0.1|ENTRY_WARNING_CAP_1|CASH_FUNDED_SUPPORT_RISK
2024-11-19,2997274.5401050705,1303105.3701050705,3149116.6615895526,1,299727.45401050703,185121.53527544896,185121.53527544896,0,False,0,False,MARKET_WEAK_WARNING|FUNDED_STOP_RISK_BUDGET_0.1|ENTRY_WARNING_CAP_1|RETAIN_ACTUAL_UNITS
2024-11-20,3102022.0205696588,1303105.3701050705,3149116.6615895526,1,310202.20205696591,289257.4622400371,289257.4622400371,0,False,0,False,MARKET_WEAK_WARNING|FUNDED_STOP_RISK_BUDGET_0.1|ENTRY_WARNING_CAP_1|RETAIN_ACTUAL_UNITS
2024-11-21,3149199.6125580957,1303105.3701050705,3149199.6125580957,1,314919.96125580958,326212.88622847397,314884.70785135764,0,False,0,True,MARKET_WEAK_WARNING|FUNDED_STOP_RISK_BUDGET_0.1|ENTRY_WARNING_CAP_1|PROTECTIVE_INVENTORY_PENDING
2024-11-22,3175956.9162333496,1366951.9207507637,3175956.9162333496,1,317595.69162333501,338026.36186085269,317248.50361020426,0,False,0,True,MARKET_WEAK_WARNING|FUNDED_STOP_RISK_BUDGET_0.1|ENTRY_WARNING_CAP_1|PROTECTIVE_INVENTORY_PENDING
2024-11-25,3292161.7140656793,1481693.9761932089,3292161.7140656793,1,329216.17140656797,334218.04536907648,326806.55152485543,0,False,0,True,MARKET_WEAK_WARNING|FUNDED_STOP_RISK_BUDGET_0.1|ENTRY_WARNING_CAP_1|PROTECTIVE_INVENTORY_PENDING
2024-11-26,3181200.4590118127,1501237.423397989,3292161.7140656793,1,318120.04590118129,219532.24311042973,217832.02915531665,0,False,0,True,MARKET_WEAK_WARNING|FUNDED_STOP_RISK_BUDGET_0.1|ENTRY_WARNING_CAP_1|PROTECTIVE_INVENTORY_PENDING
2024-11-27,3053752.6865147413,1501237.423397989,3292161.7140656793,1,305375.26865147415,121447.284162335,101922.01349999996,0,False,0,True,MARKET_WEAK_WARNING|FUNDED_STOP_RISK_BUDGET_0.1|ENTRY_WARNING_CAP_1|PROTECTIVE_INVENTORY_PENDING
2024-11-28,3117336.6342069227,2515537.684206923,3292161.7140656793,1,311733.66342069226,127469.2334999999,283336.06521034602,0,False,0,False,MARKET_WEAK_WARNING|FUNDED_STOP_RISK_BUDGET_0.1|ENTRY_WARNING_CAP_1|CASH_FUNDED_SUPPORT_RISK
2024-11-29,3145758.4784807153,1831757.0274477231,3292161.7140656793,1,314575.84784807154,288385.69786331157,288385.69786331157,0,False,0,False,TREND_OPEN|FUNDED_STOP_RISK_BUDGET_0.1|ENTRY_WARNING_CAP_1|RETAIN_ACTUAL_UNITS
2024-12-02,3151821.1913953237,1831757.0274477231,3292161.7140656793,1,315182.11913953238,294448.41077791993,294448.41077791993,0,False,0,False,TREND_OPEN|FUNDED_STOP_RISK_BUDGET_0.1|ENTRY_WARNING_CAP_1|RETAIN_ACTUAL_UNITS
2024-12-03,3150161.6181931356,1831757.0274477231,3292161.7140656793,1,315016.16181931359,286824.54557458533,286824.54557458533,0,False,0,False,TREND_OPEN|FUNDED_STOP_RISK_BUDGET_0.1|ENTRY_WARNING_CAP_1|RETAIN_ACTUAL_UNITS
2024-12-04,3105461.0643443353,1831757.0274477231,3292161.7140656793,1,310546.10643443355,237473.31822578516,237473.31822578516,0,False,0,False,TREND_OPEN|FUNDED_STOP_RISK_BUDGET_0.1|ENTRY_WARNING_CAP_1|RETAIN_ACTUAL_UNITS
2024-12-05,3126637.2551329737,1831757.0274477231,3292161.7140656793,1,312663.72551329737,220448.61901442328,312663.72551329737,0,False,0,False,TREND_OPEN|FUNDED_STOP_RISK_BUDGET_0.1|ENTRY_WARNING_CAP_1|CASH_FUNDED_SUPPORT_RISK
2024-12-06,3109168.033550268,1420767.7260050031,3292161.7140656793,1,310916.80335502682,236765.13805150246,236765.13805150246,0,False,0,False,TREND_OPEN|FUNDED_STOP_RISK_BUDGET_0.1|ENTRY_WARNING_CAP_1|RETAIN_ACTUAL_UNITS
2024-12-09,3050854.9306116514,1420767.7260050031,3292161.7140656793,1,305085.49306116515,189950.68291288626,178691.91511288626,0,False,0,True,MARKET_WEAK_WARNING|FUNDED_STOP_RISK_BUDGET_0.1|ENTRY_WARNING_CAP_1|PROTECTIVE_INVENTORY_PENDING
2024-12-10,3068070.7729859557,2002052.0052476153,3292161.7140656793,1,306807.07729859557,177561.8682445781,306807.07729859557,0,False,0,False,MARKET_WEAK_WARNING|FUNDED_STOP_RISK_BUDGET_0.1|ENTRY_WARNING_CAP_1|CASH_FUNDED_SUPPORT_RISK
2024-12-11,3067966.5214232234,1083462.8011350352,3292161.7140656793,1,306796.65214232233,289041.15383573563,289041.15383573563,0,False,0,False,MARKET_WEAK_WARNING|FUNDED_STOP_RISK_BUDGET_0.1|ENTRY_WARNING_CAP_1|RETAIN_ACTUAL_UNITS
2024-12-12,3140060.6555601954,1083462.8011350352,3292161.7140656793,1,314006.06555601954,348364.57506567577,313452.58970720321,0,False,0,True,MARKET_WEAK_WARNING|FUNDED_STOP_RISK_BUDGET_0.1|ENTRY_WARNING_CAP_1|PROTECTIVE_INVENTORY_PENDING
2024-12-13,3122346.7391100521,1172208.431127778,3292161.7140656793,1,312234.6739110052,320616.26866705227,298251.73494572425,0,False,0,True,MARKET_WEAK_WARNING|FUNDED_STOP_RISK_BUDGET_0.1|ENTRY_WARNING_CAP_1|PROTECTIVE_INVENTORY_PENDING
2024-12-16,3073890.3085269658,1286806.4703757779,3292161.7140656793,1,307389.03085269657,249487.17548732951,226076.90127768336,0,False,0,True,MARKET_WEAK_WARNING|FUNDED_STOP_RISK_BUDGET_0.1|ENTRY_WARNING_CAP_1|PROTECTIVE_INVENTORY_PENDING
2024-12-17,3054684.8126520375,1286806.4703757779,3292161.7140656793,1,305468.48126520374,209616.1427133145,187660.05395395777,0,False,0,True,MARKET_WEAK_WARNING|FUNDED_STOP_RISK_BUDGET_0.1|ENTRY_WARNING_CAP_1|PROTECTIVE_INVENTORY_PENDING
2024-12-18,3139593.101123679,1291765.9651914979,3292161.7140656793,1,313959.31011236791,230408.31296576705,205989.07193066293,0,False,0,True,MARKET_WEAK_WARNING|FUNDED_STOP_RISK_BUDGET_0.1|ENTRY_WARNING_CAP_1|PROTECTIVE_INVENTORY_PENDING
2024-12-19,3161136.4466917804,1412752.7453034979,3292161.7140656793,1,316113.64466917806,207156.3228504624,167963.63998359867,0,False,0,True,TREND_OPEN|FUNDED_STOP_RISK_BUDGET_0.1|ENTRY_WARNING_CAP_1|PROTECTIVE_INVENTORY_PENDING
2024-12-20,3223703.7610393902,2155122.5283064647,3292161.7140656793,1,322370.37610393902,195679.18287347737,170799.33540663205,0,False,0,True,TREND_OPEN|FUNDED_STOP_RISK_BUDGET_0.1|ENTRY_WARNING_CAP_1|PROTECTIVE_INVENTORY_PENDING
2024-12-23,3185849.1876556748,2290749.4574925867,3292161.7140656793,1,318584.91876556748,133183.78283679445,292476.24221957824,0,False,0,False,TREND_OPEN|FUNDED_STOP_RISK_BUDGET_0.1|ENTRY_WARNING_CAP_1|CASH_FUNDED_SUPPORT_RISK
2024-12-24,3169019.3024294269,1581339.6419841927,3292161.7140656793,1,316901.9302429427,268377.11132327502,268377.11132327502,0,False,0,False,TREND_OPEN|FUNDED_STOP_RISK_BUDGET_0.1|ENTRY_WARNING_CAP_1|RETAIN_ACTUAL_UNITS
2024-12-25,3177085.5948234405,1581339.6419841927,3292161.7140656793,1,317708.55948234408,276443.40371728863,276443.40371728863,0,False,0,False,TREND_OPEN|FUNDED_STOP_RISK_BUDGET_0.1|ENTRY_WARNING_CAP_1|RETAIN_ACTUAL_UNITS
2024-12-26,3263226.3026446933,1581339.6419841927,3292161.7140656793,1,326322.63026446936,304825.84839986823,304825.84839986823,0,False,0,False,TREND_OPEN|FUNDED_STOP_RISK_BUDGET_0.1|ENTRY_WARNING_CAP_1|RETAIN_ACTUAL_UNITS
2024-12-27,3237664.6275106054,1581339.6419841927,3292161.7140656793,1,323766.46275106055,273161.30485582596,273161.30485582596,0,False,0,False,TREND_OPEN|FUNDED_STOP_RISK_BUDGET_0.1|ENTRY_WARNING_CAP_1|RETAIN_ACTUAL_UNITS
2024-12-30,3307176.1071566129,1581339.6419841927,3307176.1071566129,1,330717.61071566131,331825.47293701489,304142.71504396776,0,False,0,True,TREND_OPEN|FUNDED_STOP_RISK_BUDGET_0.1|ENTRY_WARNING_CAP_1|PROTECTIVE_INVENTORY_PENDING
2024-12-31,3239677.7554777004,1717898.9779521925,3307176.1071566129,0,323967.77554777008,239742.19897954274,218275.81430525627,0,False,0,True,CROSS_SECTION_SHOCK|FUNDED_STOP_RISK_BUDGET_0.1|ENTRY_WARNING_CAP_0|PROTECTIVE_INVENTORY_PENDING
2025-01-02,3178128.1853330731,1717898.9779521925,3307176.1071566129,0,317812.81853330735,175354.46112597,157994.88127294043,0,False,0,True,ACCUMULATED_MARKET_SHOCK|FUNDED_STOP_RISK_BUDGET_0.1|ENTRY_WARNING_CAP_0|PROTECTIVE_INVENTORY_PENDING
2025-01-03,3123496.1071268772,1717898.9779521925,3307176.1071566129,0,312349.61071268772,120722.38291977401,108920.13471932229,0,False,0,True,ACCUMULATED_MARKET_SHOCK|FUNDED_STOP_RISK_BUDGET_0.1|ENTRY_WARNING_CAP_0|PROTECTIVE_INVENTORY_PENDING
2025-01-06,3140258.9782248614,1859450.6735382127,3307176.1071566129,0,314025.89782248618,124768.28472817736,107561.31968635203,0,False,0,True,RECOVERY_WAIT|FUNDED_STOP_RISK_BUDGET_0.1|ENTRY_WARNING_CAP_0|PROTECTIVE_INVENTORY_PENDING
2025-01-07,3249630.6851325906,1875790.9631869127,3307176.1071566129,0,324963.06851325906,206198.43975015893,179490.89345776918,0,False,0,True,RECOVERY_WAIT|FUNDED_STOP_RISK_BUDGET_0.1|ENTRY_WARNING_CAP_0|PROTECTIVE_INVENTORY_PENDING
2025-01-08,3253480.8815699806,2015744.3177389128,3307176.1071566129,0,325348.0881569981,182877.64307755866,156304.31546372129,0,False,0,True,RECOVERY_WAIT|FUNDED_STOP_RISK_BUDGET_0.1|ENTRY_WARNING_CAP_0|PROTECTIVE_INVENTORY_PENDING
2025-01-09,3214748.5508467481,2032813.5054599128,3307176.1071566129,0,321474.85508467484,141387.26176587577,118476.69110975796,0,False,0,True,RECOVERY_WAIT|FUNDED_STOP_RISK_BUDGET_0.1|ENTRY_WARNING_CAP_0|PROTECTIVE_INVENTORY_PENDING
2025-01-10,3191608.9638682632,2176560.1748999129,3307176.1071566129,0,319160.89638682635,95574.436908001735,70036.200450827455,0,False,0,True,RECOVERY_WAIT|FUNDED_STOP_RISK_BUDGET_0.1|ENTRY_WARNING_CAP_0|PROTECTIVE_INVENTORY_PENDING
2025-01-13,3187524.6344918273,2176560.1748999129,3307176.1071566129,0,318752.46344918275,81915.011730194805,58764.429529957961,0,False,0,True,RECOVERY_WAIT|FUNDED_STOP_RISK_BUDGET_0.1|ENTRY_WARNING_CAP_0|PROTECTIVE_INVENTORY_PENDING
2025-01-14,3192121.6156430165,2192410.2057082029,3307176.1071566129,0,319212.1615643017,72614.622187614237,54320.47003123039,0,False,0,True,RECOVERY_WAIT|FUNDED_STOP_RISK_BUDGET_0.1|ENTRY_WARNING_CAP_0|PROTECTIVE_INVENTORY_PENDING
2025-01-15,3195282.5870414819,2208580.7519702031,3307176.1071566129,0.5,319528.25870414823,75201.765461452611,56369.815083200854,0,False,0,True,CONFIRMED_RECOVERY|FUNDED_STOP_RISK_BUDGET_0.1|ENTRY_WARNING_CAP_0.5|PROTECTIVE_INVENTORY_PENDING
2025-01-16,3195610.9097428606,2362209.075859203,3307176.1071566129,0.5,319561.09097428608,67513.554641389812,61199.057581593406,0,False,0,True,RECOVERY_WAIT|FUNDED_STOP_RISK_BUDGET_0.1|ENTRY_WARNING_CAP_0.5|PROTECTIVE_INVENTORY_PENDING
2025-01-17,3207285.8267057254,2598293.1177684264,3307176.1071566129,0.5,320728.58267057256,79762.771714676754,160364.29133528628,0,False,0,False,RECOVERY_WAIT|FUNDED_STOP_RISK_BUDGET_0.1|ENTRY_WARNING_CAP_0.5|CASH_FUNDED_SUPPORT_RISK
2025-01-20,3245792.9699594527,1980711.8844854124,3307176.1071566129,1,324579.29699594527,201087.01548911509,324579.29699594527,0,False,0,False,CONFIRMED_RECOVERY|FUNDED_STOP_RISK_BUDGET_0.1|ENTRY_WARNING_CAP_1|CASH_FUNDED_SUPPORT_RISK
2025-01-21,3259982.8738524094,1235619.0557051124,3307176.1071566129,1,325998.28738524095,336601.47720785672,324954.3070875156,0,False,0,True,TREND_OPEN|FUNDED_STOP_RISK_BUDGET_0.1|ENTRY_WARNING_CAP_1|PROTECTIVE_INVENTORY_PENDING
2025-01-22,3551327.5283002192,1300853.7100396235,3551327.5283002192,1,355132.75283002196,493765.6159795759,353754.33623282495,0,False,0,True,TREND_OPEN|FUNDED_STOP_RISK_BUDGET_0.1|ENTRY_WARNING_CAP_1|PROTECTIVE_INVENTORY_PENDING
2025-01-23,3460484.4864534489,1909728.6651201034,3551327.5283002192,1,346048.44864534494,295374.39395867242,289445.09850321652,0,False,0,True,TREND_OPEN|FUNDED_STOP_RISK_BUDGET_0.1|ENTRY_WARNING_CAP_1|PROTECTIVE_INVENTORY_PENDING
2025-01-24,3537254.1702676117,1931087.0244210635,3551327.5283002192,1,353725.41702676122,351343.13414272608,342652.57719102124,0,False,0,True,TREND_OPEN|FUNDED_STOP_RISK_BUDGET_0.1|ENTRY_WARNING_CAP_1|PROTECTIVE_INVENTORY_PENDING
2025-01-27,3410777.5467697647,1943996.5006774035,3551327.5283002192,1,341077.75467697647,223151.37356982549,218481.73156047479,0,False,0,True,MARKET_WEAK_WARNING|FUNDED_STOP_RISK_BUDGET_0.1|ENTRY_WARNING_CAP_1|PROTECTIVE_INVENTORY_PENDING
2025-02-05,3261511.9120861585,1957369.2765303836,3551327.5283002192,1,326151.1912086159,71704.008258613292,68597.377669140871,0,False,0,True,MARKET_WEAK_WARNING|FUNDED_STOP_RISK_BUDGET_0.1|ENTRY_WARNING_CAP_1|PROTECTIVE_INVENTORY_PENDING
2025-02-06,3423463.4383422751,1976135.8981183837,3551327.5283002192,1,342346.34383422753,229213.14175666546,220915.04534421104,0,False,0,True,TREND_OPEN|FUNDED_STOP_RISK_BUDGET_0.1|ENTRY_WARNING_CAP_1|PROTECTIVE_INVENTORY_PENDING
2025-02-07,3478451.2329514436,1990059.8407328837,3551327.5283002192,1,347845.12329514441,281765.35947635438,275363.914503009,0,False,0,True,TREND_OPEN|FUNDED_STOP_RISK_BUDGET_0.1|ENTRY_WARNING_CAP_1|PROTECTIVE_INVENTORY_PENDING
2025-02-10,3445291.3990876568,2010885.1394680038,3551327.5283002192,1,344529.13990876568,244806.33980356212,239282.14003970425,0,False,0,True,TREND_OPEN|FUNDED_STOP_RISK_BUDGET_0.1|ENTRY_WARNING_CAP_1|PROTECTIVE_INVENTORY_PENDING
2025-02-11,3519883.8992945738,2010885.1394680038,3551327.5283002192,1,351988.38992945739,319277.83966560388,312644.71330159967,0,False,0,True,TREND_OPEN|FUNDED_STOP_RISK_BUDGET_0.1|ENTRY_WARNING_CAP_1|PROTECTIVE_INVENTORY_PENDING
2025-02-12,3556829.4575673109,2032459.1187731237,3556829.4575673109,1,355682.94575673109,351390.07413744996,342189.47224689438,0,False,0,True,TREND_OPEN|FUNDED_STOP_RISK_BUDGET_0.1|ENTRY_WARNING_CAP_1|PROTECTIVE_INVENTORY_PENDING
2025-02-13,3484333.3915805528,2045921.7587720037,3556829.4575673109,1,348433.33915805531,276556.18194660125,271166.02871440531,0,False,0,True,TREND_OPEN|FUNDED_STOP_RISK_BUDGET_0.1|ENTRY_WARNING_CAP_1|PROTECTIVE_INVENTORY_PENDING
2025-02-14,3426862.6078301622,2045921.7587720037,3556829.4575673109,1,342686.26078301622,217898.15133725305,213614.80373353348,0,False,0,True,MARKET_WEAK_WARNING|FUNDED_STOP_RISK_BUDGET_0.1|ENTRY_WARNING_CAP_1|PROTECTIVE_INVENTORY_PENDING
2025-02-17,3443801.2900972823,2045921.7587720037,3556829.4575673109,1,344380.12900972826,234836.83360437353,229281.23168586355,0,False,0,True,TREND_OPEN|FUNDED_STOP_RISK_BUDGET_0.1|ENTRY_WARNING_CAP_1|PROTECTIVE_INVENTORY_PENDING
2025-02-18,3408655.4877755297,2079195.2980808436,3556829.4575673109,1,340865.54877755302,195221.32983845906,191583.15802454206,0,False,0,True,TREND_OPEN|FUNDED_STOP_RISK_BUDGET_0.1|ENTRY_WARNING_CAP_1|PROTECTIVE_INVENTORY_PENDING
2025-02-19,3447860.239982442,2079195.2980808436,3556829.4575673109,1,344786.0239982442,231026.03093938058,226533.49651742712,0,False,0,True,TREND_OPEN|FUNDED_STOP_RISK_BUDGET_0.1|ENTRY_WARNING_CAP_1|PROTECTIVE_INVENTORY_PENDING
2025-02-20,3502686.9413521895,2112452.8680350236,3556829.4575673109,1,350268.69413521898,281965.85672875197,276427.24920858996,0,False,0,True,TREND_OPEN|FUNDED_STOP_RISK_BUDGET_0.1|ENTRY_WARNING_CAP_1|PROTECTIVE_INVENTORY_PENDING
2025-02-21,3497286.3971116436,2138089.6872333437,3556829.4575673109,1,349728.6397111644,253890.72261953924,248362.85864603339,0,False,0,True,TREND_OPEN|FUNDED_STOP_RISK_BUDGET_0.1|ENTRY_WARNING_CAP_1|PROTECTIVE_INVENTORY_PENDING
2025-02-24,3345509.4227199508,2151943.7355121439,3556829.4575673109,1,334550.94227199513,75527.662555843926,1969.7410067849107,0,False,0,True,TREND_OPEN|FUNDED_STOP_RISK_BUDGET_0.1|ENTRY_WARNING_CAP_1|PROTECTIVE_INVENTORY_PENDING
2025-02-25,3309602.0469381311,3282199.1542008808,3556829.4575673109,1,330960.20469381311,2727.9901312265251,1364.1390533073138,0,False,0,True,TREND_OPEN|FUNDED_STOP_RISK_BUDGET_0.1|ENTRY_WARNING_CAP_1|PROTECTIVE_INVENTORY_PENDING
2025-02-26,3309553.1775694578,3295873.4741878808,3556829.4575673109,1,330955.31775694579,1340.9496976339456,166818.60857610684,0,False,0,False,TREND_OPEN|FUNDED_STOP_RISK_BUDGET_0.1|ENTRY_WARNING_CAP_1|CASH_FUNDED_SUPPORT_RISK
2025-02-27,3317424.67784278,2367935.1826243978,3556829.4575673109,1,331742.46778427804,166656.50693302471,323847.67154571635,0,False,0,False,TREND_OPEN|FUNDED_STOP_RISK_BUDGET_0.1|ENTRY_WARNING_CAP_1|CASH_FUNDED_SUPPORT_RISK
2025-02-28,3194954.6869355487,1496358.1514995978,3556829.4575673109,1,319495.46869355487,184565.96172101959,184565.96172101959,0,False,0,False,MARKET_WEAK_WARNING|FUNDED_STOP_RISK_BUDGET_0.1|ENTRY_WARNING_CAP_1|RETAIN_ACTUAL_UNITS
2025-03-03,3097430.4413022809,1496358.1514995978,3556829.4575673109,1,309743.04413022811,87041.716087751935,87041.716087751935,0,False,0,False,MARKET_WEAK_WARNING|FUNDED_STOP_RISK_BUDGET_0.1|ENTRY_WARNING_CAP_1|RETAIN_ACTUAL_UNITS
2025-03-04,3080681.4903924512,1496358.1514995978,3556829.4575673109,1,308068.14903924515,70292.765177921916,70292.765177921916,0,False,0,False,MARKET_WEAK_WARNING|FUNDED_STOP_RISK_BUDGET_0.1|ENTRY_WARNING_CAP_1|RETAIN_ACTUAL_UNITS
2025-03-05,3140158.4867593702,1496358.1514995978,3556829.4575673109,1,314015.84867593704,129769.76154484088,129769.76154484088,0,False,0,False,MARKET_WEAK_WARNING|FUNDED_STOP_RISK_BUDGET_0.1|ENTRY_WARNING_CAP_1|RETAIN_ACTUAL_UNITS
2025-03-06,3286397.1701444071,1496358.1514995978,3556829.4575673109,1,328639.71701444074,276008.44492987799,276008.44492987799,0,False,0,False,TREND_OPEN|FUNDED_STOP_RISK_BUDGET_0.1|ENTRY_WARNING_CAP_1|RETAIN_ACTUAL_UNITS
2025-03-07,3228678.1750474353,1496358.1514995978,3556829.4575673109,1,322867.81750474358,218289.44983290639,218289.44983290639,0,False,0,False,MARKET_WEAK_WARNING|FUNDED_STOP_RISK_BUDGET_0.1|ENTRY_WARNING_CAP_1|RETAIN_ACTUAL_UNITS
2025-03-10,3295055.5284374789,1496358.1514995978,3556829.4575673109,1,329505.55284374789,284666.80322294991,284666.80322294991,0,False,0,False,TREND_OPEN|FUNDED_STOP_RISK_BUDGET_0.1|ENTRY_WARNING_CAP_1|RETAIN_ACTUAL_UNITS
2025-03-11,3324471.653367633,1496358.1514995978,3556829.4575673109,1,332447.16533676331,314082.92815310432,313608.05047822796,0,False,0,True,MARKET_WEAK_WARNING|FUNDED_STOP_RISK_BUDGET_0.1|ENTRY_WARNING_CAP_1|PROTECTIVE_INVENTORY_PENDING
2025-03-12,3283232.4442126709,1509269.2528335096,3556829.4575673109,1,328323.24442126713,272271.37134817318,272271.37134817318,0,False,0,False,MARKET_WEAK_WARNING|FUNDED_STOP_RISK_BUDGET_0.1|ENTRY_WARNING_CAP_1|RETAIN_ACTUAL_UNITS
2025-03-13,3209725.6254268941,1509269.2528335096,3556829.4575673109,1,320972.56254268944,198764.55256239668,198764.55256239668,0,False,0,False,MARKET_WEAK_WARNING|FUNDED_STOP_RISK_BUDGET_0.1|ENTRY_WARNING_CAP_1|RETAIN_ACTUAL_UNITS
2025-03-14,3246491.0105152512,1509269.2528335096,3556829.4575673109,1,324649.10105152515,235529.93765075345,324649.10105152515,0,False,0,False,MARKET_WEAK_WARNING|FUNDED_STOP_RISK_BUDGET_0.1|ENTRY_WARNING_CAP_1|CASH_FUNDED_SUPPORT_RISK
2025-03-17,3230019.2238049968,924275.57665299613,3556829.4575673109,1,323001.92238049972,311540.66554736684,311540.66554736684,0,False,0,False,MARKET_WEAK_WARNING|FUNDED_STOP_RISK_BUDGET_0.1|ENTRY_WARNING_CAP_1|RETAIN_ACTUAL_UNITS
2025-03-18,3215964.5038521094,924275.57665299613,3556829.4575673109,1,321596.45038521098,295963.34910995682,295963.34910995682,0,False,0,False,MARKET_WEAK_WARNING|FUNDED_STOP_RISK_BUDGET_0.1|ENTRY_WARNING_CAP_1|RETAIN_ACTUAL_UNITS
2025-03-19,3101705.5547777675,924275.57665299613,3556829.4575673109,0.5,310170.55547777674,180884.54039010307,180884.54039010307,0,False,0,False,PORTFOLIO_WARNING|FUNDED_STOP_RISK_BUDGET_0.1|ENTRY_WARNING_CAP_0.5|RETAIN_ACTUAL_UNITS
2025-03-20,3095425.3045930979,924275.57665299613,3556829.4575673109,0.5,309542.53045930981,174604.29020543315,174604.29020543315,0,False,0,False,RECOVERY_WAIT|FUNDED_STOP_RISK_BUDGET_0.1|ENTRY_WARNING_CAP_0.5|RETAIN_ACTUAL_UNITS
2025-03-21,3049439.1329348497,924275.57665299613,3556829.4575673109,0.5,304943.91329348501,90599.556410894613,59205.578686624038,0,False,0,True,RECOVERY_WAIT|FUNDED_STOP_RISK_BUDGET_0.1|ENTRY_WARNING_CAP_0.5|PROTECTIVE_INVENTORY_PENDING
2025-03-24,3042375.3173425207,2477345.6180765545,3556829.4575673109,0.5,304237.53173425206,68770.607884265206,144829.99081782822,0,False,0,False,RECOVERY_WAIT|FUNDED_STOP_RISK_BUDGET_0.1|ENTRY_WARNING_CAP_0.5|CASH_FUNDED_SUPPORT_RISK
2025-03-25,3003285.6806864198,1513383.7045259187,3556829.4575673109,0.5,300328.56806864199,100847.50832762555,100847.50832762555,0,False,0,False,RECOVERY_WAIT|FUNDED_STOP_RISK_BUDGET_0.1|ENTRY_WARNING_CAP_0.5|RETAIN_ACTUAL_UNITS
2025-03-26,3027785.3765784311,1513383.7045259187,3556829.4575673109,0.5,302778.53765784315,124424.86211843591,151389.26882892157,0,False,0,False,RECOVERY_WAIT|FUNDED_STOP_RISK_BUDGET_0.1|ENTRY_WARNING_CAP_0.5|CASH_FUNDED_SUPPORT_RISK
2025-03-27,3116961.3970399229,1183959.0663833187,3556829.4575673109,0.5,311696.13970399229,226482.19165489427,226482.19165489427,0,False,0,False,RECOVERY_WAIT|FUNDED_STOP_RISK_BUDGET_0.1|ENTRY_WARNING_CAP_0.5|RETAIN_ACTUAL_UNITS
2025-03-28,3063301.6304192729,1183959.0663833187,3556829.4575673109,0.5,306330.16304192733,171254.53558636847,171254.53558636847,0,False,0,False,RECOVERY_WAIT|FUNDED_STOP_RISK_BUDGET_0.1|ENTRY_WARNING_CAP_0.5|RETAIN_ACTUAL_UNITS
2025-03-31,3093487.209140297,1183959.0663833187,3556829.4575673109,0.5,309348.72091402969,201440.11430739303,201440.11430739303,0,False,0,False,RECOVERY_WAIT|FUNDED_STOP_RISK_BUDGET_0.1|ENTRY_WARNING_CAP_0.5|RETAIN_ACTUAL_UNITS
2025-04-01,3067548.1622206466,1183959.0663833187,3556829.4575673109,0.5,306754.81622206466,174443.09333008452,174443.09333008452,0,False,0,False,RECOVERY_WAIT|FUNDED_STOP_RISK_BUDGET_0.1|ENTRY_WARNING_CAP_0.5|RETAIN_ACTUAL_UNITS
2025-04-02,3036756.7338396395,1183959.0663833187,3556829.4575673109,0.5,303675.67338396393,143651.66494907788,143651.66494907788,0,False,0,False,RECOVERY_WAIT|FUNDED_STOP_RISK_BUDGET_0.1|ENTRY_WARNING_CAP_0.5|RETAIN_ACTUAL_UNITS
2025-04-03,2993767.6206491878,1183959.0663833187,3556829.4575673109,0.5,299376.76206491882,74554.121347292792,63768.867710581078,0,False,0,True,RECOVERY_WAIT|FUNDED_STOP_RISK_BUDGET_0.1|ENTRY_WARNING_CAP_0.5|PROTECTIVE_INVENTORY_PENDING
2025-04-07,2874693.4329542308,1679403.5773007851,3556829.4575673109,0,287469.34329542308,23905.797113068915,0,0,False,0,True,CROSS_SECTION_SHOCK|FUNDED_STOP_RISK_BUDGET_0.1|ENTRY_WARNING_CAP_0|PROTECTIVE_INVENTORY_PENDING
2025-04-08,2888328.7831659457,2888328.7831659457,3556829.4575673109,0,288832.87831659458,0,0,0,False,0,False,ACCUMULATED_MARKET_SHOCK|FUNDED_STOP_RISK_BUDGET_0.1|ENTRY_WARNING_CAP_0|RETAIN_ACTUAL_UNITS
2025-04-09,2888328.7831659457,2888328.7831659457,3556829.4575673109,0,288832.87831659458,0,0,0,False,0,False,ACCUMULATED_MARKET_SHOCK|FUNDED_STOP_RISK_BUDGET_0.1|ENTRY_WARNING_CAP_0|RETAIN_ACTUAL_UNITS
2025-04-10,2888328.7831659457,2888328.7831659457,3556829.4575673109,0,288832.87831659458,0,0,0,False,0,False,RECOVERY_WAIT|FUNDED_STOP_RISK_BUDGET_0.1|ENTRY_WARNING_CAP_0|RETAIN_ACTUAL_UNITS
2025-04-11,2888328.7831659457,2888328.7831659457,3556829.4575673109,0,288832.87831659458,0,0,0,False,0,False,RECOVERY_WAIT|FUNDED_STOP_RISK_BUDGET_0.1|ENTRY_WARNING_CAP_0|RETAIN_ACTUAL_UNITS
2025-04-14,2888328.7831659457,2888328.7831659457,3556829.4575673109,0,288832.87831659458,0,0,0,False,0,False,RECOVERY_WAIT|FUNDED_STOP_RISK_BUDGET_0.1|ENTRY_WARNING_CAP_0|RETAIN_ACTUAL_UNITS
2025-04-15,2888328.7831659457,2888328.7831659457,3556829.4575673109,0.5,288832.87831659458,0,144416.43915829729,0,False,0,False,CONFIRMED_RECOVERY|FUNDED_STOP_RISK_BUDGET_0.1|ENTRY_WARNING_CAP_0.5|CASH_FUNDED_SUPPORT_RISK
2025-04-16,2926336.5808921382,1576957.794934642,3556829.4575673109,0.5,292633.65808921383,161957.20245136402,161957.20245136402,0,False,0,False,RECOVERY_WAIT|FUNDED_STOP_RISK_BUDGET_0.1|ENTRY_WARNING_CAP_0.5|RETAIN_ACTUAL_UNITS
2025-04-17,2911365.2656353246,1576957.794934642,3556829.4575673109,0.5,291136.52656353248,146982.7948272542,146982.7948272542,0,False,0,False,RECOVERY_WAIT|FUNDED_STOP_RISK_BUDGET_0.1|ENTRY_WARNING_CAP_0.5|RETAIN_ACTUAL_UNITS
2025-04-18,2876895.7509308588,1576957.794934642,3556829.4575673109,1,287689.57509308588,112513.28012278813,112513.28012278813,0,False,0,False,CONFIRMED_RECOVERY|FUNDED_STOP_RISK_BUDGET_0.1|ENTRY_WARNING_CAP_1|RETAIN_ACTUAL_UNITS
2025-04-21,2888429.3845428508,1576957.794934642,3556829.4575673109,1,288842.93845428509,123534.35385535374,123534.35385535374,0,False,0,False,TREND_OPEN|FUNDED_STOP_RISK_BUDGET_0.1|ENTRY_WARNING_CAP_1|RETAIN_ACTUAL_UNITS
2025-04-22,2915900.0874292301,1576957.794934642,3556829.4575673109,1,291590.00874292303,150769.73399994889,150769.73399994889,0,False,0,False,TREND_OPEN|FUNDED_STOP_RISK_BUDGET_0.1|ENTRY_WARNING_CAP_1|RETAIN_ACTUAL_UNITS
2025-04-23,2893122.1370673296,1576957.794934642,3556829.4575673109,1,289312.21370673296,124740.05120612346,124740.05120612346,0,False,0,False,TREND_OPEN|FUNDED_STOP_RISK_BUDGET_0.1|ENTRY_WARNING_CAP_1|RETAIN_ACTUAL_UNITS
2025-04-24,2871447.0427922215,1576957.794934642,3556829.4575673109,1,287144.70427922218,102808.24121270547,102808.24121270547,0,False,0,False,MARKET_WEAK_WARNING|FUNDED_STOP_RISK_BUDGET_0.1|ENTRY_WARNING_CAP_1|RETAIN_ACTUAL_UNITS
2025-04-25,2866596.2805799721,1576957.794934642,3556829.4575673109,1,286659.62805799721,89485.860296230472,89485.860296230472,0,False,0,False,TREND_OPEN|FUNDED_STOP_RISK_BUDGET_0.1|ENTRY_WARNING_CAP_1|RETAIN_ACTUAL_UNITS
2025-04-28,2870996.1151373293,1576957.794934642,3556829.4575673109,1,287099.61151373293,92285.39477755093,92285.39477755093,0,False,0,False,TREND_OPEN|FUNDED_STOP_RISK_BUDGET_0.1|ENTRY_WARNING_CAP_1|RETAIN_ACTUAL_UNITS
2025-04-29,2874761.2790058739,1576957.794934642,3556829.4575673109,1,287476.12790058739,95655.508723943276,95655.508723943276,0,False,0,False,TREND_OPEN|FUNDED_STOP_RISK_BUDGET_0.1|ENTRY_WARNING_CAP_1|RETAIN_ACTUAL_UNITS
2025-04-30,2871151.5145683074,1576957.794934642,3556829.4575673109,1,287115.15145683073,77219.131585119176,77219.131585119176,0,False,0,False,TREND_OPEN|FUNDED_STOP_RISK_BUDGET_0.1|ENTRY_WARNING_CAP_1|RETAIN_ACTUAL_UNITS
2025-05-06,2902254.4818298621,1576957.794934642,3556829.4575673109,1,290225.44818298623,108322.09884667379,108322.09884667379,0,False,0,False,TREND_OPEN|FUNDED_STOP_RISK_BUDGET_0.1|ENTRY_WARNING_CAP_1|RETAIN_ACTUAL_UNITS
2025-05-07,2882247.9685097616,1576957.794934642,3556829.4575673109,1,288224.79685097618,84859.865072521497,84859.865072521497,0,False,0,False,TREND_OPEN|FUNDED_STOP_RISK_BUDGET_0.1|ENTRY_WARNING_CAP_1|RETAIN_ACTUAL_UNITS
2025-05-08,2882860.6741636866,1576957.794934642,3556829.4575673109,1,288286.06741636869,85472.570726446618,85472.570726446618,0,False,0,False,TREND_OPEN|FUNDED_STOP_RISK_BUDGET_0.1|ENTRY_WARNING_CAP_1|RETAIN_ACTUAL_UNITS
2025-05-09,2854336.7279139538,1576957.794934642,3556829.4575673109,1,285433.67279139539,45310.845246666693,26527.290892018791,0,False,0,True,TREND_OPEN|FUNDED_STOP_RISK_BUDGET_0.1|ENTRY_WARNING_CAP_1|PROTECTIVE_INVENTORY_PENDING
2025-05-12,2858090.4231499988,2416967.2471875576,3556829.4575673109,1,285809.04231499991,13434.789258215964,156339.31041571591,0,False,0,False,TREND_OPEN|FUNDED_STOP_RISK_BUDGET_0.1|ENTRY_WARNING_CAP_1|CASH_FUNDED_SUPPORT_RISK
2025-05-13,2805844.3435451579,1323864.3873185378,3556829.4575673109,1,280584.4343545158,118121.46233996647,118121.46233996647,0,False,0,False,MARKET_WEAK_WARNING|FUNDED_STOP_RISK_BUDGET_0.1|ENTRY_WARNING_CAP_1|RETAIN_ACTUAL_UNITS
2025-05-14,2809214.4615152981,1323864.3873185378,3556829.4575673109,1,280921.44615152985,118975.76627067001,118975.76627067001,0,False,0,False,TREND_OPEN|FUNDED_STOP_RISK_BUDGET_0.1|ENTRY_WARNING_CAP_1|RETAIN_ACTUAL_UNITS
2025-05-15,2787551.9002809338,1323864.3873185378,3556829.4575673109,1,278755.19002809341,118865.34530747939,110576.85048231507,0,False,0,True,MARKET_WEAK_WARNING|FUNDED_STOP_RISK_BUDGET_0.1|ENTRY_WARNING_CAP_1|PROTECTIVE_INVENTORY_PENDING
2025-05-16,2790005.3198703416,1739610.1687449394,3556829.4575673109,1,279000.53198703419,70773.713826366555,210273.97981988365,0,False,0,False,MARKET_WEAK_WARNING|FUNDED_STOP_RISK_BUDGET_0.1|ENTRY_WARNING_CAP_1|CASH_FUNDED_SUPPORT_RISK
2025-05-19,2767234.0178791899,687936.05414983537,3556829.4575673109,1,276723.40178791899,170606.74055840922,170606.74055840922,0,False,0,False,MARKET_WEAK_WARNING|FUNDED_STOP_RISK_BUDGET_0.1|ENTRY_WARNING_CAP_1|RETAIN_ACTUAL_UNITS
2025-05-20,2764060.9909449453,687936.05414983537,3556829.4575673109,1,276406.09909449454,167433.71362416499,167433.71362416499,0,False,0,False,MARKET_WEAK_WARNING|FUNDED_STOP_RISK_BUDGET_0.1|ENTRY_WARNING_CAP_1|RETAIN_ACTUAL_UNITS
2025-05-21,2765460.977946464,687936.05414983537,3556829.4575673109,1,276546.0977946464,168833.70062568347,168833.70062568347,0,False,0,False,MARKET_WEAK_WARNING|FUNDED_STOP_RISK_BUDGET_0.1|ENTRY_WARNING_CAP_1|RETAIN_ACTUAL_UNITS
2025-05-22,2720496.405655982,687936.05414983537,3556829.4575673109,1,272049.64056559821,122170.55920336867,122170.55920336867,0,False,0,False,MARKET_WEAK_WARNING|FUNDED_STOP_RISK_BUDGET_0.1|ENTRY_WARNING_CAP_1|RETAIN_ACTUAL_UNITS
2025-05-23,2655192.7617478706,687936.05414983537,3556829.4575673109,1,265519.27617478708,82223.155295257136,62528.812401366464,0,False,0,True,MARKET_WEAK_WARNING|FUNDED_STOP_RISK_BUDGET_0.1|ENTRY_WARNING_CAP_1|PROTECTIVE_INVENTORY_PENDING
2025-05-26,2682783.1119127055,1663008.1339963945,3556829.4575673109,1,268278.31119127054,99764.227414176014,233903.38300981128,0,False,0,False,MARKET_WEAK_WARNING|FUNDED_STOP_RISK_BUDGET_0.1|ENTRY_WARNING_CAP_1|CASH_FUNDED_SUPPORT_RISK
2025-05-27,2656862.5120868012,888868.82517431537,3556829.4575673109,1,265686.25120868016,206411.10423257013,206411.10423257013,0,False,0,False,MARKET_WEAK_WARNING|FUNDED_STOP_RISK_BUDGET_0.1|ENTRY_WARNING_CAP_1|RETAIN_ACTUAL_UNITS
2025-05-28,2771082.5382871968,888868.82517431537,3556829.4575673109,1,277108.25382871967,278902.29530383716,272724.8843257206,0,False,0,True,MARKET_WEAK_WARNING|FUNDED_STOP_RISK_BUDGET_0.1|ENTRY_WARNING_CAP_1|PROTECTIVE_INVENTORY_PENDING
2025-05-29,2779659.3358172085,931867.24376545916,3556829.4575673109,1,277965.93358172086,256750.15740840035,251634.10217679956,0,False,0,True,TREND_OPEN|FUNDED_STOP_RISK_BUDGET_0.1|ENTRY_WARNING_CAP_1|PROTECTIVE_INVENTORY_PENDING
2025-05-30,2717181.6291756681,959077.29040153918,3556829.4575673109,1,271718.16291756683,191198.13820308377,189863.33221315389,0,False,0,True,MARKET_WEAK_WARNING|FUNDED_STOP_RISK_BUDGET_0.1|ENTRY_WARNING_CAP_1|PROTECTIVE_INVENTORY_PENDING
2025-06-03,2645114.4381703944,959077.29040153918,3556829.4575673109,1,264511.44381703943,117649.52049206101,116790.5631617273,0,False,0,True,MARKET_WEAK_WARNING|FUNDED_STOP_RISK_BUDGET_0.1|ENTRY_WARNING_CAP_1|PROTECTIVE_INVENTORY_PENDING
2025-06-04,2763104.4303492745,969772.11470669915,3556829.4575673109,1,276310.44303492748,216469.57630775007,214372.70925465866,0,False,0,True,TREND_OPEN|FUNDED_STOP_RISK_BUDGET_0.1|ENTRY_WARNING_CAP_1|PROTECTIVE_INVENTORY_PENDING
2025-06-05,2919424.1275143167,969772.11470669915,3556829.4575673109,1,291942.41275143169,294823.79149869893,288648.13895883935,0,False,0,True,TREND_OPEN|FUNDED_STOP_RISK_BUDGET_0.1|ENTRY_WARNING_CAP_1|PROTECTIVE_INVENTORY_PENDING
2025-06-06,2888444.7247328442,983591.8648364807,3556829.4575673109,1,288844.4724732844,254383.84891838412,248916.4954292078,0,False,0,True,TREND_OPEN|FUNDED_STOP_RISK_BUDGET_0.1|ENTRY_WARNING_CAP_1|PROTECTIVE_INVENTORY_PENDING
2025-06-09,2905368.4588429877,1025497.8362745183,3556829.4575673109,1,290536.84588429879,256946.43387705836,251348.18450944676,0,False,0,True,TREND_OPEN|FUNDED_STOP_RISK_BUDGET_0.1|ENTRY_WARNING_CAP_1|PROTECTIVE_INVENTORY_PENDING
2025-06-10,2898475.8397157346,1025497.8362745183,3556829.4575673109,1,289847.58397157345,250053.81474980543,245131.01826607742,0,False,0,True,TREND_OPEN|FUNDED_STOP_RISK_BUDGET_0.1|ENTRY_WARNING_CAP_1|PROTECTIVE_INVENTORY_PENDING
2025-06-11,2903265.4091615523,1066613.5235254182,3556829.4575673109,1,290326.54091615527,250209.03386627266,244922.2889795088,0,False,0,True,TREND_OPEN|FUNDED_STOP_RISK_BUDGET_0.1|ENTRY_WARNING_CAP_1|PROTECTIVE_INVENTORY_PENDING
2025-06-12,2965842.4662257694,1095776.1290880581,3556829.4575673109,1,296584.24662257696,305104.54755790893,295200.74534464924,0,False,0,True,MARKET_WEAK_WARNING|FUNDED_STOP_RISK_BUDGET_0.1|ENTRY_WARNING_CAP_1|PROTECTIVE_INVENTORY_PENDING
2025-06-13,2947303.8334930958,1124871.6528716262,3556829.4575673109,1,294730.38334930962,281191.43010063737,275066.38088991627,0,False,0,True,MARKET_WEAK_WARNING|FUNDED_STOP_RISK_BUDGET_0.1|ENTRY_WARNING_CAP_1|PROTECTIVE_INVENTORY_PENDING
2025-06-16,3047623.3533400809,1124871.6528716262,3556829.4575673109,1,304762.33533400809,320277.14323406375,304736.46942758723,0,False,0,True,TREND_OPEN|FUNDED_STOP_RISK_BUDGET_0.1|ENTRY_WARNING_CAP_1|PROTECTIVE_INVENTORY_PENDING
2025-06-17,3058355.3694012705,1220425.4146188677,3556829.4575673109,1,305835.53694012709,301927.00883276761,295030.41878625687,0,False,0,True,MARKET_WEAK_WARNING|FUNDED_STOP_RISK_BUDGET_0.1|ENTRY_WARNING_CAP_1|PROTECTIVE_INVENTORY_PENDING
2025-06-18,3215385.413000837,1220425.4146188677,3556829.4575673109,1,321538.54130008374,334018.31831526454,321527.21938017814,0,False,0,True,TREND_OPEN|FUNDED_STOP_RISK_BUDGET_0.1|ENTRY_WARNING_CAP_1|PROTECTIVE_INVENTORY_PENDING
2025-06-19,3174562.9647920029,1296232.1174054956,3556829.4575673109,1,317456.2964792003,282108.08145171584,275522.46291268611,0,False,0,True,TREND_OPEN|FUNDED_STOP_RISK_BUDGET_0.1|ENTRY_WARNING_CAP_1|PROTECTIVE_INVENTORY_PENDING
2025-06-20,3080978.9915205589,1329227.9674865357,3556829.4575673109,1,308097.89915205591,184867.5657404309,117109.41759385316,0,False,0,True,TREND_OPEN|FUNDED_STOP_RISK_BUDGET_0.1|ENTRY_WARNING_CAP_1|PROTECTIVE_INVENTORY_PENDING
2025-06-23,3077848.3150568311,2108361.8480108795,3556829.4575673109,1,307784.83150568313,115351.84022895758,248272.65852671175,0,False,0,False,TREND_OPEN|FUNDED_STOP_RISK_BUDGET_0.1|ENTRY_WARNING_CAP_1|CASH_FUNDED_SUPPORT_RISK
2025-06-24,3062317.8939481853,1136182.1910023196,3556829.4575673109,1,306231.78939481854,206421.43449271386,206421.43449271386,0,False,0,False,TREND_OPEN|FUNDED_STOP_RISK_BUDGET_0.1|ENTRY_WARNING_CAP_1|RETAIN_ACTUAL_UNITS
2025-06-25,3067955.6411905009,1136182.1910023196,3556829.4575673109,1,306795.5641190501,208721.81618073257,208721.81618073257,0,False,0,False,TREND_OPEN|FUNDED_STOP_RISK_BUDGET_0.1|ENTRY_WARNING_CAP_1|RETAIN_ACTUAL_UNITS
2025-06-26,3088965.2718760953,1136182.1910023196,3556829.4575673109,1,308896.52718760952,224910.80773234178,264511.69856517675,0,False,0,False,TREND_OPEN|FUNDED_STOP_RISK_BUDGET_0.1|ENTRY_WARNING_CAP_1|CASH_FUNDED_SUPPORT_RISK
2025-06-27,3186191.2216764726,773956.26674211957,3556829.4575673109,1,318619.12216764729,326259.14064465067,316341.25496010424,0,False,0,True,TREND_OPEN|FUNDED_STOP_RISK_BUDGET_0.1|ENTRY_WARNING_CAP_1|PROTECTIVE_INVENTORY_PENDING
2025-06-30,3313744.2333559003,846971.58889155963,3556829.4575673109,1,331374.42333559005,328828.50331072859,322114.79755741882,0,False,0,True,TREND_OPEN|FUNDED_STOP_RISK_BUDGET_0.1|ENTRY_WARNING_CAP_1|PROTECTIVE_INVENTORY_PENDING
2025-07-01,3290982.0436526658,851058.40300153964,3556829.4575673109,1,329098.2043652666,300446.74586460483,293816.25488105888,0,False,0,True,TREND_OPEN|FUNDED_STOP_RISK_BUDGET_0.1|ENTRY_WARNING_CAP_1|PROTECTIVE_INVENTORY_PENDING
2025-07-02,3266220.9034105232,851058.40300153964,3556829.4575673109,1,326622.09034105233,275685.60562246235,268851.27262794133,0,False,0,True,TREND_OPEN|FUNDED_STOP_RISK_BUDGET_0.1|ENTRY_WARNING_CAP_1|PROTECTIVE_INVENTORY_PENDING
2025-07-03,3285175.9936453439,894494.82517445961,3556829.4575673109,1,328517.59936453443,281963.8815297258,274960.49565304827,0,False,0,True,TREND_OPEN|FUNDED_STOP_RISK_BUDGET_0.1|ENTRY_WARNING_CAP_1|PROTECTIVE_INVENTORY_PENDING
2025-07-04,3196806.8642435041,894494.82517445961,3556829.4575673109,1,319680.68642435042,193594.75212788593,188423.32183884806,0,False,0,True,MARKET_WEAK_WARNING|FUNDED_STOP_RISK_BUDGET_0.1|ENTRY_WARNING_CAP_1|PROTECTIVE_INVENTORY_PENDING
2025-07-07,3180933.1238838318,894494.82517445961,3556829.4575673109,1,318093.3123883832,177721.01176821353,172466.38151843467,0,False,0,True,TREND_OPEN|FUNDED_STOP_RISK_BUDGET_0.1|ENTRY_WARNING_CAP_1|PROTECTIVE_INVENTORY_PENDING
2025-07-08,3323870.811439937,936174.30340002954,3556829.4575673109,1,332387.08114399371,289211.21091481572,281924.69184931187,0,False,0,True,TREND_OPEN|FUNDED_STOP_RISK_BUDGET_0.1|ENTRY_WARNING_CAP_1|PROTECTIVE_INVENTORY_PENDING
2025-07-09,3268674.0352636771,936174.30340002954,3556829.4575673109,1,326867.40352636774,234014.43473855586,227933.37533124455,0,False,0,True,MARKET_WEAK_WARNING|FUNDED_STOP_RISK_BUDGET_0.1|ENTRY_WARNING_CAP_1|PROTECTIVE_INVENTORY_PENDING
2025-07-10,3255216.7464962732,976497.24065946951,3556829.4575673109,1,325521.67464962736,214131.22642596494,209109.2272912279,0,False,0,True,MARKET_WEAK_WARNING|FUNDED_STOP_RISK_BUDGET_0.1|ENTRY_WARNING_CAP_1|PROTECTIVE_INVENTORY_PENDING
2025-07-11,3230066.2536053024,976497.24065946951,3556829.4575673109,1,323006.62536053028,188980.73353499413,184380.91122263929,0,False,0,True,TREND_OPEN|FUNDED_STOP_RISK_BUDGET_0.1|ENTRY_WARNING_CAP_1|PROTECTIVE_INVENTORY_PENDING
2025-07-14,3287480.8148516482,976497.24065946951,3556829.4575673109,1,328748.08148516482,246395.29478133988,240477.76872173935,0,False,0,True,MARKET_WEAK_WARNING|FUNDED_STOP_RISK_BUDGET_0.1|ENTRY_WARNING_CAP_1|PROTECTIVE_INVENTORY_PENDING
2025-07-15,3349298.1012153365,1016425.8728187095,3556829.4575673109,1,334929.81012153369,283271.05909527309,275696.33763243677,0,False,0,True,TREND_OPEN|FUNDED_STOP_RISK_BUDGET_0.1|ENTRY_WARNING_CAP_1|PROTECTIVE_INVENTORY_PENDING
2025-07-16,3345219.6845561271,1016425.8728187095,3556829.4575673109,1,334521.96845561272,278340.4866600557,270955.83282348025,0,False,0,True,MARKET_WEAK_WARNING|FUNDED_STOP_RISK_BUDGET_0.1|ENTRY_WARNING_CAP_1|PROTECTIVE_INVENTORY_PENDING
2025-07-17,3536621.3992962642,1058577.5871504694,3556829.4575673109,1,353662.13992962643,355747.28135291778,346866.47682383028,0,False,0,True,TREND_OPEN|FUNDED_STOP_RISK_BUDGET_0.1|ENTRY_WARNING_CAP_1|PROTECTIVE_INVENTORY_PENDING
2025-07-18,3440750.0175374183,1112012.5793447895,3556829.4575673109,1,344075.00175374188,246949.23023818771,241705.8716471286,0,False,0,True,TREND_OPEN|FUNDED_STOP_RISK_BUDGET_0.1|ENTRY_WARNING_CAP_1|PROTECTIVE_INVENTORY_PENDING
2025-07-21,3375982.972991304,1112012.5793447895,3556829.4575673109,1,337598.29729913041,182182.18569207354,179141.16252581403,0,False,0,True,TREND_OPEN|FUNDED_STOP_RISK_BUDGET_0.1|ENTRY_WARNING_CAP_1|PROTECTIVE_INVENTORY_PENDING
2025-07-22,3391192.5278434814,1151542.9134407896,3556829.4575673109,1,339119.25278434815,194651.15153200907,190106.0275240819,0,False,0,True,TREND_OPEN|FUNDED_STOP_RISK_BUDGET_0.1|ENTRY_WARNING_CAP_1|PROTECTIVE_INVENTORY_PENDING
2025-07-23,3383203.2064715805,1151542.9134407896,3556829.4575673109,1,338320.32064715808,186661.83016010851,182345.77148060623,0,False,0,True,TREND_OPEN|FUNDED_STOP_RISK_BUDGET_0.1|ENTRY_WARNING_CAP_1|PROTECTIVE_INVENTORY_PENDING
2025-07-24,3322916.7457411163,1196667.4226768697,3556829.4575673109,1,332291.67457411165,121858.15772996827,119405.14940637833,0,False,0,True,TREND_OPEN|FUNDED_STOP_RISK_BUDGET_0.1|ENTRY_WARNING_CAP_1|PROTECTIVE_INVENTORY_PENDING
2025-07-25,3321955.9083922845,1235616.7806505496,3556829.4575673109,1,332195.59083922848,117283.75739769504,114404.09264734677,0,False,0,True,TREND_OPEN|FUNDED_STOP_RISK_BUDGET_0.1|ENTRY_WARNING_CAP_1|PROTECTIVE_INVENTORY_PENDING
2025-07-28,3353605.3745959243,1279131.1068114997,3556829.4575673109,1,335360.53745959245,123618.62223165097,120260.22992533975,0,False,0,True,TREND_OPEN|FUNDED_STOP_RISK_BUDGET_0.1|ENTRY_WARNING_CAP_1|PROTECTIVE_INVENTORY_PENDING
2025-07-29,3533411.5122090862,1283169.9933769996,3556829.4575673109,1,353341.15122090862,288178.77923963527,281513.65272136149,0,False,0,True,TREND_OPEN|FUNDED_STOP_RISK_BUDGET_0.1|ENTRY_WARNING_CAP_1|PROTECTIVE_INVENTORY_PENDING
2025-07-30,3703575.5805920349,1327310.193320272,3703575.5805920349,1,370357.5580592035,326356.08847885823,317707.69830004184,0,False,0,True,TREND_OPEN|FUNDED_STOP_RISK_BUDGET_0.1|ENTRY_WARNING_CAP_1|PROTECTIVE_INVENTORY_PENDING
2025-07-31,3821590.6100385836,1383173.1807689122,3821590.6100385836,1,382159.0610038584,365673.33663285663,355813.393995994,0,False,0,True,TREND_OPEN|FUNDED_STOP_RISK_BUDGET_0.1|ENTRY_WARNING_CAP_1|PROTECTIVE_INVENTORY_PENDING
2025-08-01,3763146.1360287792,1383173.1807689122,3821590.6100385836,1,376314.61360287794,307228.86262305232,300751.33399585146,0,False,0,True,TREND_OPEN|FUNDED_STOP_RISK_BUDGET_0.1|ENTRY_WARNING_CAP_1|PROTECTIVE_INVENTORY_PENDING
2025-08-04,3779741.4270047313,1383173.1807689122,3821590.6100385836,1,377974.14270047314,314759.14979053102,308670.28583155316,0,False,0,True,TREND_OPEN|FUNDED_STOP_RISK_BUDGET_0.1|ENTRY_WARNING_CAP_1|PROTECTIVE_INVENTORY_PENDING
2025-08-05,3953993.5976940366,1438932.5719575121,3953993.5976940366,1,395399.3597694037,327457.74894921685,321925.08459135023,0,False,0,True,TREND_OPEN|FUNDED_STOP_RISK_BUDGET_0.1|ENTRY_WARNING_CAP_1|PROTECTIVE_INVENTORY_PENDING
2025-08-06,3828354.9003369408,1438932.5719575121,3953993.5976940366,1,382835.49003369408,201819.05159212073,196442.23304818699,0,False,0,True,TREND_OPEN|FUNDED_STOP_RISK_BUDGET_0.1|ENTRY_WARNING_CAP_1|PROTECTIVE_INVENTORY_PENDING
2025-08-07,3868544.9285052465,1482813.9380541241,3953993.5976940366,1,386854.49285052466,237098.87405812897,236174.90501404309,0,False,0,True,TREND_OPEN|FUNDED_STOP_RISK_BUDGET_0.1|ENTRY_WARNING_CAP_1|PROTECTIVE_INVENTORY_PENDING
2025-08-08,3961140.5338999135,1488127.8970008942,3961140.5338999135,1,396114.0533899914,329299.05349974614,327987.50145739433,0,False,0,True,MARKET_WEAK_WARNING|FUNDED_STOP_RISK_BUDGET_0.1|ENTRY_WARNING_CAP_1|PROTECTIVE_INVENTORY_PENDING
2025-08-11,3959547.1260976866,1493614.5948058942,3961140.5338999135,1,395954.71260976867,324405.13369769056,323832.1073068335,0,False,0,True,TREND_OPEN|FUNDED_STOP_RISK_BUDGET_0.1|ENTRY_WARNING_CAP_1|PROTECTIVE_INVENTORY_PENDING
2025-08-12,4068109.0657329205,1493614.5948058942,4068109.0657329205,1,406810.9065732921,372705.7266579807,371347.7620634007,0,False,0,True,TREND_OPEN|FUNDED_STOP_RISK_BUDGET_0.1|ENTRY_WARNING_CAP_1|PROTECTIVE_INVENTORY_PENDING
2025-08-13,4140574.9159437558,1504810.6613470742,4140574.9159437558,1,414057.49159437558,420808.78383701027,404592.21405246918,0,False,0,True,TREND_OPEN|FUNDED_STOP_RISK_BUDGET_0.1|ENTRY_WARNING_CAP_1|PROTECTIVE_INVENTORY_PENDING
2025-08-14,3951040.3182398621,1539309.8620126741,4140574.9159437558,1,395104.03182398621,226262.50549837362,217850.48946928993,0,False,0,True,TREND_OPEN|FUNDED_STOP_RISK_BUDGET_0.1|ENTRY_WARNING_CAP_1|PROTECTIVE_INVENTORY_PENDING
2025-08-15,3970880.50605518,1544596.8617156742,4140574.9159437558,1,397088.05060551804,244005.06770896516,235323.73600802833,0,False,0,True,TREND_OPEN|FUNDED_STOP_RISK_BUDGET_0.1|ENTRY_WARNING_CAP_1|PROTECTIVE_INVENTORY_PENDING
2025-08-18,4067621.1012692703,1597503.6219956742,4140574.9159437558,1,406762.11012692703,332782.6542891647,321078.11446121079,0,False,0,True,TREND_OPEN|FUNDED_STOP_RISK_BUDGET_0.1|ENTRY_WARNING_CAP_1|PROTECTIVE_INVENTORY_PENDING
2025-08-19,4184599.8906375719,1663982.2323551544,4184599.8906375719,1,418459.98906375724,438051.8313748847,413853.00080377213,0,False,0,True,TREND_OPEN|FUNDED_STOP_RISK_BUDGET_0.1|ENTRY_WARNING_CAP_1|PROTECTIVE_INVENTORY_PENDING
2025-08-20,4239272.6551923528,1739184.7000097544,4239272.6551923528,1,423927.26551923528,458020.14290669124,422809.37606259936,0,False,0,True,TREND_OPEN|FUNDED_STOP_RISK_BUDGET_0.1|ENTRY_WARNING_CAP_1|PROTECTIVE_INVENTORY_PENDING
2025-08-21,4073952.8784420863,1927673.7182018664,4239272.6551923528,1,407395.28784420865,260956.38136142248,252860.85117265763,0,False,0,True,TREND_OPEN|FUNDED_STOP_RISK_BUDGET_0.1|ENTRY_WARNING_CAP_1|PROTECTIVE_INVENTORY_PENDING
2025-08-22,4152490.3550219275,1927673.7182018664,4239272.6551923528,1,415249.0355021928,339493.85794126394,329753.73599627311,0,False,0,True,TREND_OPEN|FUNDED_STOP_RISK_BUDGET_0.1|ENTRY_WARNING_CAP_1|PROTECTIVE_INVENTORY_PENDING
2025-08-25,4370685.6326669408,1994799.6571048263,4370685.6326669408,1,437068.56326669408,506753.94951730262,436542.96245942847,0,False,0,True,TREND_OPEN|FUNDED_STOP_RISK_BUDGET_0.1|ENTRY_WARNING_CAP_1|PROTECTIVE_INVENTORY_PENDING
2025-08-26,4522240.2087405212,2346667.0669601415,4522240.2087405212,1,452224.02087405213,415215.12949340022,404859.30982513714,0,False,0,True,TREND_OPEN|FUNDED_STOP_RISK_BUDGET_0.1|ENTRY_WARNING_CAP_1|PROTECTIVE_INVENTORY_PENDING
2025-08-27,4663142.791428186,2408059.6648631818,4663142.791428186,1,466314.27914281865,449654.19126363384,434436.06543910922,0,False,0,True,TREND_OPEN|FUNDED_STOP_RISK_BUDGET_0.1|ENTRY_WARNING_CAP_1|PROTECTIVE_INVENTORY_PENDING
2025-08-28,4874821.0153789427,2415584.281799092,4874821.0153789427,1,487482.10153789428,457252.90387689671,443514.41173324268,0,False,0,True,TREND_OPEN|FUNDED_STOP_RISK_BUDGET_0.1|ENTRY_WARNING_CAP_1|PROTECTIVE_INVENTORY_PENDING
2025-08-29,5054942.4503580462,2478573.2737550922,5054942.4503580462,1,505494.24503580463,439838.52570309554,429494.96779157547,0,False,0,True,TREND_OPEN|FUNDED_STOP_RISK_BUDGET_0.1|ENTRY_WARNING_CAP_1|PROTECTIVE_INVENTORY_PENDING
2025-09-01,5138629.871377782,2541448.4662644523,5138629.871377782,1,513862.9871377782,470754.45100743521,455468.0457442773,0,False,0,True,TREND_OPEN|FUNDED_STOP_RISK_BUDGET_0.1|ENTRY_WARNING_CAP_1|PROTECTIVE_INVENTORY_PENDING
2025-09-02,4913472.6053699609,2616665.9075304521,5138629.871377782,1,491347.26053699612,226845.91088089405,212922.49833642549,0,False,0,True,TREND_OPEN|FUNDED_STOP_RISK_BUDGET_0.1|ENTRY_WARNING_CAP_1|PROTECTIVE_INVENTORY_PENDING
2025-09-03,5153027.7878180007,2616665.9075304521,5153027.7878180007,1,515302.77878180007,448751.85703732388,429710.46867027046,0,False,0,True,TREND_OPEN|FUNDED_STOP_RISK_BUDGET_0.1|ENTRY_WARNING_CAP_1|PROTECTIVE_INVENTORY_PENDING
2025-09-04,5007430.9142084457,2695808.4314647722,5153027.7878180007,0,500743.0914208446,284626.21670889476,272641.94370366551,0,False,0,True,ACCUMULATED_MARKET_SHOCK|FUNDED_STOP_RISK_BUDGET_0.1|ENTRY_WARNING_CAP_0|PROTECTIVE_INVENTORY_PENDING
2025-09-05,5107381.7817325778,2695808.4314647722,5153027.7878180007,0,510738.17817325779,384577.08423302777,370460.08024962415,0,False,0,True,RECOVERY_WAIT|FUNDED_STOP_RISK_BUDGET_0.1|ENTRY_WARNING_CAP_0|PROTECTIVE_INVENTORY_PENDING
2025-09-08,4941922.2789143138,2769678.2477047723,5153027.7878180007,0,494192.22789143142,205872.56388399037,201720.40253999524,0,False,0,True,RECOVERY_WAIT|FUNDED_STOP_RISK_BUDGET_0.1|ENTRY_WARNING_CAP_0|PROTECTIVE_INVENTORY_PENDING
2025-09-09,5055877.8684878256,2769678.2477047723,5153027.7878180007,0,505587.78684878256,319828.15345750138,316055.16879006481,0,False,0,True,RECOVERY_WAIT|FUNDED_STOP_RISK_BUDGET_0.1|ENTRY_WARNING_CAP_0|PROTECTIVE_INVENTORY_PENDING
2025-09-10,5035796.728956758,2837518.6897543725,5153027.7878180007,0,503579.67289567582,292545.74182432942,286259.64387102926,0,False,0,True,RECOVERY_WAIT|FUNDED_STOP_RISK_BUDGET_0.1|ENTRY_WARNING_CAP_0|PROTECTIVE_INVENTORY_PENDING
2025-09-11,5176948.973200568,2906397.3021943723,5176948.973200568,0,517694.8973200568,425456.02958481625,421316.72770836431,0,False,0,True,RECOVERY_WAIT|FUNDED_STOP_RISK_BUDGET_0.1|ENTRY_WARNING_CAP_0|PROTECTIVE_INVENTORY_PENDING
2025-09-12,5080156.8920801776,2924368.3271907018,5176948.973200568,0,508015.68920801778,325643.84605774429,325643.84605774429,0,False,0,False,RECOVERY_WAIT|FUNDED_STOP_RISK_BUDGET_0.1|ENTRY_WARNING_CAP_0|RETAIN_ACTUAL_UNITS
2025-09-15,5023237.5827437323,2924368.3271907018,5176948.973200568,0.5,502323.75827437325,268724.53672129964,268724.53672129964,0,False,0,False,CONFIRMED_RECOVERY|FUNDED_STOP_RISK_BUDGET_0.1|ENTRY_WARNING_CAP_0.5|RETAIN_ACTUAL_UNITS
2025-09-16,5233960.1322020609,2924368.3271907018,5233960.1322020609,0.5,523396.01322020614,479447.08617962716,479447.08617962716,0,False,0,False,RECOVERY_WAIT|FUNDED_STOP_RISK_BUDGET_0.1|ENTRY_WARNING_CAP_0.5|RETAIN_ACTUAL_UNITS
2025-09-17,5331570.6924683889,2924368.3271907018,5331570.6924683889,0.5,533157.06924683892,577057.64644595596,531656.35266520432,0,False,0,True,RECOVERY_WAIT|FUNDED_STOP_RISK_BUDGET_0.1|ENTRY_WARNING_CAP_0.5|PROTECTIVE_INVENTORY_PENDING
2025-09-18,5553721.4763189647,3113427.1412086217,5553721.4763189647,1,555372.14763189654,597787.8716821624,554811.12797588471,0,False,0,True,CONFIRMED_RECOVERY|FUNDED_STOP_RISK_BUDGET_0.1|ENTRY_WARNING_CAP_1|PROTECTIVE_INVENTORY_PENDING
2025-09-19,5789342.1130435765,3297263.1595702218,5789342.1130435765,1,578934.21130435762,572307.25200617628,569537.20731554669,0,False,0,True,TREND_OPEN|FUNDED_STOP_RISK_BUDGET_0.1|ENTRY_WARNING_CAP_1|PROTECTIVE_INVENTORY_PENDING
2025-09-22,5678744.1358023733,3297263.1595702218,5789342.1130435765,1,567874.41358023731,461709.2747649735,459474.28545680287,0,False,0,True,TREND_OPEN|FUNDED_STOP_RISK_BUDGET_0.1|ENTRY_WARNING_CAP_1|PROTECTIVE_INVENTORY_PENDING
2025-09-23,5719739.5771261044,3308770.7551505216,5789342.1130435765,1,571973.95771261049,500490.12706464186,498055.73319501156,0,False,0,True,TREND_OPEN|FUNDED_STOP_RISK_BUDGET_0.1|ENTRY_WARNING_CAP_1|PROTECTIVE_INVENTORY_PENDING
2025-09-24,5576081.0801039226,3308770.7551505216,5789342.1130435765,1,557608.10801039229,356831.63004245918,355095.7173021292,0,False,0,True,TREND_OPEN|FUNDED_STOP_RISK_BUDGET_0.1|ENTRY_WARNING_CAP_1|PROTECTIVE_INVENTORY_PENDING
2025-09-25,5530324.7151987217,3308770.7551505216,5789342.1130435765,1,553032.4715198722,311075.26513725903,309561.86437091866,0,False,0,True,TREND_OPEN|FUNDED_STOP_RISK_BUDGET_0.1|ENTRY_WARNING_CAP_1|PROTECTIVE_INVENTORY_PENDING
2025-09-26,5425620.9612715077,3308770.7551505216,5789342.1130435765,1,542562.09612715081,206371.51121004415,205367.36525804567,0,False,0,True,TREND_OPEN|FUNDED_STOP_RISK_BUDGET_0.1|ENTRY_WARNING_CAP_1|PROTECTIVE_INVENTORY_PENDING
2025-09-29,5478178.9479869399,3308770.7551505216,5789342.1130435765,1,547817.89479869406,258929.49792547675,256409.91598637649,0,False,0,True,TREND_OPEN|FUNDED_STOP_RISK_BUDGET_0.1|ENTRY_WARNING_CAP_1|PROTECTIVE_INVENTORY_PENDING
2025-09-30,5381551.6411220506,3319303.8239930617,5789342.1130435765,1,538155.16411220504,161064.33371693079,160276.75972717494,0,False,0,True,TREND_OPEN|FUNDED_STOP_RISK_BUDGET_0.1|ENTRY_WARNING_CAP_1|PROTECTIVE_INVENTORY_PENDING
2025-10-09,5323165.6818932835,3329375.5902199815,5789342.1130435765,1,532316.56818932842,101903.0126498162,101402.23489888207,0,False,0,True,TREND_OPEN|FUNDED_STOP_RISK_BUDGET_0.1|ENTRY_WARNING_CAP_1|PROTECTIVE_INVENTORY_PENDING
2025-10-10,5186078.7524153516,3339179.7609902215,5789342.1130435765,1,518607.87524153519,36937.979828502605,0,0,False,0,True,TREND_OPEN|FUNDED_STOP_RISK_BUDGET_0.1|ENTRY_WARNING_CAP_1|PROTECTIVE_INVENTORY_PENDING
2025-10-13,5079835.8132899404,5079835.8132899404,5789342.1130435765,1,507983.58132899407,0,507983.58132899407,0,False,0,False,TREND_OPEN|FUNDED_STOP_RISK_BUDGET_0.1|ENTRY_WARNING_CAP_1|CASH_FUNDED_SUPPORT_RISK
2025-10-14,4914604.4994901828,2355848.7222599359,5789342.1130435765,0,491460.44994901831,376289.95336066262,376289.95336066262,0,False,0,False,CROSS_SECTION_SHOCK|FUNDED_STOP_RISK_BUDGET_0.1|ENTRY_WARNING_CAP_0|RETAIN_ACTUAL_UNITS
2025-10-15,4911372.668455773,2355848.7222599359,5789342.1130435765,0,491137.26684557734,373058.12232625316,373058.12232625316,0,False,0,False,RECOVERY_WAIT|FUNDED_STOP_RISK_BUDGET_0.1|ENTRY_WARNING_CAP_0|RETAIN_ACTUAL_UNITS
2025-10-16,4874345.9711299445,2355848.7222599359,5789342.1130435765,0,487434.59711299447,336031.42500042473,336031.42500042473,0,False,0,False,RECOVERY_WAIT|FUNDED_STOP_RISK_BUDGET_0.1|ENTRY_WARNING_CAP_0|RETAIN_ACTUAL_UNITS
2025-10-17,4779418.9181392901,2355848.7222599359,5789342.1130435765,0,477941.89181392902,241104.37200977048,241104.37200977048,0,False,0,False,RECOVERY_WAIT|FUNDED_STOP_RISK_BUDGET_0.1|ENTRY_WARNING_CAP_0|RETAIN_ACTUAL_UNITS
2025-10-20,4747156.6657115081,2355848.7222599359,5789342.1130435765,0,474715.66657115082,208842.11958198814,208842.11958198814,0,False,0,False,RECOVERY_WAIT|FUNDED_STOP_RISK_BUDGET_0.1|ENTRY_WARNING_CAP_0|RETAIN_ACTUAL_UNITS
2025-10-21,4776519.2316227229,2355848.7222599359,5789342.1130435765,0,477651.92316227232,238204.68549320303,238204.68549320303,0,False,0,False,RECOVERY_WAIT|FUNDED_STOP_RISK_BUDGET_0.1|ENTRY_WARNING_CAP_0|RETAIN_ACTUAL_UNITS
2025-10-22,4735768.5442161802,2355848.7222599359,5789342.1130435765,0,473576.85442161805,197453.99808666081,197453.99808666081,0,False,0,False,RECOVERY_WAIT|FUNDED_STOP_RISK_BUDGET_0.1|ENTRY_WARNING_CAP_0|RETAIN_ACTUAL_UNITS
2025-10-23,4700462.4714251868,2355848.7222599359,5789342.1130435765,0,470046.2471425187,167270.51829566678,167270.51829566678,0,False,0,False,RECOVERY_WAIT|FUNDED_STOP_RISK_BUDGET_0.1|ENTRY_WARNING_CAP_0|RETAIN_ACTUAL_UNITS
2025-10-24,4950647.9384706412,2355848.7222599359,5789342.1130435765,0,495064.79384706414,412333.39234112133,412333.39234112133,0,False,0,False,RECOVERY_WAIT|FUNDED_STOP_RISK_BUDGET_0.1|ENTRY_WARNING_CAP_0|RETAIN_ACTUAL_UNITS
2025-10-27,5054868.5877484661,2355848.7222599359,5789342.1130435765,0,505486.85877484665,492563.96122684807,492563.96122684807,0,False,0,False,RECOVERY_WAIT|FUNDED_STOP_RISK_BUDGET_0.1|ENTRY_WARNING_CAP_0|RETAIN_ACTUAL_UNITS
2025-10-28,5047901.2395008029,2355848.7222599359,5789342.1130435765,0.5,504790.12395008031,470465.45413593884,470465.45413593884,0,False,0,False,CONFIRMED_RECOVERY|FUNDED_STOP_RISK_BUDGET_0.1|ENTRY_WARNING_CAP_0.5|RETAIN_ACTUAL_UNITS
2025-10-29,5138666.226225527,2355848.7222599359,5789342.1130435765,0.5,513866.62262255274,551601.17830756167,513826.01911935781,0,False,0,True,RECOVERY_WAIT|FUNDED_STOP_RISK_BUDGET_0.1|ENTRY_WARNING_CAP_0.5|PROTECTIVE_INVENTORY_PENDING
2025-10-30,5067328.2328249635,2545865.74758338,5789342.1130435765,0.5,506732.82328249636,383337.05422543292,379507.72975671635,0,False,0,True,RECOVERY_WAIT|FUNDED_STOP_RISK_BUDGET_0.1|ENTRY_WARNING_CAP_0.5|PROTECTIVE_INVENTORY_PENDING
2025-10-31,4855392.7043450549,2545865.74758338,5789342.1130435765,0.5,485539.27043450554,171401.52574552415,141520.04650000003,0,False,0,True,RECOVERY_WAIT|FUNDED_STOP_RISK_BUDGET_0.1|ENTRY_WARNING_CAP_0.5|PROTECTIVE_INVENTORY_PENDING
2025-11-03,4812604.4921365753,3718779.2421365753,5789342.1130435765,0.5,481260.44921365753,121024.74650000005,240630.22460682876,0,False,0,False,RECOVERY_WAIT|FUNDED_STOP_RISK_BUDGET_0.1|ENTRY_WARNING_CAP_0.5|CASH_FUNDED_SUPPORT_RISK
2025-11-04,4807797.4799311804,3215221.0466574365,5789342.1130435765,0.5,480779.74799311807,241053.33786177787,241053.33786177787,0,False,0,False,RECOVERY_WAIT|FUNDED_STOP_RISK_BUDGET_0.1|ENTRY_WARNING_CAP_0.5|RETAIN_ACTUAL_UNITS
2025-11-05,4791959.4383222647,3215221.0466574365,5789342.1130435765,0.5,479195.94383222651,207634.59985200263,207634.59985200263,0,False,0,False,RECOVERY_WAIT|FUNDED_STOP_RISK_BUDGET_0.1|ENTRY_WARNING_CAP_0.5|RETAIN_ACTUAL_UNITS
2025-11-06,4930109.1906295186,3215221.0466574365,5789342.1130435765,0.5,493010.91906295187,275150.80002171855,275150.80002171855,0,False,0,False,RECOVERY_WAIT|FUNDED_STOP_RISK_BUDGET_0.1|ENTRY_WARNING_CAP_0.5|RETAIN_ACTUAL_UNITS
2025-11-07,4891840.6415157532,3215221.0466574365,5789342.1130435765,0.5,489184.06415157532,236882.25090795342,236882.25090795342,0,False,0,False,RECOVERY_WAIT|FUNDED_STOP_RISK_BUDGET_0.1|ENTRY_WARNING_CAP_0.5|RETAIN_ACTUAL_UNITS
2025-11-10,4841461.6474520043,3215221.0466574365,5789342.1130435765,0.5,484146.16474520043,186325.03684420511,186325.03684420511,0,False,0,False,RECOVERY_WAIT|FUNDED_STOP_RISK_BUDGET_0.1|ENTRY_WARNING_CAP_0.5|RETAIN_ACTUAL_UNITS
2025-11-11,4797144.0565684326,3215221.0466574365,5789342.1130435765,0.5,479714.40565684327,131813.26196063292,131813.26196063292,0,False,0,False,RECOVERY_WAIT|FUNDED_STOP_RISK_BUDGET_0.1|ENTRY_WARNING_CAP_0.5|RETAIN_ACTUAL_UNITS
2025-11-12,4771863.6091050422,3215221.0466574365,5789342.1130435765,0.5,477186.36091050424,114566.97209724241,114566.97209724241,0,False,0,False,RECOVERY_WAIT|FUNDED_STOP_RISK_BUDGET_0.1|ENTRY_WARNING_CAP_0.5|RETAIN_ACTUAL_UNITS
2025-11-13,4788529.6908337707,3215221.0466574365,5789342.1130435765,0.5,478852.9690833771,108945.75172597078,108945.75172597078,0,False,0,False,RECOVERY_WAIT|FUNDED_STOP_RISK_BUDGET_0.1|ENTRY_WARNING_CAP_0.5|RETAIN_ACTUAL_UNITS
2025-11-14,4713507.7477148324,3215221.0466574365,5789342.1130435765,0.5,471350.77477148327,70620.197707032785,50707.677107032789,0,False,0,True,RECOVERY_WAIT|FUNDED_STOP_RISK_BUDGET_0.1|ENTRY_WARNING_CAP_0.5|PROTECTIVE_INVENTORY_PENDING
2025-11-17,4712291.4776846617,4215855.9773138128,5789342.1130435765,0.5,471229.14776846621,44482.506420486083,162289.79336260265,0,False,0,False,RECOVERY_WAIT|FUNDED_STOP_RISK_BUDGET_0.1|ENTRY_WARNING_CAP_0.5|CASH_FUNDED_SUPPORT_RISK
2025-11-18,4706738.5883166762,3180921.3322494929,5789342.1130435765,0.5,470673.85883166763,148631.87489513546,148631.87489513546,0,False,0,False,RECOVERY_WAIT|FUNDED_STOP_RISK_BUDGET_0.1|ENTRY_WARNING_CAP_0.5|RETAIN_ACTUAL_UNITS
2025-11-19,4689623.134908624,3180921.3322494929,5789342.1130435765,0.5,468962.31349086243,131516.42148708398,88267.755465786773,0,False,0,True,RECOVERY_WAIT|FUNDED_STOP_RISK_BUDGET_0.1|ENTRY_WARNING_CAP_0.5|PROTECTIVE_INVENTORY_PENDING
2025-11-20,4729445.9359127842,4166898.7402678863,5789342.1130435765,0.5,472944.59359127842,110594.20169453422,110594.20169453422,0,False,0,False,RECOVERY_WAIT|FUNDED_STOP_RISK_BUDGET_0.1|ENTRY_WARNING_CAP_0.5|RETAIN_ACTUAL_UNITS
2025-11-21,4674511.1274288921,4166898.7402678863,5789342.1130435765,0,467451.11274288921,37596.970283366958,0,0,False,0,True,CROSS_SECTION_SHOCK|FUNDED_STOP_RISK_BUDGET_0.1|ENTRY_WARNING_CAP_0|PROTECTIVE_INVENTORY_PENDING
2025-11-24,4676575.1889524637,4676575.1889524637,5789342.1130435765,0,467657.51889524638,0,0,0,False,0,False,RECOVERY_WAIT|FUNDED_STOP_RISK_BUDGET_0.1|ENTRY_WARNING_CAP_0|RETAIN_ACTUAL_UNITS
2025-11-25,4676575.1889524637,4676575.1889524637,5789342.1130435765,0,467657.51889524638,0,0,0,False,0,False,RECOVERY_WAIT|FUNDED_STOP_RISK_BUDGET_0.1|ENTRY_WARNING_CAP_0|RETAIN_ACTUAL_UNITS
2025-11-26,4676575.1889524637,4676575.1889524637,5789342.1130435765,0,467657.51889524638,0,0,0,False,0,False,RECOVERY_WAIT|FUNDED_STOP_RISK_BUDGET_0.1|ENTRY_WARNING_CAP_0|RETAIN_ACTUAL_UNITS
2025-11-27,4676575.1889524637,4676575.1889524637,5789342.1130435765,0,467657.51889524638,0,0,0,False,0,False,RECOVERY_WAIT|FUNDED_STOP_RISK_BUDGET_0.1|ENTRY_WARNING_CAP_0|RETAIN_ACTUAL_UNITS
2025-11-28,4676575.1889524637,4676575.1889524637,5789342.1130435765,0,467657.51889524638,0,0,0,False,0,False,RECOVERY_WAIT|FUNDED_STOP_RISK_BUDGET_0.1|ENTRY_WARNING_CAP_0|RETAIN_ACTUAL_UNITS
2025-12-01,4676575.1889524637,4676575.1889524637,5789342.1130435765,0,467657.51889524638,0,0,0,False,0,False,RECOVERY_WAIT|FUNDED_STOP_RISK_BUDGET_0.1|ENTRY_WARNING_CAP_0|RETAIN_ACTUAL_UNITS
2025-12-02,4676575.1889524637,4676575.1889524637,5789342.1130435765,0.5,467657.51889524638,0,233828.75944762319,0,False,0,False,CONFIRMED_RECOVERY|FUNDED_STOP_RISK_BUDGET_0.1|ENTRY_WARNING_CAP_0.5|CASH_FUNDED_SUPPORT_RISK
2025-12-03,4659233.4681217475,3120934.5449189879,5789342.1130435765,0.5,465923.34681217477,207871.98118050303,207871.98118050303,0,False,0,False,RECOVERY_WAIT|FUNDED_STOP_RISK_BUDGET_0.1|ENTRY_WARNING_CAP_0.5|RETAIN_ACTUAL_UNITS
2025-12-04,4695426.1586058345,3120934.5449189879,5789342.1130435765,0.5,469542.61586058349,215205.02706117852,215205.02706117852,0,False,0,False,RECOVERY_WAIT|FUNDED_STOP_RISK_BUDGET_0.1|ENTRY_WARNING_CAP_0.5|RETAIN_ACTUAL_UNITS
2025-12-05,4714190.3543864926,3120934.5449189879,5789342.1130435765,1,471419.0354386493,230846.21535101836,396717.82922598068,0,False,0,False,CONFIRMED_RECOVERY|FUNDED_STOP_RISK_BUDGET_0.1|ENTRY_WARNING_CAP_1|CASH_FUNDED_SUPPORT_RISK
2025-12-08,4846595.2478926014,1678799.3672357881,5789342.1130435765,1,484659.52478926018,424940.12372648716,424940.12372648716,0,False,0,False,TREND_OPEN|FUNDED_STOP_RISK_BUDGET_0.1|ENTRY_WARNING_CAP_1|RETAIN_ACTUAL_UNITS
2025-12-09,4920645.216329989,1678799.3672357881,5789342.1130435765,1,492064.52163299895,405689.73816387478,405689.73816387478,0,False,0,False,TREND_OPEN|FUNDED_STOP_RISK_BUDGET_0.1|ENTRY_WARNING_CAP_1|RETAIN_ACTUAL_UNITS
2025-12-10,4957037.5885993019,1678799.3672357881,5789342.1130435765,1,495703.75885993021,414693.36460351036,414693.36460351036,0,False,0,False,TREND_OPEN|FUNDED_STOP_RISK_BUDGET_0.1|ENTRY_WARNING_CAP_1|RETAIN_ACTUAL_UNITS
2025-12-11,4890523.8197933491,1678799.3672357881,5789342.1130435765,1,489052.38197933492,346029.83981681231,346029.83981681231,0,False,0,False,TREND_OPEN|FUNDED_STOP_RISK_BUDGET_0.1|ENTRY_WARNING_CAP_1|RETAIN_ACTUAL_UNITS
2025-12-12,4943793.7762780469,1678799.3672357881,5789342.1130435765,1,494379.3776278047,399299.79630150995,494379.3776278047,0,False,0,False,TREND_OPEN|FUNDED_STOP_RISK_BUDGET_0.1|ENTRY_WARNING_CAP_1|CASH_FUNDED_SUPPORT_RISK
2025-12-15,4865842.8506665351,1277335.6554026043,5789342.1130435765,1,486584.28506665351,393190.95902318216,393190.95902318216,0,False,0,False,TREND_OPEN|FUNDED_STOP_RISK_BUDGET_0.1|ENTRY_WARNING_CAP_1|RETAIN_ACTUAL_UNITS
2025-12-16,4764749.5700233597,1277335.6554026043,5789342.1130435765,1,476474.95700233598,285597.02184859378,285597.02184859378,0,False,0,False,MARKET_WEAK_WARNING|FUNDED_STOP_RISK_BUDGET_0.1|ENTRY_WARNING_CAP_1|RETAIN_ACTUAL_UNITS
2025-12-17,4816540.4384541288,1277335.6554026043,5789342.1130435765,1,481654.0438454129,337387.89027936256,337387.89027936256,0,False,0,False,TREND_OPEN|FUNDED_STOP_RISK_BUDGET_0.1|ENTRY_WARNING_CAP_1|RETAIN_ACTUAL_UNITS
2025-12-18,4820544.1755366772,1277335.6554026043,5789342.1130435765,1,482054.41755366774,333323.61886047176,333323.61886047176,0,False,0,False,TREND_OPEN|FUNDED_STOP_RISK_BUDGET_0.1|ENTRY_WARNING_CAP_1|RETAIN_ACTUAL_UNITS
2025-12-19,4780726.0709914314,1277335.6554026043,5789342.1130435765,1,478072.60709914315,291124.50968316704,291124.50968316704,0,False,0,False,MARKET_WEAK_WARNING|FUNDED_STOP_RISK_BUDGET_0.1|ENTRY_WARNING_CAP_1|RETAIN_ACTUAL_UNITS
2025-12-22,4896969.1755168205,1277335.6554026043,5789342.1130435765,1,489696.9175516821,380531.35096951621,380531.35096951621,0,False,0,False,TREND_OPEN|FUNDED_STOP_RISK_BUDGET_0.1|ENTRY_WARNING_CAP_1|RETAIN_ACTUAL_UNITS
2025-12-23,5013425.4885834819,1277335.6554026043,5789342.1130435765,1,501342.54885834822,418460.18992415542,418460.18992415542,0,False,0,False,TREND_OPEN|FUNDED_STOP_RISK_BUDGET_0.1|ENTRY_WARNING_CAP_1|RETAIN_ACTUAL_UNITS
2025-12-24,4996661.4587459303,1277335.6554026043,5789342.1130435765,1,499666.14587459306,399212.37827618211,399212.37827618211,0,False,0,False,TREND_OPEN|FUNDED_STOP_RISK_BUDGET_0.1|ENTRY_WARNING_CAP_1|RETAIN_ACTUAL_UNITS
2025-12-25,4933855.3771313755,1277335.6554026043,5789342.1130435765,1,493385.53771313757,335361.39534827688,335361.39534827688,0,False,0,False,TREND_OPEN|FUNDED_STOP_RISK_BUDGET_0.1|ENTRY_WARNING_CAP_1|RETAIN_ACTUAL_UNITS
2025-12-26,4807080.6615224462,1277335.6554026043,5789342.1130435765,1,480708.06615224463,207995.71096376458,207995.71096376458,0,False,0,False,TREND_OPEN|FUNDED_STOP_RISK_BUDGET_0.1|ENTRY_WARNING_CAP_1|RETAIN_ACTUAL_UNITS
2025-12-29,4760639.5349874599,1277335.6554026043,5789342.1130435765,1,476063.95349874604,152107.64878431283,152107.64878431283,0,False,0,False,TREND_OPEN|FUNDED_STOP_RISK_BUDGET_0.1|ENTRY_WARNING_CAP_1|RETAIN_ACTUAL_UNITS
2025-12-30,4790517.6830900228,1277335.6554026043,5789342.1130435765,1,479051.76830900228,181985.79688687521,181985.79688687521,0,False,0,False,TREND_OPEN|FUNDED_STOP_RISK_BUDGET_0.1|ENTRY_WARNING_CAP_1|RETAIN_ACTUAL_UNITS
2025-12-31,4757084.0705494108,1277335.6554026043,5789342.1130435765,1,475708.40705494111,153253.53594626306,153253.53594626306,0,False,0,False,MARKET_WEAK_WARNING|FUNDED_STOP_RISK_BUDGET_0.1|ENTRY_WARNING_CAP_1|RETAIN_ACTUAL_UNITS
