date,nav,cash,global_peak,warning_cap,funded_budget,actual_risk,requested_risk,original_target_error,changed_units,target_l1_change,protective,reason
2023-01-03,2000000,2000000,2000000,0,200000,0,0,0,False,0,False,WARMUP_OR_NO_FRESH_QUOTES|FUNDED_STOP_RISK_BUDGET_0.1|ENTRY_WARNING_CAP_0|RETAIN_ACTUAL_UNITS
2023-01-04,2000000,2000000,2000000,0,200000,0,0,0,False,0,False,WARMUP_OR_NO_FRESH_QUOTES|FUNDED_STOP_RISK_BUDGET_0.1|ENTRY_WARNING_CAP_0|RETAIN_ACTUAL_UNITS
2023-01-05,2000000,2000000,2000000,0,200000,0,0,0,False,0,False,WARMUP_OR_NO_FRESH_QUOTES|FUNDED_STOP_RISK_BUDGET_0.1|ENTRY_WARNING_CAP_0|RETAIN_ACTUAL_UNITS
2023-01-06,2000000,2000000,2000000,0,200000,0,0,0,False,0,False,WARMUP_OR_NO_FRESH_QUOTES|FUNDED_STOP_RISK_BUDGET_0.1|ENTRY_WARNING_CAP_0|RETAIN_ACTUAL_UNITS
2023-01-09,2000000,2000000,2000000,0,200000,0,0,0,False,0,False,WARMUP_OR_NO_FRESH_QUOTES|FUNDED_STOP_RISK_BUDGET_0.1|ENTRY_WARNING_CAP_0|RETAIN_ACTUAL_UNITS
2023-01-10,2000000,2000000,2000000,0,200000,0,0,0,False,0,False,WARMUP_OR_NO_FRESH_QUOTES|FUNDED_STOP_RISK_BUDGET_0.1|ENTRY_WARNING_CAP_0|RETAIN_ACTUAL_UNITS
2023-01-11,2000000,2000000,2000000,0,200000,0,0,0,False,0,False,WARMUP_OR_NO_FRESH_QUOTES|FUNDED_STOP_RISK_BUDGET_0.1|ENTRY_WARNING_CAP_0|RETAIN_ACTUAL_UNITS
2023-01-12,2000000,2000000,2000000,0,200000,0,0,0,False,0,False,WARMUP_OR_NO_FRESH_QUOTES|FUNDED_STOP_RISK_BUDGET_0.1|ENTRY_WARNING_CAP_0|RETAIN_ACTUAL_UNITS
2023-01-13,2000000,2000000,2000000,0,200000,0,0,0,False,0,False,WARMUP_OR_NO_FRESH_QUOTES|FUNDED_STOP_RISK_BUDGET_0.1|ENTRY_WARNING_CAP_0|RETAIN_ACTUAL_UNITS
2023-01-16,2000000,2000000,2000000,0,200000,0,0,0,False,0,False,RECOVERY_WAIT|FUNDED_STOP_RISK_BUDGET_0.1|ENTRY_WARNING_CAP_0|RETAIN_ACTUAL_UNITS
2023-01-17,2000000,2000000,2000000,0,200000,0,0,0,False,0,False,RECOVERY_WAIT|FUNDED_STOP_RISK_BUDGET_0.1|ENTRY_WARNING_CAP_0|RETAIN_ACTUAL_UNITS
2023-01-18,2000000,2000000,2000000,0.5,200000,0,0,0,False,0,False,CONFIRMED_RECOVERY|FUNDED_STOP_RISK_BUDGET_0.1|ENTRY_WARNING_CAP_0.5|RETAIN_ACTUAL_UNITS
2023-01-19,2000000,2000000,2000000,0.5,200000,0,0,0,False,0,False,RECOVERY_WAIT|FUNDED_STOP_RISK_BUDGET_0.1|ENTRY_WARNING_CAP_0.5|RETAIN_ACTUAL_UNITS
2023-01-20,2000000,2000000,2000000,0.5,200000,0,0,0,False,0,False,RECOVERY_WAIT|FUNDED_STOP_RISK_BUDGET_0.1|ENTRY_WARNING_CAP_0.5|RETAIN_ACTUAL_UNITS
2023-01-30,2000000,2000000,2000000,1,200000,0,0,0,False,0,False,CONFIRMED_RECOVERY|FUNDED_STOP_RISK_BUDGET_0.1|ENTRY_WARNING_CAP_1|RETAIN_ACTUAL_UNITS
2023-01-31,2000000,2000000,2000000,1,200000,0,0,0,False,0,False,TREND_OPEN|FUNDED_STOP_RISK_BUDGET_0.1|ENTRY_WARNING_CAP_1|RETAIN_ACTUAL_UNITS
2023-02-01,2000000,2000000,2000000,1,200000,0,0,0,False,0,False,TREND_OPEN|FUNDED_STOP_RISK_BUDGET_0.1|ENTRY_WARNING_CAP_1|RETAIN_ACTUAL_UNITS
2023-02-02,2000000,2000000,2000000,1,200000,0,0,0,False,0,False,TREND_OPEN|FUNDED_STOP_RISK_BUDGET_0.1|ENTRY_WARNING_CAP_1|RETAIN_ACTUAL_UNITS
2023-02-03,2000000,2000000,2000000,1,200000,0,0,0,False,0,False,TREND_OPEN|FUNDED_STOP_RISK_BUDGET_0.1|ENTRY_WARNING_CAP_1|RETAIN_ACTUAL_UNITS
2023-02-06,2000000,2000000,2000000,1,200000,0,0,0,False,0,False,TREND_OPEN|FUNDED_STOP_RISK_BUDGET_0.1|ENTRY_WARNING_CAP_1|RETAIN_ACTUAL_UNITS
2023-02-07,2000000,2000000,2000000,1,200000,0,200000,0,False,0,False,TREND_OPEN|FUNDED_STOP_RISK_BUDGET_0.1|ENTRY_WARNING_CAP_1|CASH_FUNDED_SUPPORT_RISK
2023-02-08,1913532.9007963808,232541.34619916009,2000000,1,191353.2900796381,143987.185333676,143987.185333676,0,False,0,False,TREND_OPEN|FUNDED_STOP_RISK_BUDGET_0.1|ENTRY_WARNING_CAP_1|RETAIN_ACTUAL_UNITS
2023-02-09,2069593.5298885568,232541.34619916009,2069593.5298885568,1,206959.35298885568,253560.89867402342,206757.41538313491,0,False,0,True,TREND_OPEN|FUNDED_STOP_RISK_BUDGET_0.1|ENTRY_WARNING_CAP_1|PROTECTIVE_INVENTORY_PENDING
2023-02-10,2145364.9585894989,575275.04732525605,2145364.9585894989,1,214536.4958589499,217651.70205353887,213300.415820316,0,False,0,True,TREND_OPEN|FUNDED_STOP_RISK_BUDGET_0.1|ENTRY_WARNING_CAP_1|PROTECTIVE_INVENTORY_PENDING
2023-02-13,2296373.7318900567,586677.08456955606,2296373.7318900567,1,229637.37318900568,257963.31493953455,229192.45252371661,0,False,0,True,TREND_OPEN|FUNDED_STOP_RISK_BUDGET_0.1|ENTRY_WARNING_CAP_1|PROTECTIVE_INVENTORY_PENDING
2023-02-14,2223001.7840038626,769425.86810430605,2296373.7318900567,1,222300.17840038627,160479.63420268527,160119.44439600687,0,False,0,True,TREND_OPEN|FUNDED_STOP_RISK_BUDGET_0.1|ENTRY_WARNING_CAP_1|PROTECTIVE_INVENTORY_PENDING
2023-02-15,2280987.7599847596,773372.91250390606,2296373.7318900567,1,228098.77599847596,218118.37597730389,218118.37597730389,0,False,0,False,TREND_OPEN|FUNDED_STOP_RISK_BUDGET_0.1|ENTRY_WARNING_CAP_1|RETAIN_ACTUAL_UNITS
2023-02-16,2169225.9073831714,773372.91250390606,2296373.7318900567,1,216922.59073831714,106356.52337571551,106356.52337571551,0,False,0,False,TREND_OPEN|FUNDED_STOP_RISK_BUDGET_0.1|ENTRY_WARNING_CAP_1|RETAIN_ACTUAL_UNITS
2023-02-17,2141340.6331819892,773372.91250390606,2296373.7318900567,1,214134.06331819893,78471.249174533557,78471.249174533557,0,False,0,False,MARKET_WEAK_WARNING|FUNDED_STOP_RISK_BUDGET_0.1|ENTRY_WARNING_CAP_1|RETAIN_ACTUAL_UNITS
2023-02-20,2192468.9669442936,773372.91250390606,2296373.7318900567,1,219246.89669442936,129599.58293683761,129599.58293683761,0,False,0,False,MARKET_WEAK_WARNING|FUNDED_STOP_RISK_BUDGET_0.1|ENTRY_WARNING_CAP_1|RETAIN_ACTUAL_UNITS
2023-02-21,2218415.8603892624,773372.91250390606,2296373.7318900567,1,221841.58603892627,155546.47638180674,155546.47638180674,0,False,0,False,MARKET_WEAK_WARNING|FUNDED_STOP_RISK_BUDGET_0.1|ENTRY_WARNING_CAP_1|RETAIN_ACTUAL_UNITS
2023-02-22,2188541.9630483654,773372.91250390606,2296373.7318900567,1,218854.19630483654,125672.5790409098,125672.5790409098,0,False,0,False,MARKET_WEAK_WARNING|FUNDED_STOP_RISK_BUDGET_0.1|ENTRY_WARNING_CAP_1|RETAIN_ACTUAL_UNITS
2023-02-23,2178240.3127200734,773372.91250390606,2296373.7318900567,1,217824.03127200736,115370.9287126174,115370.9287126174,0,False,0,False,MARKET_WEAK_WARNING|FUNDED_STOP_RISK_BUDGET_0.1|ENTRY_WARNING_CAP_1|RETAIN_ACTUAL_UNITS
2023-02-24,2289881.8524683937,773372.91250390606,2296373.7318900567,1,228988.18524683939,227012.46846093776,227012.46846093776,0,False,0,False,MARKET_WEAK_WARNING|FUNDED_STOP_RISK_BUDGET_0.1|ENTRY_WARNING_CAP_1|RETAIN_ACTUAL_UNITS
2023-02-27,2233770.0076880031,773372.91250390606,2296373.7318900567,1,223377.00076880032,170900.62368054726,170900.62368054726,0,False,0,False,MARKET_WEAK_WARNING|FUNDED_STOP_RISK_BUDGET_0.1|ENTRY_WARNING_CAP_1|RETAIN_ACTUAL_UNITS
2023-02-28,2223981.9082187591,773372.91250390606,2296373.7318900567,1,222398.19082187593,161112.52421130321,161112.52421130321,0,False,0,False,MARKET_WEAK_WARNING|FUNDED_STOP_RISK_BUDGET_0.1|ENTRY_WARNING_CAP_1|RETAIN_ACTUAL_UNITS
2023-03-01,2304588.4796304693,773372.91250390606,2304588.4796304693,1,230458.84796304695,241719.09562301356,229921.99105635611,0,False,0,True,TREND_OPEN|FUNDED_STOP_RISK_BUDGET_0.1|ENTRY_WARNING_CAP_1|PROTECTIVE_INVENTORY_PENDING
2023-03-02,2366263.1499466859,843740.1114772961,2366263.1499466859,1,236626.31499466859,292873.83012764866,235971.20229736395,0,False,0,True,TREND_OPEN|FUNDED_STOP_RISK_BUDGET_0.1|ENTRY_WARNING_CAP_1|PROTECTIVE_INVENTORY_PENDING
2023-03-03,2322654.5963020348,1136834.0497520957,2366263.1499466859,1,232265.45963020349,191934.17400556407,187534.4968891677,0,False,0,True,TREND_OPEN|FUNDED_STOP_RISK_BUDGET_0.1|ENTRY_WARNING_CAP_1|PROTECTIVE_INVENTORY_PENDING
2023-03-06,2297959.7971596853,1136834.0497520957,2366263.1499466859,1,229795.97971596854,167239.37486321438,163402.17656207841,0,False,0,True,TREND_OPEN|FUNDED_STOP_RISK_BUDGET_0.1|ENTRY_WARNING_CAP_1|PROTECTIVE_INVENTORY_PENDING
2023-03-07,2250485.894630339,1136834.0497520957,2366263.1499466859,0,225048.58946303392,117095.5044235597,114199.86722357749,0,False,0,True,CROSS_SECTION_SHOCK|FUNDED_STOP_RISK_BUDGET_0.1|ENTRY_WARNING_CAP_0|PROTECTIVE_INVENTORY_PENDING
2023-03-08,2275825.1375630423,1154766.9401658357,2366263.1499466859,0,227582.51375630425,136381.5072144267,132759.97770759414,0,False,0,True,RECOVERY_WAIT|FUNDED_STOP_RISK_BUDGET_0.1|ENTRY_WARNING_CAP_0|PROTECTIVE_INVENTORY_PENDING
2023-03-09,2281658.1919577476,1180594.9274147355,2366263.1499466859,0,228165.81919577476,116356.73259143057,113681.221194381,0,False,0,True,RECOVERY_WAIT|FUNDED_STOP_RISK_BUDGET_0.1|ENTRY_WARNING_CAP_0|PROTECTIVE_INVENTORY_PENDING
2023-03-10,2280342.6382533489,1180594.9274147355,2366263.1499466859,0.5,228034.2638253349,90079.822379525198,87352.830562481351,0,False,0,True,CONFIRMED_RECOVERY|FUNDED_STOP_RISK_BUDGET_0.1|ENTRY_WARNING_CAP_0.5|PROTECTIVE_INVENTORY_PENDING
2023-03-13,2325425.7556527341,1198629.6129114956,2366263.1499466859,0.5,232542.57556527341,127838.77142603663,124115.08973702483,0,False,0,True,RECOVERY_WAIT|FUNDED_STOP_RISK_BUDGET_0.1|ENTRY_WARNING_CAP_0.5|PROTECTIVE_INVENTORY_PENDING
2023-03-14,2338418.5040586516,1221758.0344783457,2366263.1499466859,0.5,233841.85040586517,107604.0550770531,103979.3637046176,0,False,0,True,RECOVERY_WAIT|FUNDED_STOP_RISK_BUDGET_0.1|ENTRY_WARNING_CAP_0.5|PROTECTIVE_INVENTORY_PENDING
2023-03-15,2312275.5765575995,1225657.1753094657,2366263.1499466859,1,231227.55765575997,103358.38753238221,89430.032098936877,0,False,0,True,CONFIRMED_RECOVERY|FUNDED_STOP_RISK_BUDGET_0.1|ENTRY_WARNING_CAP_1|PROTECTIVE_INVENTORY_PENDING
2023-03-16,2298132.9590925602,1764483.4408826611,2366263.1499466859,1,229813.29590925603,79278.994481778383,76235.296354979349,0,False,0,True,MARKET_WEAK_WARNING|FUNDED_STOP_RISK_BUDGET_0.1|ENTRY_WARNING_CAP_1|PROTECTIVE_INVENTORY_PENDING
2023-03-17,2402299.3664310058,1784967.0689504612,2402299.3664310058,1,240229.93664310058,96833.460841842883,92976.951992437374,0,False,0,True,TREND_OPEN|FUNDED_STOP_RISK_BUDGET_0.1|ENTRY_WARNING_CAP_1|PROTECTIVE_INVENTORY_PENDING
2023-03-20,2461373.3400819814,1809711.0521984613,2461373.3400819814,1,246137.33400819814,100834.66012974935,96656.8277246465,0,False,0,True,TREND_OPEN|FUNDED_STOP_RISK_BUDGET_0.1|ENTRY_WARNING_CAP_1|PROTECTIVE_INVENTORY_PENDING
2023-03-21,2470159.438319236,1809711.0521984613,2470159.438319236,1,247015.94383192362,101617.99024576954,97387.274245989785,0,False,0,True,TREND_OPEN|FUNDED_STOP_RISK_BUDGET_0.1|ENTRY_WARNING_CAP_1|PROTECTIVE_INVENTORY_PENDING
2023-03-22,2578990.4217534391,1836642.0842883813,2578990.4217534391,1,257899.04217534393,116779.88457560405,111741.19921162873,0,False,0,True,TREND_OPEN|FUNDED_STOP_RISK_BUDGET_0.1|ENTRY_WARNING_CAP_1|PROTECTIVE_INVENTORY_PENDING
2023-03-23,2610082.5623013363,1869092.6210286212,2610082.5623013363,1,261008.25623013364,121701.56381005589,116215.8857935984,0,False,0,True,TREND_OPEN|FUNDED_STOP_RISK_BUDGET_0.1|ENTRY_WARNING_CAP_1|PROTECTIVE_INVENTORY_PENDING
2023-03-24,2678414.9855315937,1902419.1745951413,2678414.9855315937,1,267841.49855315936,126547.47960045362,120578.84202780068,0,False,0,True,TREND_OPEN|FUNDED_STOP_RISK_BUDGET_0.1|ENTRY_WARNING_CAP_1|PROTECTIVE_INVENTORY_PENDING
2023-03-27,2692907.7323043291,1902419.1745951413,2692907.7323043291,1,269290.77323043294,134364.96276623913,127996.87392002236,0,False,0,True,TREND_OPEN|FUNDED_STOP_RISK_BUDGET_0.1|ENTRY_WARNING_CAP_1|PROTECTIVE_INVENTORY_PENDING
2023-03-28,2632908.2197103398,1938325.8870600213,2692907.7323043291,1,263290.82197103399,69409.370311454782,65971.790306211391,0,False,0,True,TREND_OPEN|FUNDED_STOP_RISK_BUDGET_0.1|ENTRY_WARNING_CAP_1|PROTECTIVE_INVENTORY_PENDING
2023-03-29,2633325.6706396593,1973139.0751039414,2692907.7323043291,1,263332.56706396595,65972.216294862912,62534.636289619528,0,False,0,True,TREND_OPEN|FUNDED_STOP_RISK_BUDGET_0.1|ENTRY_WARNING_CAP_1|PROTECTIVE_INVENTORY_PENDING
2023-03-30,2648421.1385194855,2007589.0853292213,2692907.7323043291,1,264842.11385194858,77579.227562099943,73315.48890992938,0,False,0,True,TREND_OPEN|FUNDED_STOP_RISK_BUDGET_0.1|ENTRY_WARNING_CAP_1|PROTECTIVE_INVENTORY_PENDING
2023-03-31,2684574.9578557331,2007589.0853292213,2692907.7323043291,1,268457.49578557332,113733.04689834763,107453.91930244079,0,False,0,True,TREND_OPEN|FUNDED_STOP_RISK_BUDGET_0.1|ENTRY_WARNING_CAP_1|PROTECTIVE_INVENTORY_PENDING
2023-04-03,2771947.7740177484,2045468.2125361701,2771947.7740177484,1,277194.77740177483,146522.78046417577,138011.51371500792,0,False,0,True,TREND_OPEN|FUNDED_STOP_RISK_BUDGET_0.1|ENTRY_WARNING_CAP_1|PROTECTIVE_INVENTORY_PENDING
2023-04-04,2787587.8243193384,2045468.2125361701,2787587.8243193384,1,278758.78243193385,156556.2834970986,147418.09570597761,0,False,0,True,TREND_OPEN|FUNDED_STOP_RISK_BUDGET_0.1|ENTRY_WARNING_CAP_1|PROTECTIVE_INVENTORY_PENDING
2023-04-06,2762256.6699551395,2087772.4419601702,2787587.8243193384,1,276225.66699551395,122934.19321447372,115352.01082167766,0,False,0,True,TREND_OPEN|FUNDED_STOP_RISK_BUDGET_0.1|ENTRY_WARNING_CAP_1|PROTECTIVE_INVENTORY_PENDING
2023-04-07,2816088.5262639588,2129567.8233415703,2816088.5262639588,1,281608.85262639588,156199.48859504805,145938.18561372624,0,False,0,True,TREND_OPEN|FUNDED_STOP_RISK_BUDGET_0.1|ENTRY_WARNING_CAP_1|PROTECTIVE_INVENTORY_PENDING
2023-04-10,2764698.0883517321,2174565.9541675705,2816088.5262639588,1,276469.8088351732,94649.616875499589,232884.52129308617,0,False,0,False,TREND_OPEN|FUNDED_STOP_RISK_BUDGET_0.1|ENTRY_WARNING_CAP_1|CASH_FUNDED_SUPPORT_RISK
2023-04-11,2761682.6164130596,1373857.1229853106,2816088.5262639588,1,276168.26164130599,217033.6196127361,276168.26164130599,0,False,0,False,TREND_OPEN|FUNDED_STOP_RISK_BUDGET_0.1|ENTRY_WARNING_CAP_1|CASH_FUNDED_SUPPORT_RISK
2023-04-12,2762679.2079060413,1041101.2919576907,2816088.5262639588,1,276267.92079060414,269893.32969001809,269893.32969001809,0,False,0,False,TREND_OPEN|FUNDED_STOP_RISK_BUDGET_0.1|ENTRY_WARNING_CAP_1|RETAIN_ACTUAL_UNITS
2023-04-13,2642205.8681389652,1041101.2919576907,2816088.5262639588,1,264220.58681389655,149419.98992294201,149419.98992294201,0,False,0,False,TREND_OPEN|FUNDED_STOP_RISK_BUDGET_0.1|ENTRY_WARNING_CAP_1|RETAIN_ACTUAL_UNITS
2023-04-14,2759397.7625721726,1041101.2919576907,2816088.5262639588,1,275939.77625721728,266611.88435614936,266611.88435614936,0,False,0,False,TREND_OPEN|FUNDED_STOP_RISK_BUDGET_0.1|ENTRY_WARNING_CAP_1|RETAIN_ACTUAL_UNITS
2023-04-17,2716962.801293408,1041101.2919576907,2816088.5262639588,1,271696.28012934083,224176.92307738465,224176.92307738465,0,False,0,False,TREND_OPEN|FUNDED_STOP_RISK_BUDGET_0.1|ENTRY_WARNING_CAP_1|RETAIN_ACTUAL_UNITS
2023-04-18,2882136.0518092345,1041101.2919576907,2882136.0518092345,1,288213.60518092348,339166.460439232,286749.34382912435,0,False,0,True,TREND_OPEN|FUNDED_STOP_RISK_BUDGET_0.1|ENTRY_WARNING_CAP_1|PROTECTIVE_INVENTORY_PENDING
2023-04-19,2908390.0996599714,1328073.1297707809,2908390.0996599714,1,290839.00996599713,309339.345609429,286924.11119454232,0,False,0,True,TREND_OPEN|FUNDED_STOP_RISK_BUDGET_0.1|ENTRY_WARNING_CAP_1|PROTECTIVE_INVENTORY_PENDING
2023-04-20,3083172.2804825045,1444283.0475467609,3083172.2804825045,1,308317.22804825049,377831.32504973968,307102.90287543269,0,False,0,True,TREND_OPEN|FUNDED_STOP_RISK_BUDGET_0.1|ENTRY_WARNING_CAP_1|PROTECTIVE_INVENTORY_PENDING
2023-04-21,2972415.4570548558,1739537.2353332369,3083172.2804825045,1,297241.54570548557,201811.0275378635,191062.97681766661,0,False,0,True,TREND_OPEN|FUNDED_STOP_RISK_BUDGET_0.1|ENTRY_WARNING_CAP_1|PROTECTIVE_INVENTORY_PENDING
2023-04-24,2998763.5982920588,1739537.2353332369,3083172.2804825045,1,299876.3598292059,228159.1687750665,216630.18348197272,0,False,0,True,TREND_OPEN|FUNDED_STOP_RISK_BUDGET_0.1|ENTRY_WARNING_CAP_1|PROTECTIVE_INVENTORY_PENDING
2023-04-25,2952239.3431470376,1747217.7641012468,3083172.2804825045,1,295223.93431470374,180413.95661896199,169814.55339339891,0,False,0,True,MARKET_WEAK_WARNING|FUNDED_STOP_RISK_BUDGET_0.1|ENTRY_WARNING_CAP_1|PROTECTIVE_INVENTORY_PENDING
2023-04-26,2909097.1905772267,1804934.9920832568,3083172.2804825045,1,290909.71905772266,126173.11900832955,117901.70397839836,0,False,0,True,MARKET_WEAK_WARNING|FUNDED_STOP_RISK_BUDGET_0.1|ENTRY_WARNING_CAP_1|PROTECTIVE_INVENTORY_PENDING
2023-04-27,2810694.5938141784,1804934.9920832568,3083172.2804825045,1,281069.45938141784,62331.784532296093,43463.716778052323,0,False,0,True,MARKET_WEAK_WARNING|FUNDED_STOP_RISK_BUDGET_0.1|ENTRY_WARNING_CAP_1|PROTECTIVE_INVENTORY_PENDING
2023-04-28,2861132.5174296005,2459738.2049121936,3083172.2804825045,1,286113.25174296007,79985.129350001662,69991.927853994028,0,False,0,True,MARKET_WEAK_WARNING|FUNDED_STOP_RISK_BUDGET_0.1|ENTRY_WARNING_CAP_1|PROTECTIVE_INVENTORY_PENDING
2023-05-04,2836347.170465352,2508527.7525261934,3083172.2804825045,1,283634.71704653522,46371.76561112114,39785.610890858312,0,False,0,True,MARKET_WEAK_WARNING|FUNDED_STOP_RISK_BUDGET_0.1|ENTRY_WARNING_CAP_1|PROTECTIVE_INVENTORY_PENDING
2023-05-05,2801169.434361828,2508527.7525261934,3083172.2804825045,1,280116.9434361828,11194.029507597414,9602.9135446309829,0,False,0,True,MARKET_WEAK_WARNING|FUNDED_STOP_RISK_BUDGET_0.1|ENTRY_WARNING_CAP_1|PROTECTIVE_INVENTORY_PENDING
2023-05-08,2801750.1689895429,2508527.7525261934,3083172.2804825045,1,280175.01689895429,11774.764135311978,10092.756433860077,0,False,0,True,MARKET_WEAK_WARNING|FUNDED_STOP_RISK_BUDGET_0.1|ENTRY_WARNING_CAP_1|PROTECTIVE_INVENTORY_PENDING
2023-05-09,2805271.1502959025,2550065.7166625136,3083172.2804825045,0.25,280527.11502959026,13762.357855842654,11482.341784629585,0,False,0,True,BROAD_TREND_BREAKDOWN|FUNDED_STOP_RISK_BUDGET_0.1|ENTRY_WARNING_CAP_0.25|PROTECTIVE_INVENTORY_PENDING
2023-05-10,2790291.0353646204,2550065.7166625136,3083172.2804825045,0.25,279029.10353646206,4804.5063740421383,0,0,False,0,True,BROAD_TREND_BREAKDOWN|FUNDED_STOP_RISK_BUDGET_0.1|ENTRY_WARNING_CAP_0.25|PROTECTIVE_INVENTORY_PENDING
2023-05-11,2792830.2289567776,2792830.2289567776,3083172.2804825045,0.25,279283.02289567777,0,0,0,False,0,False,BROAD_TREND_BREAKDOWN|FUNDED_STOP_RISK_BUDGET_0.1|ENTRY_WARNING_CAP_0.25|RETAIN_ACTUAL_UNITS
2023-05-12,2792830.2289567776,2792830.2289567776,3083172.2804825045,0.25,279283.02289567777,0,0,0,False,0,False,BROAD_TREND_BREAKDOWN|FUNDED_STOP_RISK_BUDGET_0.1|ENTRY_WARNING_CAP_0.25|RETAIN_ACTUAL_UNITS
2023-05-15,2792830.2289567776,2792830.2289567776,3083172.2804825045,0.25,279283.02289567777,0,0,0,False,0,False,BROAD_TREND_BREAKDOWN|FUNDED_STOP_RISK_BUDGET_0.1|ENTRY_WARNING_CAP_0.25|RETAIN_ACTUAL_UNITS
2023-05-16,2792830.2289567776,2792830.2289567776,3083172.2804825045,0.25,279283.02289567777,0,34910.377861959721,0,False,0,False,RECOVERY_WAIT|FUNDED_STOP_RISK_BUDGET_0.1|ENTRY_WARNING_CAP_0.25|CASH_FUNDED_SUPPORT_RISK
2023-05-17,2792043.9554939382,2527773.5090227718,3083172.2804825045,0.25,279204.39554939384,29909.081917667681,29909.081917667681,0,False,0,False,RECOVERY_WAIT|FUNDED_STOP_RISK_BUDGET_0.1|ENTRY_WARNING_CAP_0.25|RETAIN_ACTUAL_UNITS
2023-05-18,2793188.3201965205,2527773.5090227718,3083172.2804825045,0.25,279318.83201965207,31053.446620249644,65968.300622706156,0,False,0,False,RECOVERY_WAIT|FUNDED_STOP_RISK_BUDGET_0.1|ENTRY_WARNING_CAP_0.25|CASH_FUNDED_SUPPORT_RISK
2023-05-19,2788576.371513783,2402803.2121913917,3083172.2804825045,0.5,278857.63715137832,58189.837321125888,58189.837321125888,0,False,0,False,CONFIRMED_RECOVERY|FUNDED_STOP_RISK_BUDGET_0.1|ENTRY_WARNING_CAP_0.5|RETAIN_ACTUAL_UNITS
2023-05-22,2777186.3017006745,2402803.2121913917,3083172.2804825045,0.5,277718.63017006748,46799.767508017394,46799.767508017394,0,False,0,False,RECOVERY_WAIT|FUNDED_STOP_RISK_BUDGET_0.1|ENTRY_WARNING_CAP_0.5|RETAIN_ACTUAL_UNITS
2023-05-23,2764517.6187449661,2402803.2121913917,3083172.2804825045,0.5,276451.76187449665,34131.084552308785,34131.084552308785,0,False,0,False,RECOVERY_WAIT|FUNDED_STOP_RISK_BUDGET_0.1|ENTRY_WARNING_CAP_0.5|RETAIN_ACTUAL_UNITS
2023-05-24,2768291.1097638318,2402803.2121913917,3083172.2804825045,1,276829.11097638321,37904.575571174631,37904.575571174631,0,False,0,False,CONFIRMED_RECOVERY|FUNDED_STOP_RISK_BUDGET_0.1|ENTRY_WARNING_CAP_1|RETAIN_ACTUAL_UNITS
2023-05-25,2776379.7840814046,2402803.2121913917,3083172.2804825045,1,277637.97840814048,45993.249888747567,45993.249888747567,0,False,0,False,TREND_OPEN|FUNDED_STOP_RISK_BUDGET_0.1|ENTRY_WARNING_CAP_1|RETAIN_ACTUAL_UNITS
2023-05-26,2783312.1636655079,2402803.2121913917,3083172.2804825045,1,278331.21636655083,52925.629472850938,52925.629472850938,0,False,0,False,TREND_OPEN|FUNDED_STOP_RISK_BUDGET_0.1|ENTRY_WARNING_CAP_1|RETAIN_ACTUAL_UNITS
2023-05-29,2796274.1859303806,2402803.2121913917,3083172.2804825045,1,279627.41859303805,65887.651737723427,279627.41859303805,0,False,0,False,TREND_OPEN|FUNDED_STOP_RISK_BUDGET_0.1|ENTRY_WARNING_CAP_1|CASH_FUNDED_SUPPORT_RISK
2023-05-30,2908335.6439711587,1532708.0462513918,3083172.2804825045,1,290833.5643971159,309509.21771737904,279256.98652218742,0,False,0,True,TREND_OPEN|FUNDED_STOP_RISK_BUDGET_0.1|ENTRY_WARNING_CAP_1|PROTECTIVE_INVENTORY_PENDING
2023-05-31,2887748.9458348029,1680922.5104243918,3083172.2804825045,1,288774.89458348032,254154.60207197495,242243.87597080562,0,False,0,True,TREND_OPEN|FUNDED_STOP_RISK_BUDGET_0.1|ENTRY_WARNING_CAP_1|PROTECTIVE_INVENTORY_PENDING
2023-06-01,2893391.3010946945,1680922.5104243918,3083172.2804825045,1,289339.13010946946,257835.16484785842,243208.98037135648,0,False,0,True,TREND_OPEN|FUNDED_STOP_RISK_BUDGET_0.1|ENTRY_WARNING_CAP_1|PROTECTIVE_INVENTORY_PENDING
2023-06-02,2881779.4776719278,1784917.0819541917,3083172.2804825045,1,288177.94776719279,227294.13742325277,214248.04160264603,0,False,0,True,TREND_OPEN|FUNDED_STOP_RISK_BUDGET_0.1|ENTRY_WARNING_CAP_1|PROTECTIVE_INVENTORY_PENDING
2023-06-05,2930098.0289947093,1872718.3128341916,3083172.2804825045,1,293009.80289947096,243492.53729210625,235194.85204116837,0,False,0,True,TREND_OPEN|FUNDED_STOP_RISK_BUDGET_0.1|ENTRY_WARNING_CAP_1|PROTECTIVE_INVENTORY_PENDING
2023-06-06,2895099.1740073143,1913558.7209627423,3083172.2804825045,1,289509.91740073141,200360.92309758195,198170.41423053425,0,False,0,True,MARKET_WEAK_WARNING|FUNDED_STOP_RISK_BUDGET_0.1|ENTRY_WARNING_CAP_1|PROTECTIVE_INVENTORY_PENDING
2023-06-07,2902622.866919653,1913558.7209627423,3083172.2804825045,1,290262.2866919653,200891.12062075984,196499.42587798901,0,False,0,True,MARKET_WEAK_WARNING|FUNDED_STOP_RISK_BUDGET_0.1|ENTRY_WARNING_CAP_1|PROTECTIVE_INVENTORY_PENDING
2023-06-08,2889451.3528912687,1924142.4055788424,3083172.2804825045,1,288945.13528912689,185755.85530645627,183702.2262653604,0,False,0,True,MARKET_WEAK_WARNING|FUNDED_STOP_RISK_BUDGET_0.1|ENTRY_WARNING_CAP_1|PROTECTIVE_INVENTORY_PENDING
2023-06-09,2968428.8187390706,1924142.4055788424,3083172.2804825045,1,296842.88187390706,242396.77736199426,237048.79841671669,0,False,0,True,TREND_OPEN|FUNDED_STOP_RISK_BUDGET_0.1|ENTRY_WARNING_CAP_1|PROTECTIVE_INVENTORY_PENDING
2023-06-12,3025770.5417996068,1947130.3642092424,3083172.2804825045,1,302577.05417996069,238769.85066354493,302577.05417996069,0,False,0,False,TREND_OPEN|FUNDED_STOP_RISK_BUDGET_0.1|ENTRY_WARNING_CAP_1|CASH_FUNDED_SUPPORT_RISK
2023-06-13,3029539.3638251489,1670782.5324492424,3083172.2804825045,1,302953.93638251489,301224.48852070537,301224.48852070537,0,False,0,False,TREND_OPEN|FUNDED_STOP_RISK_BUDGET_0.1|ENTRY_WARNING_CAP_1|RETAIN_ACTUAL_UNITS
2023-06-14,3121299.1507810168,1670782.5324492424,3121299.1507810168,1,312129.91507810168,315429.05679372745,309794.67332080664,0,False,0,True,TREND_OPEN|FUNDED_STOP_RISK_BUDGET_0.1|ENTRY_WARNING_CAP_1|PROTECTIVE_INVENTORY_PENDING
2023-06-15,3181159.9248122168,1697502.0433920424,3181159.9248122168,1,318115.99248122168,300556.43087435118,297825.88215251412,0,False,0,True,TREND_OPEN|FUNDED_STOP_RISK_BUDGET_0.1|ENTRY_WARNING_CAP_1|PROTECTIVE_INVENTORY_PENDING
2023-06-16,3406876.154770351,1711104.6508133924,3406876.154770351,1,340687.61547703511,323077.19124935113,320124.14217836491,0,False,0,True,TREND_OPEN|FUNDED_STOP_RISK_BUDGET_0.1|ENTRY_WARNING_CAP_1|PROTECTIVE_INVENTORY_PENDING
2023-06-19,3462574.6887513991,1726876.8906904825,3462574.6887513991,1,346257.46887513995,328119.66897550441,325094.80898597022,0,False,0,True,TREND_OPEN|FUNDED_STOP_RISK_BUDGET_0.1|ENTRY_WARNING_CAP_1|PROTECTIVE_INVENTORY_PENDING
2023-06-20,3572005.240064959,1742840.7448414925,3572005.240064959,1,357200.52400649595,338984.56214482163,357200.52400649595,0,False,0,False,TREND_OPEN|FUNDED_STOP_RISK_BUDGET_0.1|ENTRY_WARNING_CAP_1|CASH_FUNDED_SUPPORT_RISK
2023-06-21,3453557.4638158507,1664822.5453822925,3572005.240064959,0,345355.74638158508,236311.32574528831,236311.32574528831,0,False,0,False,CROSS_SECTION_SHOCK|FUNDED_STOP_RISK_BUDGET_0.1|ENTRY_WARNING_CAP_0|RETAIN_ACTUAL_UNITS
2023-06-26,3316824.9844070622,1664822.5453822925,3572005.240064959,0,331682.49844070623,99578.846336499686,99578.846336499686,0,False,0,False,RECOVERY_WAIT|FUNDED_STOP_RISK_BUDGET_0.1|ENTRY_WARNING_CAP_0|RETAIN_ACTUAL_UNITS
2023-06-27,3305262.4152584272,1664822.5453822925,3572005.240064959,0,330526.24152584275,90354.762368077296,89132.2077878852,0,False,0,True,ACCUMULATED_MARKET_SHOCK|FUNDED_STOP_RISK_BUDGET_0.1|ENTRY_WARNING_CAP_0|PROTECTIVE_INVENTORY_PENDING
2023-06-28,3245802.3545298688,1723702.6049210681,3572005.240064959,0,324580.2354529869,31919.816530155735,31919.816530155735,0,False,0,False,RECOVERY_WAIT|FUNDED_STOP_RISK_BUDGET_0.1|ENTRY_WARNING_CAP_0|RETAIN_ACTUAL_UNITS
2023-06-29,3311891.7417118847,1723702.6049210681,3572005.240064959,0,331189.1741711885,98009.203712171802,98009.203712171802,0,False,0,False,RECOVERY_WAIT|FUNDED_STOP_RISK_BUDGET_0.1|ENTRY_WARNING_CAP_0|RETAIN_ACTUAL_UNITS
2023-06-30,3305760.2084445939,1723702.6049210681,3572005.240064959,0,330576.02084445942,91877.670444881122,91877.670444881122,0,False,0,False,RECOVERY_WAIT|FUNDED_STOP_RISK_BUDGET_0.1|ENTRY_WARNING_CAP_0|RETAIN_ACTUAL_UNITS
2023-07-03,3289867.0301746512,1723702.6049210681,3572005.240064959,0,328986.70301746513,75984.492174938612,75984.492174938612,0,False,0,False,RECOVERY_WAIT|FUNDED_STOP_RISK_BUDGET_0.1|ENTRY_WARNING_CAP_0|RETAIN_ACTUAL_UNITS
2023-07-04,3295556.2389027597,1723702.6049210681,3572005.240064959,0,329555.62389027601,81673.700903046702,81673.700903046702,0,False,0,False,RECOVERY_WAIT|FUNDED_STOP_RISK_BUDGET_0.1|ENTRY_WARNING_CAP_0|RETAIN_ACTUAL_UNITS
2023-07-05,3212719.5295130685,1723702.6049210681,3572005.240064959,0,321271.95295130688,29780.338491840015,0,0,False,0,True,RECOVERY_WAIT|FUNDED_STOP_RISK_BUDGET_0.1|ENTRY_WARNING_CAP_0|PROTECTIVE_INVENTORY_PENDING
2023-07-06,3207377.8719904404,3207377.8719904404,3572005.240064959,0,320737.78719904408,0,0,0,False,0,False,RECOVERY_WAIT|FUNDED_STOP_RISK_BUDGET_0.1|ENTRY_WARNING_CAP_0|RETAIN_ACTUAL_UNITS
2023-07-07,3207377.8719904404,3207377.8719904404,3572005.240064959,0,320737.78719904408,0,0,0,False,0,False,RECOVERY_WAIT|FUNDED_STOP_RISK_BUDGET_0.1|ENTRY_WARNING_CAP_0|RETAIN_ACTUAL_UNITS
2023-07-10,3207377.8719904404,3207377.8719904404,3572005.240064959,0,320737.78719904408,0,0,0,False,0,False,RECOVERY_WAIT|FUNDED_STOP_RISK_BUDGET_0.1|ENTRY_WARNING_CAP_0|RETAIN_ACTUAL_UNITS
2023-07-11,3207377.8719904404,3207377.8719904404,3572005.240064959,0,320737.78719904408,0,0,0,False,0,False,RECOVERY_WAIT|FUNDED_STOP_RISK_BUDGET_0.1|ENTRY_WARNING_CAP_0|RETAIN_ACTUAL_UNITS
2023-07-12,3207377.8719904404,3207377.8719904404,3572005.240064959,0,320737.78719904408,0,0,0,False,0,False,RECOVERY_WAIT|FUNDED_STOP_RISK_BUDGET_0.1|ENTRY_WARNING_CAP_0|RETAIN_ACTUAL_UNITS
2023-07-13,3207377.8719904404,3207377.8719904404,3572005.240064959,0,320737.78719904408,0,0,0,False,0,False,RECOVERY_WAIT|FUNDED_STOP_RISK_BUDGET_0.1|ENTRY_WARNING_CAP_0|RETAIN_ACTUAL_UNITS
2023-07-14,3207377.8719904404,3207377.8719904404,3572005.240064959,0,320737.78719904408,0,0,0,False,0,False,RECOVERY_WAIT|FUNDED_STOP_RISK_BUDGET_0.1|ENTRY_WARNING_CAP_0|RETAIN_ACTUAL_UNITS
2023-07-17,3207377.8719904404,3207377.8719904404,3572005.240064959,0,320737.78719904408,0,0,0,False,0,False,RECOVERY_WAIT|FUNDED_STOP_RISK_BUDGET_0.1|ENTRY_WARNING_CAP_0|RETAIN_ACTUAL_UNITS
2023-07-18,3207377.8719904404,3207377.8719904404,3572005.240064959,0,320737.78719904408,0,0,0,False,0,False,RECOVERY_WAIT|FUNDED_STOP_RISK_BUDGET_0.1|ENTRY_WARNING_CAP_0|RETAIN_ACTUAL_UNITS
2023-07-19,3207377.8719904404,3207377.8719904404,3572005.240064959,0,320737.78719904408,0,0,0,False,0,False,RECOVERY_WAIT|FUNDED_STOP_RISK_BUDGET_0.1|ENTRY_WARNING_CAP_0|RETAIN_ACTUAL_UNITS
2023-07-20,3207377.8719904404,3207377.8719904404,3572005.240064959,0,320737.78719904408,0,0,0,False,0,False,RECOVERY_WAIT|FUNDED_STOP_RISK_BUDGET_0.1|ENTRY_WARNING_CAP_0|RETAIN_ACTUAL_UNITS
2023-07-21,3207377.8719904404,3207377.8719904404,3572005.240064959,0,320737.78719904408,0,0,0,False,0,False,RECOVERY_WAIT|FUNDED_STOP_RISK_BUDGET_0.1|ENTRY_WARNING_CAP_0|RETAIN_ACTUAL_UNITS
2023-07-24,3207377.8719904404,3207377.8719904404,3572005.240064959,0,320737.78719904408,0,0,0,False,0,False,RECOVERY_WAIT|FUNDED_STOP_RISK_BUDGET_0.1|ENTRY_WARNING_CAP_0|RETAIN_ACTUAL_UNITS
2023-07-25,3207377.8719904404,3207377.8719904404,3572005.240064959,0,320737.78719904408,0,0,0,False,0,False,RECOVERY_WAIT|FUNDED_STOP_RISK_BUDGET_0.1|ENTRY_WARNING_CAP_0|RETAIN_ACTUAL_UNITS
2023-07-26,3207377.8719904404,3207377.8719904404,3572005.240064959,0,320737.78719904408,0,0,0,False,0,False,RECOVERY_WAIT|FUNDED_STOP_RISK_BUDGET_0.1|ENTRY_WARNING_CAP_0|RETAIN_ACTUAL_UNITS
2023-07-27,3207377.8719904404,3207377.8719904404,3572005.240064959,0,320737.78719904408,0,0,0,False,0,False,RECOVERY_WAIT|FUNDED_STOP_RISK_BUDGET_0.1|ENTRY_WARNING_CAP_0|RETAIN_ACTUAL_UNITS
2023-07-28,3207377.8719904404,3207377.8719904404,3572005.240064959,0,320737.78719904408,0,0,0,False,0,False,RECOVERY_WAIT|FUNDED_STOP_RISK_BUDGET_0.1|ENTRY_WARNING_CAP_0|RETAIN_ACTUAL_UNITS
2023-07-31,3207377.8719904404,3207377.8719904404,3572005.240064959,0,320737.78719904408,0,0,0,False,0,False,RECOVERY_WAIT|FUNDED_STOP_RISK_BUDGET_0.1|ENTRY_WARNING_CAP_0|RETAIN_ACTUAL_UNITS
2023-08-01,3207377.8719904404,3207377.8719904404,3572005.240064959,0,320737.78719904408,0,0,0,False,0,False,RECOVERY_WAIT|FUNDED_STOP_RISK_BUDGET_0.1|ENTRY_WARNING_CAP_0|RETAIN_ACTUAL_UNITS
2023-08-02,3207377.8719904404,3207377.8719904404,3572005.240064959,0,320737.78719904408,0,0,0,False,0,False,RECOVERY_WAIT|FUNDED_STOP_RISK_BUDGET_0.1|ENTRY_WARNING_CAP_0|RETAIN_ACTUAL_UNITS
2023-08-03,3207377.8719904404,3207377.8719904404,3572005.240064959,0,320737.78719904408,0,0,0,False,0,False,RECOVERY_WAIT|FUNDED_STOP_RISK_BUDGET_0.1|ENTRY_WARNING_CAP_0|RETAIN_ACTUAL_UNITS
2023-08-04,3207377.8719904404,3207377.8719904404,3572005.240064959,0.5,320737.78719904408,0,0,0,False,0,False,CONFIRMED_RECOVERY|FUNDED_STOP_RISK_BUDGET_0.1|ENTRY_WARNING_CAP_0.5|RETAIN_ACTUAL_UNITS
2023-08-07,3207377.8719904404,3207377.8719904404,3572005.240064959,0.5,320737.78719904408,0,0,0,False,0,False,RECOVERY_WAIT|FUNDED_STOP_RISK_BUDGET_0.1|ENTRY_WARNING_CAP_0.5|RETAIN_ACTUAL_UNITS
2023-08-08,3207377.8719904404,3207377.8719904404,3572005.240064959,0.5,320737.78719904408,0,0,0,False,0,False,RECOVERY_WAIT|FUNDED_STOP_RISK_BUDGET_0.1|ENTRY_WARNING_CAP_0.5|RETAIN_ACTUAL_UNITS
2023-08-09,3207377.8719904404,3207377.8719904404,3572005.240064959,0.5,320737.78719904408,0,0,0,False,0,False,RECOVERY_WAIT|FUNDED_STOP_RISK_BUDGET_0.1|ENTRY_WARNING_CAP_0.5|RETAIN_ACTUAL_UNITS
2023-08-10,3207377.8719904404,3207377.8719904404,3572005.240064959,0.5,320737.78719904408,0,0,0,False,0,False,RECOVERY_WAIT|FUNDED_STOP_RISK_BUDGET_0.1|ENTRY_WARNING_CAP_0.5|RETAIN_ACTUAL_UNITS
2023-08-11,3207377.8719904404,3207377.8719904404,3572005.240064959,0.5,320737.78719904408,0,0,0,False,0,False,RECOVERY_WAIT|FUNDED_STOP_RISK_BUDGET_0.1|ENTRY_WARNING_CAP_0.5|RETAIN_ACTUAL_UNITS
2023-08-14,3207377.8719904404,3207377.8719904404,3572005.240064959,0.5,320737.78719904408,0,0,0,False,0,False,RECOVERY_WAIT|FUNDED_STOP_RISK_BUDGET_0.1|ENTRY_WARNING_CAP_0.5|RETAIN_ACTUAL_UNITS
2023-08-15,3207377.8719904404,3207377.8719904404,3572005.240064959,0,320737.78719904408,0,0,0,False,0,False,ACCUMULATED_MARKET_SHOCK|FUNDED_STOP_RISK_BUDGET_0.1|ENTRY_WARNING_CAP_0|RETAIN_ACTUAL_UNITS
2023-08-16,3207377.8719904404,3207377.8719904404,3572005.240064959,0,320737.78719904408,0,0,0,False,0,False,RECOVERY_WAIT|FUNDED_STOP_RISK_BUDGET_0.1|ENTRY_WARNING_CAP_0|RETAIN_ACTUAL_UNITS
2023-08-17,3207377.8719904404,3207377.8719904404,3572005.240064959,0,320737.78719904408,0,0,0,False,0,False,RECOVERY_WAIT|FUNDED_STOP_RISK_BUDGET_0.1|ENTRY_WARNING_CAP_0|RETAIN_ACTUAL_UNITS
2023-08-18,3207377.8719904404,3207377.8719904404,3572005.240064959,0,320737.78719904408,0,0,0,False,0,False,RECOVERY_WAIT|FUNDED_STOP_RISK_BUDGET_0.1|ENTRY_WARNING_CAP_0|RETAIN_ACTUAL_UNITS
2023-08-21,3207377.8719904404,3207377.8719904404,3572005.240064959,0,320737.78719904408,0,0,0,False,0,False,RECOVERY_WAIT|FUNDED_STOP_RISK_BUDGET_0.1|ENTRY_WARNING_CAP_0|RETAIN_ACTUAL_UNITS
2023-08-22,3207377.8719904404,3207377.8719904404,3572005.240064959,0,320737.78719904408,0,0,0,False,0,False,RECOVERY_WAIT|FUNDED_STOP_RISK_BUDGET_0.1|ENTRY_WARNING_CAP_0|RETAIN_ACTUAL_UNITS
2023-08-23,3207377.8719904404,3207377.8719904404,3572005.240064959,0,320737.78719904408,0,0,0,False,0,False,CROSS_SECTION_SHOCK|FUNDED_STOP_RISK_BUDGET_0.1|ENTRY_WARNING_CAP_0|RETAIN_ACTUAL_UNITS
2023-08-24,3207377.8719904404,3207377.8719904404,3572005.240064959,0,320737.78719904408,0,0,0,False,0,False,RECOVERY_WAIT|FUNDED_STOP_RISK_BUDGET_0.1|ENTRY_WARNING_CAP_0|RETAIN_ACTUAL_UNITS
2023-08-25,3207377.8719904404,3207377.8719904404,3572005.240064959,0,320737.78719904408,0,0,0,False,0,False,ACCUMULATED_MARKET_SHOCK|FUNDED_STOP_RISK_BUDGET_0.1|ENTRY_WARNING_CAP_0|RETAIN_ACTUAL_UNITS
2023-08-28,3207377.8719904404,3207377.8719904404,3572005.240064959,0,320737.78719904408,0,0,0,False,0,False,RECOVERY_WAIT|FUNDED_STOP_RISK_BUDGET_0.1|ENTRY_WARNING_CAP_0|RETAIN_ACTUAL_UNITS
2023-08-29,3207377.8719904404,3207377.8719904404,3572005.240064959,0,320737.78719904408,0,0,0,False,0,False,RECOVERY_WAIT|FUNDED_STOP_RISK_BUDGET_0.1|ENTRY_WARNING_CAP_0|RETAIN_ACTUAL_UNITS
2023-08-30,3207377.8719904404,3207377.8719904404,3572005.240064959,0,320737.78719904408,0,0,0,False,0,False,RECOVERY_WAIT|FUNDED_STOP_RISK_BUDGET_0.1|ENTRY_WARNING_CAP_0|RETAIN_ACTUAL_UNITS
2023-08-31,3207377.8719904404,3207377.8719904404,3572005.240064959,0.5,320737.78719904408,0,0,0,False,0,False,CONFIRMED_RECOVERY|FUNDED_STOP_RISK_BUDGET_0.1|ENTRY_WARNING_CAP_0.5|RETAIN_ACTUAL_UNITS
2023-09-01,3207377.8719904404,3207377.8719904404,3572005.240064959,0.5,320737.78719904408,0,160368.89359952204,0,False,0,False,RECOVERY_WAIT|FUNDED_STOP_RISK_BUDGET_0.1|ENTRY_WARNING_CAP_0.5|CASH_FUNDED_SUPPORT_RISK
2023-09-04,3205272.9457188803,2123390.9060577694,3572005.240064959,0.5,320527.29457188805,155822.76113108677,155822.76113108677,0,False,0,False,RECOVERY_WAIT|FUNDED_STOP_RISK_BUDGET_0.1|ENTRY_WARNING_CAP_0.5|RETAIN_ACTUAL_UNITS
2023-09-05,3180605.9602578543,2123390.9060577694,3572005.240064959,1,318060.59602578543,130943.13898669752,130943.13898669752,0,False,0,False,CONFIRMED_RECOVERY|FUNDED_STOP_RISK_BUDGET_0.1|ENTRY_WARNING_CAP_1|RETAIN_ACTUAL_UNITS
2023-09-06,3221131.6317081675,2123390.9060577694,3572005.240064959,1,322113.16317081678,168159.31128825748,320518.40284225129,0,False,0,False,TREND_OPEN|FUNDED_STOP_RISK_BUDGET_0.1|ENTRY_WARNING_CAP_1|CASH_FUNDED_SUPPORT_RISK
2023-09-07,3146643.0421462883,1222454.9215892497,3572005.240064959,1,314664.30421462888,206086.98670979106,206086.98670979106,0,False,0,False,TREND_OPEN|FUNDED_STOP_RISK_BUDGET_0.1|ENTRY_WARNING_CAP_1|RETAIN_ACTUAL_UNITS
2023-09-08,3127572.3279065648,1222454.9215892497,3572005.240064959,1,312757.2327906565,186427.72000050882,186427.72000050882,0,False,0,False,TREND_OPEN|FUNDED_STOP_RISK_BUDGET_0.1|ENTRY_WARNING_CAP_1|RETAIN_ACTUAL_UNITS
2023-09-11,3144849.1950960038,1222454.9215892497,3572005.240064959,1,314484.91950960038,203275.78467641183,203275.78467641183,0,False,0,False,TREND_OPEN|FUNDED_STOP_RISK_BUDGET_0.1|ENTRY_WARNING_CAP_1|RETAIN_ACTUAL_UNITS
2023-09-12,3130060.8370912848,1222454.9215892497,3572005.240064959,1,313006.08370912849,186094.99898508194,186094.99898508194,0,False,0,False,TREND_OPEN|FUNDED_STOP_RISK_BUDGET_0.1|ENTRY_WARNING_CAP_1|RETAIN_ACTUAL_UNITS
2023-09-13,3132085.3069807831,1222454.9215892497,3572005.240064959,1,313208.53069807834,178616.82272526619,178616.82272526619,0,False,0,False,MARKET_WEAK_WARNING|FUNDED_STOP_RISK_BUDGET_0.1|ENTRY_WARNING_CAP_1|RETAIN_ACTUAL_UNITS
2023-09-14,3083734.4115125295,1222454.9215892497,3572005.240064959,1,308373.44115125295,126520.24793293545,126520.24793293545,0,False,0,False,MARKET_WEAK_WARNING|FUNDED_STOP_RISK_BUDGET_0.1|ENTRY_WARNING_CAP_1|RETAIN_ACTUAL_UNITS
2023-09-15,3124392.7838186026,1222454.9215892497,3572005.240064959,1,312439.27838186029,162022.92924310407,162022.92924310407,0,False,0,False,MARKET_WEAK_WARNING|FUNDED_STOP_RISK_BUDGET_0.1|ENTRY_WARNING_CAP_1|RETAIN_ACTUAL_UNITS
2023-09-18,3052245.3308458901,1222454.9215892497,3572005.240064959,1,305224.533084589,89875.476270391664,0,0,False,0,True,MARKET_WEAK_WARNING|FUNDED_STOP_RISK_BUDGET_0.1|ENTRY_WARNING_CAP_1|PROTECTIVE_INVENTORY_PENDING
2023-09-19,3048009.4975238941,2447536.7971420349,3572005.240064959,1,304800.9497523894,18982.876258678149,0,0,False,0,True,MARKET_WEAK_WARNING|FUNDED_STOP_RISK_BUDGET_0.1|ENTRY_WARNING_CAP_1|PROTECTIVE_INVENTORY_PENDING
2023-09-20,3044636.5594826201,3044636.5594826201,3572005.240064959,1,304463.65594826202,0,152231.82797413101,0,False,0,False,MARKET_WEAK_WARNING|FUNDED_STOP_RISK_BUDGET_0.1|ENTRY_WARNING_CAP_1|CASH_FUNDED_SUPPORT_RISK
2023-09-21,3036058.5687274858,2387235.6061635101,3572005.240064959,1,303605.85687274858,77938.970860161731,229741.89929653602,0,False,0,False,MARKET_WEAK_WARNING|FUNDED_STOP_RISK_BUDGET_0.1|ENTRY_WARNING_CAP_1|CASH_FUNDED_SUPPORT_RISK
2023-09-22,3172154.0027920115,1375019.4562725639,3572005.240064959,1,317215.40027920116,282781.6527227686,282781.6527227686,0,False,0,False,TREND_OPEN|FUNDED_STOP_RISK_BUDGET_0.1|ENTRY_WARNING_CAP_1|RETAIN_ACTUAL_UNITS
2023-09-25,3137659.9332343489,1375019.4562725639,3572005.240064959,1,313765.9933234349,239422.232379205,239422.232379205,0,False,0,False,TREND_OPEN|FUNDED_STOP_RISK_BUDGET_0.1|ENTRY_WARNING_CAP_1|RETAIN_ACTUAL_UNITS
2023-09-26,3101432.5100988336,1375019.4562725639,3572005.240064959,1,310143.25100988336,199933.57661425642,199933.57661425642,0,False,0,False,TREND_OPEN|FUNDED_STOP_RISK_BUDGET_0.1|ENTRY_WARNING_CAP_1|RETAIN_ACTUAL_UNITS
2023-09-27,3068171.1819929075,1375019.4562725639,3572005.240064959,1,306817.11819929077,164961.39312711556,164961.39312711556,0,False,0,False,TREND_OPEN|FUNDED_STOP_RISK_BUDGET_0.1|ENTRY_WARNING_CAP_1|RETAIN_ACTUAL_UNITS
2023-09-28,3075285.1731645814,1375019.4562725639,3572005.240064959,1,307528.51731645816,143709.99652884033,143709.99652884033,0,False,0,False,TREND_OPEN|FUNDED_STOP_RISK_BUDGET_0.1|ENTRY_WARNING_CAP_1|RETAIN_ACTUAL_UNITS
2023-10-09,3055244.1755892928,1375019.4562725639,3572005.240064959,1,305524.4175589293,115772.68109414684,115772.68109414684,0,False,0,False,TREND_OPEN|FUNDED_STOP_RISK_BUDGET_0.1|ENTRY_WARNING_CAP_1|RETAIN_ACTUAL_UNITS
2023-10-10,3049228.5685714018,1375019.4562725639,3572005.240064959,1,304922.8568571402,109143.50883718059,109143.50883718059,0,False,0,False,TREND_OPEN|FUNDED_STOP_RISK_BUDGET_0.1|ENTRY_WARNING_CAP_1|RETAIN_ACTUAL_UNITS
2023-10-11,3067103.8300179616,1375019.4562725639,3572005.240064959,1,306710.38300179614,127018.77028374028,127018.77028374028,0,False,0,False,TREND_OPEN|FUNDED_STOP_RISK_BUDGET_0.1|ENTRY_WARNING_CAP_1|RETAIN_ACTUAL_UNITS
2023-10-12,3152389.7636786597,1375019.4562725639,3572005.240064959,1,315238.97636786598,177041.37566605789,254415.24690959658,0,False,0,False,TREND_OPEN|FUNDED_STOP_RISK_BUDGET_0.1|ENTRY_WARNING_CAP_1|CASH_FUNDED_SUPPORT_RISK
2023-10-13,3118065.635270725,775919.86534752871,3572005.240064959,1,311806.56352707249,202944.60721434589,183721.82905133889,0,False,0,True,TREND_OPEN|FUNDED_STOP_RISK_BUDGET_0.1|ENTRY_WARNING_CAP_1|PROTECTIVE_INVENTORY_PENDING
2023-10-16,3054734.9698448423,1408109.5531042684,3572005.240064959,1,305473.49698448426,125678.66335151892,278415.41184376105,0,False,0,False,MARKET_WEAK_WARNING|FUNDED_STOP_RISK_BUDGET_0.1|ENTRY_WARNING_CAP_1|CASH_FUNDED_SUPPORT_RISK
2023-10-17,3154147.9776170729,30771.44378970121,3572005.240064959,1,315414.79776170733,320627.46832903224,313477.11867575481,0,False,0,True,MARKET_WEAK_WARNING|FUNDED_STOP_RISK_BUDGET_0.1|ENTRY_WARNING_CAP_1|PROTECTIVE_INVENTORY_PENDING
2023-10-18,3090939.8193707932,30771.44378970121,3572005.240064959,1,309093.98193707934,257419.31008275208,251672.79548746266,0,False,0,True,MARKET_WEAK_WARNING|FUNDED_STOP_RISK_BUDGET_0.1|ENTRY_WARNING_CAP_1|PROTECTIVE_INVENTORY_PENDING
2023-10-19,3083990.5729388678,30771.44378970121,3572005.240064959,1,308399.05729388678,250470.06365082707,244884.53373674263,0,False,0,True,MARKET_WEAK_WARNING|FUNDED_STOP_RISK_BUDGET_0.1|ENTRY_WARNING_CAP_1|PROTECTIVE_INVENTORY_PENDING
2023-10-20,3008388.097847051,30771.44378970121,3572005.240064959,1,300838.80978470511,174867.58855901015,170943.94481082197,0,False,0,True,MARKET_WEAK_WARNING|FUNDED_STOP_RISK_BUDGET_0.1|ENTRY_WARNING_CAP_1|PROTECTIVE_INVENTORY_PENDING
2023-10-23,2982221.8858903525,30771.44378970121,3572005.240064959,1,298222.18858903524,148701.376602312,145369.73506753281,0,False,0,True,MARKET_WEAK_WARNING|FUNDED_STOP_RISK_BUDGET_0.1|ENTRY_WARNING_CAP_1|PROTECTIVE_INVENTORY_PENDING
2023-10-24,3167704.8187752129,96950.813214661219,3572005.240064959,1,316770.48187752132,330317.58316891186,316760.96035538404,0,False,0,True,MARKET_WEAK_WARNING|FUNDED_STOP_RISK_BUDGET_0.1|ENTRY_WARNING_CAP_1|PROTECTIVE_INVENTORY_PENDING
2023-10-25,3143425.3291453943,223613.47049913,3572005.240064959,1,314342.53291453945,291835.18742871168,284886.48662335624,0,False,0,True,MARKET_WEAK_WARNING|FUNDED_STOP_RISK_BUDGET_0.1|ENTRY_WARNING_CAP_1|PROTECTIVE_INVENTORY_PENDING
2023-10-26,3149013.2650475791,223613.47049913,3572005.240064959,1,314901.32650475792,297423.12333089695,290346.49407135451,0,False,0,True,MARKET_WEAK_WARNING|FUNDED_STOP_RISK_BUDGET_0.1|ENTRY_WARNING_CAP_1|PROTECTIVE_INVENTORY_PENDING
2023-10-27,3179893.4355577989,259550.13785912999,3572005.240064959,1,317989.34355577989,325189.55839506688,315784.08425501804,0,False,0,True,MARKET_WEAK_WARNING|FUNDED_STOP_RISK_BUDGET_0.1|ENTRY_WARNING_CAP_1|PROTECTIVE_INVENTORY_PENDING
2023-10-30,3246070.1338275387,306503.81949001679,3572005.240064959,1,324607.01338275388,386702.97389071406,324589.34327521478,0,False,0,True,TREND_OPEN|FUNDED_STOP_RISK_BUDGET_0.1|ENTRY_WARNING_CAP_1|PROTECTIVE_INVENTORY_PENDING
2023-10-31,3291729.1994036939,777755.21412826073,3572005.240064959,1,329172.91994036944,364859.04929523752,329159.92750487104,0,False,0,True,TREND_OPEN|FUNDED_STOP_RISK_BUDGET_0.1|ENTRY_WARNING_CAP_1|PROTECTIVE_INVENTORY_PENDING
2023-11-01,3215145.3719207384,1018590.0811173287,3572005.240064959,1,321514.53719207388,257436.26698137762,249133.20835576722,0,False,0,True,TREND_OPEN|FUNDED_STOP_RISK_BUDGET_0.1|ENTRY_WARNING_CAP_1|PROTECTIVE_INVENTORY_PENDING
2023-11-02,3166746.7378337309,1052330.6188053286,3572005.240064959,1,316674.67378337309,202250.46781902839,195591.24724478857,0,False,0,True,MARKET_WEAK_WARNING|FUNDED_STOP_RISK_BUDGET_0.1|ENTRY_WARNING_CAP_1|PROTECTIVE_INVENTORY_PENDING
2023-11-03,3176028.4557186347,1085490.1803710086,3572005.240064959,1,317602.84557186347,192347.93031722825,185944.33804348193,0,False,0,True,TREND_OPEN|FUNDED_STOP_RISK_BUDGET_0.1|ENTRY_WARNING_CAP_1|PROTECTIVE_INVENTORY_PENDING
2023-11-06,3154766.700255488,1155373.8415729918,3572005.240064959,1,315476.67002554884,162007.83723957237,156464.94832679056,0,False,0,True,TREND_OPEN|FUNDED_STOP_RISK_BUDGET_0.1|ENTRY_WARNING_CAP_1|PROTECTIVE_INVENTORY_PENDING
2023-11-07,3135654.1496444363,1155373.8415729918,3572005.240064959,1,313565.41496444365,142895.28662852073,137905.25573831899,0,False,0,True,TREND_OPEN|FUNDED_STOP_RISK_BUDGET_0.1|ENTRY_WARNING_CAP_1|PROTECTIVE_INVENTORY_PENDING
2023-11-08,3209244.1254587462,1223950.9453738413,3572005.240064959,1,320924.41254587466,192101.22852216172,185170.26707893761,0,False,0,True,TREND_OPEN|FUNDED_STOP_RISK_BUDGET_0.1|ENTRY_WARNING_CAP_1|PROTECTIVE_INVENTORY_PENDING
2023-11-09,3175248.9793140152,1223950.9453738413,3572005.240064959,1,317524.89793140156,109522.76756236915,105580.79255395834,0,False,0,True,TREND_OPEN|FUNDED_STOP_RISK_BUDGET_0.1|ENTRY_WARNING_CAP_1|PROTECTIVE_INVENTORY_PENDING
2023-11-10,3184563.4462307636,1257695.4760248812,3572005.240064959,1,318456.34462307638,116535.51840254592,112227.7676310103,0,False,0,True,TREND_OPEN|FUNDED_STOP_RISK_BUDGET_0.1|ENTRY_WARNING_CAP_1|PROTECTIVE_INVENTORY_PENDING
2023-11-13,3218862.6459753299,1328111.3792352811,3572005.240064959,1,321886.26459753304,146031.98492681648,140496.51599999086,0,False,0,True,TREND_OPEN|FUNDED_STOP_RISK_BUDGET_0.1|ENTRY_WARNING_CAP_1|PROTECTIVE_INVENTORY_PENDING
2023-11-14,3221204.8329625134,1328111.3792352811,3572005.240064959,1,322120.48329625139,148374.17191400006,142682.61051964169,0,False,0,True,TREND_OPEN|FUNDED_STOP_RISK_BUDGET_0.1|ENTRY_WARNING_CAP_1|PROTECTIVE_INVENTORY_PENDING
2023-11-15,3166949.4722965341,1400045.3570814512,3572005.240064959,1,316694.94722965342,87946.039848872664,84443.820728647232,0,False,0,True,TREND_OPEN|FUNDED_STOP_RISK_BUDGET_0.1|ENTRY_WARNING_CAP_1|PROTECTIVE_INVENTORY_PENDING
2023-11-16,3123004.4332473213,1400045.3570814512,3572005.240064959,1,312300.44332473213,55132.468217093701,34402.069954221726,0,False,0,True,MARKET_WEAK_WARNING|FUNDED_STOP_RISK_BUDGET_0.1|ENTRY_WARNING_CAP_1|PROTECTIVE_INVENTORY_PENDING
2023-11-17,3128095.3793259789,2351063.6083291387,3572005.240064959,1,312809.53793259792,48904.534243844049,46782.039623416793,0,False,0,True,TREND_OPEN|FUNDED_STOP_RISK_BUDGET_0.1|ENTRY_WARNING_CAP_1|PROTECTIVE_INVENTORY_PENDING
2023-11-20,3115436.8854901325,2384484.7089739386,3572005.240064959,1,311543.68854901328,34269.400837558074,32722.535464472559,0,False,0,True,TREND_OPEN|FUNDED_STOP_RISK_BUDGET_0.1|ENTRY_WARNING_CAP_1|PROTECTIVE_INVENTORY_PENDING
2023-11-21,3102203.2261471269,2384484.7089739386,3572005.240064959,1,310220.3226147127,14354.370343463763,0,0,False,0,True,MARKET_WEAK_WARNING|FUNDED_STOP_RISK_BUDGET_0.1|ENTRY_WARNING_CAP_1|PROTECTIVE_INVENTORY_PENDING
2023-11-22,3099515.4835084588,3099515.4835084588,3572005.240064959,1,309951.54835084587,0,309951.54835084587,0,False,0,False,MARKET_WEAK_WARNING|FUNDED_STOP_RISK_BUDGET_0.1|ENTRY_WARNING_CAP_1|CASH_FUNDED_SUPPORT_RISK
2023-11-23,3058299.6313034524,1601626.0894570085,3572005.240064959,1,305829.96313034528,259922.97760266368,259922.97760266368,0,False,0,False,MARKET_WEAK_WARNING|FUNDED_STOP_RISK_BUDGET_0.1|ENTRY_WARNING_CAP_1|RETAIN_ACTUAL_UNITS
2023-11-24,2970134.1643214668,1601626.0894570085,3572005.240064959,1,297013.41643214668,171757.51062067802,171757.51062067802,0,False,0,False,MARKET_WEAK_WARNING|FUNDED_STOP_RISK_BUDGET_0.1|ENTRY_WARNING_CAP_1|RETAIN_ACTUAL_UNITS
2023-11-27,2991153.5505545731,1601626.0894570085,3572005.240064959,1,299115.35505545733,192776.89685378419,192776.89685378419,0,False,0,False,MARKET_WEAK_WARNING|FUNDED_STOP_RISK_BUDGET_0.1|ENTRY_WARNING_CAP_1|RETAIN_ACTUAL_UNITS
2023-11-28,3019129.2144003506,1601626.0894570085,3572005.240064959,1,301912.92144003505,220752.56069956184,220752.56069956184,0,False,0,False,MARKET_WEAK_WARNING|FUNDED_STOP_RISK_BUDGET_0.1|ENTRY_WARNING_CAP_1|RETAIN_ACTUAL_UNITS
2023-11-29,3000389.1835020431,1601626.0894570085,3572005.240064959,1,300038.9183502043,202012.52980125442,202012.52980125442,0,False,0,False,MARKET_WEAK_WARNING|FUNDED_STOP_RISK_BUDGET_0.1|ENTRY_WARNING_CAP_1|RETAIN_ACTUAL_UNITS
2023-11-30,2965884.6524610179,1601626.0894570085,3572005.240064959,1,296588.46524610178,167507.99876022915,167507.99876022915,0,False,0,False,MARKET_WEAK_WARNING|FUNDED_STOP_RISK_BUDGET_0.1|ENTRY_WARNING_CAP_1|RETAIN_ACTUAL_UNITS
2023-12-01,3000683.7268363023,1601626.0894570085,3572005.240064959,1,300068.37268363027,202307.07313551361,202307.07313551361,0,False,0,False,TREND_OPEN|FUNDED_STOP_RISK_BUDGET_0.1|ENTRY_WARNING_CAP_1|RETAIN_ACTUAL_UNITS
2023-12-04,3001492.0058279722,1601626.0894570085,3572005.240064959,1,300149.20058279723,203115.35212718346,203115.35212718346,0,False,0,False,TREND_OPEN|FUNDED_STOP_RISK_BUDGET_0.1|ENTRY_WARNING_CAP_1|RETAIN_ACTUAL_UNITS
2023-12-05,2939806.4201264633,1601626.0894570085,3572005.240064959,1,293980.64201264636,141429.76642567446,141429.76642567446,0,False,0,False,MARKET_WEAK_WARNING|FUNDED_STOP_RISK_BUDGET_0.1|ENTRY_WARNING_CAP_1|RETAIN_ACTUAL_UNITS
2023-12-06,2928186.6254351991,1601626.0894570085,3572005.240064959,1,292818.66254351992,129809.97173441046,129809.97173441046,0,False,0,False,MARKET_WEAK_WARNING|FUNDED_STOP_RISK_BUDGET_0.1|ENTRY_WARNING_CAP_1|RETAIN_ACTUAL_UNITS
2023-12-07,2926629.0572939417,1601626.0894570085,3572005.240064959,1,292662.90572939417,128252.40359315295,128252.40359315295,0,False,0,False,MARKET_WEAK_WARNING|FUNDED_STOP_RISK_BUDGET_0.1|ENTRY_WARNING_CAP_1|RETAIN_ACTUAL_UNITS
2023-12-08,3007403.5580507615,1601626.0894570085,3572005.240064959,1,300740.35580507613,209026.90434997267,209026.90434997267,0,False,0,False,TREND_OPEN|FUNDED_STOP_RISK_BUDGET_0.1|ENTRY_WARNING_CAP_1|RETAIN_ACTUAL_UNITS
2023-12-11,2981482.8189036082,1601626.0894570085,3572005.240064959,1,298148.28189036081,181467.69447197212,181467.69447197212,0,False,0,False,TREND_OPEN|FUNDED_STOP_RISK_BUDGET_0.1|ENTRY_WARNING_CAP_1|RETAIN_ACTUAL_UNITS
2023-12-12,2967352.0749546452,1601626.0894570085,3572005.240064959,1,296735.20749546454,107487.6015363972,107487.6015363972,0,False,0,False,TREND_OPEN|FUNDED_STOP_RISK_BUDGET_0.1|ENTRY_WARNING_CAP_1|RETAIN_ACTUAL_UNITS
2023-12-13,2956333.7579945298,1601626.0894570085,3572005.240064959,1,295633.375799453,55665.870338842717,55665.870338842717,0,False,0,False,TREND_OPEN|FUNDED_STOP_RISK_BUDGET_0.1|ENTRY_WARNING_CAP_1|RETAIN_ACTUAL_UNITS
2023-12-14,2926328.8202281334,1601626.0894570085,3572005.240064959,1,292632.88202281337,36843.994554320925,0,0,False,0,True,MARKET_WEAK_WARNING|FUNDED_STOP_RISK_BUDGET_0.1|ENTRY_WARNING_CAP_1|PROTECTIVE_INVENTORY_PENDING
2023-12-15,2925239.2416206473,2925239.2416206473,3572005.240064959,1,292523.92416206474,0,292523.92416206474,0,False,0,False,MARKET_WEAK_WARNING|FUNDED_STOP_RISK_BUDGET_0.1|ENTRY_WARNING_CAP_1|CASH_FUNDED_SUPPORT_RISK
2023-12-18,2959199.5719676171,981402.58545924735,3572005.240064959,1,295919.95719676174,294091.33775342838,294091.33775342838,0,False,0,False,MARKET_WEAK_WARNING|FUNDED_STOP_RISK_BUDGET_0.1|ENTRY_WARNING_CAP_1|RETAIN_ACTUAL_UNITS
2023-12-19,2953715.3760686349,981402.58545924735,3572005.240064959,1,295371.53760686348,288539.46465188405,288539.46465188405,0,False,0,False,MARKET_WEAK_WARNING|FUNDED_STOP_RISK_BUDGET_0.1|ENTRY_WARNING_CAP_1|RETAIN_ACTUAL_UNITS
2023-12-20,2861152.8202807438,981402.58545924735,3572005.240064959,0.5,286115.28202807438,195615.31923887436,195615.31923887436,0,False,0,False,PORTFOLIO_WARNING|FUNDED_STOP_RISK_BUDGET_0.1|ENTRY_WARNING_CAP_0.5|RETAIN_ACTUAL_UNITS
2023-12-21,2937474.3169100923,981402.58545924735,3572005.240064959,0.5,293747.43169100926,271936.81586822285,271936.81586822285,0,False,0,False,RECOVERY_WAIT|FUNDED_STOP_RISK_BUDGET_0.1|ENTRY_WARNING_CAP_0.5|RETAIN_ACTUAL_UNITS
2023-12-22,2893940.8422941938,981402.58545924735,3572005.240064959,0.5,289394.08422941942,228403.34125232475,228403.34125232475,0,False,0,False,RECOVERY_WAIT|FUNDED_STOP_RISK_BUDGET_0.1|ENTRY_WARNING_CAP_0.5|RETAIN_ACTUAL_UNITS
2023-12-25,2901894.5249572205,981402.58545924735,3572005.240064959,0.5,290189.45249572204,236357.02391535114,236357.02391535114,0,False,0,False,RECOVERY_WAIT|FUNDED_STOP_RISK_BUDGET_0.1|ENTRY_WARNING_CAP_0.5|RETAIN_ACTUAL_UNITS
2023-12-26,2834912.6331768641,981402.58545924735,3572005.240064959,0.5,283491.26331768645,169375.13213499487,169375.13213499487,0,False,0,False,PORTFOLIO_WARNING|FUNDED_STOP_RISK_BUDGET_0.1|ENTRY_WARNING_CAP_0.5|RETAIN_ACTUAL_UNITS
2023-12-27,2828343.9565451439,981402.58545924735,3572005.240064959,0.5,282834.39565451437,162806.45550327445,162806.45550327445,0,False,0,False,RECOVERY_WAIT|FUNDED_STOP_RISK_BUDGET_0.1|ENTRY_WARNING_CAP_0.5|RETAIN_ACTUAL_UNITS
2023-12-28,2865870.1587794269,981402.58545924735,3572005.240064959,0.5,286587.01587794273,200332.65773755746,200332.65773755746,0,False,0,False,RECOVERY_WAIT|FUNDED_STOP_RISK_BUDGET_0.1|ENTRY_WARNING_CAP_0.5|RETAIN_ACTUAL_UNITS
2023-12-29,2901876.1838193554,981402.58545924735,3572005.240064959,0.5,290187.61838193558,210250.73255171705,210250.73255171705,0,False,0,False,RECOVERY_WAIT|FUNDED_STOP_RISK_BUDGET_0.1|ENTRY_WARNING_CAP_0.5|RETAIN_ACTUAL_UNITS
2024-01-02,2864754.7513979836,981402.58545924735,3572005.240064959,0.5,286475.47513979836,166838.5430159907,166838.5430159907,0,False,0,False,RECOVERY_WAIT|FUNDED_STOP_RISK_BUDGET_0.1|ENTRY_WARNING_CAP_0.5|RETAIN_ACTUAL_UNITS
2024-01-03,2793561.9630175731,981402.58545924735,3572005.240064959,0.5,279356.1963017573,95645.754635580088,55722.650571734739,0,False,0,True,RECOVERY_WAIT|FUNDED_STOP_RISK_BUDGET_0.1|ENTRY_WARNING_CAP_0.5|PROTECTIVE_INVENTORY_PENDING
2024-01-04,2780242.2916899482,1920885.4121116027,3572005.240064959,0.5,278024.22916899482,46648.598356262257,46648.598356262257,0,False,0,False,RECOVERY_WAIT|FUNDED_STOP_RISK_BUDGET_0.1|ENTRY_WARNING_CAP_0.5|RETAIN_ACTUAL_UNITS
2024-01-05,2748505.247737831,1920885.4121116027,3572005.240064959,0.5,274850.52477378311,16552.396712524569,0,0,False,0,True,RECOVERY_WAIT|FUNDED_STOP_RISK_BUDGET_0.1|ENTRY_WARNING_CAP_0.5|PROTECTIVE_INVENTORY_PENDING
2024-01-08,2749843.828073597,2749843.828073597,3572005.240064959,0.5,274984.38280735974,0,0,0,False,0,False,RECOVERY_WAIT|FUNDED_STOP_RISK_BUDGET_0.1|ENTRY_WARNING_CAP_0.5|RETAIN_ACTUAL_UNITS
2024-01-09,2749843.828073597,2749843.828073597,3572005.240064959,0.5,274984.38280735974,0,0,0,False,0,False,RECOVERY_WAIT|FUNDED_STOP_RISK_BUDGET_0.1|ENTRY_WARNING_CAP_0.5|RETAIN_ACTUAL_UNITS
2024-01-10,2749843.828073597,2749843.828073597,3572005.240064959,0.5,274984.38280735974,0,0,0,False,0,False,RECOVERY_WAIT|FUNDED_STOP_RISK_BUDGET_0.1|ENTRY_WARNING_CAP_0.5|RETAIN_ACTUAL_UNITS
2024-01-11,2749843.828073597,2749843.828073597,3572005.240064959,0.5,274984.38280735974,0,0,0,False,0,False,RECOVERY_WAIT|FUNDED_STOP_RISK_BUDGET_0.1|ENTRY_WARNING_CAP_0.5|RETAIN_ACTUAL_UNITS
2024-01-12,2749843.828073597,2749843.828073597,3572005.240064959,0.5,274984.38280735974,0,0,0,False,0,False,RECOVERY_WAIT|FUNDED_STOP_RISK_BUDGET_0.1|ENTRY_WARNING_CAP_0.5|RETAIN_ACTUAL_UNITS
2024-01-15,2749843.828073597,2749843.828073597,3572005.240064959,0.5,274984.38280735974,0,0,0,False,0,False,RECOVERY_WAIT|FUNDED_STOP_RISK_BUDGET_0.1|ENTRY_WARNING_CAP_0.5|RETAIN_ACTUAL_UNITS
2024-01-16,2749843.828073597,2749843.828073597,3572005.240064959,0.5,274984.38280735974,0,0,0,False,0,False,RECOVERY_WAIT|FUNDED_STOP_RISK_BUDGET_0.1|ENTRY_WARNING_CAP_0.5|RETAIN_ACTUAL_UNITS
2024-01-17,2749843.828073597,2749843.828073597,3572005.240064959,0.25,274984.38280735974,0,0,0,False,0,False,BROAD_TREND_BREAKDOWN|FUNDED_STOP_RISK_BUDGET_0.1|ENTRY_WARNING_CAP_0.25|RETAIN_ACTUAL_UNITS
2024-01-18,2749843.828073597,2749843.828073597,3572005.240064959,0.25,274984.38280735974,0,0,0,False,0,False,RECOVERY_WAIT|FUNDED_STOP_RISK_BUDGET_0.1|ENTRY_WARNING_CAP_0.25|RETAIN_ACTUAL_UNITS
2024-01-19,2749843.828073597,2749843.828073597,3572005.240064959,0.25,274984.38280735974,0,0,0,False,0,False,RECOVERY_WAIT|FUNDED_STOP_RISK_BUDGET_0.1|ENTRY_WARNING_CAP_0.25|RETAIN_ACTUAL_UNITS
2024-01-22,2749843.828073597,2749843.828073597,3572005.240064959,0.25,274984.38280735974,0,0,0,False,0,False,RECOVERY_WAIT|FUNDED_STOP_RISK_BUDGET_0.1|ENTRY_WARNING_CAP_0.25|RETAIN_ACTUAL_UNITS
2024-01-23,2749843.828073597,2749843.828073597,3572005.240064959,0.25,274984.38280735974,0,0,0,False,0,False,RECOVERY_WAIT|FUNDED_STOP_RISK_BUDGET_0.1|ENTRY_WARNING_CAP_0.25|RETAIN_ACTUAL_UNITS
2024-01-24,2749843.828073597,2749843.828073597,3572005.240064959,0.25,274984.38280735974,0,34373.047850919967,0,False,0,False,RECOVERY_WAIT|FUNDED_STOP_RISK_BUDGET_0.1|ENTRY_WARNING_CAP_0.25|CASH_FUNDED_SUPPORT_RISK
2024-01-25,2759317.1323631015,2546007.264342797,3572005.240064959,0.25,275931.71323631017,35301.773604060909,35301.773604060909,0,False,0,False,RECOVERY_WAIT|FUNDED_STOP_RISK_BUDGET_0.1|ENTRY_WARNING_CAP_0.25|RETAIN_ACTUAL_UNITS
2024-01-26,2748776.4420077717,2546007.264342797,3572005.240064959,0.25,274877.64420077717,24761.083248730956,59120.788773828099,0,False,0,False,RECOVERY_WAIT|FUNDED_STOP_RISK_BUDGET_0.1|ENTRY_WARNING_CAP_0.25|CASH_FUNDED_SUPPORT_RISK
2024-01-29,2694497.0003853329,2285503.374937037,3572005.240064959,0,269449.70003853331,8540.2046492665504,0,0,False,0,True,PORTFOLIO_DRAWDOWN_SHOCK|FUNDED_STOP_RISK_BUDGET_0.1|ENTRY_WARNING_CAP_0|PROTECTIVE_INVENTORY_PENDING
2024-01-30,2690501.8504676213,2690501.8504676213,3572005.240064959,0,269050.18504676217,0,0,0,False,0,False,ACCUMULATED_MARKET_SHOCK|FUNDED_STOP_RISK_BUDGET_0.1|ENTRY_WARNING_CAP_0|RETAIN_ACTUAL_UNITS
2024-01-31,2690501.8504676213,2690501.8504676213,3572005.240064959,0,269050.18504676217,0,0,0,False,0,False,ACCUMULATED_MARKET_SHOCK|FUNDED_STOP_RISK_BUDGET_0.1|ENTRY_WARNING_CAP_0|RETAIN_ACTUAL_UNITS
2024-02-01,2690501.8504676213,2690501.8504676213,3572005.240064959,0,269050.18504676217,0,0,0,False,0,False,RECOVERY_WAIT|FUNDED_STOP_RISK_BUDGET_0.1|ENTRY_WARNING_CAP_0|RETAIN_ACTUAL_UNITS
2024-02-02,2690501.8504676213,2690501.8504676213,3572005.240064959,0,269050.18504676217,0,0,0,False,0,False,RECOVERY_WAIT|FUNDED_STOP_RISK_BUDGET_0.1|ENTRY_WARNING_CAP_0|RETAIN_ACTUAL_UNITS
2024-02-05,2690501.8504676213,2690501.8504676213,3572005.240064959,0,269050.18504676217,0,0,0,False,0,False,RECOVERY_WAIT|FUNDED_STOP_RISK_BUDGET_0.1|ENTRY_WARNING_CAP_0|RETAIN_ACTUAL_UNITS
2024-02-06,2690501.8504676213,2690501.8504676213,3572005.240064959,0,269050.18504676217,0,0,0,False,0,False,RECOVERY_WAIT|FUNDED_STOP_RISK_BUDGET_0.1|ENTRY_WARNING_CAP_0|RETAIN_ACTUAL_UNITS
2024-02-07,2690501.8504676213,2690501.8504676213,3572005.240064959,0,269050.18504676217,0,0,0,False,0,False,RECOVERY_WAIT|FUNDED_STOP_RISK_BUDGET_0.1|ENTRY_WARNING_CAP_0|RETAIN_ACTUAL_UNITS
2024-02-08,2690501.8504676213,2690501.8504676213,3572005.240064959,0.5,269050.18504676217,0,67262.546261690557,0,False,0,False,CONFIRMED_RECOVERY|FUNDED_STOP_RISK_BUDGET_0.1|ENTRY_WARNING_CAP_0.5|CASH_FUNDED_SUPPORT_RISK
2024-02-19,2730957.0514758453,2389823.3943896214,3572005.240064959,0.5,273095.70514758455,74290.767591674929,136547.85257379228,0,False,0,False,RECOVERY_WAIT|FUNDED_STOP_RISK_BUDGET_0.1|ENTRY_WARNING_CAP_0.5|CASH_FUNDED_SUPPORT_RISK
2024-02-20,2728386.5932435626,2122156.4890838214,3572005.240064959,0.5,272838.6593243563,124712.72469653995,136419.32966217815,0,False,0,False,RECOVERY_WAIT|FUNDED_STOP_RISK_BUDGET_0.1|ENTRY_WARNING_CAP_0.5|CASH_FUNDED_SUPPORT_RISK
2024-02-21,2700259.8409043038,2053562.2713429725,3572005.240064959,1,270025.98409043037,106502.68072861177,106502.68072861177,0,False,0,False,CONFIRMED_RECOVERY|FUNDED_STOP_RISK_BUDGET_0.1|ENTRY_WARNING_CAP_1|RETAIN_ACTUAL_UNITS
2024-02-22,2706134.4628035882,2053562.2713429725,3572005.240064959,1,270613.44628035882,112377.30262789593,112377.30262789593,0,False,0,False,TREND_OPEN|FUNDED_STOP_RISK_BUDGET_0.1|ENTRY_WARNING_CAP_1|RETAIN_ACTUAL_UNITS
2024-02-23,2684161.4582293634,2053562.2713429725,3572005.240064959,1,268416.14582293638,90404.29805367114,90404.29805367114,0,False,0,False,TREND_OPEN|FUNDED_STOP_RISK_BUDGET_0.1|ENTRY_WARNING_CAP_1|RETAIN_ACTUAL_UNITS
2024-02-26,2682698.1797713554,2053562.2713429725,3572005.240064959,1,268269.81797713554,88941.019595662947,88941.019595662947,0,False,0,False,TREND_OPEN|FUNDED_STOP_RISK_BUDGET_0.1|ENTRY_WARNING_CAP_1|RETAIN_ACTUAL_UNITS
2024-02-27,2756281.95669581,2053562.2713429725,3572005.240064959,1,275628.19566958101,159601.85896676226,275628.19566958101,0,False,0,False,TREND_OPEN|FUNDED_STOP_RISK_BUDGET_0.1|ENTRY_WARNING_CAP_1|CASH_FUNDED_SUPPORT_RISK
2024-02-28,2684852.9401860675,1566362.0452103526,3572005.240064959,1,268485.29401860677,197612.18070566951,197612.18070566951,0,False,0,False,TREND_OPEN|FUNDED_STOP_RISK_BUDGET_0.1|ENTRY_WARNING_CAP_1|RETAIN_ACTUAL_UNITS
2024-02-29,2785100.8025558135,1566362.0452103526,3572005.240064959,1,278510.08025558136,297860.04307541548,274840.16726857325,0,False,0,True,TREND_OPEN|FUNDED_STOP_RISK_BUDGET_0.1|ENTRY_WARNING_CAP_1|PROTECTIVE_INVENTORY_PENDING
2024-03-01,2793470.2885322068,1650978.2336560125,3572005.240064959,1,279347.02885322069,285373.41308164265,275349.34344040341,0,False,0,True,TREND_OPEN|FUNDED_STOP_RISK_BUDGET_0.1|ENTRY_WARNING_CAP_1|PROTECTIVE_INVENTORY_PENDING
2024-03-04,2831827.3861805378,1696180.0222953325,3572005.240064959,1,283182.73861805379,283763.90034161758,277343.65831867961,0,False,0,True,TREND_OPEN|FUNDED_STOP_RISK_BUDGET_0.1|ENTRY_WARNING_CAP_1|PROTECTIVE_INVENTORY_PENDING
2024-03-05,2782998.9828078551,1696180.0222953325,3572005.240064959,1,278299.89828078554,233132.92354178213,227344.33677102346,0,False,0,True,TREND_OPEN|FUNDED_STOP_RISK_BUDGET_0.1|ENTRY_WARNING_CAP_1|PROTECTIVE_INVENTORY_PENDING
2024-03-06,2781676.3061672058,1713149.3609653325,3572005.240064959,1,278167.63061672059,229261.96148571078,223872.60484079699,0,False,0,True,TREND_OPEN|FUNDED_STOP_RISK_BUDGET_0.1|ENTRY_WARNING_CAP_1|PROTECTIVE_INVENTORY_PENDING
2024-03-07,2762869.7283278261,1743619.2822735924,3572005.240064959,1,276286.9728327826,205031.44542340856,201870.35025921071,0,False,0,True,TREND_OPEN|FUNDED_STOP_RISK_BUDGET_0.1|ENTRY_WARNING_CAP_1|PROTECTIVE_INVENTORY_PENDING
2024-03-08,2838864.4219174897,1761604.1475628077,3572005.240064959,1,283886.442191749,264160.74904720444,260657.11220823586,0,False,0,True,TREND_OPEN|FUNDED_STOP_RISK_BUDGET_0.1|ENTRY_WARNING_CAP_1|PROTECTIVE_INVENTORY_PENDING
2024-03-11,2807041.8221327267,1761604.1475628077,3572005.240064959,1,280704.18221327267,232338.14926244115,229253.456994115,0,False,0,True,TREND_OPEN|FUNDED_STOP_RISK_BUDGET_0.1|ENTRY_WARNING_CAP_1|PROTECTIVE_INVENTORY_PENDING
2024-03-12,2773357.3755549071,1761604.1475628077,3572005.240064959,1,277335.73755549075,195787.10063945089,193184.74182649743,0,False,0,True,TREND_OPEN|FUNDED_STOP_RISK_BUDGET_0.1|ENTRY_WARNING_CAP_1|PROTECTIVE_INVENTORY_PENDING
2024-03-13,2793965.5142740798,1775478.1656518076,3572005.240064959,1,279396.55142740801,204697.33238735999,201941.87309684747,0,False,0,True,TREND_OPEN|FUNDED_STOP_RISK_BUDGET_0.1|ENTRY_WARNING_CAP_1|PROTECTIVE_INVENTORY_PENDING
2024-03-14,2868612.0721066338,1775478.1656518076,3572005.240064959,1,286861.20721066342,260029.75326898176,253045.72916095925,0,False,0,True,TREND_OPEN|FUNDED_STOP_RISK_BUDGET_0.1|ENTRY_WARNING_CAP_1|PROTECTIVE_INVENTORY_PENDING
2024-03-15,2937523.7609802275,1804786.5143654076,3572005.240064959,1,293752.37609802274,251788.1140185899,293752.37609802274,0,False,0,False,TREND_OPEN|FUNDED_STOP_RISK_BUDGET_0.1|ENTRY_WARNING_CAP_1|CASH_FUNDED_SUPPORT_RISK
2024-03-18,2983153.2096186113,1607913.7157429077,3572005.240064959,1,298315.32096186111,274562.57691884658,274562.57691884658,0,False,0,False,TREND_OPEN|FUNDED_STOP_RISK_BUDGET_0.1|ENTRY_WARNING_CAP_1|RETAIN_ACTUAL_UNITS
2024-03-19,2980736.4468373833,1607913.7157429077,3572005.240064959,1,298073.64468373836,271208.76756095182,271208.76756095182,0,False,0,False,TREND_OPEN|FUNDED_STOP_RISK_BUDGET_0.1|ENTRY_WARNING_CAP_1|RETAIN_ACTUAL_UNITS
2024-03-20,2973642.6933405381,1607913.7157429077,3572005.240064959,1,297364.2693340538,264115.01406410616,264115.01406410616,0,False,0,False,TREND_OPEN|FUNDED_STOP_RISK_BUDGET_0.1|ENTRY_WARNING_CAP_1|RETAIN_ACTUAL_UNITS
2024-03-21,2960085.3627103865,1607913.7157429077,3572005.240064959,1,296008.53627103864,250557.68343395524,250557.68343395524,0,False,0,False,TREND_OPEN|FUNDED_STOP_RISK_BUDGET_0.1|ENTRY_WARNING_CAP_1|RETAIN_ACTUAL_UNITS
2024-03-22,2965695.3126101717,1607913.7157429077,3572005.240064959,1,296569.5312610172,255154.61233534076,255154.61233534076,0,False,0,False,TREND_OPEN|FUNDED_STOP_RISK_BUDGET_0.1|ENTRY_WARNING_CAP_1|RETAIN_ACTUAL_UNITS
2024-03-25,2927993.9291872927,1607913.7157429077,3572005.240064959,0,292799.39291872928,216493.33477533699,216493.33477533699,0,False,0,False,CROSS_SECTION_SHOCK|FUNDED_STOP_RISK_BUDGET_0.1|ENTRY_WARNING_CAP_0|RETAIN_ACTUAL_UNITS
2024-03-26,2898067.9930839213,1607913.7157429077,3572005.240064959,0,289806.79930839216,182963.98007746213,182963.98007746213,0,False,0,False,RECOVERY_WAIT|FUNDED_STOP_RISK_BUDGET_0.1|ENTRY_WARNING_CAP_0|RETAIN_ACTUAL_UNITS
2024-03-27,2872273.2969649355,1607913.7157429077,3572005.240064959,0,287227.32969649357,156158.2600204935,156158.2600204935,0,False,0,False,CROSS_SECTION_SHOCK|FUNDED_STOP_RISK_BUDGET_0.1|ENTRY_WARNING_CAP_0|RETAIN_ACTUAL_UNITS
2024-03-28,2878965.9067255678,1607913.7157429077,3572005.240064959,0,287896.59067255678,143046.69225321012,143046.69225321012,0,False,0,False,RECOVERY_WAIT|FUNDED_STOP_RISK_BUDGET_0.1|ENTRY_WARNING_CAP_0|RETAIN_ACTUAL_UNITS
2024-03-29,2876949.8637333559,1607913.7157429077,3572005.240064959,0,287694.98637333559,138978.71505505883,138978.71505505883,0,False,0,False,RECOVERY_WAIT|FUNDED_STOP_RISK_BUDGET_0.1|ENTRY_WARNING_CAP_0|RETAIN_ACTUAL_UNITS
2024-04-01,2973794.1450891905,1607913.7157429077,3572005.240064959,0,297379.41450891906,235029.4360323236,235029.4360323236,0,False,0,False,RECOVERY_WAIT|FUNDED_STOP_RISK_BUDGET_0.1|ENTRY_WARNING_CAP_0|RETAIN_ACTUAL_UNITS
2024-04-02,2957118.6719618039,1607913.7157429077,3572005.240064959,0,295711.86719618039,218353.96290493716,218353.96290493716,0,False,0,False,RECOVERY_WAIT|FUNDED_STOP_RISK_BUDGET_0.1|ENTRY_WARNING_CAP_0|RETAIN_ACTUAL_UNITS
2024-04-03,2893880.5283133872,1607913.7157429077,3572005.240064959,0,289388.05283133872,156414.7295027732,156414.7295027732,0,False,0,False,RECOVERY_WAIT|FUNDED_STOP_RISK_BUDGET_0.1|ENTRY_WARNING_CAP_0|RETAIN_ACTUAL_UNITS
2024-04-08,2950223.848012052,1607913.7157429077,3572005.240064959,0,295022.38480120519,211459.13895518522,211459.13895518522,0,False,0,False,RECOVERY_WAIT|FUNDED_STOP_RISK_BUDGET_0.1|ENTRY_WARNING_CAP_0|RETAIN_ACTUAL_UNITS
2024-04-09,2922451.4784734054,1607913.7157429077,3572005.240064959,0,292245.14784734056,173884.76904218929,173884.76904218929,0,False,0,False,RECOVERY_WAIT|FUNDED_STOP_RISK_BUDGET_0.1|ENTRY_WARNING_CAP_0|RETAIN_ACTUAL_UNITS
2024-04-10,2848491.5196767049,1607913.7157429077,3572005.240064959,0,284849.15196767048,99924.810245488567,99924.810245488567,0,False,0,False,RECOVERY_WAIT|FUNDED_STOP_RISK_BUDGET_0.1|ENTRY_WARNING_CAP_0|RETAIN_ACTUAL_UNITS
2024-04-11,2875337.1748777614,1607913.7157429077,3572005.240064959,0,287533.71748777613,126770.46544654506,126770.46544654506,0,False,0,False,RECOVERY_WAIT|FUNDED_STOP_RISK_BUDGET_0.1|ENTRY_WARNING_CAP_0|RETAIN_ACTUAL_UNITS
2024-04-12,3015093.979581615,1607913.7157429077,3572005.240064959,0,301509.39795816148,246902.72013466756,246902.72013466756,0,False,0,False,RECOVERY_WAIT|FUNDED_STOP_RISK_BUDGET_0.1|ENTRY_WARNING_CAP_0|RETAIN_ACTUAL_UNITS
2024-04-15,2997693.8701497894,1607913.7157429077,3572005.240064959,0,299769.38701497897,156860.9517440878,156860.9517440878,0,False,0,False,RECOVERY_WAIT|FUNDED_STOP_RISK_BUDGET_0.1|ENTRY_WARNING_CAP_0|RETAIN_ACTUAL_UNITS
2024-04-16,3002193.4739541779,1607913.7157429077,3572005.240064959,0,300219.3473954178,159634.41711777358,159634.41711777358,0,False,0,False,RECOVERY_WAIT|FUNDED_STOP_RISK_BUDGET_0.1|ENTRY_WARNING_CAP_0|RETAIN_ACTUAL_UNITS
2024-04-17,3050224.1317218728,1607913.7157429077,3572005.240064959,0,305022.41317218728,207665.07488546838,207665.07488546838,0,False,0,False,RECOVERY_WAIT|FUNDED_STOP_RISK_BUDGET_0.1|ENTRY_WARNING_CAP_0|RETAIN_ACTUAL_UNITS
2024-04-18,3023387.968890015,1607913.7157429077,3572005.240064959,0,302338.7968890015,180828.91205361058,180828.91205361058,0,False,0,False,RECOVERY_WAIT|FUNDED_STOP_RISK_BUDGET_0.1|ENTRY_WARNING_CAP_0|RETAIN_ACTUAL_UNITS
2024-04-19,2976946.3132814616,1607913.7157429077,3572005.240064959,0,297694.63132814615,134387.25644505752,134387.25644505752,0,False,0,False,RECOVERY_WAIT|FUNDED_STOP_RISK_BUDGET_0.1|ENTRY_WARNING_CAP_0|RETAIN_ACTUAL_UNITS
2024-04-22,2905390.578923637,1607913.7157429077,3572005.240064959,0,290539.05789236369,62831.522087232566,58174.974968099676,0,False,0,True,RECOVERY_WAIT|FUNDED_STOP_RISK_BUDGET_0.1|ENTRY_WARNING_CAP_0|PROTECTIVE_INVENTORY_PENDING
2024-04-23,2933630.7832913855,1782090.9573421218,3572005.240064959,0,293363.07832913857,86039.781063734699,86039.781063734699,0,False,0,False,RECOVERY_WAIT|FUNDED_STOP_RISK_BUDGET_0.1|ENTRY_WARNING_CAP_0|RETAIN_ACTUAL_UNITS
2024-04-24,2885545.4984360859,1782090.9573421218,3572005.240064959,0,288554.54984360858,37954.496208435201,37954.496208435201,0,False,0,False,RECOVERY_WAIT|FUNDED_STOP_RISK_BUDGET_0.1|ENTRY_WARNING_CAP_0|RETAIN_ACTUAL_UNITS
2024-04-25,2845104.5409167572,1782090.9573421218,3572005.240064959,0,284510.45409167575,21260.271671492708,0,0,False,0,True,RECOVERY_WAIT|FUNDED_STOP_RISK_BUDGET_0.1|ENTRY_WARNING_CAP_0|PROTECTIVE_INVENTORY_PENDING
2024-04-26,2882865.7848953847,2882865.7848953847,3572005.240064959,0.5,288286.57848953846,0,144143.28924476923,0,False,0,False,CONFIRMED_RECOVERY|FUNDED_STOP_RISK_BUDGET_0.1|ENTRY_WARNING_CAP_0.5|CASH_FUNDED_SUPPORT_RISK
2024-04-29,2922600.003997514,1516546.0340993849,3572005.240064959,0.5,292260.00039975141,158654.951341459,158654.951341459,0,False,0,False,RECOVERY_WAIT|FUNDED_STOP_RISK_BUDGET_0.1|ENTRY_WARNING_CAP_0.5|RETAIN_ACTUAL_UNITS
2024-04-30,2906393.8915844625,1516546.0340993849,3572005.240064959,0.5,290639.38915844628,140913.97441661241,140913.97441661241,0,False,0,False,RECOVERY_WAIT|FUNDED_STOP_RISK_BUDGET_0.1|ENTRY_WARNING_CAP_0.5|RETAIN_ACTUAL_UNITS
2024-05-06,2902528.475728808,1516546.0340993849,3572005.240064959,1,290252.8475728808,136066.60756601798,136066.60756601798,0,False,0,False,CONFIRMED_RECOVERY|FUNDED_STOP_RISK_BUDGET_0.1|ENTRY_WARNING_CAP_1|RETAIN_ACTUAL_UNITS
2024-05-07,2884252.7036229549,1516546.0340993849,3572005.240064959,1,288425.2703622955,115293.00159393332,115293.00159393332,0,False,0,False,TREND_OPEN|FUNDED_STOP_RISK_BUDGET_0.1|ENTRY_WARNING_CAP_1|RETAIN_ACTUAL_UNITS
2024-05-08,2872949.0123423105,1516546.0340993849,3572005.240064959,1,287294.90123423107,103108.26287446363,103108.26287446363,0,False,0,False,TREND_OPEN|FUNDED_STOP_RISK_BUDGET_0.1|ENTRY_WARNING_CAP_1|RETAIN_ACTUAL_UNITS
2024-05-09,2879514.5935982335,1516546.0340993849,3572005.240064959,1,287951.45935982338,107712.48660999534,107712.48660999534,0,False,0,False,TREND_OPEN|FUNDED_STOP_RISK_BUDGET_0.1|ENTRY_WARNING_CAP_1|RETAIN_ACTUAL_UNITS
2024-05-10,2828982.3309839098,1516546.0340993849,3572005.240064959,1,282898.23309839098,71875.302312147352,54006.736491592696,0,False,0,True,MARKET_WEAK_WARNING|FUNDED_STOP_RISK_BUDGET_0.1|ENTRY_WARNING_CAP_1|PROTECTIVE_INVENTORY_PENDING
2024-05-13,2813685.2127156812,2396463.7645766297,3572005.240064959,1,281368.52127156814,52220.178773852313,192904.43940963637,0,False,0,False,MARKET_WEAK_WARNING|FUNDED_STOP_RISK_BUDGET_0.1|ENTRY_WARNING_CAP_1|CASH_FUNDED_SUPPORT_RISK
2024-05-14,2782900.3107169345,1540782.7413395899,3572005.240064959,1,278290.03107169346,101365.8964407169,101365.8964407169,0,False,0,False,MARKET_WEAK_WARNING|FUNDED_STOP_RISK_BUDGET_0.1|ENTRY_WARNING_CAP_1|RETAIN_ACTUAL_UNITS
2024-05-15,2785327.5239365511,1540782.7413395899,3572005.240064959,1,278532.75239365513,103793.10966033314,103793.10966033314,0,False,0,False,MARKET_WEAK_WARNING|FUNDED_STOP_RISK_BUDGET_0.1|ENTRY_WARNING_CAP_1|RETAIN_ACTUAL_UNITS
2024-05-16,2789781.150761738,1540782.7413395899,3572005.240064959,1,278978.1150761738,108246.73648551997,108246.73648551997,0,False,0,False,MARKET_WEAK_WARNING|FUNDED_STOP_RISK_BUDGET_0.1|ENTRY_WARNING_CAP_1|RETAIN_ACTUAL_UNITS
2024-05-17,2814059.0984824472,1540782.7413395899,3572005.240064959,1,281405.90984824474,132524.68420622926,132524.68420622926,0,False,0,False,TREND_OPEN|FUNDED_STOP_RISK_BUDGET_0.1|ENTRY_WARNING_CAP_1|RETAIN_ACTUAL_UNITS
2024-05-20,2838796.5071623744,1540782.7413395899,3572005.240064959,1,283879.65071623743,147672.89488880191,283879.65071623743,0,False,0,False,TREND_OPEN|FUNDED_STOP_RISK_BUDGET_0.1|ENTRY_WARNING_CAP_1|CASH_FUNDED_SUPPORT_RISK
2024-05-21,2819105.5972798192,747960.83722535009,3572005.240064959,1,281910.55972798192,259547.48796128546,259547.48796128546,0,False,0,False,TREND_OPEN|FUNDED_STOP_RISK_BUDGET_0.1|ENTRY_WARNING_CAP_1|RETAIN_ACTUAL_UNITS
2024-05-22,2802305.0433920943,747960.83722535009,3572005.240064959,1,280230.50433920947,239039.46423293368,239039.46423293368,0,False,0,False,TREND_OPEN|FUNDED_STOP_RISK_BUDGET_0.1|ENTRY_WARNING_CAP_1|RETAIN_ACTUAL_UNITS
2024-05-23,2773789.1564506376,747960.83722535009,3572005.240064959,1,277378.9156450638,203669.44730774235,203669.44730774235,0,False,0,False,MARKET_WEAK_WARNING|FUNDED_STOP_RISK_BUDGET_0.1|ENTRY_WARNING_CAP_1|RETAIN_ACTUAL_UNITS
2024-05-24,2738225.9983141785,747960.83722535009,3572005.240064959,1,273822.59983141784,167436.30345699747,167436.30345699747,0,False,0,False,MARKET_WEAK_WARNING|FUNDED_STOP_RISK_BUDGET_0.1|ENTRY_WARNING_CAP_1|RETAIN_ACTUAL_UNITS
2024-05-27,2818623.3491590265,747960.83722535009,3572005.240064959,1,281862.33491590264,202463.85540109038,202463.85540109038,0,False,0,False,TREND_OPEN|FUNDED_STOP_RISK_BUDGET_0.1|ENTRY_WARNING_CAP_1|RETAIN_ACTUAL_UNITS
2024-05-28,2789942.704703046,747960.83722535009,3572005.240064959,1,278994.27047030459,172647.95737368154,172647.95737368154,0,False,0,False,MARKET_WEAK_WARNING|FUNDED_STOP_RISK_BUDGET_0.1|ENTRY_WARNING_CAP_1|RETAIN_ACTUAL_UNITS
2024-05-29,2767329.0898695546,747960.83722535009,3572005.240064959,1,276732.90898695547,125024.51454934366,108885.30312077222,0,False,0,True,MARKET_WEAK_WARNING|FUNDED_STOP_RISK_BUDGET_0.1|ENTRY_WARNING_CAP_1|PROTECTIVE_INVENTORY_PENDING
2024-05-30,2748855.6091412529,1554244.8902811501,3572005.240064959,1,274885.56091412529,91088.340765241839,228531.12122230447,0,False,0,False,MARKET_WEAK_WARNING|FUNDED_STOP_RISK_BUDGET_0.1|ENTRY_WARNING_CAP_1|CASH_FUNDED_SUPPORT_RISK
2024-05-31,2744381.6652304991,861231.16209737316,3572005.240064959,1,274438.16652304993,150545.51843221116,150545.51843221116,0,False,0,False,MARKET_WEAK_WARNING|FUNDED_STOP_RISK_BUDGET_0.1|ENTRY_WARNING_CAP_1|RETAIN_ACTUAL_UNITS
2024-06-03,2866239.699607111,861231.16209737316,3572005.240064959,1,286623.96996071114,269206.74230794632,269206.74230794632,0,False,0,False,TREND_OPEN|FUNDED_STOP_RISK_BUDGET_0.1|ENTRY_WARNING_CAP_1|RETAIN_ACTUAL_UNITS
2024-06-04,2872538.9713462638,861231.16209737316,3572005.240064959,1,287253.8971346264,255702.39574945963,255702.39574945963,0,False,0,False,TREND_OPEN|FUNDED_STOP_RISK_BUDGET_0.1|ENTRY_WARNING_CAP_1|RETAIN_ACTUAL_UNITS
2024-06-05,2838141.5824327944,861231.16209737316,3572005.240064959,1,283814.15824327944,221305.00683599064,221305.00683599064,0,False,0,False,TREND_OPEN|FUNDED_STOP_RISK_BUDGET_0.1|ENTRY_WARNING_CAP_1|RETAIN_ACTUAL_UNITS
2024-06-06,2845649.8003754634,861231.16209737316,3572005.240064959,1,284564.98003754637,228813.22477865923,228813.22477865923,0,False,0,False,TREND_OPEN|FUNDED_STOP_RISK_BUDGET_0.1|ENTRY_WARNING_CAP_1|RETAIN_ACTUAL_UNITS
2024-06-07,2795226.137794672,861231.16209737316,3572005.240064959,1,279522.61377946724,178389.56219786766,178389.56219786766,0,False,0,False,TREND_OPEN|FUNDED_STOP_RISK_BUDGET_0.1|ENTRY_WARNING_CAP_1|RETAIN_ACTUAL_UNITS
2024-06-11,2841283.4449397782,861231.16209737316,3572005.240064959,1,284128.34449397784,224168.01242938079,284128.34449397784,0,False,0,False,TREND_OPEN|FUNDED_STOP_RISK_BUDGET_0.1|ENTRY_WARNING_CAP_1|CASH_FUNDED_SUPPORT_RISK
2024-06-12,2904388.2068275576,353875.5669309533,3572005.240064959,1,290438.82068275579,337314.30810426013,289627.00600580336,0,False,0,True,TREND_OPEN|FUNDED_STOP_RISK_BUDGET_0.1|ENTRY_WARNING_CAP_1|PROTECTIVE_INVENTORY_PENDING
2024-06-13,2950401.9854188072,722197.83772040217,3572005.240064959,1,295040.19854188076,314440.34040483588,294049.01673559804,0,False,0,True,TREND_OPEN|FUNDED_STOP_RISK_BUDGET_0.1|ENTRY_WARNING_CAP_1|PROTECTIVE_INVENTORY_PENDING
2024-06-14,3097311.9034741209,856062.88194753171,3572005.240064959,1,309731.19034741208,318956.04497887683,309086.55440853327,0,False,0,True,TREND_OPEN|FUNDED_STOP_RISK_BUDGET_0.1|ENTRY_WARNING_CAP_1|PROTECTIVE_INVENTORY_PENDING
2024-06-17,3163441.825801977,925030.33781517181,3572005.240064959,1,316344.1825801977,334255.84388678614,315937.57176163147,0,False,0,True,TREND_OPEN|FUNDED_STOP_RISK_BUDGET_0.1|ENTRY_WARNING_CAP_1|PROTECTIVE_INVENTORY_PENDING
2024-06-18,3192773.9528350499,1036542.0961406645,3572005.240064959,1,319277.39528350503,299908.14057751244,295108.19796522905,0,False,0,True,TREND_OPEN|FUNDED_STOP_RISK_BUDGET_0.1|ENTRY_WARNING_CAP_1|PROTECTIVE_INVENTORY_PENDING
2024-06-19,3172335.2984748143,1070883.3164997045,3572005.240064959,1,317233.52984748146,274210.18437898805,271344.47190713737,0,False,0,True,TREND_OPEN|FUNDED_STOP_RISK_BUDGET_0.1|ENTRY_WARNING_CAP_1|PROTECTIVE_INVENTORY_PENDING
2024-06-20,3163812.2471293001,1082443.8320770345,3572005.240064959,1,316381.22471293004,263942.75819640647,261144.29548328614,0,False,0,True,TREND_OPEN|FUNDED_STOP_RISK_BUDGET_0.1|ENTRY_WARNING_CAP_1|PROTECTIVE_INVENTORY_PENDING
2024-06-21,3159031.8017165815,1093024.8284640545,3572005.240064959,1,315903.18017165817,258042.17688247922,255297.98563975398,0,False,0,True,TREND_OPEN|FUNDED_STOP_RISK_BUDGET_0.1|ENTRY_WARNING_CAP_1|PROTECTIVE_INVENTORY_PENDING
2024-06-24,3085619.8917785743,1093024.8284640545,3572005.240064959,0,308561.98917785747,180793.19939521808,178900.08964475774,0,False,0,True,CROSS_SECTION_SHOCK|FUNDED_STOP_RISK_BUDGET_0.1|ENTRY_WARNING_CAP_0|PROTECTIVE_INVENTORY_PENDING
2024-06-25,2985411.5577539578,1093024.8284640545,3572005.240064959,0,298541.1557753958,87112.064480804736,69604.703660479296,0,False,0,True,ACCUMULATED_MARKET_SHOCK|FUNDED_STOP_RISK_BUDGET_0.1|ENTRY_WARNING_CAP_0|PROTECTIVE_INVENTORY_PENDING
2024-06-26,3015956.6114458237,1945761.2718254931,3572005.240064959,0,301595.66114458238,98017.615082159857,97022.872087124008,0,False,0,True,RECOVERY_WAIT|FUNDED_STOP_RISK_BUDGET_0.1|ENTRY_WARNING_CAP_0|PROTECTIVE_INVENTORY_PENDING
2024-06-27,2980126.0228551156,1945761.2718254931,3572005.240064959,0,298012.60228551156,62187.026491451637,61555.515677093361,0,False,0,True,RECOVERY_WAIT|FUNDED_STOP_RISK_BUDGET_0.1|ENTRY_WARNING_CAP_0|PROTECTIVE_INVENTORY_PENDING
2024-06-28,2985241.8674644427,1945761.2718254931,3572005.240064959,0,298524.18674644426,67302.871100778415,65936.069628102428,0,False,0,True,RECOVERY_WAIT|FUNDED_STOP_RISK_BUDGET_0.1|ENTRY_WARNING_CAP_0|PROTECTIVE_INVENTORY_PENDING
2024-07-01,3032627.3274783986,1956200.482560093,3572005.240064959,0,303262.73274783988,114122.51389228502,111783.08190632571,0,False,0,True,RECOVERY_WAIT|FUNDED_STOP_RISK_BUDGET_0.1|ENTRY_WARNING_CAP_0|PROTECTIVE_INVENTORY_PENDING
2024-07-02,3058381.8332228847,1967214.823828453,3572005.240064959,0,305838.1833222885,138283.56329372717,135420.73325221142,0,False,0,True,RECOVERY_WAIT|FUNDED_STOP_RISK_BUDGET_0.1|ENTRY_WARNING_CAP_0|PROTECTIVE_INVENTORY_PENDING
2024-07-03,3029336.7255002758,1978294.0669799629,3572005.240064959,0,302933.67255002761,108025.94848811488,106895.47352804664,0,False,0,True,RECOVERY_WAIT|FUNDED_STOP_RISK_BUDGET_0.1|ENTRY_WARNING_CAP_0|PROTECTIVE_INVENTORY_PENDING
2024-07-04,3052160.1655577165,1989571.0112524529,3572005.240064959,0,305216.01655577164,129436.03727174095,128067.72384525574,0,False,0,True,RECOVERY_WAIT|FUNDED_STOP_RISK_BUDGET_0.1|ENTRY_WARNING_CAP_0|PROTECTIVE_INVENTORY_PENDING
2024-07-05,3059888.6968110329,2000838.9691103529,3572005.240064959,0,305988.86968110333,135746.60661653781,134298.45444630552,0,False,0,True,RECOVERY_WAIT|FUNDED_STOP_RISK_BUDGET_0.1|ENTRY_WARNING_CAP_0|PROTECTIVE_INVENTORY_PENDING
2024-07-08,3064371.5260434384,2000838.9691103529,3572005.240064959,0,306437.15260434384,140229.43584894339,137237.70242369885,0,False,0,True,RECOVERY_WAIT|FUNDED_STOP_RISK_BUDGET_0.1|ENTRY_WARNING_CAP_0|PROTECTIVE_INVENTORY_PENDING
2024-07-09,3112445.4408242889,2012083.9616865229,3572005.240064959,0,311244.54408242891,170132.3015815953,166466.07260903626,0,False,0,True,RECOVERY_WAIT|FUNDED_STOP_RISK_BUDGET_0.1|ENTRY_WARNING_CAP_0|PROTECTIVE_INVENTORY_PENDING
2024-07-10,3120235.268903791,2023888.1089482929,3572005.240064959,0,312023.52689037909,170506.43296585101,166792.56041895648,0,False,0,True,RECOVERY_WAIT|FUNDED_STOP_RISK_BUDGET_0.1|ENTRY_WARNING_CAP_0|PROTECTIVE_INVENTORY_PENDING
2024-07-11,3092294.8887888202,2048199.2644173328,3572005.240064959,0.5,309229.48887888202,138414.9136066706,136873.26646941635,0,False,0,True,CONFIRMED_RECOVERY|FUNDED_STOP_RISK_BUDGET_0.1|ENTRY_WARNING_CAP_0.5|PROTECTIVE_INVENTORY_PENDING
2024-07-12,3065471.8526074607,2048199.2644173328,3572005.240064959,0.5,306547.1852607461,77232.462178194997,76371.896417401847,0,False,0,True,RECOVERY_WAIT|FUNDED_STOP_RISK_BUDGET_0.1|ENTRY_WARNING_CAP_0.5|PROTECTIVE_INVENTORY_PENDING
2024-07-15,3056977.8911500298,2048199.2644173328,3572005.240064959,0.5,305697.78911500302,68738.500720764394,67972.467217848389,0,False,0,True,RECOVERY_WAIT|FUNDED_STOP_RISK_BUDGET_0.1|ENTRY_WARNING_CAP_0.5|PROTECTIVE_INVENTORY_PENDING
2024-07-16,3071584.6242038333,2059876.6033843327,3572005.240064959,1,307158.46242038335,82136.955233099885,81211.511198423046,0,False,0,True,CONFIRMED_RECOVERY|FUNDED_STOP_RISK_BUDGET_0.1|ENTRY_WARNING_CAP_1|PROTECTIVE_INVENTORY_PENDING
2024-07-17,3040551.1782546211,2059876.6033843327,3572005.240064959,1,304055.11782546213,51103.509283887819,50527.426952796384,0,False,0,True,TREND_OPEN|FUNDED_STOP_RISK_BUDGET_0.1|ENTRY_WARNING_CAP_1|PROTECTIVE_INVENTORY_PENDING
2024-07-18,3024954.8823416838,2059876.6033843327,3572005.240064959,1,302495.48823416838,35507.21337095034,35106.842225596069,0,False,0,True,TREND_OPEN|FUNDED_STOP_RISK_BUDGET_0.1|ENTRY_WARNING_CAP_1|PROTECTIVE_INVENTORY_PENDING
2024-07-19,2993726.9247654397,2059876.6033843327,3572005.240064959,1,299372.69247654401,18677.006427622138,18466.286427622137,0,False,0,True,TREND_OPEN|FUNDED_STOP_RISK_BUDGET_0.1|ENTRY_WARNING_CAP_1|PROTECTIVE_INVENTORY_PENDING
2024-07-22,2991542.5979757463,2070447.6148662528,3572005.240064959,1,299154.25979757466,18421.89966218987,18211.679662189868,0,False,0,True,TREND_OPEN|FUNDED_STOP_RISK_BUDGET_0.1|ENTRY_WARNING_CAP_1|PROTECTIVE_INVENTORY_PENDING
2024-07-23,2965988.097389027,2081153.4225670227,3572005.240064959,0,296598.80973890272,17696.693496440086,0,0,False,0,True,CROSS_SECTION_SHOCK|FUNDED_STOP_RISK_BUDGET_0.1|ENTRY_WARNING_CAP_0|PROTECTIVE_INVENTORY_PENDING
2024-07-24,2958358.2126138201,2958358.2126138201,3572005.240064959,0,295835.82126138202,0,0,0,False,0,False,ACCUMULATED_MARKET_SHOCK|FUNDED_STOP_RISK_BUDGET_0.1|ENTRY_WARNING_CAP_0|RETAIN_ACTUAL_UNITS
2024-07-25,2958358.2126138201,2958358.2126138201,3572005.240064959,0,295835.82126138202,0,0,0,False,0,False,ACCUMULATED_MARKET_SHOCK|FUNDED_STOP_RISK_BUDGET_0.1|ENTRY_WARNING_CAP_0|RETAIN_ACTUAL_UNITS
2024-07-26,2958358.2126138201,2958358.2126138201,3572005.240064959,0,295835.82126138202,0,0,0,False,0,False,RECOVERY_WAIT|FUNDED_STOP_RISK_BUDGET_0.1|ENTRY_WARNING_CAP_0|RETAIN_ACTUAL_UNITS
2024-07-29,2958358.2126138201,2958358.2126138201,3572005.240064959,0,295835.82126138202,0,0,0,False,0,False,RECOVERY_WAIT|FUNDED_STOP_RISK_BUDGET_0.1|ENTRY_WARNING_CAP_0|RETAIN_ACTUAL_UNITS
2024-07-30,2958358.2126138201,2958358.2126138201,3572005.240064959,0,295835.82126138202,0,0,0,False,0,False,RECOVERY_WAIT|FUNDED_STOP_RISK_BUDGET_0.1|ENTRY_WARNING_CAP_0|RETAIN_ACTUAL_UNITS
2024-07-31,2958358.2126138201,2958358.2126138201,3572005.240064959,0,295835.82126138202,0,0,0,False,0,False,RECOVERY_WAIT|FUNDED_STOP_RISK_BUDGET_0.1|ENTRY_WARNING_CAP_0|RETAIN_ACTUAL_UNITS
2024-08-01,2958358.2126138201,2958358.2126138201,3572005.240064959,0,295835.82126138202,0,0,0,False,0,False,RECOVERY_WAIT|FUNDED_STOP_RISK_BUDGET_0.1|ENTRY_WARNING_CAP_0|RETAIN_ACTUAL_UNITS
2024-08-02,2958358.2126138201,2958358.2126138201,3572005.240064959,0,295835.82126138202,0,0,0,False,0,False,RECOVERY_WAIT|FUNDED_STOP_RISK_BUDGET_0.1|ENTRY_WARNING_CAP_0|RETAIN_ACTUAL_UNITS
2024-08-05,2958358.2126138201,2958358.2126138201,3572005.240064959,0,295835.82126138202,0,0,0,False,0,False,RECOVERY_WAIT|FUNDED_STOP_RISK_BUDGET_0.1|ENTRY_WARNING_CAP_0|RETAIN_ACTUAL_UNITS
2024-08-06,2958358.2126138201,2958358.2126138201,3572005.240064959,0,295835.82126138202,0,0,0,False,0,False,RECOVERY_WAIT|FUNDED_STOP_RISK_BUDGET_0.1|ENTRY_WARNING_CAP_0|RETAIN_ACTUAL_UNITS
2024-08-07,2958358.2126138201,2958358.2126138201,3572005.240064959,0,295835.82126138202,0,0,0,False,0,False,RECOVERY_WAIT|FUNDED_STOP_RISK_BUDGET_0.1|ENTRY_WARNING_CAP_0|RETAIN_ACTUAL_UNITS
2024-08-08,2958358.2126138201,2958358.2126138201,3572005.240064959,0,295835.82126138202,0,0,0,False,0,False,RECOVERY_WAIT|FUNDED_STOP_RISK_BUDGET_0.1|ENTRY_WARNING_CAP_0|RETAIN_ACTUAL_UNITS
2024-08-09,2958358.2126138201,2958358.2126138201,3572005.240064959,0,295835.82126138202,0,0,0,False,0,False,RECOVERY_WAIT|FUNDED_STOP_RISK_BUDGET_0.1|ENTRY_WARNING_CAP_0|RETAIN_ACTUAL_UNITS
2024-08-12,2958358.2126138201,2958358.2126138201,3572005.240064959,0,295835.82126138202,0,0,0,False,0,False,RECOVERY_WAIT|FUNDED_STOP_RISK_BUDGET_0.1|ENTRY_WARNING_CAP_0|RETAIN_ACTUAL_UNITS
2024-08-13,2958358.2126138201,2958358.2126138201,3572005.240064959,0,295835.82126138202,0,0,0,False,0,False,RECOVERY_WAIT|FUNDED_STOP_RISK_BUDGET_0.1|ENTRY_WARNING_CAP_0|RETAIN_ACTUAL_UNITS
2024-08-14,2958358.2126138201,2958358.2126138201,3572005.240064959,0,295835.82126138202,0,0,0,False,0,False,RECOVERY_WAIT|FUNDED_STOP_RISK_BUDGET_0.1|ENTRY_WARNING_CAP_0|RETAIN_ACTUAL_UNITS
2024-08-15,2958358.2126138201,2958358.2126138201,3572005.240064959,0,295835.82126138202,0,0,0,False,0,False,RECOVERY_WAIT|FUNDED_STOP_RISK_BUDGET_0.1|ENTRY_WARNING_CAP_0|RETAIN_ACTUAL_UNITS
2024-08-16,2958358.2126138201,2958358.2126138201,3572005.240064959,0,295835.82126138202,0,0,0,False,0,False,RECOVERY_WAIT|FUNDED_STOP_RISK_BUDGET_0.1|ENTRY_WARNING_CAP_0|RETAIN_ACTUAL_UNITS
2024-08-19,2958358.2126138201,2958358.2126138201,3572005.240064959,0,295835.82126138202,0,0,0,False,0,False,RECOVERY_WAIT|FUNDED_STOP_RISK_BUDGET_0.1|ENTRY_WARNING_CAP_0|RETAIN_ACTUAL_UNITS
2024-08-20,2958358.2126138201,2958358.2126138201,3572005.240064959,0,295835.82126138202,0,0,0,False,0,False,RECOVERY_WAIT|FUNDED_STOP_RISK_BUDGET_0.1|ENTRY_WARNING_CAP_0|RETAIN_ACTUAL_UNITS
2024-08-21,2958358.2126138201,2958358.2126138201,3572005.240064959,0,295835.82126138202,0,0,0,False,0,False,RECOVERY_WAIT|FUNDED_STOP_RISK_BUDGET_0.1|ENTRY_WARNING_CAP_0|RETAIN_ACTUAL_UNITS
2024-08-22,2958358.2126138201,2958358.2126138201,3572005.240064959,0,295835.82126138202,0,0,0,False,0,False,RECOVERY_WAIT|FUNDED_STOP_RISK_BUDGET_0.1|ENTRY_WARNING_CAP_0|RETAIN_ACTUAL_UNITS
2024-08-23,2958358.2126138201,2958358.2126138201,3572005.240064959,0,295835.82126138202,0,0,0,False,0,False,RECOVERY_WAIT|FUNDED_STOP_RISK_BUDGET_0.1|ENTRY_WARNING_CAP_0|RETAIN_ACTUAL_UNITS
2024-08-26,2958358.2126138201,2958358.2126138201,3572005.240064959,0,295835.82126138202,0,0,0,False,0,False,RECOVERY_WAIT|FUNDED_STOP_RISK_BUDGET_0.1|ENTRY_WARNING_CAP_0|RETAIN_ACTUAL_UNITS
2024-08-27,2958358.2126138201,2958358.2126138201,3572005.240064959,0,295835.82126138202,0,0,0,False,0,False,RECOVERY_WAIT|FUNDED_STOP_RISK_BUDGET_0.1|ENTRY_WARNING_CAP_0|RETAIN_ACTUAL_UNITS
2024-08-28,2958358.2126138201,2958358.2126138201,3572005.240064959,0,295835.82126138202,0,0,0,False,0,False,RECOVERY_WAIT|FUNDED_STOP_RISK_BUDGET_0.1|ENTRY_WARNING_CAP_0|RETAIN_ACTUAL_UNITS
2024-08-29,2958358.2126138201,2958358.2126138201,3572005.240064959,0,295835.82126138202,0,0,0,False,0,False,RECOVERY_WAIT|FUNDED_STOP_RISK_BUDGET_0.1|ENTRY_WARNING_CAP_0|RETAIN_ACTUAL_UNITS
2024-08-30,2958358.2126138201,2958358.2126138201,3572005.240064959,0,295835.82126138202,0,0,0,False,0,False,RECOVERY_WAIT|FUNDED_STOP_RISK_BUDGET_0.1|ENTRY_WARNING_CAP_0|RETAIN_ACTUAL_UNITS
2024-09-02,2958358.2126138201,2958358.2126138201,3572005.240064959,0,295835.82126138202,0,0,0,False,0,False,CROSS_SECTION_SHOCK|FUNDED_STOP_RISK_BUDGET_0.1|ENTRY_WARNING_CAP_0|RETAIN_ACTUAL_UNITS
2024-09-03,2958358.2126138201,2958358.2126138201,3572005.240064959,0,295835.82126138202,0,0,0,False,0,False,RECOVERY_WAIT|FUNDED_STOP_RISK_BUDGET_0.1|ENTRY_WARNING_CAP_0|RETAIN_ACTUAL_UNITS
2024-09-04,2958358.2126138201,2958358.2126138201,3572005.240064959,0,295835.82126138202,0,0,0,False,0,False,RECOVERY_WAIT|FUNDED_STOP_RISK_BUDGET_0.1|ENTRY_WARNING_CAP_0|RETAIN_ACTUAL_UNITS
2024-09-05,2958358.2126138201,2958358.2126138201,3572005.240064959,0,295835.82126138202,0,0,0,False,0,False,RECOVERY_WAIT|FUNDED_STOP_RISK_BUDGET_0.1|ENTRY_WARNING_CAP_0|RETAIN_ACTUAL_UNITS
2024-09-06,2958358.2126138201,2958358.2126138201,3572005.240064959,0,295835.82126138202,0,0,0,False,0,False,RECOVERY_WAIT|FUNDED_STOP_RISK_BUDGET_0.1|ENTRY_WARNING_CAP_0|RETAIN_ACTUAL_UNITS
2024-09-09,2958358.2126138201,2958358.2126138201,3572005.240064959,0,295835.82126138202,0,0,0,False,0,False,RECOVERY_WAIT|FUNDED_STOP_RISK_BUDGET_0.1|ENTRY_WARNING_CAP_0|RETAIN_ACTUAL_UNITS
2024-09-10,2958358.2126138201,2958358.2126138201,3572005.240064959,0,295835.82126138202,0,0,0,False,0,False,RECOVERY_WAIT|FUNDED_STOP_RISK_BUDGET_0.1|ENTRY_WARNING_CAP_0|RETAIN_ACTUAL_UNITS
2024-09-11,2958358.2126138201,2958358.2126138201,3572005.240064959,0,295835.82126138202,0,0,0,False,0,False,RECOVERY_WAIT|FUNDED_STOP_RISK_BUDGET_0.1|ENTRY_WARNING_CAP_0|RETAIN_ACTUAL_UNITS
2024-09-12,2958358.2126138201,2958358.2126138201,3572005.240064959,0,295835.82126138202,0,0,0,False,0,False,RECOVERY_WAIT|FUNDED_STOP_RISK_BUDGET_0.1|ENTRY_WARNING_CAP_0|RETAIN_ACTUAL_UNITS
2024-09-13,2958358.2126138201,2958358.2126138201,3572005.240064959,0,295835.82126138202,0,0,0,False,0,False,RECOVERY_WAIT|FUNDED_STOP_RISK_BUDGET_0.1|ENTRY_WARNING_CAP_0|RETAIN_ACTUAL_UNITS
2024-09-18,2958358.2126138201,2958358.2126138201,3572005.240064959,0,295835.82126138202,0,0,0,False,0,False,RECOVERY_WAIT|FUNDED_STOP_RISK_BUDGET_0.1|ENTRY_WARNING_CAP_0|RETAIN_ACTUAL_UNITS
2024-09-19,2958358.2126138201,2958358.2126138201,3572005.240064959,0,295835.82126138202,0,0,0,False,0,False,RECOVERY_WAIT|FUNDED_STOP_RISK_BUDGET_0.1|ENTRY_WARNING_CAP_0|RETAIN_ACTUAL_UNITS
2024-09-20,2958358.2126138201,2958358.2126138201,3572005.240064959,0,295835.82126138202,0,0,0,False,0,False,RECOVERY_WAIT|FUNDED_STOP_RISK_BUDGET_0.1|ENTRY_WARNING_CAP_0|RETAIN_ACTUAL_UNITS
2024-09-23,2958358.2126138201,2958358.2126138201,3572005.240064959,0,295835.82126138202,0,0,0,False,0,False,RECOVERY_WAIT|FUNDED_STOP_RISK_BUDGET_0.1|ENTRY_WARNING_CAP_0|RETAIN_ACTUAL_UNITS
2024-09-24,2958358.2126138201,2958358.2126138201,3572005.240064959,0,295835.82126138202,0,0,0,False,0,False,RECOVERY_WAIT|FUNDED_STOP_RISK_BUDGET_0.1|ENTRY_WARNING_CAP_0|RETAIN_ACTUAL_UNITS
2024-09-25,2958358.2126138201,2958358.2126138201,3572005.240064959,0,295835.82126138202,0,0,0,False,0,False,RECOVERY_WAIT|FUNDED_STOP_RISK_BUDGET_0.1|ENTRY_WARNING_CAP_0|RETAIN_ACTUAL_UNITS
2024-09-26,2958358.2126138201,2958358.2126138201,3572005.240064959,0.5,295835.82126138202,0,147917.91063069101,0,False,0,False,CONFIRMED_RECOVERY|FUNDED_STOP_RISK_BUDGET_0.1|ENTRY_WARNING_CAP_0.5|CASH_FUNDED_SUPPORT_RISK
2024-09-27,2999077.1149011999,1945023.7551384806,3572005.240064959,0.5,299907.71149011998,155485.56144533129,155485.56144533129,0,False,0,False,RECOVERY_WAIT|FUNDED_STOP_RISK_BUDGET_0.1|ENTRY_WARNING_CAP_0.5|RETAIN_ACTUAL_UNITS
2024-09-30,3168173.4321377352,1945023.7551384806,3572005.240064959,0.5,316817.34321377357,169032.35958682204,169032.35958682204,0,False,0,False,RECOVERY_WAIT|FUNDED_STOP_RISK_BUDGET_0.1|ENTRY_WARNING_CAP_0.5|RETAIN_ACTUAL_UNITS
2024-10-08,3416059.9526626458,1945023.7551384806,3572005.240064959,1,341605.9952662646,200072.72453083316,341605.99526626465,0,False,0,False,CONFIRMED_RECOVERY|FUNDED_STOP_RISK_BUDGET_0.1|ENTRY_WARNING_CAP_1|CASH_FUNDED_SUPPORT_RISK
2024-10-09,3296515.9587484053,975303.1933284807,3572005.240064959,1,329651.59587484057,176419.17734474281,176419.17734474281,0,False,0,False,TREND_OPEN|FUNDED_STOP_RISK_BUDGET_0.1|ENTRY_WARNING_CAP_1|RETAIN_ACTUAL_UNITS
2024-10-10,3223258.9097492457,975303.1933284807,3572005.240064959,1,322325.89097492461,110412.1050640005,110412.1050640005,0,False,0,False,TREND_OPEN|FUNDED_STOP_RISK_BUDGET_0.1|ENTRY_WARNING_CAP_1|RETAIN_ACTUAL_UNITS
2024-10-11,3217942.6044440656,975303.1933284807,3572005.240064959,1,321794.26044440659,117615.76299784634,104487.4042839997,0,False,0,True,TREND_OPEN|FUNDED_STOP_RISK_BUDGET_0.1|ENTRY_WARNING_CAP_1|PROTECTIVE_INVENTORY_PENDING
2024-10-14,3264921.5386863193,1627907.7269749497,3572005.240064959,1,326492.15386863193,155279.7405721166,318525.81750643253,0,False,0,False,TREND_OPEN|FUNDED_STOP_RISK_BUDGET_0.1|ENTRY_WARNING_CAP_1|CASH_FUNDED_SUPPORT_RISK
2024-10-15,3164206.5514276223,871820.0592795898,3572005.240064959,1,316420.65514276223,206162.63456880438,206162.63456880438,0,False,0,False,TREND_OPEN|FUNDED_STOP_RISK_BUDGET_0.1|ENTRY_WARNING_CAP_1|RETAIN_ACTUAL_UNITS
2024-10-16,3042489.8435263759,871820.0592795898,3572005.240064959,1,304248.98435263761,126841.99665040756,97467.751728848307,0,False,0,True,MARKET_WEAK_WARNING|FUNDED_STOP_RISK_BUDGET_0.1|ENTRY_WARNING_CAP_1|PROTECTIVE_INVENTORY_PENDING
2024-10-17,3089938.1519498015,2355220.6919358978,3572005.240064959,1,308993.81519498018,130227.67357392884,284724.58117141895,0,False,0,False,MARKET_WEAK_WARNING|FUNDED_STOP_RISK_BUDGET_0.1|ENTRY_WARNING_CAP_1|CASH_FUNDED_SUPPORT_RISK
2024-10-18,3298708.2538706111,1693495.2555034375,3572005.240064959,1,329870.82538706111,364096.76654816896,329196.37918391754,0,False,0,True,TREND_OPEN|FUNDED_STOP_RISK_BUDGET_0.1|ENTRY_WARNING_CAP_1|PROTECTIVE_INVENTORY_PENDING
2024-10-21,3399206.309783916,1853549.1859987974,3572005.240064959,1,339920.63097839162,367185.45501791168,333263.36566245102,0,False,0,True,TREND_OPEN|FUNDED_STOP_RISK_BUDGET_0.1|ENTRY_WARNING_CAP_1|PROTECTIVE_INVENTORY_PENDING
2024-10-22,3325706.9824926453,1909906.2656416614,3572005.240064959,1,332570.69824926456,278417.08279741794,259610.45829313068,0,False,0,True,TREND_OPEN|FUNDED_STOP_RISK_BUDGET_0.1|ENTRY_WARNING_CAP_1|PROTECTIVE_INVENTORY_PENDING
2024-10-23,3311481.9843727713,1909906.2656416614,3572005.240064959,1,331148.19843727717,264192.08467754384,245966.02996749693,0,False,0,True,TREND_OPEN|FUNDED_STOP_RISK_BUDGET_0.1|ENTRY_WARNING_CAP_1|PROTECTIVE_INVENTORY_PENDING
2024-10-24,3336103.2355468785,1920571.1352315214,3572005.240064959,1,333610.3235546879,286898.43639105582,269277.22360699886,0,False,0,True,TREND_OPEN|FUNDED_STOP_RISK_BUDGET_0.1|ENTRY_WARNING_CAP_1|PROTECTIVE_INVENTORY_PENDING
2024-10-25,3314089.6254316028,2006447.7913328013,3572005.240064959,1,331408.96254316031,246850.39459649293,229980.61137640086,0,False,0,True,TREND_OPEN|FUNDED_STOP_RISK_BUDGET_0.1|ENTRY_WARNING_CAP_1|PROTECTIVE_INVENTORY_PENDING
2024-10-28,3343678.4739733324,2091300.2524143213,3572005.240064959,1,334367.84739733324,259093.22114583675,239654.41402396071,0,False,0,True,TREND_OPEN|FUNDED_STOP_RISK_BUDGET_0.1|ENTRY_WARNING_CAP_1|PROTECTIVE_INVENTORY_PENDING
2024-10-29,3334549.5638139555,2091300.2524143213,3572005.240064959,1,333454.95638139558,249964.31098645955,230663.85526171577,0,False,0,True,TREND_OPEN|FUNDED_STOP_RISK_BUDGET_0.1|ENTRY_WARNING_CAP_1|PROTECTIVE_INVENTORY_PENDING
2024-10-30,3393824.2119600195,2091300.2524143213,3572005.240064959,1,339382.42119600199,309238.95913252357,287576.73572522751,0,False,0,True,TREND_OPEN|FUNDED_STOP_RISK_BUDGET_0.1|ENTRY_WARNING_CAP_1|PROTECTIVE_INVENTORY_PENDING
2024-10-31,3363980.9559257277,2186807.9353680811,3572005.240064959,1,336398.09559257282,251706.36475408869,228477.72078181239,0,False,0,True,TREND_OPEN|FUNDED_STOP_RISK_BUDGET_0.1|ENTRY_WARNING_CAP_1|PROTECTIVE_INVENTORY_PENDING
2024-11-01,3429324.9332595752,2186807.9353680811,3572005.240064959,1,342932.49332595756,290208.72363478667,275521.31368386996,0,False,0,True,MARKET_WEAK_WARNING|FUNDED_STOP_RISK_BUDGET_0.1|ENTRY_WARNING_CAP_1|PROTECTIVE_INVENTORY_PENDING
2024-11-04,3518852.2384986514,2186807.9353680811,3572005.240064959,1,351885.22384986514,300067.98926390882,285394.62638216553,0,False,0,True,TREND_OPEN|FUNDED_STOP_RISK_BUDGET_0.1|ENTRY_WARNING_CAP_1|PROTECTIVE_INVENTORY_PENDING
2024-11-05,3543958.8243342233,2186807.9353680811,3572005.240064959,1,354395.88243342238,318270.31309696066,298097.41122351645,0,False,0,True,TREND_OPEN|FUNDED_STOP_RISK_BUDGET_0.1|ENTRY_WARNING_CAP_1|PROTECTIVE_INVENTORY_PENDING
2024-11-06,3567625.7164670462,2275292.9945752411,3572005.240064959,1,356762.57164670463,316057.24143115646,293269.93326223106,0,False,0,True,TREND_OPEN|FUNDED_STOP_RISK_BUDGET_0.1|ENTRY_WARNING_CAP_1|PROTECTIVE_INVENTORY_PENDING
2024-11-07,3671251.1219742689,2275292.9945752411,3671251.1219742689,1,367125.1121974269,329141.70020767557,307060.51906930795,0,False,0,True,TREND_OPEN|FUNDED_STOP_RISK_BUDGET_0.1|ENTRY_WARNING_CAP_1|PROTECTIVE_INVENTORY_PENDING
2024-11-08,3618790.9265988516,2373210.4407060486,3671251.1219742689,1,361879.09265988518,252353.01570243842,239405.79095351821,0,False,0,True,TREND_OPEN|FUNDED_STOP_RISK_BUDGET_0.1|ENTRY_WARNING_CAP_1|PROTECTIVE_INVENTORY_PENDING
2024-11-11,3633670.6712894114,2373210.4407060486,3671251.1219742689,1,363367.06712894118,267232.76039299829,254383.86269463133,0,False,0,True,TREND_OPEN|FUNDED_STOP_RISK_BUDGET_0.1|ENTRY_WARNING_CAP_1|PROTECTIVE_INVENTORY_PENDING
2024-11-12,3563387.6583456374,2373210.4407060486,3671251.1219742689,1,356338.76583456376,196949.74744922417,185609.40945912947,0,False,0,True,TREND_OPEN|FUNDED_STOP_RISK_BUDGET_0.1|ENTRY_WARNING_CAP_1|PROTECTIVE_INVENTORY_PENDING
2024-11-13,3610810.464609243,2457731.4858552488,3671251.1219742689,1,361081.04646092432,233108.84811279812,211538.43564283467,0,False,0,True,TREND_OPEN|FUNDED_STOP_RISK_BUDGET_0.1|ENTRY_WARNING_CAP_1|PROTECTIVE_INVENTORY_PENDING
2024-11-14,3544251.4608727223,2457731.4858552488,3671251.1219742689,1,354425.14608727227,166549.84437627715,145981.97955689405,0,False,0,True,TREND_OPEN|FUNDED_STOP_RISK_BUDGET_0.1|ENTRY_WARNING_CAP_1|PROTECTIVE_INVENTORY_PENDING
2024-11-15,3476098.4819720965,2552544.3932400486,3671251.1219742689,1,347609.84819720965,56764.169132260417,48187.6965824461,0,False,0,True,MARKET_WEAK_WARNING|FUNDED_STOP_RISK_BUDGET_0.1|ENTRY_WARNING_CAP_1|PROTECTIVE_INVENTORY_PENDING
2024-11-18,3492959.4541160148,2552544.3932400486,3671251.1219742689,1,349295.94541160151,73625.141276178882,66055.955685706125,0,False,0,True,MARKET_WEAK_WARNING|FUNDED_STOP_RISK_BUDGET_0.1|ENTRY_WARNING_CAP_1|PROTECTIVE_INVENTORY_PENDING
2024-11-19,3535466.3037251914,2642386.0616400484,3671251.1219742689,1,353546.63037251914,108452.13267581622,98407.535105863979,0,False,0,True,MARKET_WEAK_WARNING|FUNDED_STOP_RISK_BUDGET_0.1|ENTRY_WARNING_CAP_1|PROTECTIVE_INVENTORY_PENDING
2024-11-20,3562965.3001382691,2642386.0616400484,3671251.1219742689,1,356296.53001382691,135951.12908889359,123034.35619212376,0,False,0,True,MARKET_WEAK_WARNING|FUNDED_STOP_RISK_BUDGET_0.1|ENTRY_WARNING_CAP_1|PROTECTIVE_INVENTORY_PENDING
2024-11-21,3536663.563337924,2737691.0917371209,3671251.1219742689,1,353666.35633379244,96902.40997965612,91864.664856710675,0,False,0,True,MARKET_WEAK_WARNING|FUNDED_STOP_RISK_BUDGET_0.1|ENTRY_WARNING_CAP_1|PROTECTIVE_INVENTORY_PENDING
2024-11-22,3501744.9187793317,2762426.7169203283,3671251.1219742689,1,350174.49187793321,57200.175431267169,232287.42137023382,0,False,0,False,MARKET_WEAK_WARNING|FUNDED_STOP_RISK_BUDGET_0.1|ENTRY_WARNING_CAP_1|CASH_FUNDED_SUPPORT_RISK
2024-11-25,3483374.4677178347,1786097.8373943283,3671251.1219742689,1,348337.44677178352,201329.65787448926,187867.1759030183,0,False,0,True,MARKET_WEAK_WARNING|FUNDED_STOP_RISK_BUDGET_0.1|ENTRY_WARNING_CAP_1|PROTECTIVE_INVENTORY_PENDING
2024-11-26,3384981.624367198,2464161.0652380539,3671251.1219742689,1,338498.16243671981,84535.203282203496,253784.28450056343,0,False,0,False,MARKET_WEAK_WARNING|FUNDED_STOP_RISK_BUDGET_0.1|ENTRY_WARNING_CAP_1|CASH_FUNDED_SUPPORT_RISK
2024-11-27,3409345.2353663789,1378294.3132680538,3671251.1219742689,1,340934.52353663789,286730.6148237912,270171.76672878873,0,False,0,True,MARKET_WEAK_WARNING|FUNDED_STOP_RISK_BUDGET_0.1|ENTRY_WARNING_CAP_1|PROTECTIVE_INVENTORY_PENDING
2024-11-28,3467511.4491832294,2238494.6265910305,3671251.1219742689,1,346751.14491832297,278426.00346374844,346751.14491832297,0,False,0,False,MARKET_WEAK_WARNING|FUNDED_STOP_RISK_BUDGET_0.1|ENTRY_WARNING_CAP_1|CASH_FUNDED_SUPPORT_RISK
2024-11-29,3511438.6767304032,1938933.5769631905,3671251.1219742689,1,351143.86767304037,346208.20668066572,351143.86767304037,0,False,0,False,TREND_OPEN|FUNDED_STOP_RISK_BUDGET_0.1|ENTRY_WARNING_CAP_1|CASH_FUNDED_SUPPORT_RISK
2024-12-02,3515318.052802654,1817685.9657784905,3671251.1219742689,1,351531.8052802654,358629.70903899096,330632.76858565921,0,False,0,True,TREND_OPEN|FUNDED_STOP_RISK_BUDGET_0.1|ENTRY_WARNING_CAP_1|PROTECTIVE_INVENTORY_PENDING
2024-12-03,3534499.083640852,1817685.9657784905,3671251.1219742689,1,353449.90836408525,364543.5931258378,336818.16525781748,0,False,0,True,TREND_OPEN|FUNDED_STOP_RISK_BUDGET_0.1|ENTRY_WARNING_CAP_1|PROTECTIVE_INVENTORY_PENDING
2024-12-04,3491448.2946454855,1974051.1770526834,3671251.1219742689,1,349144.82946454856,290301.87805996754,266734.64279746363,0,False,0,True,TREND_OPEN|FUNDED_STOP_RISK_BUDGET_0.1|ENTRY_WARNING_CAP_1|PROTECTIVE_INVENTORY_PENDING
2024-12-05,3536949.8739220607,1974051.1770526834,3671251.1219742689,1,353694.98739220609,335803.45733654295,308695.4726264131,0,False,0,True,TREND_OPEN|FUNDED_STOP_RISK_BUDGET_0.1|ENTRY_WARNING_CAP_1|PROTECTIVE_INVENTORY_PENDING
2024-12-06,3498450.6819070065,2088439.6855651594,3671251.1219742689,1,349845.06819070067,256251.07317145594,233164.68252039683,0,False,0,True,TREND_OPEN|FUNDED_STOP_RISK_BUDGET_0.1|ENTRY_WARNING_CAP_1|PROTECTIVE_INVENTORY_PENDING
2024-12-09,3461230.7943459353,2126534.5494482792,3671251.1219742689,1,346123.07943459356,217496.86632024907,198632.76154907513,0,False,0,True,MARKET_WEAK_WARNING|FUNDED_STOP_RISK_BUDGET_0.1|ENTRY_WARNING_CAP_1|PROTECTIVE_INVENTORY_PENDING
2024-12-10,3465294.6086471193,2280304.8067586729,3671251.1219742689,1,346529.46086471196,197378.32901430776,179441.56474480763,0,False,0,True,MARKET_WEAK_WARNING|FUNDED_STOP_RISK_BUDGET_0.1|ENTRY_WARNING_CAP_1|PROTECTIVE_INVENTORY_PENDING
2024-12-11,3479352.4608906596,2280304.8067586729,3671251.1219742689,1,347935.24608906597,201511.83083188202,183108.46491324098,0,False,0,True,MARKET_WEAK_WARNING|FUNDED_STOP_RISK_BUDGET_0.1|ENTRY_WARNING_CAP_1|PROTECTIVE_INVENTORY_PENDING
2024-12-12,3544760.4838367719,2390660.3227766729,3671251.1219742689,1,354476.0483836772,234763.84646390055,211289.90610039126,0,False,0,True,MARKET_WEAK_WARNING|FUNDED_STOP_RISK_BUDGET_0.1|ENTRY_WARNING_CAP_1|PROTECTIVE_INVENTORY_PENDING
2024-12-13,3526730.4234542674,2390660.3227766729,3671251.1219742689,1,352673.04234542674,216733.78608139604,195061.74481901113,0,False,0,True,MARKET_WEAK_WARNING|FUNDED_STOP_RISK_BUDGET_0.1|ENTRY_WARNING_CAP_1|PROTECTIVE_INVENTORY_PENDING
2024-12-16,3540817.7712179995,2505258.3620246728,3671251.1219742689,1,354081.7771218,208148.47124849155,185023.30681606813,0,False,0,True,MARKET_WEAK_WARNING|FUNDED_STOP_RISK_BUDGET_0.1|ENTRY_WARNING_CAP_1|PROTECTIVE_INVENTORY_PENDING
2024-12-17,3531343.3789730445,2505258.3620246728,3671251.1219742689,1,353134.33789730445,196735.49948330494,174877.81072394823,0,False,0,True,MARKET_WEAK_WARNING|FUNDED_STOP_RISK_BUDGET_0.1|ENTRY_WARNING_CAP_1|PROTECTIVE_INVENTORY_PENDING
2024-12-18,3617164.2149994439,2505258.3620246728,3671251.1219742689,1,361716.42149994441,217860.46285616086,193539.62182105673,0,False,0,True,MARKET_WEAK_WARNING|FUNDED_STOP_RISK_BUDGET_0.1|ENTRY_WARNING_CAP_1|PROTECTIVE_INVENTORY_PENDING
2024-12-19,3644268.817600878,2626245.142136673,3671251.1219742689,1,364426.8817600878,194725.60704696385,170394.27103210424,0,False,0,True,TREND_OPEN|FUNDED_STOP_RISK_BUDGET_0.1|ENTRY_WARNING_CAP_1|PROTECTIVE_INVENTORY_PENDING
2024-12-20,3708333.3669719398,2626245.142136673,3708333.3669719398,1,370833.33669719403,198152.59069377466,173272.74322692933,0,False,0,True,TREND_OPEN|FUNDED_STOP_RISK_BUDGET_0.1|ENTRY_WARNING_CAP_1|PROTECTIVE_INVENTORY_PENDING
2024-12-23,3669934.0689751594,2761872.071322795,3708333.3669719398,1,366993.40689751599,135112.4660440273,318609.1694927853,0,False,0,False,TREND_OPEN|FUNDED_STOP_RISK_BUDGET_0.1|ENTRY_WARNING_CAP_1|CASH_FUNDED_SUPPORT_RISK
2024-12-24,3648542.9053424615,1944708.1885992065,3708333.3669719398,1,364854.29053424619,288835.71000179066,288835.71000179066,0,False,0,False,TREND_OPEN|FUNDED_STOP_RISK_BUDGET_0.1|ENTRY_WARNING_CAP_1|RETAIN_ACTUAL_UNITS
2024-12-25,3657302.3794912114,1944708.1885992065,3708333.3669719398,1,365730.23794912116,297595.18415054085,297595.18415054085,0,False,0,False,TREND_OPEN|FUNDED_STOP_RISK_BUDGET_0.1|ENTRY_WARNING_CAP_1|RETAIN_ACTUAL_UNITS
2024-12-26,3758591.0574335074,1944708.1885992065,3758591.0574335074,1,375859.10574335075,332601.68756854418,332601.68756854418,0,False,0,False,TREND_OPEN|FUNDED_STOP_RISK_BUDGET_0.1|ENTRY_WARNING_CAP_1|RETAIN_ACTUAL_UNITS
2024-12-27,3728983.3800201952,1944708.1885992065,3758591.0574335074,1,372898.33800201956,296802.76386947685,296802.76386947685,0,False,0,False,TREND_OPEN|FUNDED_STOP_RISK_BUDGET_0.1|ENTRY_WARNING_CAP_1|RETAIN_ACTUAL_UNITS
2024-12-30,3803086.1544937855,1944708.1885992065,3803086.1544937855,1,380308.61544937856,359901.14288099669,359901.14288099669,0,False,0,False,TREND_OPEN|FUNDED_STOP_RISK_BUDGET_0.1|ENTRY_WARNING_CAP_1|RETAIN_ACTUAL_UNITS
2024-12-31,3724455.137990783,1944708.1885992065,3803086.1544937855,0,372445.5137990783,279874.78345717344,279874.78345717344,0,False,0,False,CROSS_SECTION_SHOCK|FUNDED_STOP_RISK_BUDGET_0.1|ENTRY_WARNING_CAP_0|RETAIN_ACTUAL_UNITS
2025-01-02,3653050.8448417713,1944708.1885992065,3803086.1544937855,0,365305.08448417718,205103.1672459828,205103.1672459828,0,False,0,False,ACCUMULATED_MARKET_SHOCK|FUNDED_STOP_RISK_BUDGET_0.1|ENTRY_WARNING_CAP_0|RETAIN_ACTUAL_UNITS
2025-01-03,3589114.7404333148,1944708.1885992065,3803086.1544937855,0,358911.47404333152,141167.06283752638,141167.06283752638,0,False,0,False,ACCUMULATED_MARKET_SHOCK|FUNDED_STOP_RISK_BUDGET_0.1|ENTRY_WARNING_CAP_0|RETAIN_ACTUAL_UNITS
2025-01-06,3614760.7255653003,1944708.1885992065,3803086.1544937855,0,361476.07255653007,166813.04796951174,166813.04796951174,0,False,0,False,RECOVERY_WAIT|FUNDED_STOP_RISK_BUDGET_0.1|ENTRY_WARNING_CAP_0|RETAIN_ACTUAL_UNITS
2025-01-07,3761611.5928139812,1944708.1885992065,3803086.1544937855,0,376161.15928139817,275685.92103558342,275685.92103558342,0,False,0,False,RECOVERY_WAIT|FUNDED_STOP_RISK_BUDGET_0.1|ENTRY_WARNING_CAP_0|RETAIN_ACTUAL_UNITS
2025-01-08,3774350.9986998118,1944708.1885992065,3803086.1544937855,0,377435.09986998118,276814.7150592868,276814.7150592868,0,False,0,False,RECOVERY_WAIT|FUNDED_STOP_RISK_BUDGET_0.1|ENTRY_WARNING_CAP_0|RETAIN_ACTUAL_UNITS
2025-01-09,3720505.0212303554,1944708.1885992065,3803086.1544937855,0,372050.50212303555,221771.25115957964,221771.25115957964,0,False,0,False,RECOVERY_WAIT|FUNDED_STOP_RISK_BUDGET_0.1|ENTRY_WARNING_CAP_0|RETAIN_ACTUAL_UNITS
2025-01-10,3702170.3493865831,1944708.1885992065,3803086.1544937855,0,370217.03493865835,203436.57931580773,203436.57931580773,0,False,0,False,RECOVERY_WAIT|FUNDED_STOP_RISK_BUDGET_0.1|ENTRY_WARNING_CAP_0|RETAIN_ACTUAL_UNITS
2025-01-13,3689628.0131551102,1944708.1885992065,3803086.1544937855,0,368962.80131551105,178992.70590538724,178992.70590538724,0,False,0,False,RECOVERY_WAIT|FUNDED_STOP_RISK_BUDGET_0.1|ENTRY_WARNING_CAP_0|RETAIN_ACTUAL_UNITS
2025-01-14,3678836.7808217322,1944708.1885992065,3803086.1544937855,0,367883.67808217322,151142.93229646765,151142.93229646765,0,False,0,False,RECOVERY_WAIT|FUNDED_STOP_RISK_BUDGET_0.1|ENTRY_WARNING_CAP_0|RETAIN_ACTUAL_UNITS
2025-01-15,3684235.4319179095,1944708.1885992065,3803086.1544937855,0.5,368423.54319179099,156541.58339264497,156541.58339264497,0,False,0,False,CONFIRMED_RECOVERY|FUNDED_STOP_RISK_BUDGET_0.1|ENTRY_WARNING_CAP_0.5|RETAIN_ACTUAL_UNITS
2025-01-16,3596456.9671652978,1944708.1885992065,3803086.1544937855,0.5,359645.69671652978,101671.19964488228,85046.195665634747,0,False,0,True,RECOVERY_WAIT|FUNDED_STOP_RISK_BUDGET_0.1|ENTRY_WARNING_CAP_0.5|PROTECTIVE_INVENTORY_PENDING
2025-01-17,3596984.5120447557,2750688.5864224643,3803086.1544937855,0.5,359698.4512044756,110843.54168421064,179849.2256022378,0,False,0,False,RECOVERY_WAIT|FUNDED_STOP_RISK_BUDGET_0.1|ENTRY_WARNING_CAP_0.5|CASH_FUNDED_SUPPORT_RISK
2025-01-20,3640760.1118989084,2221950.4776475886,3803086.1544937855,1,364076.01118989085,225522.45715688181,364076.01118989085,0,False,0,False,CONFIRMED_RECOVERY|FUNDED_STOP_RISK_BUDGET_0.1|ENTRY_WARNING_CAP_1|CASH_FUNDED_SUPPORT_RISK
2025-01-21,3656693.5427360246,1386826.3288086087,3803086.1544937855,1,365669.35427360248,377419.33329429873,364749.70059633389,0,False,0,True,TREND_OPEN|FUNDED_STOP_RISK_BUDGET_0.1|ENTRY_WARNING_CAP_1|PROTECTIVE_INVENTORY_PENDING
2025-01-22,3983479.1443183962,1459154.0427577454,3983479.1443183962,1,398347.91443183966,553892.64905645105,398324.71015138231,0,False,0,True,TREND_OPEN|FUNDED_STOP_RISK_BUDGET_0.1|ENTRY_WARNING_CAP_1|PROTECTIVE_INVENTORY_PENDING
2025-01-23,3881094.4381285761,2133397.7957660654,3983479.1443183962,1,388109.44381285761,332466.43368224497,326537.13822678901,0,False,0,True,TREND_OPEN|FUNDED_STOP_RISK_BUDGET_0.1|ENTRY_WARNING_CAP_1|PROTECTIVE_INVENTORY_PENDING
2025-01-24,3967264.8005166673,2154756.1550670252,3983479.1443183962,1,396726.48005166673,395836.63339293026,387146.07644122542,0,False,0,True,TREND_OPEN|FUNDED_STOP_RISK_BUDGET_0.1|ENTRY_WARNING_CAP_1|PROTECTIVE_INVENTORY_PENDING
2025-01-27,3824979.4220930729,2167665.631323365,3983479.1443183962,0,382497.94220930734,251836.11789428277,247166.47588493206,0,False,0,True,CROSS_SECTION_SHOCK|FUNDED_STOP_RISK_BUDGET_0.1|ENTRY_WARNING_CAP_0|PROTECTIVE_INVENTORY_PENDING
2025-02-05,3657954.4352273215,2181038.4071763451,3983479.1443183962,0,365795.44352273218,82629.40040092553,79522.769811453123,0,False,0,True,RECOVERY_WAIT|FUNDED_STOP_RISK_BUDGET_0.1|ENTRY_WARNING_CAP_0|PROTECTIVE_INVENTORY_PENDING
2025-02-06,3840512.6465188088,2199805.0287643452,3983479.1443183962,0,384051.26465188089,260143.12237951171,251845.0259670573,0,False,0,True,RECOVERY_WAIT|FUNDED_STOP_RISK_BUDGET_0.1|ENTRY_WARNING_CAP_0|PROTECTIVE_INVENTORY_PENDING
2025-02-07,3902189.4326023385,2213728.9713788452,3983479.1443183962,0,390218.94326023385,319384.33157356171,312982.88660021633,0,False,0,True,RECOVERY_WAIT|FUNDED_STOP_RISK_BUDGET_0.1|ENTRY_WARNING_CAP_0|PROTECTIVE_INVENTORY_PENDING
2025-02-10,3864454.0675913673,2234554.270113965,3983479.1443183962,0.5,386445.40675913676,277849.78075358545,272325.58098972758,0,False,0,True,CONFIRMED_RECOVERY|FUNDED_STOP_RISK_BUDGET_0.1|ENTRY_WARNING_CAP_0.5|PROTECTIVE_INVENTORY_PENDING
2025-02-11,3948461.7237032,2234554.270113965,3983479.1443183962,0.5,394846.17237032001,361706.19054491445,355073.0641809103,0,False,0,True,RECOVERY_WAIT|FUNDED_STOP_RISK_BUDGET_0.1|ENTRY_WARNING_CAP_0.5|PROTECTIVE_INVENTORY_PENDING
2025-02-12,3990292.5802523857,2256128.2494190852,3990292.5802523857,0.5,399029.25802523858,398632.9477102395,389432.34581968386,0,False,0,True,RECOVERY_WAIT|FUNDED_STOP_RISK_BUDGET_0.1|ENTRY_WARNING_CAP_0.5|PROTECTIVE_INVENTORY_PENDING
2025-02-13,3907637.7725578742,2269590.8894179654,3990292.5802523857,1,390763.77725578746,313521.1446676621,308130.99143546616,0,False,0,True,CONFIRMED_RECOVERY|FUNDED_STOP_RISK_BUDGET_0.1|ENTRY_WARNING_CAP_1|PROTECTIVE_INVENTORY_PENDING
2025-02-14,3842710.0016426193,2269590.8894179654,3990292.5802523857,1,384271.00016426196,247066.96868674009,242783.62108302055,0,False,0,True,MARKET_WEAK_WARNING|FUNDED_STOP_RISK_BUDGET_0.1|ENTRY_WARNING_CAP_1|PROTECTIVE_INVENTORY_PENDING
2025-02-17,3861853.5861329455,2269590.8894179654,3990292.5802523857,1,386185.35861329455,266210.5531770665,260654.95125855648,0,False,0,True,TREND_OPEN|FUNDED_STOP_RISK_BUDGET_0.1|ENTRY_WARNING_CAP_1|PROTECTIVE_INVENTORY_PENDING
2025-02-18,3821620.1011208571,2302864.4287268054,3990292.5802523857,1,382162.01011208573,221507.36672081662,217869.19490689959,0,False,0,True,TREND_OPEN|FUNDED_STOP_RISK_BUDGET_0.1|ENTRY_WARNING_CAP_1|PROTECTIVE_INVENTORY_PENDING
2025-02-19,3866459.75931388,2302864.4287268054,3990292.5802523857,1,386645.97593138803,261813.75792098243,257321.22349902891,0,False,0,True,TREND_OPEN|FUNDED_STOP_RISK_BUDGET_0.1|ENTRY_WARNING_CAP_1|PROTECTIVE_INVENTORY_PENDING
2025-02-20,3928734.9576645987,2336121.9986809851,3990292.5802523857,1,392873.49576645991,320202.08069132577,314663.4731711637,0,False,0,True,TREND_OPEN|FUNDED_STOP_RISK_BUDGET_0.1|ENTRY_WARNING_CAP_1|PROTECTIVE_INVENTORY_PENDING
2025-02-21,3924178.7648942797,2361758.8178793052,3990292.5802523857,1,392417.87648942799,290076.45624523342,284548.59227172757,0,False,0,True,TREND_OPEN|FUNDED_STOP_RISK_BUDGET_0.1|ENTRY_WARNING_CAP_1|PROTECTIVE_INVENTORY_PENDING
2025-02-24,3753034.5410754289,2375612.8661581054,3990292.5802523857,1,375303.45410754293,89005.739039904583,5907.7670335639104,0,False,0,True,TREND_OPEN|FUNDED_STOP_RISK_BUDGET_0.1|ENTRY_WARNING_CAP_1|PROTECTIVE_INVENTORY_PENDING
2025-02-25,3711293.531731016,3656485.7686763294,3990292.5802523857,1,371129.35317310161,5456.1771328814084,4092.3260549621973,0,False,0,True,TREND_OPEN|FUNDED_STOP_RISK_BUDGET_0.1|ENTRY_WARNING_CAP_1|PROTECTIVE_INVENTORY_PENDING
2025-02-26,3711198.285199713,3670160.0886633294,3990292.5802523857,1,371119.82851997134,4022.7595366590735,189582.67379664475,0,False,0,False,TREND_OPEN|FUNDED_STOP_RISK_BUDGET_0.1|ENTRY_WARNING_CAP_1|CASH_FUNDED_SUPPORT_RISK
2025-02-27,3719453.1282113292,2629385.7633468034,3990292.5802523857,1,371945.31282113295,188866.64262733064,365039.12813139783,0,False,0,False,TREND_OPEN|FUNDED_STOP_RISK_BUDGET_0.1|ENTRY_WARNING_CAP_1|CASH_FUNDED_SUPPORT_RISK
2025-02-28,3581806.9927293789,1653157.0098468035,3990292.5802523857,1,358180.6992729379,208455.54936673556,208455.54936673556,0,False,0,False,MARKET_WEAK_WARNING|FUNDED_STOP_RISK_BUDGET_0.1|ENTRY_WARNING_CAP_1|RETAIN_ACTUAL_UNITS
2025-03-03,3472070.167293217,1653157.0098468035,3990292.5802523857,1,347207.01672932174,98718.723930573964,98718.723930573964,0,False,0,False,MARKET_WEAK_WARNING|FUNDED_STOP_RISK_BUDGET_0.1|ENTRY_WARNING_CAP_1|RETAIN_ACTUAL_UNITS
2025-03-04,3454229.1373010976,1653157.0098468035,3990292.5802523857,1,345422.91373010981,80877.693938454264,80877.693938454264,0,False,0,False,MARKET_WEAK_WARNING|FUNDED_STOP_RISK_BUDGET_0.1|ENTRY_WARNING_CAP_1|RETAIN_ACTUAL_UNITS
2025-03-05,3521155.6821024269,1653157.0098468035,3990292.5802523857,1,352115.56821024272,147804.23873978338,147804.23873978338,0,False,0,False,MARKET_WEAK_WARNING|FUNDED_STOP_RISK_BUDGET_0.1|ENTRY_WARNING_CAP_1|RETAIN_ACTUAL_UNITS
2025-03-06,3685418.5535982302,1653157.0098468035,3990292.5802523857,1,368541.85535982304,312067.11023558723,312067.11023558723,0,False,0,False,MARKET_WEAK_WARNING|FUNDED_STOP_RISK_BUDGET_0.1|ENTRY_WARNING_CAP_1|RETAIN_ACTUAL_UNITS
2025-03-07,3620146.0840000277,1653157.0098468035,3990292.5802523857,1,362014.60840000282,246794.64063738473,246794.64063738473,0,False,0,False,MARKET_WEAK_WARNING|FUNDED_STOP_RISK_BUDGET_0.1|ENTRY_WARNING_CAP_1|RETAIN_ACTUAL_UNITS
2025-03-10,3694136.2593637086,1653157.0098468035,3990292.5802523857,1,369413.62593637087,320784.81600106531,320784.81600106531,0,False,0,False,MARKET_WEAK_WARNING|FUNDED_STOP_RISK_BUDGET_0.1|ENTRY_WARNING_CAP_1|RETAIN_ACTUAL_UNITS
2025-03-11,3726285.2402756559,1653157.0098468035,3990292.5802523857,1,372628.52402756561,352933.79691301251,351509.19560341368,0,False,0,True,MARKET_WEAK_WARNING|FUNDED_STOP_RISK_BUDGET_0.1|ENTRY_WARNING_CAP_1|PROTECTIVE_INVENTORY_PENDING
2025-03-12,3680250.5222439421,1691894.7594347089,3990292.5802523857,1,368025.05222439423,305176.76629311853,305176.76629311853,0,False,0,False,MARKET_WEAK_WARNING|FUNDED_STOP_RISK_BUDGET_0.1|ENTRY_WARNING_CAP_1|RETAIN_ACTUAL_UNITS
2025-03-13,3597860.0265173409,1691894.7594347089,3990292.5802523857,1,359786.0026517341,222786.27056651728,222786.27056651728,0,False,0,False,MARKET_WEAK_WARNING|FUNDED_STOP_RISK_BUDGET_0.1|ENTRY_WARNING_CAP_1|RETAIN_ACTUAL_UNITS
2025-03-14,3639068.6974004735,1691894.7594347089,3990292.5802523857,1,363906.86974004738,263994.94144964952,363906.86974004738,0,False,0,False,MARKET_WEAK_WARNING|FUNDED_STOP_RISK_BUDGET_0.1|ENTRY_WARNING_CAP_1|CASH_FUNDED_SUPPORT_RISK
2025-03-17,3620605.5197526021,1036000.0419751273,3990292.5802523857,1,362060.55197526026,349223.12878211582,349223.12878211582,0,False,0,False,MARKET_WEAK_WARNING|FUNDED_STOP_RISK_BUDGET_0.1|ENTRY_WARNING_CAP_1|RETAIN_ACTUAL_UNITS
2025-03-18,3604848.7174341269,1036000.0419751273,3990292.5802523857,1,360484.87174341269,331759.191785637,331759.191785637,0,False,0,False,TREND_OPEN|FUNDED_STOP_RISK_BUDGET_0.1|ENTRY_WARNING_CAP_1|RETAIN_ACTUAL_UNITS
2025-03-19,3476778.0950513892,1036000.0419751273,3990292.5802523857,0.5,347677.80950513895,202769.34303781978,202769.34303781978,0,False,0,False,PORTFOLIO_WARNING|FUNDED_STOP_RISK_BUDGET_0.1|ENTRY_WARNING_CAP_0.5|RETAIN_ACTUAL_UNITS
2025-03-20,3469736.8939812165,1036000.0419751273,3990292.5802523857,0.5,346973.68939812167,195728.14196764695,195728.14196764695,0,False,0,False,RECOVERY_WAIT|FUNDED_STOP_RISK_BUDGET_0.1|ENTRY_WARNING_CAP_0.5|RETAIN_ACTUAL_UNITS
2025-03-21,3418191.9137509791,1036000.0419751273,3990292.5802523857,0.5,341819.19137509796,101569.37668920145,66381.27536392647,0,False,0,True,RECOVERY_WAIT|FUNDED_STOP_RISK_BUDGET_0.1|ENTRY_WARNING_CAP_0.5|PROTECTIVE_INVENTORY_PENDING
2025-03-24,3410277.6951736477,2776766.5820689551,3990292.5802523857,0.5,341027.7695173648,77105.582956515937,162362.52533585712,0,False,0,False,RECOVERY_WAIT|FUNDED_STOP_RISK_BUDGET_0.1|ENTRY_WARNING_CAP_0.5|CASH_FUNDED_SUPPORT_RISK
2025-03-25,3366452.3709957972,1696124.9067657653,3990292.5802523857,0.5,336645.23709957977,113060.92728393528,113060.92728393528,0,False,0,False,RECOVERY_WAIT|FUNDED_STOP_RISK_BUDGET_0.1|ENTRY_WARNING_CAP_0.5|RETAIN_ACTUAL_UNITS
2025-03-26,3393918.1567582991,1696124.9067657653,3990292.5802523857,0.5,339391.81567582994,139492.58338572277,169695.90783791494,0,False,0,False,RECOVERY_WAIT|FUNDED_STOP_RISK_BUDGET_0.1|ENTRY_WARNING_CAP_0.5|CASH_FUNDED_SUPPORT_RISK
2025-03-27,3493889.9349918962,1327050.3623271654,3990292.5802523857,0.5,349388.99349918962,253887.5105849469,253887.5105849469,0,False,0,False,RECOVERY_WAIT|FUNDED_STOP_RISK_BUDGET_0.1|ENTRY_WARNING_CAP_0.5|RETAIN_ACTUAL_UNITS
2025-03-28,3433740.6718861368,1327050.3623271654,3990292.5802523857,0.5,343374.0671886137,191980.848252975,191980.848252975,0,False,0,False,RECOVERY_WAIT|FUNDED_STOP_RISK_BUDGET_0.1|ENTRY_WARNING_CAP_0.5|RETAIN_ACTUAL_UNITS
2025-03-31,3467576.019250073,1327050.3623271654,3990292.5802523857,0.5,346757.6019250073,225816.19561691122,225816.19561691122,0,False,0,False,RECOVERY_WAIT|FUNDED_STOP_RISK_BUDGET_0.1|ENTRY_WARNING_CAP_0.5|RETAIN_ACTUAL_UNITS
2025-04-01,3438493.9022372877,1327050.3623271654,3990292.5802523857,0.5,343849.39022372878,195548.22790986989,195548.22790986989,0,False,0,False,RECOVERY_WAIT|FUNDED_STOP_RISK_BUDGET_0.1|ENTRY_WARNING_CAP_0.5|RETAIN_ACTUAL_UNITS
2025-04-02,3403977.5743905548,1327050.3623271654,3990292.5802523857,1,340397.75743905548,161031.90006313694,161031.90006313694,0,False,0,False,CONFIRMED_RECOVERY|FUNDED_STOP_RISK_BUDGET_0.1|ENTRY_WARNING_CAP_1|RETAIN_ACTUAL_UNITS
2025-04-03,3355787.4300528988,1327050.3623271654,3990292.5802523857,1,335578.74300528993,83568.992129537175,71476.569296921618,0,False,0,True,MARKET_WEAK_WARNING|FUNDED_STOP_RISK_BUDGET_0.1|ENTRY_WARNING_CAP_1|PROTECTIVE_INVENTORY_PENDING
2025-04-07,3222306.3486180957,1882542.5851265762,3990292.5802523857,0,322230.63486180961,26795.275269830396,0,0,False,0,True,CROSS_SECTION_SHOCK|FUNDED_STOP_RISK_BUDGET_0.1|ENTRY_WARNING_CAP_0|PROTECTIVE_INVENTORY_PENDING
2025-04-08,3237589.7947460525,3237589.7947460525,3990292.5802523857,0,323758.97947460529,0,0,0,False,0,False,ACCUMULATED_MARKET_SHOCK|FUNDED_STOP_RISK_BUDGET_0.1|ENTRY_WARNING_CAP_0|RETAIN_ACTUAL_UNITS
2025-04-09,3237589.7947460525,3237589.7947460525,3990292.5802523857,0,323758.97947460529,0,0,0,False,0,False,ACCUMULATED_MARKET_SHOCK|FUNDED_STOP_RISK_BUDGET_0.1|ENTRY_WARNING_CAP_0|RETAIN_ACTUAL_UNITS
2025-04-10,3237589.7947460525,3237589.7947460525,3990292.5802523857,0,323758.97947460529,0,0,0,False,0,False,RECOVERY_WAIT|FUNDED_STOP_RISK_BUDGET_0.1|ENTRY_WARNING_CAP_0|RETAIN_ACTUAL_UNITS
2025-04-11,3237589.7947460525,3237589.7947460525,3990292.5802523857,0,323758.97947460529,0,0,0,False,0,False,RECOVERY_WAIT|FUNDED_STOP_RISK_BUDGET_0.1|ENTRY_WARNING_CAP_0|RETAIN_ACTUAL_UNITS
2025-04-14,3237589.7947460525,3237589.7947460525,3990292.5802523857,0,323758.97947460529,0,0,0,False,0,False,RECOVERY_WAIT|FUNDED_STOP_RISK_BUDGET_0.1|ENTRY_WARNING_CAP_0|RETAIN_ACTUAL_UNITS
2025-04-15,3237589.7947460525,3237589.7947460525,3990292.5802523857,0.5,323758.97947460529,0,161879.48973730265,0,False,0,False,CONFIRMED_RECOVERY|FUNDED_STOP_RISK_BUDGET_0.1|ENTRY_WARNING_CAP_0.5|CASH_FUNDED_SUPPORT_RISK
2025-04-16,3281458.7864336194,1736018.5063909146,3990292.5802523857,0.5,328145.87864336197,184921.62451892562,184921.62451892562,0,False,0,False,RECOVERY_WAIT|FUNDED_STOP_RISK_BUDGET_0.1|ENTRY_WARNING_CAP_0.5|RETAIN_ACTUAL_UNITS
2025-04-17,3264348.0733994143,1736018.5063909146,3990292.5802523857,0.5,326434.80733994144,167807.33084890369,167807.33084890369,0,False,0,False,RECOVERY_WAIT|FUNDED_STOP_RISK_BUDGET_0.1|ENTRY_WARNING_CAP_0.5|RETAIN_ACTUAL_UNITS
2025-04-18,3225017.7912820121,1736018.5063909146,3990292.5802523857,1,322501.77912820125,128477.04873150116,128477.04873150116,0,False,0,False,CONFIRMED_RECOVERY|FUNDED_STOP_RISK_BUDGET_0.1|ENTRY_WARNING_CAP_1|RETAIN_ACTUAL_UNITS
2025-04-21,3238148.0308327395,1736018.5063909146,3990292.5802523857,1,323814.80308327399,141013.79789552451,141013.79789552451,0,False,0,False,TREND_OPEN|FUNDED_STOP_RISK_BUDGET_0.1|ENTRY_WARNING_CAP_1|RETAIN_ACTUAL_UNITS
2025-04-22,3269326.9972497337,1736018.5063909146,3990292.5802523857,1,326932.69972497341,171928.98054256497,171928.98054256497,0,False,0,False,TREND_OPEN|FUNDED_STOP_RISK_BUDGET_0.1|ENTRY_WARNING_CAP_1|RETAIN_ACTUAL_UNITS
2025-04-23,3243366.7358432924,1736018.5063909146,3990292.5802523857,1,324336.67358432926,142323.70704222747,142323.70704222747,0,False,0,False,TREND_OPEN|FUNDED_STOP_RISK_BUDGET_0.1|ENTRY_WARNING_CAP_1|RETAIN_ACTUAL_UNITS
2025-04-24,3219097.6731288973,1736018.5063909146,3990292.5802523857,1,321909.76731288974,117766.88021515637,117766.88021515637,0,False,0,False,MARKET_WEAK_WARNING|FUNDED_STOP_RISK_BUDGET_0.1|ENTRY_WARNING_CAP_1|RETAIN_ACTUAL_UNITS
2025-04-25,3213455.7059832085,1736018.5063909146,3990292.5802523857,1,321345.57059832086,102628.6973511579,102628.6973511579,0,False,0,False,TREND_OPEN|FUNDED_STOP_RISK_BUDGET_0.1|ENTRY_WARNING_CAP_1|RETAIN_ACTUAL_UNITS
2025-04-28,3218468.0421511801,1736018.5063909146,3990292.5802523857,1,321846.80421511806,105788.05448371722,105788.05448371722,0,False,0,False,TREND_OPEN|FUNDED_STOP_RISK_BUDGET_0.1|ENTRY_WARNING_CAP_1|RETAIN_ACTUAL_UNITS
2025-04-29,3222688.5824704287,1736018.5063909146,3990292.5802523857,1,322268.85824704287,109551.1685773161,109551.1685773161,0,False,0,False,TREND_OPEN|FUNDED_STOP_RISK_BUDGET_0.1|ENTRY_WARNING_CAP_1|RETAIN_ACTUAL_UNITS
2025-04-30,3218398.189118702,1736018.5063909146,3990292.5802523857,1,321839.81891187024,88093.118413607241,88093.118413607241,0,False,0,False,TREND_OPEN|FUNDED_STOP_RISK_BUDGET_0.1|ENTRY_WARNING_CAP_1|RETAIN_ACTUAL_UNITS
2025-05-06,3253729.1832288196,1736018.5063909146,3990292.5802523857,1,325372.91832288197,123424.11252372459,123424.11252372459,0,False,0,False,TREND_OPEN|FUNDED_STOP_RISK_BUDGET_0.1|ENTRY_WARNING_CAP_1|RETAIN_ACTUAL_UNITS
2025-05-07,3230649.1177506899,1736018.5063909146,3990292.5802523857,1,323064.91177506902,96342.686519850715,96342.686519850715,0,False,0,False,TREND_OPEN|FUNDED_STOP_RISK_BUDGET_0.1|ENTRY_WARNING_CAP_1|RETAIN_ACTUAL_UNITS
2025-05-08,3231377.5377354422,1736018.5063909146,3990292.5802523857,1,323137.75377354422,97071.106504603129,97071.106504603129,0,False,0,False,TREND_OPEN|FUNDED_STOP_RISK_BUDGET_0.1|ENTRY_WARNING_CAP_1|RETAIN_ACTUAL_UNITS
2025-05-09,3198836.7413751138,1736018.5063909146,3990292.5802523857,1,319883.67413751141,51485.003702960254,29735.624976525836,0,False,0,True,TREND_OPEN|FUNDED_STOP_RISK_BUDGET_0.1|ENTRY_WARNING_CAP_1|PROTECTIVE_INVENTORY_PENDING
2025-05-12,3203135.6970005417,2708661.0300521851,3990292.5802523857,1,320313.56970005418,15059.655230046952,175216.44008007401,0,False,0,False,TREND_OPEN|FUNDED_STOP_RISK_BUDGET_0.1|ENTRY_WARNING_CAP_1|CASH_FUNDED_SUPPORT_RISK
2025-05-13,3144619.6529096495,1484542.2639019054,3990292.5802523857,1,314461.96529096499,132288.57170298445,132288.57170298445,0,False,0,False,TREND_OPEN|FUNDED_STOP_RISK_BUDGET_0.1|ENTRY_WARNING_CAP_1|RETAIN_ACTUAL_UNITS
2025-05-14,3148397.9845237369,1484542.2639019054,3990292.5802523857,1,314839.79845237371,133246.81501284652,133246.81501284652,0,False,0,False,TREND_OPEN|FUNDED_STOP_RISK_BUDGET_0.1|ENTRY_WARNING_CAP_1|RETAIN_ACTUAL_UNITS
2025-05-15,3124113.6046110522,1484542.2639019054,3990292.5802523857,1,312411.36046110524,133121.19157302534,123830.24758842439,0,False,0,True,MARKET_WEAK_WARNING|FUNDED_STOP_RISK_BUDGET_0.1|ENTRY_WARNING_CAP_1|PROTECTIVE_INVENTORY_PENDING
2025-05-16,3126862.5204224773,1950570.2760494868,3990292.5802523857,1,312686.25204224774,79256.430868167197,235599.55688929107,0,False,0,False,MARKET_WEAK_WARNING|FUNDED_STOP_RISK_BUDGET_0.1|ENTRY_WARNING_CAP_1|CASH_FUNDED_SUPPORT_RISK
2025-05-19,3101368.7695335504,771922.7433468469,3990292.5802523857,1,310136.87695335504,191177.54008156667,191177.54008156667,0,False,0,False,MARKET_WEAK_WARNING|FUNDED_STOP_RISK_BUDGET_0.1|ENTRY_WARNING_CAP_1|RETAIN_ACTUAL_UNITS
2025-05-20,3097812.6485685632,771922.7433468469,3990292.5802523857,1,309781.26485685632,187621.41911657946,187621.41911657946,0,False,0,False,MARKET_WEAK_WARNING|FUNDED_STOP_RISK_BUDGET_0.1|ENTRY_WARNING_CAP_1|RETAIN_ACTUAL_UNITS
2025-05-21,3099346.8770964108,771922.7433468469,3990292.5802523857,1,309934.68770964112,189155.64764442688,189155.64764442688,0,False,0,False,MARKET_WEAK_WARNING|FUNDED_STOP_RISK_BUDGET_0.1|ENTRY_WARNING_CAP_1|RETAIN_ACTUAL_UNITS
2025-05-22,3048989.802767437,771922.7433468469,3990292.5802523857,1,304898.98027674371,136896.41897461703,136896.41897461703,0,False,0,False,MARKET_WEAK_WARNING|FUNDED_STOP_RISK_BUDGET_0.1|ENTRY_WARNING_CAP_1|RETAIN_ACTUAL_UNITS
2025-05-23,2975831.0707708476,771922.7433468469,3990292.5802523857,1,297583.10707708477,92133.046978027516,70078.201447480897,0,False,0,True,MARKET_WEAK_WARNING|FUNDED_STOP_RISK_BUDGET_0.1|ENTRY_WARNING_CAP_1|PROTECTIVE_INVENTORY_PENDING
2025-05-26,3006760.9951675329,1863863.9275757307,3990292.5802523857,1,300676.09951675328,111809.21814261323,262147.26790098986,0,False,0,False,MARKET_WEAK_WARNING|FUNDED_STOP_RISK_BUDGET_0.1|ENTRY_WARNING_CAP_1|CASH_FUNDED_SUPPORT_RISK
2025-05-27,2977710.5469149477,996242.84570038307,3990292.5802523857,1,297771.05469149479,231334.53163841576,231334.53163841576,0,False,0,False,MARKET_WEAK_WARNING|FUNDED_STOP_RISK_BUDGET_0.1|ENTRY_WARNING_CAP_1|RETAIN_ACTUAL_UNITS
2025-05-28,3105722.1045520138,996242.84570038307,3990292.5802523857,1,310572.21045520139,312578.39574162464,306400.98476350808,0,False,0,True,MARKET_WEAK_WARNING|FUNDED_STOP_RISK_BUDGET_0.1|ENTRY_WARNING_CAP_1|PROTECTIVE_INVENTORY_PENDING
2025-05-29,3115293.3194393348,1039241.2642915269,3990292.5802523857,1,311529.3319439335,288442.84911658039,283326.79388497962,0,False,0,True,TREND_OPEN|FUNDED_STOP_RISK_BUDGET_0.1|ENTRY_WARNING_CAP_1|PROTECTIVE_INVENTORY_PENDING
2025-05-30,3045066.2144062631,1066451.3109276069,3990292.5802523857,1,304506.62144062633,215141.43151973269,213806.62552980284,0,False,0,True,MARKET_WEAK_WARNING|FUNDED_STOP_RISK_BUDGET_0.1|ENTRY_WARNING_CAP_1|PROTECTIVE_INVENTORY_PENDING
2025-06-03,2963959.3964468846,1066451.3109276069,3990292.5802523857,1,296395.93964468845,132370.97161971946,131512.01428938576,0,False,0,True,TREND_OPEN|FUNDED_STOP_RISK_BUDGET_0.1|ENTRY_WARNING_CAP_1|PROTECTIVE_INVENTORY_PENDING
2025-06-04,3096754.656088579,1077146.1352327669,3990292.5802523857,1,309675.46560885792,243664.90375176698,241568.0366986756,0,False,0,True,TREND_OPEN|FUNDED_STOP_RISK_BUDGET_0.1|ENTRY_WARNING_CAP_1|PROTECTIVE_INVENTORY_PENDING
2025-06-05,3272813.2464417676,1077146.1352327669,3990292.5802523857,1,327281.32464417676,331939.54827537655,324756.17150331917,0,False,0,True,TREND_OPEN|FUNDED_STOP_RISK_BUDGET_0.1|ENTRY_WARNING_CAP_1|PROTECTIVE_INVENTORY_PENDING
2025-06-06,3238088.7282681884,1096157.9860900228,3990292.5802523857,1,323808.87282681884,285983.65503521176,280516.30154603551,0,False,0,True,TREND_OPEN|FUNDED_STOP_RISK_BUDGET_0.1|ENTRY_WARNING_CAP_1|PROTECTIVE_INVENTORY_PENDING
2025-06-09,3257169.2515187915,1138063.9575280605,3990292.5802523857,1,325716.9251518792,289549.00913007651,283950.75976246491,0,False,0,True,TREND_OPEN|FUNDED_STOP_RISK_BUDGET_0.1|ENTRY_WARNING_CAP_1|PROTECTIVE_INVENTORY_PENDING
2025-06-10,3249060.3144860864,1138063.9575280605,3990292.5802523857,1,324906.03144860867,281440.07209737122,276517.27561364317,0,False,0,True,TREND_OPEN|FUNDED_STOP_RISK_BUDGET_0.1|ENTRY_WARNING_CAP_1|PROTECTIVE_INVENTORY_PENDING
2025-06-11,3254704.1188066606,1179179.6447789606,3990292.5802523857,1,325470.4118806661,282449.52608859446,277162.7812018306,0,False,0,True,TREND_OPEN|FUNDED_STOP_RISK_BUDGET_0.1|ENTRY_WARNING_CAP_1|PROTECTIVE_INVENTORY_PENDING
2025-06-12,3325531.28241931,1208342.2503416005,3990292.5802523857,1,332553.12824193103,344964.0564448036,332549.76325833204,0,False,0,True,TREND_OPEN|FUNDED_STOP_RISK_BUDGET_0.1|ENTRY_WARNING_CAP_1|PROTECTIVE_INVENTORY_PENDING
2025-06-13,3304510.1625202834,1280385.7351991425,3990292.5802523857,1,330451.01625202835,312623.63283754454,306498.5836268235,0,False,0,True,TREND_OPEN|FUNDED_STOP_RISK_BUDGET_0.1|ENTRY_WARNING_CAP_1|PROTECTIVE_INVENTORY_PENDING
2025-06-16,3415995.1763436031,1280385.7351991425,3990292.5802523857,1,341599.51763436035,356033.52020339493,341581.65629218781,0,False,0,True,TREND_OPEN|FUNDED_STOP_RISK_BUDGET_0.1|ENTRY_WARNING_CAP_1|PROTECTIVE_INVENTORY_PENDING
2025-06-17,3428178.8615386304,1369413.2384352866,3990292.5802523857,1,342817.88615386304,338473.53088422702,331576.94083771622,0,False,0,True,TREND_OPEN|FUNDED_STOP_RISK_BUDGET_0.1|ENTRY_WARNING_CAP_1|PROTECTIVE_INVENTORY_PENDING
2025-06-18,3603966.8724011905,1369413.2384352866,3990292.5802523857,1,360396.68724011909,374387.07561277522,360388.08472071798,0,False,0,True,TREND_OPEN|FUNDED_STOP_RISK_BUDGET_0.1|ENTRY_WARNING_CAP_1|PROTECTIVE_INVENTORY_PENDING
2025-06-19,3558279.3943730826,1454021.3501435737,3990292.5802523857,1,355827.93943730829,316282.75424543448,309697.13570640481,0,False,0,True,TREND_OPEN|FUNDED_STOP_RISK_BUDGET_0.1|ENTRY_WARNING_CAP_1|PROTECTIVE_INVENTORY_PENDING
2025-06-20,3453105.0624329448,1487017.2002246138,3990292.5802523857,1,345310.50624329451,207451.87986545562,131312.37248880754,0,False,0,True,TREND_OPEN|FUNDED_STOP_RISK_BUDGET_0.1|ENTRY_WARNING_CAP_1|PROTECTIVE_INVENTORY_PENDING
2025-06-23,3449591.3823171388,2362526.2196749328,3990292.5802523857,1,344959.13823171391,129341.63727076152,278268.61120598286,0,False,0,False,TREND_OPEN|FUNDED_STOP_RISK_BUDGET_0.1|ENTRY_WARNING_CAP_1|CASH_FUNDED_SUPPORT_RISK
2025-06-24,3433101.235995275,1390346.5626663729,3990292.5802523857,1,343310.12359952752,219451.50632129936,219451.50632129936,0,False,0,False,TREND_OPEN|FUNDED_STOP_RISK_BUDGET_0.1|ENTRY_WARNING_CAP_1|RETAIN_ACTUAL_UNITS
2025-06-25,3438647.3356582168,1390346.5626663729,3990292.5802523857,1,343864.73356582172,221660.24042994418,221660.24042994418,0,False,0,False,TREND_OPEN|FUNDED_STOP_RISK_BUDGET_0.1|ENTRY_WARNING_CAP_1|RETAIN_ACTUAL_UNITS
2025-06-26,3461057.4237364903,1390346.5626663729,3990292.5802523857,1,346105.74237364903,239249.68937423269,296384.58322048001,0,False,0,False,TREND_OPEN|FUNDED_STOP_RISK_BUDGET_0.1|ENTRY_WARNING_CAP_1|CASH_FUNDED_SUPPORT_RISK
2025-06-27,3569853.6560409684,868429.63953877287,3990292.5802523857,1,356985.36560409685,365446.63943632343,355528.753751777,0,False,0,True,TREND_OPEN|FUNDED_STOP_RISK_BUDGET_0.1|ENTRY_WARNING_CAP_1|PROTECTIVE_INVENTORY_PENDING
2025-06-30,3713117.1491185036,941444.96168821293,3990292.5802523857,1,371311.7149118504,369579.46968563588,362865.76393232611,0,False,0,True,TREND_OPEN|FUNDED_STOP_RISK_BUDGET_0.1|ENTRY_WARNING_CAP_1|PROTECTIVE_INVENTORY_PENDING
2025-07-01,3687567.6182044288,945531.77579819295,3990292.5802523857,1,368756.76182044292,337780.09909816046,331149.6081146145,0,False,0,True,TREND_OPEN|FUNDED_STOP_RISK_BUDGET_0.1|ENTRY_WARNING_CAP_1|PROTECTIVE_INVENTORY_PENDING
2025-07-02,3659800.6162261013,945531.77579819295,3990292.5802523857,1,365980.06162261014,310013.09711983299,303178.76412531198,0,False,0,True,TREND_OPEN|FUNDED_STOP_RISK_BUDGET_0.1|ENTRY_WARNING_CAP_1|PROTECTIVE_INVENTORY_PENDING
2025-07-03,3681142.2588849803,988968.19797111291,3990292.5802523857,1,368114.22588849807,317936.86596048309,310933.48008380551,0,False,0,True,TREND_OPEN|FUNDED_STOP_RISK_BUDGET_0.1|ENTRY_WARNING_CAP_1|PROTECTIVE_INVENTORY_PENDING
2025-07-04,3581579.1146241063,988968.19797111291,3990292.5802523857,1,358157.91146241064,218373.72169960869,213202.29141057085,0,False,0,True,TREND_OPEN|FUNDED_STOP_RISK_BUDGET_0.1|ENTRY_WARNING_CAP_1|PROTECTIVE_INVENTORY_PENDING
2025-07-07,3563780.3472340237,988968.19797111291,3990292.5802523857,1,356378.03472340241,200574.95430952596,195320.32405974704,0,False,0,True,TREND_OPEN|FUNDED_STOP_RISK_BUDGET_0.1|ENTRY_WARNING_CAP_1|PROTECTIVE_INVENTORY_PENDING
2025-07-08,3725334.6948890742,1030647.6761966828,3990292.5802523857,1,372533.46948890743,327123.77649179788,319837.25742629409,0,False,0,True,TREND_OPEN|FUNDED_STOP_RISK_BUDGET_0.1|ENTRY_WARNING_CAP_1|PROTECTIVE_INVENTORY_PENDING
2025-07-09,3662960.5546199256,1030647.6761966828,3990292.5802523857,1,366296.05546199257,264749.63622264919,258668.57681533784,0,False,0,True,TREND_OPEN|FUNDED_STOP_RISK_BUDGET_0.1|ENTRY_WARNING_CAP_1|PROTECTIVE_INVENTORY_PENDING
2025-07-10,3647337.9224168351,1070970.6134561228,3990292.5802523857,1,364733.79224168352,242701.08447437169,237679.08533963468,0,False,0,True,TREND_OPEN|FUNDED_STOP_RISK_BUDGET_0.1|ENTRY_WARNING_CAP_1|PROTECTIVE_INVENTORY_PENDING
2025-07-11,3618905.4041778753,1070970.6134561228,3990292.5802523857,1,361890.54041778756,214268.56623541185,209668.74392305705,0,False,0,True,TREND_OPEN|FUNDED_STOP_RISK_BUDGET_0.1|ENTRY_WARNING_CAP_1|PROTECTIVE_INVENTORY_PENDING
2025-07-14,3683955.1566550555,1070970.6134561228,3990292.5802523857,1,368395.51566550555,279318.31871259166,273400.79265299119,0,False,0,True,TREND_OPEN|FUNDED_STOP_RISK_BUDGET_0.1|ENTRY_WARNING_CAP_1|PROTECTIVE_INVENTORY_PENDING
2025-07-15,3754787.2713457309,1110899.2456153629,3990292.5802523857,1,375478.7271345731,322414.17505665019,314839.45359381381,0,False,0,True,TREND_OPEN|FUNDED_STOP_RISK_BUDGET_0.1|ENTRY_WARNING_CAP_1|PROTECTIVE_INVENTORY_PENDING
2025-07-16,3750119.426598819,1110899.2456153629,3990292.5802523857,1,375011.9426598819,316769.36906608916,309384.71522951371,0,False,0,True,TREND_OPEN|FUNDED_STOP_RISK_BUDGET_0.1|ENTRY_WARNING_CAP_1|PROTECTIVE_INVENTORY_PENDING
2025-07-17,3966805.2761865184,1153050.959947123,3990292.5802523857,1,396680.52761865186,404925.72549441166,392908.17364784033,0,False,0,True,TREND_OPEN|FUNDED_STOP_RISK_BUDGET_0.1|ENTRY_WARNING_CAP_1|PROTECTIVE_INVENTORY_PENDING
2025-07-18,3857167.6464451496,1232482.9737018431,3990292.5802523857,1,385716.764644515,278820.94790598028,273577.58931492118,0,False,0,True,TREND_OPEN|FUNDED_STOP_RISK_BUDGET_0.1|ENTRY_WARNING_CAP_1|PROTECTIVE_INVENTORY_PENDING
2025-07-21,3782982.1670323596,1232482.9737018431,3990292.5802523857,1,378298.21670323599,204635.46849319024,201594.44532693076,0,False,0,True,TREND_OPEN|FUNDED_STOP_RISK_BUDGET_0.1|ENTRY_WARNING_CAP_1|PROTECTIVE_INVENTORY_PENDING
2025-07-22,3801818.1418480291,1272013.3077978431,3990292.5802523857,1,380181.81418480293,220730.85429661782,216185.73028869063,0,False,0,True,TREND_OPEN|FUNDED_STOP_RISK_BUDGET_0.1|ENTRY_WARNING_CAP_1|PROTECTIVE_INVENTORY_PENDING
2025-07-23,3792699.2174122068,1272013.3077978431,3990292.5802523857,1,379269.92174122069,211611.92986079556,207295.87118129322,0,False,0,True,TREND_OPEN|FUNDED_STOP_RISK_BUDGET_0.1|ENTRY_WARNING_CAP_1|PROTECTIVE_INVENTORY_PENDING
2025-07-24,3723492.7871696954,1317137.8170339232,3990292.5802523857,1,372349.27871696954,137888.28791860823,135435.27959501825,0,False,0,True,TREND_OPEN|FUNDED_STOP_RISK_BUDGET_0.1|ENTRY_WARNING_CAP_1|PROTECTIVE_INVENTORY_PENDING
2025-07-25,3723129.8072735649,1356087.1750076031,3990292.5802523857,1,372312.98072735651,133757.21889909302,130877.55414874475,0,False,0,True,TREND_OPEN|FUNDED_STOP_RISK_BUDGET_0.1|ENTRY_WARNING_CAP_1|PROTECTIVE_INVENTORY_PENDING
2025-07-28,3760679.187593237,1399601.5011685533,3990292.5802523857,1,376067.91875932371,141839.27800273709,138480.88569642586,0,False,0,True,TREND_OPEN|FUNDED_STOP_RISK_BUDGET_0.1|ENTRY_WARNING_CAP_1|PROTECTIVE_INVENTORY_PENDING
2025-07-29,3964376.3780719792,1403640.3877340532,3990292.5802523857,1,396437.63780719793,328684.83695091459,322019.71043264086,0,False,0,True,TREND_OPEN|FUNDED_STOP_RISK_BUDGET_0.1|ENTRY_WARNING_CAP_1|PROTECTIVE_INVENTORY_PENDING
2025-07-30,4155004.308086378,1447780.5876773256,4155004.308086378,1,415500.43080863782,373889.33829663636,365240.94811781996,0,False,0,True,TREND_OPEN|FUNDED_STOP_RISK_BUDGET_0.1|ENTRY_WARNING_CAP_1|PROTECTIVE_INVENTORY_PENDING
2025-07-31,4290445.5972129069,1503643.5751259658,4290445.5972129069,1,429044.55972129072,421536.21861214965,411676.27597528708,0,False,0,True,TREND_OPEN|FUNDED_STOP_RISK_BUDGET_0.1|ENTRY_WARNING_CAP_1|PROTECTIVE_INVENTORY_PENDING
2025-08-01,4219639.0341680199,1503643.5751259658,4290445.5972129069,1,421963.903416802,350729.65556726302,344252.12694006215,0,False,0,True,TREND_OPEN|FUNDED_STOP_RISK_BUDGET_0.1|ENTRY_WARNING_CAP_1|PROTECTIVE_INVENTORY_PENDING
2025-08-04,4235841.1428960189,1503643.5751259658,4290445.5972129069,1,423584.11428960192,356893.42342139914,350804.55946242128,0,False,0,True,TREND_OPEN|FUNDED_STOP_RISK_BUDGET_0.1|ENTRY_WARNING_CAP_1|PROTECTIVE_INVENTORY_PENDING
2025-08-05,4428942.2977923099,1559402.9663145656,4428942.2977923099,1,442894.22977923101,371862.30574993941,366329.64139207278,0,False,0,True,TREND_OPEN|FUNDED_STOP_RISK_BUDGET_0.1|ENTRY_WARNING_CAP_1|PROTECTIVE_INVENTORY_PENDING
2025-08-06,4290139.4700482674,1559402.9663145656,4428942.2977923099,1,429013.94700482674,233059.47800589708,227682.65946196337,0,False,0,True,TREND_OPEN|FUNDED_STOP_RISK_BUDGET_0.1|ENTRY_WARNING_CAP_1|PROTECTIVE_INVENTORY_PENDING
2025-08-07,4337038.0867789919,1603284.3324111777,4428942.2977923099,1,433703.80867789919,275047.88903432363,274123.91999023769,0,False,0,True,TREND_OPEN|FUNDED_STOP_RISK_BUDGET_0.1|ENTRY_WARNING_CAP_1|PROTECTIVE_INVENTORY_PENDING
2025-08-08,4443889.9671877762,1608598.2913579477,4443889.9671877762,1,444388.99671877763,381504.34349005844,380192.79144770658,0,False,0,True,MARKET_WEAK_WARNING|FUNDED_STOP_RISK_BUDGET_0.1|ENTRY_WARNING_CAP_1|PROTECTIVE_INVENTORY_PENDING
2025-08-11,4445710.4250605376,1614084.9891629477,4445710.4250605376,1,444571.04250605381,379341.15448482696,378768.12809396989,0,False,0,True,TREND_OPEN|FUNDED_STOP_RISK_BUDGET_0.1|ENTRY_WARNING_CAP_1|PROTECTIVE_INVENTORY_PENDING
2025-08-12,4576576.9019232392,1614084.9891629477,4576576.9019232392,1,457657.69019232393,434870.77273962484,433512.80814504484,0,False,0,True,TREND_OPEN|FUNDED_STOP_RISK_BUDGET_0.1|ENTRY_WARNING_CAP_1|PROTECTIVE_INVENTORY_PENDING
2025-08-13,4661316.9578196928,1625281.0557041278,4661316.9578196928,1,466131.69578196929,489494.52414095122,463580.75821050507,0,False,0,True,TREND_OPEN|FUNDED_STOP_RISK_BUDGET_0.1|ENTRY_WARNING_CAP_1|PROTECTIVE_INVENTORY_PENDING
2025-08-14,4449887.7542674709,1728778.6577009277,4661316.9578196928,1,444988.7754267471,263030.27868450113,254618.26265541743,0,False,0,True,TREND_OPEN|FUNDED_STOP_RISK_BUDGET_0.1|ENTRY_WARNING_CAP_1|PROTECTIVE_INVENTORY_PENDING
2025-08-15,4471940.5666041113,1734065.6574039278,4661316.9578196928,1,447194.05666041118,282552.81675940554,273871.48505846877,0,False,0,True,TREND_OPEN|FUNDED_STOP_RISK_BUDGET_0.1|ENTRY_WARNING_CAP_1|PROTECTIVE_INVENTORY_PENDING
2025-08-18,4581564.5522552449,1786972.4176839278,4661316.9578196928,1,458156.45522552449,384213.79377664736,372509.2539486934,0,False,0,True,TREND_OPEN|FUNDED_STOP_RISK_BUDGET_0.1|ENTRY_WARNING_CAP_1|PROTECTIVE_INVENTORY_PENDING
2025-08-19,4706155.512758892,1853451.0280434079,4706155.512758892,1,470615.55127588921,497095.14199771232,468857.31952314457,0,False,0,True,TREND_OPEN|FUNDED_STOP_RISK_BUDGET_0.1|ENTRY_WARNING_CAP_1|PROTECTIVE_INVENTORY_PENDING
2025-08-20,4760563.3731060196,1951792.7165148079,4760563.3731060196,1,476056.33731060196,511819.54560574406,475235.36585509003,0,False,0,True,TREND_OPEN|FUNDED_STOP_RISK_BUDGET_0.1|ENTRY_WARNING_CAP_1|PROTECTIVE_INVENTORY_PENDING
2025-08-21,4580467.9120031763,2148674.4538790276,4760563.3731060196,1,458046.79120031768,298553.05676989991,290457.52658113505,0,False,0,True,TREND_OPEN|FUNDED_STOP_RISK_BUDGET_0.1|ENTRY_WARNING_CAP_1|PROTECTIVE_INVENTORY_PENDING
2025-08-22,4665503.0057799853,2148674.4538790276,4760563.3731060196,1,466550.30057799857,383588.15054670896,373848.02860171819,0,False,0,True,TREND_OPEN|FUNDED_STOP_RISK_BUDGET_0.1|ENTRY_WARNING_CAP_1|PROTECTIVE_INVENTORY_PENDING
2025-08-25,4912409.9513280783,2215800.3927819878,4912409.9513280783,1,491240.99513280788,575896.98065661557,489990.67948692257,0,False,0,True,TREND_OPEN|FUNDED_STOP_RISK_BUDGET_0.1|ENTRY_WARNING_CAP_1|PROTECTIVE_INVENTORY_PENDING
2025-08-26,5065811.312251077,2644095.3912118357,5065811.312251077,1,506581.1312251077,458899.49874419509,448543.67907593201,0,False,0,True,TREND_OPEN|FUNDED_STOP_RISK_BUDGET_0.1|ENTRY_WARNING_CAP_1|PROTECTIVE_INVENTORY_PENDING
2025-08-27,5226144.2289879527,2705487.9891148759,5226144.2289879527,1,522614.42289879528,507374.56673028728,492156.44090576272,0,False,0,True,TREND_OPEN|FUNDED_STOP_RISK_BUDGET_0.1|ENTRY_WARNING_CAP_1|PROTECTIVE_INVENTORY_PENDING
2025-08-28,5459107.5305183604,2713012.6060507861,5459107.5305183604,1,545910.75305183604,515229.57127005421,501491.07912640012,0,False,0,True,TREND_OPEN|FUNDED_STOP_RISK_BUDGET_0.1|ENTRY_WARNING_CAP_1|PROTECTIVE_INVENTORY_PENDING
2025-08-29,5640989.4663218763,2776001.5980067863,5640989.4663218763,1,564098.9466321877,489441.54513885005,479097.98722732998,0,False,0,True,TREND_OPEN|FUNDED_STOP_RISK_BUDGET_0.1|ENTRY_WARNING_CAP_1|PROTECTIVE_INVENTORY_PENDING
2025-09-01,5759218.2551109949,2838876.7905161465,5759218.2551109949,1,575921.82551109954,535050.4160072438,519764.01074408594,0,False,0,True,TREND_OPEN|FUNDED_STOP_RISK_BUDGET_0.1|ENTRY_WARNING_CAP_1|PROTECTIVE_INVENTORY_PENDING
2025-09-02,5517970.772672398,2914094.2317821463,5759218.2551109949,1,551797.0772672398,275051.65944992763,261128.24690545903,0,False,0,True,TREND_OPEN|FUNDED_STOP_RISK_BUDGET_0.1|ENTRY_WARNING_CAP_1|PROTECTIVE_INVENTORY_PENDING
2025-09-03,5794280.375563358,2914094.2317821463,5794280.375563358,1,579428.0375563358,522079.43441122136,503038.04604416795,0,False,0,True,TREND_OPEN|FUNDED_STOP_RISK_BUDGET_0.1|ENTRY_WARNING_CAP_1|PROTECTIVE_INVENTORY_PENDING
2025-09-04,5622433.1134139011,2993236.7557164663,5794280.375563358,0,562243.31134139013,331703.40554289136,319719.13253766211,0,False,0,True,ACCUMULATED_MARKET_SHOCK|FUNDED_STOP_RISK_BUDGET_0.1|ENTRY_WARNING_CAP_0|PROTECTIVE_INVENTORY_PENDING
2025-09-05,5733295.8734612865,2993236.7557164663,5794280.375563358,0,573329.58734612865,442566.16559027659,428449.16160687298,0,False,0,True,RECOVERY_WAIT|FUNDED_STOP_RISK_BUDGET_0.1|ENTRY_WARNING_CAP_0|PROTECTIVE_INVENTORY_PENDING
2025-09-08,5532290.6597075248,3067106.5719564664,5794280.375563358,0,553229.0659707525,228315.93430574125,224163.77296174614,0,False,0,True,RECOVERY_WAIT|FUNDED_STOP_RISK_BUDGET_0.1|ENTRY_WARNING_CAP_0|PROTECTIVE_INVENTORY_PENDING
2025-09-09,5651508.5135626318,3067106.5719564664,5794280.375563358,0,565150.85135626316,347533.78816084837,343760.8034934118,0,False,0,True,RECOVERY_WAIT|FUNDED_STOP_RISK_BUDGET_0.1|ENTRY_WARNING_CAP_0|PROTECTIVE_INVENTORY_PENDING
2025-09-10,5636993.6322177052,3134947.0140060666,5794280.375563358,0,563699.3632217705,325817.63471381669,319531.53676051652,0,False,0,True,RECOVERY_WAIT|FUNDED_STOP_RISK_BUDGET_0.1|ENTRY_WARNING_CAP_0|PROTECTIVE_INVENTORY_PENDING
2025-09-11,5815061.1329749413,3203825.6264460664,5815061.1329749413,0,581506.11329749413,495643.17898773099,478860.66468014318,0,False,0,True,RECOVERY_WAIT|FUNDED_STOP_RISK_BUDGET_0.1|ENTRY_WARNING_CAP_0|PROTECTIVE_INVENTORY_PENDING
2025-09-12,5706001.6829926595,3203825.6264460664,5815061.1329749413,0,570600.16829926602,386583.72900544899,372464.688568282,0,False,0,True,RECOVERY_WAIT|FUNDED_STOP_RISK_BUDGET_0.1|ENTRY_WARNING_CAP_0|PROTECTIVE_INVENTORY_PENDING
2025-09-15,5640688.1606656555,3203825.6264460664,5815061.1329749413,0.5,564068.81606656557,321270.2066784451,308877.06410775654,0,False,0,True,CONFIRMED_RECOVERY|FUNDED_STOP_RISK_BUDGET_0.1|ENTRY_WARNING_CAP_0.5|PROTECTIVE_INVENTORY_PENDING
2025-09-16,5866009.5821955698,3278152.6369541464,5866009.5821955698,0.5,586600.95821955695,532888.37056865788,519673.46271238336,0,False,0,True,RECOVERY_WAIT|FUNDED_STOP_RISK_BUDGET_0.1|ENTRY_WARNING_CAP_0.5|PROTECTIVE_INVENTORY_PENDING
2025-09-17,5970730.8238466214,3351862.7346725464,5970730.8238466214,0.5,597073.08238466212,624524.60664503567,580853.33123984758,0,False,0,True,RECOVERY_WAIT|FUNDED_STOP_RISK_BUDGET_0.1|ENTRY_WARNING_CAP_0.5|PROTECTIVE_INVENTORY_PENDING
2025-09-18,6213281.952214269,3546753.2712103864,6213281.952214269,1,621328.1952214269,653129.30796623125,620099.64590451762,0,False,0,True,CONFIRMED_RECOVERY|FUNDED_STOP_RISK_BUDGET_0.1|ENTRY_WARNING_CAP_1|PROTECTIVE_INVENTORY_PENDING
2025-09-19,6473616.6512875156,3688286.3480471512,6473616.6512875156,1,647361.66512875166,639652.57984915876,636882.53515852918,0,False,0,True,TREND_OPEN|FUNDED_STOP_RISK_BUDGET_0.1|ENTRY_WARNING_CAP_1|PROTECTIVE_INVENTORY_PENDING
2025-09-22,6350004.2364169275,3688286.3480471512,6473616.6512875156,1,635000.42364169285,516040.16497857025,513805.17567039962,0,False,0,True,TREND_OPEN|FUNDED_STOP_RISK_BUDGET_0.1|ENTRY_WARNING_CAP_1|PROTECTIVE_INVENTORY_PENDING
2025-09-23,6395849.6273441194,3699793.9436274511,6473616.6512875156,1,639584.96273441194,559670.96688169881,557236.57301206852,0,False,0,True,TREND_OPEN|FUNDED_STOP_RISK_BUDGET_0.1|ENTRY_WARNING_CAP_1|PROTECTIVE_INVENTORY_PENDING
2025-09-24,6235204.1209068019,3699793.9436274511,6473616.6512875156,1,623520.41209068021,399025.46044438164,397289.54770405166,0,False,0,True,TREND_OPEN|FUNDED_STOP_RISK_BUDGET_0.1|ENTRY_WARNING_CAP_1|PROTECTIVE_INVENTORY_PENDING
2025-09-25,6184037.2594590485,3699793.9436274511,6473616.6512875156,1,618403.72594590485,347858.59899662784,346345.19823028747,0,False,0,True,TREND_OPEN|FUNDED_STOP_RISK_BUDGET_0.1|ENTRY_WARNING_CAP_1|PROTECTIVE_INVENTORY_PENDING
2025-09-26,6066952.729659684,3699793.9436274511,6473616.6512875156,1,606695.27296596847,230774.06919726328,229769.9232452648,0,False,0,True,TREND_OPEN|FUNDED_STOP_RISK_BUDGET_0.1|ENTRY_WARNING_CAP_1|PROTECTIVE_INVENTORY_PENDING
2025-09-29,6125725.4759172387,3699793.9436274511,6473616.6512875156,1,612572.54759172385,289546.81545481825,287027.23351571802,0,False,0,True,TREND_OPEN|FUNDED_STOP_RISK_BUDGET_0.1|ENTRY_WARNING_CAP_1|PROTECTIVE_INVENTORY_PENDING
2025-09-30,6017619.142603958,3710327.0124699911,6473616.6512875156,1,601761.9142603958,180202.62479788155,179415.0508081257,0,False,0,True,TREND_OPEN|FUNDED_STOP_RISK_BUDGET_0.1|ENTRY_WARNING_CAP_1|PROTECTIVE_INVENTORY_PENDING
2025-10-09,5952262.9040455958,3720398.7786969109,6473616.6512875156,1,595226.29040455958,114071.02440117089,113570.24665023675,0,False,0,True,TREND_OPEN|FUNDED_STOP_RISK_BUDGET_0.1|ENTRY_WARNING_CAP_1|PROTECTIVE_INVENTORY_PENDING
2025-10-10,5798725.1404855754,3730202.949467151,6473616.6512875156,1,579872.51404855761,41370.443820368484,0,0,False,0,True,TREND_OPEN|FUNDED_STOP_RISK_BUDGET_0.1|ENTRY_WARNING_CAP_1|PROTECTIVE_INVENTORY_PENDING
2025-10-13,5679733.3178465068,5679733.3178465068,6473616.6512875156,1,567973.33178465068,0,567973.33178465057,0,False,0,False,TREND_OPEN|FUNDED_STOP_RISK_BUDGET_0.1|ENTRY_WARNING_CAP_1|CASH_FUNDED_SUPPORT_RISK
2025-10-14,5495000.5153690455,2634237.2719365899,6473616.6512875156,0,549500.05153690453,420703.6109993626,420703.6109993626,0,False,0,False,CROSS_SECTION_SHOCK|FUNDED_STOP_RISK_BUDGET_0.1|ENTRY_WARNING_CAP_0|RETAIN_ACTUAL_UNITS
2025-10-15,5491386.9625175158,2634237.2719365899,6473616.6512875156,0,549138.69625175162,417090.05814783345,417090.05814783345,0,False,0,False,RECOVERY_WAIT|FUNDED_STOP_RISK_BUDGET_0.1|ENTRY_WARNING_CAP_0|RETAIN_ACTUAL_UNITS
2025-10-16,5449990.3003308121,2634237.2719365899,6473616.6512875156,0,544999.03003308119,375693.39596112986,375693.39596112986,0,False,0,False,RECOVERY_WAIT|FUNDED_STOP_RISK_BUDGET_0.1|ENTRY_WARNING_CAP_0|RETAIN_ACTUAL_UNITS
2025-10-17,5343858.9589756727,2634237.2719365899,6473616.6512875156,0,534385.89589756727,269562.05460598966,269562.05460598966,0,False,0,False,RECOVERY_WAIT|FUNDED_STOP_RISK_BUDGET_0.1|ENTRY_WARNING_CAP_0|RETAIN_ACTUAL_UNITS
2025-10-20,5307788.7036177712,2634237.2719365899,6473616.6512875156,0,530778.87036177714,233491.79924808838,233491.79924808838,0,False,0,False,RECOVERY_WAIT|FUNDED_STOP_RISK_BUDGET_0.1|ENTRY_WARNING_CAP_0|RETAIN_ACTUAL_UNITS
2025-10-21,5340617.1652416028,2634237.2719365899,6473616.6512875156,0,534061.71652416035,266320.26087192004,266320.26087192004,0,False,0,False,RECOVERY_WAIT|FUNDED_STOP_RISK_BUDGET_0.1|ENTRY_WARNING_CAP_0|RETAIN_ACTUAL_UNITS
2025-10-22,5295056.7004402,2634237.2719365899,6473616.6512875156,0,529505.67004402005,220759.79607051803,220759.79607051803,0,False,0,False,RECOVERY_WAIT|FUNDED_STOP_RISK_BUDGET_0.1|ENTRY_WARNING_CAP_0|RETAIN_ACTUAL_UNITS
2025-10-23,5255583.7358161565,2634237.2719365899,6473616.6512875156,0,525558.37358161563,187014.00394647388,187014.00394647388,0,False,0,False,RECOVERY_WAIT|FUNDED_STOP_RISK_BUDGET_0.1|ENTRY_WARNING_CAP_0|RETAIN_ACTUAL_UNITS
2025-10-24,5535297.7886570655,2634237.2719365899,6473616.6512875156,0,553529.77886570652,461000.88428738294,461000.88428738294,0,False,0,False,RECOVERY_WAIT|FUNDED_STOP_RISK_BUDGET_0.1|ENTRY_WARNING_CAP_0|RETAIN_ACTUAL_UNITS
2025-10-27,5651819.3797360798,2634237.2719365899,6473616.6512875156,0,565181.93797360803,550700.72874341556,550700.72874341556,0,False,0,False,RECOVERY_WAIT|FUNDED_STOP_RISK_BUDGET_0.1|ENTRY_WARNING_CAP_0|RETAIN_ACTUAL_UNITS
2025-10-28,5644029.5318972953,2634237.2719365899,6473616.6512875156,0.5,564402.9531897296,525993.71756159724,525993.71756159724,0,False,0,False,CONFIRMED_RECOVERY|FUNDED_STOP_RISK_BUDGET_0.1|ENTRY_WARNING_CAP_0.5|RETAIN_ACTUAL_UNITS
2025-10-29,5745507.2715850603,2634237.2719365899,6473616.6512875156,0.5,574550.72715850605,616705.60585811385,574512.17388058396,0,False,0,True,RECOVERY_WAIT|FUNDED_STOP_RISK_BUDGET_0.1|ENTRY_WARNING_CAP_0.5|PROTECTIVE_INVENTORY_PENDING
2025-10-30,5665745.2441486884,2846464.6151200235,6473616.6512875156,0.5,566574.52441486891,428610.50084683782,424781.17637812119,0,False,0,True,RECOVERY_WAIT|FUNDED_STOP_RISK_BUDGET_0.1|ENTRY_WARNING_CAP_0.5|PROTECTIVE_INVENTORY_PENDING
2025-10-31,5428774.5216591414,2846464.6151200235,6473616.6512875156,0.5,542877.45216591412,191639.77835729154,158227.38450000001,0,False,0,True,RECOVERY_WAIT|FUNDED_STOP_RISK_BUDGET_0.1|ENTRY_WARNING_CAP_0.5|PROTECTIVE_INVENTORY_PENDING
2025-11-03,5380932.4901468251,4157974.2401468251,6473616.6512875156,0.5,538093.24901468249,135312.48450000005,269046.6245073413,0,False,0,False,RECOVERY_WAIT|FUNDED_STOP_RISK_BUDGET_0.1|ENTRY_WARNING_CAP_0.5|CASH_FUNDED_SUPPORT_RISK
2025-11-04,5375561.854910858,3595079.5694042207,6473616.6512875156,0.5,537556.18549108587,269487.38064007653,269487.38064007653,0,False,0,False,RECOVERY_WAIT|FUNDED_STOP_RISK_BUDGET_0.1|ENTRY_WARNING_CAP_0.5|RETAIN_ACTUAL_UNITS
2025-11-05,5357851.218590064,3595079.5694042207,6473616.6512875156,0.5,535785.12185900647,232121.11168169719,232121.11168169719,0,False,0,False,RECOVERY_WAIT|FUNDED_STOP_RISK_BUDGET_0.1|ENTRY_WARNING_CAP_0.5|RETAIN_ACTUAL_UNITS
2025-11-06,5512292.203143714,3595079.5694042207,6473616.6512875156,0.5,551229.2203143714,307605.48222172994,307605.48222172994,0,False,0,False,RECOVERY_WAIT|FUNDED_STOP_RISK_BUDGET_0.1|ENTRY_WARNING_CAP_0.5|RETAIN_ACTUAL_UNITS
2025-11-07,5469511.3361407463,3595079.5694042207,6473616.6512875156,0.5,546951.13361407467,264824.61521876324,264824.61521876324,0,False,0,False,RECOVERY_WAIT|FUNDED_STOP_RISK_BUDGET_0.1|ENTRY_WARNING_CAP_0.5|RETAIN_ACTUAL_UNITS
2025-11-10,5413182.2978401873,3595079.5694042207,6473616.6512875156,0.5,541318.22978401871,208296.31691820384,208296.31691820384,0,False,0,False,RECOVERY_WAIT|FUNDED_STOP_RISK_BUDGET_0.1|ENTRY_WARNING_CAP_0.5|RETAIN_ACTUAL_UNITS
2025-11-11,5363633.5718843471,3595079.5694042207,6473616.6512875156,0.5,536363.35718843469,147349.91896236356,147349.91896236356,0,False,0,False,RECOVERY_WAIT|FUNDED_STOP_RISK_BUDGET_0.1|ENTRY_WARNING_CAP_0.5|RETAIN_ACTUAL_UNITS
2025-11-12,5335372.3987007476,3595079.5694042207,6473616.6512875156,0.5,533537.23987007479,128071.38657876462,128071.38657876462,0,False,0,False,RECOVERY_WAIT|FUNDED_STOP_RISK_BUDGET_0.1|ENTRY_WARNING_CAP_0.5|RETAIN_ACTUAL_UNITS
2025-11-13,5354008.1918752184,3595079.5694042207,6473616.6512875156,0.5,535400.81918752182,121788.72045323486,121788.72045323486,0,False,0,False,RECOVERY_WAIT|FUNDED_STOP_RISK_BUDGET_0.1|ENTRY_WARNING_CAP_0.5|RETAIN_ACTUAL_UNITS
2025-11-14,5270136.9464779338,3595079.5694042207,6473616.6512875156,0.5,527013.69464779343,78946.105355950654,56682.785555950664,0,False,0,True,RECOVERY_WAIT|FUNDED_STOP_RISK_BUDGET_0.1|ENTRY_WARNING_CAP_0.5|PROTECTIVE_INVENTORY_PENDING
2025-11-17,5268778.4696799424,4713845.7925138017,6473616.6512875156,0.5,526877.84696799424,49724.075648377751,181443.53739037632,0,False,0,False,RECOVERY_WAIT|FUNDED_STOP_RISK_BUDGET_0.1|ENTRY_WARNING_CAP_0.5|CASH_FUNDED_SUPPORT_RISK
2025-11-18,5262593.3260789765,3557702.5854149219,6473616.6512875156,0.5,526259.3326078977,166089.20206981571,166089.20206981571,0,False,0,False,RECOVERY_WAIT|FUNDED_STOP_RISK_BUDGET_0.1|ENTRY_WARNING_CAP_0.5|RETAIN_ACTUAL_UNITS
2025-11-19,5243486.6821347065,3557702.5854149219,6473616.6512875156,0.5,524348.66821347072,146982.55812554504,98668.733020672487,0,False,0,True,RECOVERY_WAIT|FUNDED_STOP_RISK_BUDGET_0.1|ENTRY_WARNING_CAP_0.5|PROTECTIVE_INVENTORY_PENDING
2025-11-20,5287989.4290519515,4659154.8250030372,6473616.6512875156,0.5,528798.94290519517,123626.00253115132,123626.00253115132,0,False,0,False,RECOVERY_WAIT|FUNDED_STOP_RISK_BUDGET_0.1|ENTRY_WARNING_CAP_0.5|RETAIN_ACTUAL_UNITS
2025-11-21,5226581.4106511679,4659154.8250030372,6473616.6512875156,0,522658.1410651168,42027.186526948419,0,0,False,0,True,CROSS_SECTION_SHOCK|FUNDED_STOP_RISK_BUDGET_0.1|ENTRY_WARNING_CAP_0|PROTECTIVE_INVENTORY_PENDING
2025-11-24,5228888.6896154145,5228888.6896154145,6473616.6512875156,0,522888.86896154145,0,0,0,False,0,False,RECOVERY_WAIT|FUNDED_STOP_RISK_BUDGET_0.1|ENTRY_WARNING_CAP_0|RETAIN_ACTUAL_UNITS
2025-11-25,5228888.6896154145,5228888.6896154145,6473616.6512875156,0,522888.86896154145,0,0,0,False,0,False,RECOVERY_WAIT|FUNDED_STOP_RISK_BUDGET_0.1|ENTRY_WARNING_CAP_0|RETAIN_ACTUAL_UNITS
2025-11-26,5228888.6896154145,5228888.6896154145,6473616.6512875156,0,522888.86896154145,0,0,0,False,0,False,RECOVERY_WAIT|FUNDED_STOP_RISK_BUDGET_0.1|ENTRY_WARNING_CAP_0|RETAIN_ACTUAL_UNITS
2025-11-27,5228888.6896154145,5228888.6896154145,6473616.6512875156,0,522888.86896154145,0,0,0,False,0,False,RECOVERY_WAIT|FUNDED_STOP_RISK_BUDGET_0.1|ENTRY_WARNING_CAP_0|RETAIN_ACTUAL_UNITS
2025-11-28,5228888.6896154145,5228888.6896154145,6473616.6512875156,0,522888.86896154145,0,0,0,False,0,False,RECOVERY_WAIT|FUNDED_STOP_RISK_BUDGET_0.1|ENTRY_WARNING_CAP_0|RETAIN_ACTUAL_UNITS
2025-12-01,5228888.6896154145,5228888.6896154145,6473616.6512875156,0,522888.86896154145,0,0,0,False,0,False,RECOVERY_WAIT|FUNDED_STOP_RISK_BUDGET_0.1|ENTRY_WARNING_CAP_0|RETAIN_ACTUAL_UNITS
2025-12-02,5228888.6896154145,5228888.6896154145,6473616.6512875156,0.5,522888.86896154145,0,261444.43448077069,0,False,0,False,CONFIRMED_RECOVERY|FUNDED_STOP_RISK_BUDGET_0.1|ENTRY_WARNING_CAP_0.5|CASH_FUNDED_SUPPORT_RISK
2025-12-03,5179808.4044042043,3886999.2886593109,6473616.6512875156,0.5,517980.84044042043,201425.21967514924,201425.21967514924,0,False,0,False,RECOVERY_WAIT|FUNDED_STOP_RISK_BUDGET_0.1|ENTRY_WARNING_CAP_0.5|RETAIN_ACTUAL_UNITS
2025-12-04,5193328.036723217,3886999.2886593109,6473616.6512875156,0.5,519332.80367232172,214944.8519941617,214944.8519941617,0,False,0,False,RECOVERY_WAIT|FUNDED_STOP_RISK_BUDGET_0.1|ENTRY_WARNING_CAP_0.5|RETAIN_ACTUAL_UNITS
2025-12-05,5214650.0859495951,3886999.2886593109,6473616.6512875156,1,521465.00859495951,236266.90122053967,236266.90122053967,0,False,0,False,CONFIRMED_RECOVERY|FUNDED_STOP_RISK_BUDGET_0.1|ENTRY_WARNING_CAP_1|RETAIN_ACTUAL_UNITS
2025-12-08,5333004.6317619542,3886999.2886593109,6473616.6512875156,1,533300.46317619539,293020.6312168329,533300.46317619539,0,False,0,False,TREND_OPEN|FUNDED_STOP_RISK_BUDGET_0.1|ENTRY_WARNING_CAP_1|CASH_FUNDED_SUPPORT_RISK
2025-12-09,5589883.3508990724,2517058.9807631508,6473616.6512875156,1,558988.33508990728,551486.44712721044,551486.44712721044,0,False,0,False,TREND_OPEN|FUNDED_STOP_RISK_BUDGET_0.1|ENTRY_WARNING_CAP_1|RETAIN_ACTUAL_UNITS
2025-12-10,5662813.6849509049,2517058.9807631508,6473616.6512875156,1,566281.36849509052,548133.65775117383,548133.65775117383,0,False,0,False,TREND_OPEN|FUNDED_STOP_RISK_BUDGET_0.1|ENTRY_WARNING_CAP_1|RETAIN_ACTUAL_UNITS
2025-12-11,5509064.1506936038,2517058.9807631508,6473616.6512875156,1,550906.4150693604,394384.12349387188,394384.12349387188,0,False,0,False,TREND_OPEN|FUNDED_STOP_RISK_BUDGET_0.1|ENTRY_WARNING_CAP_1|RETAIN_ACTUAL_UNITS
2025-12-12,5537065.8231746722,2517058.9807631508,6473616.6512875156,1,553706.5823174672,422385.79597494029,553706.5823174672,0,False,0,False,TREND_OPEN|FUNDED_STOP_RISK_BUDGET_0.1|ENTRY_WARNING_CAP_1|CASH_FUNDED_SUPPORT_RISK
2025-12-15,5444668.5131408013,1962468.1318230228,6473616.6512875156,1,544466.85131408018,429232.73538119777,429232.73538119777,0,False,0,False,TREND_OPEN|FUNDED_STOP_RISK_BUDGET_0.1|ENTRY_WARNING_CAP_1|RETAIN_ACTUAL_UNITS
2025-12-16,5289446.7526239548,1962468.1318230228,6473616.6512875156,1,528944.67526239553,274010.97486435133,274010.97486435133,0,False,0,False,MARKET_WEAK_WARNING|FUNDED_STOP_RISK_BUDGET_0.1|ENTRY_WARNING_CAP_1|RETAIN_ACTUAL_UNITS
2025-12-17,5488891.4635279067,1962468.1318230228,6473616.6512875156,1,548889.14635279065,473455.68576830334,473455.68576830334,0,False,0,False,TREND_OPEN|FUNDED_STOP_RISK_BUDGET_0.1|ENTRY_WARNING_CAP_1|RETAIN_ACTUAL_UNITS
2025-12-18,5431829.5922585642,1962468.1318230228,6473616.6512875156,1,543182.95922585647,416393.81449896027,416393.81449896027,0,False,0,False,TREND_OPEN|FUNDED_STOP_RISK_BUDGET_0.1|ENTRY_WARNING_CAP_1|RETAIN_ACTUAL_UNITS
2025-12-19,5348549.5509611554,1962468.1318230228,6473616.6512875156,1,534854.95509611559,333113.77320155199,333113.77320155199,0,False,0,False,MARKET_WEAK_WARNING|FUNDED_STOP_RISK_BUDGET_0.1|ENTRY_WARNING_CAP_1|RETAIN_ACTUAL_UNITS
2025-12-22,5551306.4121185523,1962468.1318230228,6473616.6512875156,1,555130.64121185523,535870.63435894891,535870.63435894891,0,False,0,False,TREND_OPEN|FUNDED_STOP_RISK_BUDGET_0.1|ENTRY_WARNING_CAP_1|RETAIN_ACTUAL_UNITS
2025-12-23,5594770.5230366942,1962468.1318230228,6473616.6512875156,1,559477.05230366939,563931.40800715529,549391.44720070367,0,False,0,True,TREND_OPEN|FUNDED_STOP_RISK_BUDGET_0.1|ENTRY_WARNING_CAP_1|PROTECTIVE_INVENTORY_PENDING
2025-12-24,5628595.0479821218,2056730.0103083027,6473616.6512875156,1,562859.50479821221,493908.20193302917,484865.44790713716,0,False,0,True,TREND_OPEN|FUNDED_STOP_RISK_BUDGET_0.1|ENTRY_WARNING_CAP_1|PROTECTIVE_INVENTORY_PENDING
2025-12-25,5628527.7487047296,2121116.5393283027,6473616.6512875156,1,562852.77487047296,466603.01438377443,457485.56391414383,0,False,0,True,TREND_OPEN|FUNDED_STOP_RISK_BUDGET_0.1|ENTRY_WARNING_CAP_1|PROTECTIVE_INVENTORY_PENDING
2025-12-26,5526713.3921361361,2121116.5393283027,6473616.6512875156,1,552671.33921361365,364788.65781517979,356952.96069057909,0,False,0,True,TREND_OPEN|FUNDED_STOP_RISK_BUDGET_0.1|ENTRY_WARNING_CAP_1|PROTECTIVE_INVENTORY_PENDING
2025-12-29,5481156.8706603162,2183770.1223889426,6473616.6512875156,1,548115.68706603162,305794.95182536612,299017.38488857518,0,False,0,True,TREND_OPEN|FUNDED_STOP_RISK_BUDGET_0.1|ENTRY_WARNING_CAP_1|PROTECTIVE_INVENTORY_PENDING
2025-12-30,5523584.1610489581,2245471.3837645426,6473616.6512875156,1,552358.41610489588,341543.39947396063,333363.85716017301,0,False,0,True,TREND_OPEN|FUNDED_STOP_RISK_BUDGET_0.1|ENTRY_WARNING_CAP_1|PROTECTIVE_INVENTORY_PENDING
2025-12-31,5406171.0209217677,2245471.3837645426,6473616.6512875156,1,540617.10209217679,229717.04714677029,223740.64977402808,0,False,0,True,MARKET_WEAK_WARNING|FUNDED_STOP_RISK_BUDGET_0.1|ENTRY_WARNING_CAP_1|PROTECTIVE_INVENTORY_PENDING
