date,method,model_fitted,count,rank_correlation,top4_logreturn,universe_logreturn
2023-02-06,learner,False,25,0.46076923076923076,0.54511484495799389,0.19288207553423439
2023-02-06,price_prior,False,25,0.46076923076923076,0.54511484495799389,0.19288207553423439
2023-02-07,learner,False,25,0.36615384615384611,0.52706489763970821,0.18905330059028555
2023-02-07,price_prior,False,25,0.36615384615384611,0.52706489763970821,0.18905330059028555
2023-02-08,learner,False,25,0.54230769230769238,0.55984428034886913,0.18754689710190603
2023-02-08,price_prior,False,25,0.54230769230769238,0.55984428034886913,0.18754689710190603
2023-02-09,learner,False,25,0.50153846153846149,0.41933353755676672,0.096025918541563338
2023-02-09,price_prior,False,25,0.50153846153846149,0.41933353755676672,0.096025918541563338
2023-02-10,learner,False,25,0.51230769230769235,0.28737461991084839,0.10018582846391903
2023-02-10,price_prior,False,25,0.51230769230769235,0.28737461991084839,0.10018582846391903
2023-02-13,learner,False,25,0.52923076923076917,0.23886583510798609,0.064717098582762742
2023-02-13,price_prior,False,25,0.52923076923076917,0.23886583510798609,0.064717098582762742
2023-02-14,learner,False,25,0.47615384615384609,0.34526778823771076,0.089105489616675873
2023-02-14,price_prior,False,25,0.47615384615384609,0.34526778823771076,0.089105489616675873
2023-02-15,learner,False,25,0.37384615384615388,0.30693489937831719,0.072192976424192909
2023-02-15,price_prior,False,25,0.37384615384615388,0.30693489937831719,0.072192976424192909
2023-02-16,learner,False,25,0.3923076923076923,0.39611087888466257,0.12351234229441055
2023-02-16,price_prior,False,25,0.3923076923076923,0.39611087888466257,0.12351234229441055
2023-02-17,learner,False,25,0.30538461538461537,0.37467939850910803,0.18950136757393032
2023-02-17,price_prior,False,25,0.30538461538461537,0.37467939850910803,0.18950136757393032
2023-02-20,learner,False,25,0.27923076923076923,0.43815742603444552,0.18078557734470363
2023-02-20,price_prior,False,25,0.27923076923076923,0.43815742603444552,0.18078557734470363
2023-02-21,learner,False,25,0.32461538461538458,0.33467833659521234,0.18430794815673202
2023-02-21,price_prior,False,25,0.32461538461538458,0.33467833659521234,0.18430794815673202
2023-02-22,learner,False,25,0.39999999999999997,0.36744444782235997,0.15889600076120444
2023-02-22,price_prior,False,25,0.39999999999999997,0.36744444782235997,0.15889600076120444
2023-02-23,learner,False,25,0.35076923076923078,0.38523073842770061,0.17568340486518152
2023-02-23,price_prior,False,25,0.35076923076923078,0.38523073842770061,0.17568340486518152
2023-02-24,learner,False,25,0.30384615384615382,0.41928840293967623,0.20270944214509598
2023-02-24,price_prior,False,25,0.30384615384615382,0.41928840293967623,0.20270944214509598
2023-02-27,learner,False,25,0.28076923076923077,0.49129132554189003,0.22957510016980445
2023-02-27,price_prior,False,25,0.28076923076923077,0.49129132554189003,0.22957510016980445
2023-02-28,learner,False,25,0.34076923076923077,0.4988474499750073,0.23949978040947442
2023-02-28,price_prior,False,25,0.34076923076923077,0.4988474499750073,0.23949978040947442
2023-03-01,learner,False,25,0.36230769230769228,0.50524655426714449,0.23959825534988219
2023-03-01,price_prior,False,25,0.36230769230769228,0.50524655426714449,0.23959825534988219
2023-03-02,learner,False,25,0.42230769230769233,0.58304361845962682,0.21929235206613218
2023-03-02,price_prior,False,25,0.42230769230769233,0.58304361845962682,0.21929235206613218
2023-03-03,learner,False,25,0.61538461538461531,0.46070536246782118,0.19604941036644147
2023-03-03,price_prior,False,25,0.61538461538461531,0.46070536246782118,0.19604941036644147
2023-03-06,learner,False,25,0.59769230769230774,0.36280975161284917,0.16808940603262118
2023-03-06,price_prior,False,25,0.59769230769230774,0.36280975161284917,0.16808940603262118
2023-03-07,learner,False,25,0.55153846153846153,0.42314664401238528,0.21252733869357476
2023-03-07,price_prior,False,25,0.55153846153846153,0.42314664401238528,0.21252733869357476
2023-03-08,learner,False,25,0.57307692307692304,0.38137318985485752,0.17407335498005685
2023-03-08,price_prior,False,25,0.57307692307692304,0.38137318985485752,0.17407335498005685
2023-03-09,learner,False,25,0.47692307692307689,0.40370037028457428,0.16235390239417724
2023-03-09,price_prior,False,25,0.47692307692307689,0.40370037028457428,0.16235390239417724
2023-03-10,learner,False,25,0.47230769230769232,0.37091967559890354,0.14191379969557236
2023-03-10,price_prior,False,25,0.47230769230769232,0.37091967559890354,0.14191379969557236
2023-03-13,learner,False,25,0.45384615384615384,0.40646179384995279,0.16826399047219276
2023-03-13,price_prior,False,25,0.45384615384615384,0.40646179384995279,0.16826399047219276
2023-03-14,learner,False,25,0.28769230769230764,0.31710833121028148,0.13975192844174317
2023-03-14,price_prior,False,25,0.28769230769230764,0.31710833121028148,0.13975192844174317
2023-03-15,learner,False,25,0.26769230769230767,0.37673110691822198,0.19248074932484427
2023-03-15,price_prior,False,25,0.26769230769230767,0.37673110691822198,0.19248074932484427
2023-03-16,learner,False,25,0.31307692307692309,0.41520922714871983,0.21332270441636511
2023-03-16,price_prior,False,25,0.31307692307692309,0.41520922714871983,0.21332270441636511
2023-03-17,learner,False,25,0.4053846153846154,0.33115795089098299,0.18424719109516327
2023-03-17,price_prior,False,25,0.4053846153846154,0.33115795089098299,0.18424719109516327
2023-03-20,learner,False,25,0.30538461538461537,0.37745908164650288,0.19007229085084681
2023-03-20,price_prior,False,25,0.30538461538461537,0.37745908164650288,0.19007229085084681
2023-03-21,learner,False,25,0.35846153846153844,0.38177969912599036,0.20608795347013381
2023-03-21,price_prior,False,25,0.35846153846153844,0.38177969912599036,0.20608795347013381
2023-03-22,learner,False,25,0.52307692307692311,0.34705484266989794,0.19181240290760002
2023-03-22,price_prior,False,25,0.52307692307692311,0.34705484266989794,0.19181240290760002
2023-03-23,learner,False,25,0.4053846153846154,0.23944643755248912,0.10816688193777196
2023-03-23,price_prior,False,25,0.4053846153846154,0.23944643755248912,0.10816688193777196
2023-03-24,learner,False,25,0.18769230769230769,0.14395505497603972,0.10203989727582938
2023-03-24,price_prior,False,25,0.18769230769230769,0.14395505497603972,0.10203989727582938
2023-03-27,learner,False,25,0.20384615384615384,0.13609769619243794,0.10236071510249063
2023-03-27,price_prior,False,25,0.20384615384615384,0.13609769619243794,0.10236071510249063
2023-03-28,learner,False,25,0.2076923076923077,0.18666878863224154,0.13007712996311838
2023-03-28,price_prior,False,25,0.2076923076923077,0.18666878863224154,0.13007712996311838
2023-03-29,learner,False,25,0.38153846153846149,0.10527296618065166,0.07078161834426526
2023-03-29,price_prior,False,25,0.38153846153846149,0.10527296618065166,0.07078161834426526
2023-03-30,learner,False,25,0.078461538461538458,0.12354129020770699,0.10117884612242105
2023-03-30,price_prior,False,25,0.078461538461538458,0.12354129020770699,0.10117884612242105
2023-03-31,learner,False,25,0.086923076923076922,0.064964133339714375,0.053051695250900428
2023-03-31,price_prior,False,25,0.086923076923076922,0.064964133339714375,0.053051695250900428
2023-04-03,learner,False,25,0.10384615384615385,0.016429207109545055,0.027063100551536313
2023-04-03,price_prior,False,25,0.10384615384615385,0.016429207109545055,0.027063100551536313
2023-04-04,learner,False,25,-0.052307692307692305,0.040607570094186682,-0.0093409551704505041
2023-04-04,price_prior,False,25,-0.052307692307692305,0.040607570094186682,-0.0093409551704505041
2023-04-06,learner,False,25,0.14384615384615382,-0.023397957653472211,-0.074498431997944689
2023-04-06,price_prior,False,25,0.14384615384615382,-0.023397957653472211,-0.074498431997944689
2023-04-07,learner,False,25,0.089999999999999997,-0.040053678533714873,-0.10288324343445869
2023-04-07,price_prior,False,25,0.089999999999999997,-0.040053678533714873,-0.10288324343445869
2023-04-10,learner,False,25,0.30307692307692308,-0.01530236188661405,-0.072460058895645801
2023-04-10,price_prior,False,25,0.30307692307692308,-0.01530236188661405,-0.072460058895645801
2023-04-11,learner,False,25,0.45076923076923076,0.067795850671928698,-0.042995743839973635
2023-04-11,price_prior,False,25,0.45076923076923076,0.067795850671928698,-0.042995743839973635
2023-04-12,learner,False,25,0.29076923076923078,-0.029637498163283416,-0.084608013346336455
2023-04-12,price_prior,False,25,0.29076923076923078,-0.029637498163283416,-0.084608013346336455
2023-04-13,learner,False,25,0.41538461538461541,0.020664976881549592,-0.045086502868617775
2023-04-13,price_prior,False,25,0.41538461538461541,0.020664976881549592,-0.045086502868617775
2023-04-14,learner,False,25,0.26461538461538459,-0.030036130292046798,-0.091750861699322533
2023-04-14,price_prior,False,25,0.26461538461538459,-0.030036130292046798,-0.091750861699322533
2023-04-17,learner,False,25,0.094615384615384615,-0.050417692165648148,-0.088195354969512835
2023-04-17,price_prior,False,25,0.094615384615384615,-0.050417692165648148,-0.088195354969512835
2023-04-18,learner,False,25,0.072307692307692295,-0.044213278747468332,-0.10866538351042181
2023-04-18,price_prior,False,25,0.072307692307692295,-0.044213278747468332,-0.10866538351042181
2023-04-19,learner,False,25,-0.17153846153846153,-0.13963395854519234,-0.13628026320722386
2023-04-19,price_prior,False,25,-0.17153846153846153,-0.13963395854519234,-0.13628026320722386
2023-04-20,learner,False,25,-0.29923076923076924,-0.23832139552046294,-0.21346380348521571
2023-04-20,price_prior,False,25,-0.29923076923076924,-0.23832139552046294,-0.21346380348521571
2023-04-21,learner,False,25,-0.33076923076923076,-0.23720414056411204,-0.17329113947339667
2023-04-21,price_prior,False,25,-0.33076923076923076,-0.23720414056411204,-0.17329113947339667
2023-04-24,learner,False,25,-0.48230769230769233,-0.2408247184749307,-0.17232445502319829
2023-04-24,price_prior,False,25,-0.48230769230769233,-0.2408247184749307,-0.17232445502319829
2023-04-25,learner,False,25,-0.5607692307692308,-0.23917082076576257,-0.1249115558476641
2023-04-25,price_prior,False,25,-0.5607692307692308,-0.23917082076576257,-0.1249115558476641
2023-04-26,learner,False,25,-0.55461538461538462,-0.19743482638439974,-0.088768163408296047
2023-04-26,price_prior,False,25,-0.55461538461538462,-0.19743482638439974,-0.088768163408296047
2023-04-27,learner,False,25,-0.47153846153846152,-0.30937053547631277,-0.10938785557622099
2023-04-27,price_prior,False,25,-0.47153846153846152,-0.30937053547631277,-0.10938785557622099
2023-04-28,learner,False,25,-0.55461538461538462,-0.26776160694507639,-0.13696817125881927
2023-04-28,price_prior,False,25,-0.55461538461538462,-0.26776160694507639,-0.13696817125881927
2023-05-04,learner,False,25,-0.54000000000000004,-0.23333136184223358,-0.09075957157492745
2023-05-04,price_prior,False,25,-0.54000000000000004,-0.23333136184223358,-0.09075957157492745
2023-05-05,learner,False,26,-0.50632478632478628,-0.1618546433439351,-0.049002888244800258
2023-05-05,price_prior,False,26,-0.50632478632478628,-0.1618546433439351,-0.049002888244800258
2023-05-08,learner,False,26,-0.4721367521367521,-0.23276670612986478,-0.034797435834618945
2023-05-08,price_prior,False,26,-0.4721367521367521,-0.23276670612986478,-0.034797435834618945
2023-05-09,learner,False,26,-0.43863247863247856,-0.18956500562525164,-0.010149828595139961
2023-05-09,price_prior,False,26,-0.43863247863247856,-0.18956500562525164,-0.010149828595139961
2023-05-10,learner,False,26,-0.49538461538461531,-0.15888967203510479,0.0017128587188849802
2023-05-10,price_prior,False,26,-0.49538461538461531,-0.15888967203510479,0.0017128587188849802
2023-05-11,learner,False,26,-0.49880341880341877,-0.15399518315926239,0.015289020390424995
2023-05-11,price_prior,False,26,-0.49880341880341877,-0.15399518315926239,0.015289020390424995
2023-05-12,learner,False,26,-0.45914529914529911,-0.14824501895925835,0.026290944666377485
2023-05-12,price_prior,False,26,-0.45914529914529911,-0.14824501895925835,0.026290944666377485
2023-05-15,learner,False,26,-0.4721367521367521,-0.1641072875873969,-0.014182134275714537
2023-05-15,price_prior,False,26,-0.4721367521367521,-0.1641072875873969,-0.014182134275714537
2023-05-16,learner,False,26,-0.44341880341880335,-0.14896526556373146,-0.021191113697072956
2023-05-16,price_prior,False,26,-0.44341880341880335,-0.14896526556373146,-0.021191113697072956
2023-05-17,learner,False,26,-0.35794871794871796,-0.223668740368028,-0.069175247341215926
2023-05-17,price_prior,False,26,-0.35794871794871796,-0.223668740368028,-0.069175247341215926
2023-05-18,learner,False,26,-0.29435897435897435,-0.22222315729609093,-0.10307226541584771
2023-05-18,price_prior,False,26,-0.29435897435897435,-0.22222315729609093,-0.10307226541584771
2023-05-19,learner,False,26,-0.23623931623931624,-0.19073521543382929,-0.14213157504365223
2023-05-19,price_prior,False,26,-0.23623931623931624,-0.19073521543382929,-0.14213157504365223
2023-05-22,learner,False,26,-0.22529914529914527,-0.27049242700917453,-0.14168173047863994
2023-05-22,price_prior,False,26,-0.22529914529914527,-0.27049242700917453,-0.14168173047863994
2023-05-23,learner,False,26,-0.076923076923076913,-0.21424787048956123,-0.11940996806850543
2023-05-23,price_prior,False,26,-0.076923076923076913,-0.21424787048956123,-0.11940996806850543
2023-05-24,learner,False,26,-0.14598290598290597,-0.1564173118791703,-0.16193180191711193
2023-05-24,price_prior,False,26,-0.14598290598290597,-0.1564173118791703,-0.16193180191711193
2023-05-25,learner,False,26,-0.16854700854700852,-0.2568509829399524,-0.17975682454541117
2023-05-25,price_prior,False,26,-0.16854700854700852,-0.2568509829399524,-0.17975682454541117
2023-05-26,learner,False,26,-0.28410256410256413,-0.29056331654834588,-0.19828416205295929
2023-05-26,price_prior,False,26,-0.28410256410256413,-0.29056331654834588,-0.19828416205295929
2023-05-29,learner,False,26,-0.35316239316239317,-0.3175367224192332,-0.22719190296131539
2023-05-29,price_prior,False,26,-0.35316239316239317,-0.3175367224192332,-0.22719190296131539
2023-05-30,learner,False,26,-0.36820512820512818,-0.36412836901987128,-0.23237880776541076
2023-05-30,price_prior,False,26,-0.36820512820512818,-0.36412836901987128,-0.23237880776541076
2023-05-31,learner,False,26,-0.26905982905982906,-0.40534385528116013,-0.25826998698314668
2023-05-31,price_prior,False,26,-0.26905982905982906,-0.40534385528116013,-0.25826998698314668
2023-06-01,learner,False,27,-0.31013431013431009,-0.38954266070494192,-0.2519708186906473
2023-06-01,price_prior,False,27,-0.31013431013431009,-0.38954266070494192,-0.2519708186906473
2023-06-02,learner,False,27,-0.30097680097680096,-0.32833738580802541,-0.20104199988534202
2023-06-02,price_prior,False,27,-0.30097680097680096,-0.32833738580802541,-0.20104199988534202
2023-06-05,learner,False,27,-0.21367521367521367,-0.2607854689904191,-0.16110471792180275
2023-06-05,price_prior,False,27,-0.21367521367521367,-0.2607854689904191,-0.16110471792180275
2023-06-06,learner,False,27,-0.10256410256410256,-0.21009185462964358,-0.12605537334597797
2023-06-06,price_prior,False,27,-0.10256410256410256,-0.21009185462964358,-0.12605537334597797
2023-06-07,learner,False,27,-0.11294261294261294,-0.22839908062163836,-0.12502411301394542
2023-06-07,price_prior,False,27,-0.11294261294261294,-0.22839908062163836,-0.12502411301394542
2023-06-08,learner,False,27,-0.2539682539682539,-0.23491591711740784,-0.10650349519163939
2023-06-08,price_prior,False,27,-0.2539682539682539,-0.23491591711740784,-0.10650349519163939
2023-06-09,learner,False,27,-0.3925518925518926,-0.2869565350193431,-0.1218216179894213
2023-06-09,price_prior,False,27,-0.3925518925518926,-0.2869565350193431,-0.1218216179894213
2023-06-12,learner,False,27,-0.45604395604395603,-0.21865177597027335,-0.086279964415559629
2023-06-12,price_prior,False,27,-0.45604395604395603,-0.21865177597027335,-0.086279964415559629
2023-06-13,learner,False,27,-0.45970695970695968,-0.35457815782826713,-0.16059475786374672
2023-06-13,price_prior,False,27,-0.45970695970695968,-0.35457815782826713,-0.16059475786374672
2023-06-14,learner,False,27,-0.65384615384615374,-0.41315649054331516,-0.16649189852344978
2023-06-14,price_prior,False,27,-0.65384615384615374,-0.41315649054331516,-0.16649189852344978
2023-06-15,learner,False,28,-0.56157635467980294,-0.35016977082099804,-0.13942703289901509
2023-06-15,price_prior,False,28,-0.56157635467980294,-0.35016977082099804,-0.13942703289901509
2023-06-16,learner,False,28,-0.57307060755336614,-0.38718180811758873,-0.16504356634546383
2023-06-16,price_prior,False,28,-0.57307060755336614,-0.38718180811758873,-0.16504356634546383
2023-06-19,learner,True,28,-0.61685823754789271,-0.43537045679460917,-0.18647663120683097
2023-06-19,price_prior,True,28,-0.62233169129720856,-0.50665288556111654,-0.18647663120683097
2023-06-20,learner,True,28,-0.64860426929392445,-0.50717208382415413,-0.18250780813828821
2023-06-20,price_prior,True,28,-0.66666666666666663,-0.49373004320297492,-0.18250780813828821
2023-06-21,learner,True,28,-0.5938697318007663,-0.29382445767830168,-0.12177379114757174
2023-06-21,price_prior,True,28,-0.64039408866995073,-0.41450153286231683,-0.12177379114757174
2023-06-26,learner,True,28,-0.665024630541872,-0.36306803625740636,-0.13671232439993139
2023-06-26,price_prior,True,28,-0.60864805692391899,-0.38140496814391872,-0.13671232439993139
2023-06-27,learner,True,28,-0.61685823754789271,-0.27170557457110095,-0.14839467248476315
2023-06-27,price_prior,True,28,-0.58347016967706622,-0.38613727010066717,-0.14839467248476315
2023-06-28,learner,True,28,-0.55774493705528194,-0.28900365098381103,-0.16194836564025919
2023-06-28,price_prior,True,28,-0.61685823754789271,-0.38031723450964022,-0.16194836564025919
2023-06-29,learner,True,28,-0.54570333880678701,-0.32070310063868407,-0.15958015907374631
2023-06-29,price_prior,True,28,-0.50848385331143953,-0.36189691528256357,-0.15958015907374631
2023-06-30,learner,True,28,-0.4438970990695128,-0.20033072783291683,-0.15276455440865963
2023-06-30,price_prior,True,28,-0.56157635467980294,-0.29914018644496898,-0.15276455440865963
2023-07-03,learner,True,28,-0.20525451559934318,-0.22008566010484615,-0.14405925466997779
2023-07-03,price_prior,True,28,-0.34318555008210178,-0.26927782912621789,-0.14405925466997779
2023-07-04,learner,True,28,-0.077723043240284617,-0.19925828571816562,-0.1545166213391142
2023-07-04,price_prior,True,28,-0.174055829228243,-0.24204974430052639,-0.1545166213391142
2023-07-05,learner,True,28,-0.066228790366721385,-0.0888980268045481,-0.13295152906694249
2023-07-05,price_prior,True,28,-0.046524356869184456,-0.19785470907451316,-0.13295152906694249
2023-07-06,learner,True,28,0.028461959496442254,-0.04421513630770893,-0.11268428013622508
2023-07-06,price_prior,True,28,-0.30870279146141216,-0.230916415112488,-0.11268428013622508
2023-07-07,learner,True,28,0.084291187739463605,-0.19232638531363461,-0.11166616824082402
2023-07-07,price_prior,True,28,-0.14559386973180075,-0.22847407044282714,-0.11166616824082402
2023-07-10,learner,True,28,0.072259477890315851,-0.081985475358115512,-0.10107765612025892
2023-07-10,price_prior,True,28,-0.22714833059660647,-0.21706264408232692,-0.10107765612025892
2023-07-11,learner,True,28,0.093596059113300489,-0.068514055021247466,-0.11736217777921527
2023-07-11,price_prior,True,28,-0.31034482758620691,-0.21669315535696573,-0.11736217777921527
2023-07-12,learner,True,28,-0.27914614121510678,-0.065664281952424075,-0.082188632577010298
2023-07-12,price_prior,True,28,-0.32950191570881221,-0.22217848389653461,-0.082188632577010298
2023-07-13,learner,True,28,-0.44772851669403391,-0.3139782640977441,-0.12201843357250135
2023-07-13,price_prior,True,28,-0.53201970443349755,-0.3139782640977441,-0.12201843357250135
2023-07-14,learner,True,28,-0.48385331143951832,-0.31217421716274019,-0.1436326923628588
2023-07-14,price_prior,True,28,-0.54679802955665024,-0.31217421716274019,-0.1436326923628588
2023-07-17,learner,True,28,-0.40503557744937052,-0.32525559627165701,-0.1208145340282263
2023-07-17,price_prior,True,28,-0.62616310892172955,-0.32525559627165701,-0.1208145340282263
2023-07-18,learner,True,28,-0.50136836343732893,-0.23284901336981831,-0.11775647110237904
2023-07-18,price_prior,True,28,-0.5413245758073344,-0.31095933898958322,-0.11775647110237904
2023-07-19,learner,True,28,-0.50191570881226055,-0.24216594636456604,-0.10708782968360904
2023-07-19,price_prior,True,28,-0.50082101806239732,-0.26474754324387106,-0.10708782968360904
2023-07-20,learner,True,28,-0.42692939244663375,-0.25392782985387669,-0.10690959825966451
2023-07-20,price_prior,True,28,-0.3760262725779967,-0.29253072537799435,-0.10690959825966451
2023-07-21,learner,True,28,-0.34811165845648601,-0.27074042645141,-0.12719318624438494
2023-07-21,price_prior,True,28,-0.40010946907498629,-0.30478167453448474,-0.12719318624438494
2023-07-24,learner,True,28,-0.44718117131910234,-0.24115383455656705,-0.10220500955193772
2023-07-24,price_prior,True,28,-0.46852764094143406,-0.28191750465605703,-0.10220500955193772
2023-07-25,learner,True,28,-0.31472359058565952,-0.23979993429074775,-0.10680493349918528
2023-07-25,price_prior,True,28,-0.4926108374384236,-0.28215246103955804,-0.10680493349918528
2023-07-26,learner,True,28,-0.23097974822112752,-0.16551408152291411,-0.089091048767718992
2023-07-26,price_prior,True,28,-0.4039408866995074,-0.23927750680503973,-0.089091048767718992
2023-07-27,learner,True,28,-0.41269841269841268,-0.13486706440288593,-0.05398637154794645
2023-07-27,price_prior,True,28,-0.51559934318555012,-0.24405896960393039,-0.05398637154794645
2023-07-28,learner,True,28,-0.42583470169677062,-0.061432878095299306,-0.010960589157447064
2023-07-28,price_prior,True,28,-0.54789272030651326,-0.17894573546840595,-0.010960589157447064
2023-07-31,learner,True,28,-0.40229885057471265,-0.078434119462863633,-0.027649973887109876
2023-07-31,price_prior,True,28,-0.4285714285714286,-0.20518618899157653,-0.027649973887109876
2023-08-01,learner,True,28,-0.4734537493158183,-0.15024523387639735,-0.033688588185576088
2023-08-01,price_prior,True,28,-0.4285714285714286,-0.22271154028851214,-0.033688588185576088
2023-08-02,learner,True,28,-0.022724163449480982,-0.085182798072450522,-0.069647232818652954
2023-08-02,price_prior,True,28,-0.32019704433497537,-0.25035654566470933,-0.069647232818652954
2023-08-03,learner,True,28,0.076081007115489874,-0.045361552429177249,-0.043114747857042966
2023-08-03,price_prior,True,28,-0.19594964422550626,-0.19444375563248512,-0.043114747857042966
2023-08-04,learner,True,28,0.12015875300700252,-0.11415416465840393,-0.025981347714421392
2023-08-04,price_prior,True,28,-0.28626163108921732,-0.18112970523564917,-0.025981347714421392
2023-08-07,learner,True,28,-0.0577528402835479,-0.035435796700874544,-0.012361351050337116
2023-08-07,price_prior,True,28,-0.25615763546798026,-0.13790983696587225,-0.012361351050337116
2023-08-08,learner,True,28,0.02353585112205802,-0.01086191858627583,0.014948081605127115
2023-08-08,price_prior,True,28,-0.10618500273672687,-0.0706021965360554,0.014948081605127115
2023-08-09,learner,True,28,0.082386753200701046,-0.0085710830551411696,0.020369977913932805
2023-08-09,price_prior,True,28,-0.25670498084291193,-0.049996143936209735,0.020369977913932805
2023-08-10,learner,True,28,0.016970028898483272,-0.038521658708677881,0.017575136388759169
2023-08-10,price_prior,True,28,-0.31253420908593316,0.011508668030714016,0.017575136388759169
2023-08-11,learner,True,28,0.22088408582380645,0.092190778541901747,0.054182009552120207
2023-08-11,price_prior,True,28,-0.24411603721948552,0.051509903435785334,0.054182009552120207
2023-08-14,learner,True,28,0.066776135741652975,0.10461481019772458,0.056993773671258303
2023-08-14,price_prior,True,28,-0.22222222222222221,0.043134922037499732,0.056993773671258303
2023-08-15,learner,True,28,0.0030112237646202178,0.040260108240109407,0.091760387761910867
2023-08-15,price_prior,True,28,-0.29775588396278047,0.083285257516041239,0.091760387761910867
2023-08-16,learner,True,28,-0.054187192118226604,0.067481969736031183,0.092806065282705866
2023-08-16,price_prior,True,28,-0.31746031746031744,0.04779105309328819,0.092806065282705866
2023-08-17,learner,True,28,-0.072249589490968796,0.067609209304040491,0.098641716470490332
2023-08-17,price_prior,True,28,-0.30870279146141216,0.001447813078591543,0.098641716470490332
2023-08-18,learner,True,28,-0.29615437529288541,0.081077756502051929,0.12466740702049413
2023-08-18,price_prior,True,28,-0.26053639846743293,0.16786278827068538,0.12466740702049413
2023-08-21,learner,True,28,-0.28520596955192851,0.028565488669929202,0.098834256622158806
2023-08-21,price_prior,True,28,-0.27750410509031193,0.10176207806863687,0.098834256622158806
2023-08-22,learner,True,28,-0.23922266543990933,0.053422923220768234,0.082990177721439726
2023-08-22,price_prior,True,28,-0.2463054187192118,0.081019055589333158,0.082990177721439726
2023-08-23,learner,True,28,-0.12152730372462214,0.074782042844033073,0.10869969532098471
2023-08-23,price_prior,True,28,-0.30815544608648054,0.074307633161616343,0.10869969532098471
2023-08-24,learner,True,28,-0.10592582554375848,0.024031878022090412,0.085351592961864411
2023-08-24,price_prior,True,28,-0.18171866447728516,0.098254329798733234,0.085351592961864411
2023-08-25,learner,True,28,-0.071702244116037206,0.08251508165440033,0.064309598770201884
2023-08-25,price_prior,True,28,-0.22112753147235906,0.11322707752043734,0.064309598770201884
2023-08-28,learner,True,28,-0.21127531472359057,0.094350164996362923,0.14065929418552095
2023-08-28,price_prior,True,28,-0.31253420908593316,0.18461195873824082,0.14065929418552095
2023-08-29,learner,True,28,-0.17435336142473942,0.034288162752393402,0.069454529714031807
2023-08-29,price_prior,True,28,-0.24575807334428024,0.096567876947493483,0.069454529714031807
2023-08-30,learner,True,28,0.37404167711996628,0.073035246871234888,0.052673897166772746
2023-08-30,price_prior,True,28,-0.15654077723043239,0.018619689587913792,0.052673897166772746
2023-08-31,learner,True,28,0.11140002841423695,0.0079448905743124548,0.033501943846308807
2023-08-31,price_prior,True,28,-0.25177887246852759,0.002850849557023253,0.033501943846308807
2023-09-01,learner,True,29,-0.0083764476550471506,0.0033116171917300791,0.028660262611715063
2023-09-01,price_prior,True,29,-0.17487684729064035,0.023442736188275633,0.028660262611715063
2023-09-04,learner,True,29,0.017241379310344827,-0.043476499172129326,0.0013013925382531497
2023-09-04,price_prior,True,29,-0.13743842364532016,-0.069435958507660364,0.0013013925382531497
2023-09-05,learner,True,29,-0.19805394903275556,-0.043232126685477636,-0.0023218757355619847
2023-09-05,price_prior,True,29,-0.13349753694581279,-0.029103748010793063,-0.0023218757355619847
2023-09-06,learner,True,29,-0.14532019704433494,-0.061850829500282437,-0.046390357147995727
2023-09-06,price_prior,True,29,-0.11625615763546797,-0.080834099782159469,-0.046390357147995727
2023-09-07,learner,True,29,-0.37635467980295562,-0.053377359564856938,0.026628698791066777
2023-09-07,price_prior,True,29,-0.067980295566502438,0.053141868446822921,0.026628698791066777
2023-09-08,learner,True,29,-0.42566818896592235,-0.025006661391931077,0.029505147363146994
2023-09-08,price_prior,True,29,-0.10591133004926105,0.085703254481176702,0.029505147363146994
2023-09-11,learner,True,29,-0.1630541871921182,-0.034591202277816167,0.015576774193068552
2023-09-11,price_prior,True,29,-0.074384236453201955,0.013259034518418061,0.015576774193068552
2023-09-12,learner,True,29,-0.090685077549155141,-0.029708639514754845,0.0065740964159521796
2023-09-12,price_prior,True,29,-0.16157635467980291,0.081672299043992924,0.0065740964159521796
2023-09-13,learner,True,29,0.05666420472531896,0.015307289186938963,0.0079365382063788931
2023-09-13,price_prior,True,29,-0.31724137931034474,-0.041686141158030272,0.0079365382063788931
2023-09-14,learner,True,29,-0.053954177542803704,-0.008307469845658208,0.00013236309833231289
2023-09-14,price_prior,True,29,-0.3753694581280787,-0.029624925353781098,0.00013236309833231289
2023-09-15,learner,True,29,-0.30388175823617353,-0.044501493768215564,-0.010784222889931633
2023-09-15,price_prior,True,29,-0.3354679802955664,-0.073504171462932366,-0.010784222889931633
2023-09-18,learner,True,29,-0.33580349277245714,-0.061736163197619778,0.010267545717074026
2023-09-18,price_prior,True,29,-0.38029556650246293,-0.057189142859619749,0.010267545717074026
2023-09-19,learner,True,29,-0.42070248281358325,-0.056700444164799357,0.0075484376531159605
2023-09-19,price_prior,True,29,-0.30246305418719205,-0.023382811330639186,0.0075484376531159605
2023-09-20,learner,True,29,-0.24744305374624348,-0.0074829644326446024,0.031946618907274696
2023-09-20,price_prior,True,29,-0.32315270935960583,-0.014483853544223192,0.031946618907274696
2023-09-21,learner,True,29,-0.17180187097895686,-0.023495989293321237,0.017121185300353694
2023-09-21,price_prior,True,29,-0.31231527093596056,-0.021229473801566201,0.017121185300353694
2023-09-22,learner,True,29,-0.20147783251231521,-0.062255211220731792,-0.03495725579737459
2023-09-22,price_prior,True,29,-0.43842364532019695,-0.14103432844553149,-0.03495725579737459
2023-09-25,learner,True,29,-0.10173666784891548,-0.18892095557213406,-0.053983696058301771
2023-09-25,price_prior,True,29,-0.48078817733990137,-0.21309658522002795,-0.053983696058301771
2023-09-26,learner,True,29,-0.21170675614344936,-0.16479067131308139,-0.026489968096775122
2023-09-26,price_prior,True,29,-0.4620689655172413,-0.15137747090765966,-0.026489968096775122
2023-09-27,learner,True,29,-0.1465221141014349,-0.15132828050534575,-0.01469437770850879
2023-09-27,price_prior,True,29,-0.48325123152709354,-0.18307167106853617,-0.01469437770850879
2023-09-28,learner,True,29,-0.030583330642203008,-0.019704148651165002,-0.021395479315588814
2023-09-28,price_prior,True,29,-0.56896551724137923,-0.16559175506004198,-0.021395479315588814
2023-10-09,learner,True,29,-0.33612849226998986,-0.13947329065986394,-0.04803277929552751
2023-10-09,price_prior,True,29,-0.55862068965517242,-0.14844701689785667,-0.04803277929552751
2023-10-10,learner,True,29,-0.3485650968673496,-0.12414210307063356,-0.066712450687552216
2023-10-10,price_prior,True,29,-0.4458128078817733,-0.16468434252637115,-0.066712450687552216
2023-10-11,learner,True,29,-0.35304263204948727,-0.14777817650734593,-0.089108668476877262
2023-10-11,price_prior,True,29,-0.45270935960591124,-0.17446536853883926,-0.089108668476877262
2023-10-12,learner,True,29,-0.3202759397518028,-0.20606103049786506,-0.11467240379155079
2023-10-12,price_prior,True,29,-0.44876847290640381,-0.20327573860749384,-0.11467240379155079
2023-10-13,learner,True,29,-0.14854046177456665,-0.20050834030476872,-0.14911891892522694
2023-10-13,price_prior,True,29,-0.41034482758620683,-0.23349735144453249,-0.14911891892522694
2023-10-16,learner,True,29,-0.46925455610841399,-0.20151762317878502,-0.12667810988274092
2023-10-16,price_prior,True,29,-0.50837438423645309,-0.24970227469561423,-0.12667810988274092
2023-10-17,learner,True,29,-0.47099396834655294,-0.24761088108554036,-0.15113206931991632
2023-10-17,price_prior,True,29,-0.46896551724137919,-0.23876676991405055,-0.15113206931991632
2023-10-18,learner,True,29,-0.47127039525161452,-0.19306674117159228,-0.10711983275602702
2023-10-18,price_prior,True,29,-0.44334975369458113,-0.20979578142147115,-0.10711983275602702
2023-10-19,learner,True,29,-0.38428378170534655,-0.18092314625992048,-0.13192803271355369
2023-10-19,price_prior,True,29,-0.14778325123152705,-0.20411155650836554,-0.13192803271355369
2023-10-20,learner,True,29,-0.31383175505936639,-0.18540902403473342,-0.10285109078101506
2023-10-20,price_prior,True,29,-0.20443349753694576,-0.15555587743171925,-0.10285109078101506
2023-10-23,learner,True,29,-0.31559557874900518,-0.084173631621229261,-0.078010869384257997
2023-10-23,price_prior,True,29,-0.32266009852216743,-0.16701095279790593,-0.078010869384257997
2023-10-24,learner,True,29,-0.37456879857259739,-0.15244637659067217,-0.1427368011012973
2023-10-24,price_prior,True,29,-0.36798029556650236,-0.28447465182304349,-0.1427368011012973
2023-10-25,learner,True,29,-0.27078971912327998,-0.092885266044254636,-0.10278357209096373
2023-10-25,price_prior,True,29,-0.22019704433497533,-0.19530284852915097,-0.10278357209096373
2023-10-26,learner,True,29,-0.22030559600256713,-0.18130739201236346,-0.11993966637346902
2023-10-26,price_prior,True,29,-0.2955665024630541,-0.20859624715123043,-0.11993966637346902
2023-10-27,learner,True,29,-0.15100381934960092,-0.24139014362502975,-0.18563413020094652
2023-10-27,price_prior,True,29,-0.30985221674876839,-0.27940490839452181,-0.18563413020094652
2023-10-30,learner,True,29,-0.17516630243348599,-0.2837061276826397,-0.20776200328584474
2023-10-30,price_prior,True,29,-0.28571428571428564,-0.27120601218218332,-0.20776200328584474
2023-10-31,learner,True,29,-0.10837438423645318,-0.25945104244367689,-0.20254097006890792
2023-10-31,price_prior,True,29,-0.34926108374384224,-0.30262238961036575,-0.20254097006890792
2023-11-01,learner,True,29,-0.018719211822660092,-0.24393980670316529,-0.1747343854485941
2023-11-01,price_prior,True,29,-0.26157635467980289,-0.25431824658256397,-0.1747343854485941
2023-11-02,learner,True,29,-0.005418719211822659,-0.15263173188631191,-0.1852611152919057
2023-11-02,price_prior,True,29,-0.20837438423645313,-0.28297749078952295,-0.1852611152919057
2023-11-03,learner,True,29,-0.27811307022136939,-0.33113430344585898,-0.25258973614750652
2023-11-03,price_prior,True,29,-0.23103448275862065,-0.25745984539209044,-0.25258973614750652
2023-11-06,learner,True,29,-0.15024630541871917,-0.36851701654128666,-0.31711361879340966
2023-11-06,price_prior,True,29,-0.17339901477832509,-0.35584993132489356,-0.31711361879340966
2023-11-07,learner,True,29,0.12019704433497534,-0.38434082495054206,-0.37272537515760973
2023-11-07,price_prior,True,29,-0.069458128078817724,-0.33517869454560817,-0.37272537515760973
2023-11-08,learner,True,29,-0.11528513451160396,-0.41602093140515017,-0.36993646865998447
2023-11-08,price_prior,True,29,-0.21921182266009848,-0.43775878632056398,-0.36993646865998447
2023-11-09,learner,True,29,0.013550135912576275,-0.41007225463185526,-0.41093569046552458
2023-11-09,price_prior,True,29,-0.30295566502463045,-0.4762220008315331,-0.41093569046552458
2023-11-10,learner,True,29,0.2556650246305418,-0.42094681925023014,-0.46708367976126203
2023-11-10,price_prior,True,29,-0.26748768472906398,-0.59400510390084238,-0.46708367976126203
2023-11-13,learner,True,29,0.27192118226600975,-0.23314953456376869,-0.37952898342060826
2023-11-13,price_prior,True,29,-0.16896551724137929,-0.43813097381768085,-0.37952898342060826
2023-11-14,learner,True,29,0.33152709359605903,-0.33894284060774837,-0.38094661928459889
2023-11-14,price_prior,True,29,0.069458128078817724,-0.46625863638007431,-0.38094661928459889
2023-11-15,learner,True,29,0.2778325123152709,-0.24178645845615473,-0.3154699823891538
2023-11-15,price_prior,True,29,-0.13004926108374382,-0.37147454514424777,-0.3154699823891538
2023-11-16,learner,True,29,0.14264597624330297,-0.24497008357642835,-0.26387503597310225
2023-11-16,price_prior,True,29,-0.071921182266009839,-0.13938682367273278,-0.26387503597310225
2023-11-17,learner,True,29,0.10961941208902515,-0.22397854653295901,-0.29081992691381592
2023-11-17,price_prior,True,29,-0.24729064039408863,-0.38205683404980029,-0.29081992691381592
2023-11-20,learner,True,29,-0.018226600985221671,-0.28491210295017155,-0.28619899026555778
2023-11-20,price_prior,True,29,-0.31379310344827577,-0.46851802390069885,-0.28619899026555778
2023-11-21,learner,True,29,0.046803793925651191,-0.16190973682359022,-0.23873984075222418
2023-11-21,price_prior,True,29,-0.11970443349753691,-0.37301133811294196,-0.23873984075222418
2023-11-22,learner,True,29,0.15272816965212491,-0.10060775651435887,-0.20595029188215069
2023-11-22,price_prior,True,29,-0.24876847290640386,-0.34916476816095277,-0.20595029188215069
2023-11-23,learner,True,29,-0.018226600985221671,-0.29001217825440412,-0.19694959041852547
2023-11-23,price_prior,True,29,-0.20591133004926104,-0.31500362891780015,-0.19694959041852547
2023-11-24,learner,True,29,0.21258775872545776,-0.02473637545732079,-0.12389536944683217
2023-11-24,price_prior,True,29,-0.31970443349753686,-0.22754257130271319,-0.12389536944683217
2023-11-27,learner,True,29,0.049020815743182025,-0.28341818529392576,-0.21202724940051046
2023-11-27,price_prior,True,29,-0.33891625615763538,-0.35102950746329697,-0.21202724940051046
2023-11-28,learner,True,29,0.073161719978517906,-0.099716344059967738,-0.14844780943325783
2023-11-28,price_prior,True,29,-0.28817733990147781,-0.20765288309126964,-0.14844780943325783
2023-11-29,learner,True,29,0.080561717152953474,-0.087039250745667346,-0.1239402502030595
2023-11-29,price_prior,True,29,-0.2871921182266009,-0.17740002336657046,-0.1239402502030595
2023-11-30,learner,True,29,-0.15467980295566497,-0.20970316625141036,-0.10302558545929572
2023-11-30,price_prior,True,29,-0.11773399014778321,-0.071401453604593879,-0.10302558545929572
2023-12-01,learner,True,29,0.045320197044334966,-0.17988416171140442,-0.13797933958096997
2023-12-01,price_prior,True,29,0.112807881773399,-0.0090192597727156362,-0.13797933958096997
2023-12-04,learner,True,29,-0.058620689655172399,-0.10661670028677959,-0.13509638954344388
2023-12-04,price_prior,True,29,0.14334975369458125,0.0098616536554954198,-0.13509638954344388
2023-12-05,learner,True,29,-0.095566502463054162,-0.098644176910553397,-0.1299960231580734
2023-12-05,price_prior,True,29,0.047290640394088659,0.0025247302385617912,-0.1299960231580734
2023-12-06,learner,True,29,-0.0059113300492610824,-0.038849670156046789,-0.099488191269558254
2023-12-06,price_prior,True,29,0.10394088669950736,-0.032227445449471821,-0.099488191269558254
2023-12-07,learner,True,29,0.2379310344827586,0.10620741185150315,-0.075037808647639703
2023-12-07,price_prior,True,29,0.19014778325123147,0.093830208064067305,-0.075037808647639703
2023-12-08,learner,True,29,0.15320197044334971,0.024332698876171586,-0.093862128411251938
2023-12-08,price_prior,True,29,0.19113300492610832,0.023164229162161001,-0.093862128411251938
2023-12-11,learner,True,29,0.21773399014778319,-0.086679860719570845,-0.12466087054570274
2023-12-11,price_prior,True,29,0.27586206896551724,-0.0035322924082163282,-0.12466087054570274
2023-12-12,learner,True,29,0.15469885571215233,-0.049254457651287858,-0.12799323757595857
2023-12-12,price_prior,True,29,0.17536945812807878,-0.10571614310937337,-0.12799323757595857
2023-12-13,learner,True,29,0.15467980295566497,-0.026031680108718008,-0.11192262031338322
2023-12-13,price_prior,True,29,-0.15123152709359602,-0.096894222357672935,-0.11192262031338322
2023-12-14,learner,True,29,0.11232910542156284,0.025403016288019484,-0.080784478380467623
2023-12-14,price_prior,True,29,-0.10788177339901475,-0.052721428279374975,-0.080784478380467623
2023-12-15,learner,True,29,0.26059113300492603,0.013296911612839218,-0.071198847829943498
2023-12-15,price_prior,True,29,-0.35467980295566492,-0.064629484308186866,-0.071198847829943498
2023-12-18,learner,True,29,0.15888656358971059,0.036410984290699583,-0.050313533633893182
2023-12-18,price_prior,True,29,-0.35418719211822652,-0.05998023054230843,-0.050313533633893182
2023-12-19,learner,True,29,0.18522167487684724,0.080136458788157727,-0.054829935292546303
2023-12-19,price_prior,True,29,-0.30049261083743833,-0.097757549814387251,-0.054829935292546303
2023-12-20,learner,True,29,0.11921182266009848,0.0089791775497854442,-0.032171826717951692
2023-12-20,price_prior,True,29,-0.23546798029556643,-0.05437385725404572,-0.032171826717951692
2023-12-21,learner,True,29,0.13399014778325119,-0.068034176933955706,-0.081147117577496888
2023-12-21,price_prior,True,29,-0.13103448275862067,-0.13052149779984107,-0.081147117577496888
2023-12-22,learner,True,29,0.019211822660098517,-0.026080766314203568,-0.08502238261796155
2023-12-22,price_prior,True,29,-0.12019704433497534,-0.11875944959858459,-0.08502238261796155
2023-12-25,learner,True,29,0.11822660098522166,-0.035482802353545076,-0.12115263413667983
2023-12-25,price_prior,True,29,-0.2068965517241379,-0.15244503459808745,-0.12115263413667983
2023-12-26,learner,True,29,0.25714285714285712,-0.066574394027488867,-0.082832315298881354
2023-12-26,price_prior,True,29,-0.22512315270935954,-0.085511983029378374,-0.082832315298881354
2023-12-27,learner,True,29,0.29999999999999993,-0.10681770819845464,-0.096014317362873719
2023-12-27,price_prior,True,29,-0.22955665024630537,-0.10105333575247839,-0.096014317362873719
2023-12-28,learner,True,29,0.24729064039408863,0.054098341784944541,-0.095056822387840606
2023-12-28,price_prior,True,29,-0.21822660098522165,-0.086487482640562829,-0.095056822387840606
2023-12-29,learner,True,29,0.2960591133004925,-0.083703702986602596,-0.12899839884822015
2023-12-29,price_prior,True,29,-0.22413793103448273,-0.12197940225826763,-0.12899839884822015
2024-01-02,learner,True,29,0.26157635467980289,-0.072644736666343648,-0.11849838450605979
2024-01-02,price_prior,True,29,-0.14433497536945808,-0.12094885732063136,-0.11849838450605979
2024-01-03,learner,True,29,0.22758620689655171,-0.092298423199120419,-0.12533817309993217
2024-01-03,price_prior,True,29,-0.22413793103448273,-0.16968510692503475,-0.12533817309993217
2024-01-04,learner,True,29,0.031527093596059104,-0.066161242709255219,-0.10299966775940679
2024-01-04,price_prior,True,29,-0.18768472906403935,-0.10423296739709866,-0.10299966775940679
2024-01-05,learner,True,29,0.31527093596059103,-0.07343586546584871,-0.11528877661732802
2024-01-05,price_prior,True,29,-0.24581280788177334,-0.16747352394773923,-0.11528877661732802
2024-01-08,learner,True,29,0.22216748768472902,-0.015940435511016676,-0.087001617334182976
2024-01-08,price_prior,True,29,-0.20246305418719207,-0.16036055265459867,-0.087001617334182976
2024-01-09,learner,True,29,0.14039408866995071,-0.05448092411444725,-0.068001358701081691
2024-01-09,price_prior,True,29,-0.29359605911330044,-0.14838914643536572,-0.068001358701081691
2024-01-10,learner,True,29,0.13990147783251228,-0.031808380474540605,-0.046235328178216004
2024-01-10,price_prior,True,29,-0.19753694581280784,-0.12776210463607826,-0.046235328178216004
2024-01-11,learner,True,29,0.086463850883702981,-0.013271895535807652,-0.1078042805006284
2024-01-11,price_prior,True,29,-0.1630541871921182,-0.13306946029245226,-0.1078042805006284
2024-01-12,learner,True,29,0.24017736356584163,0.080674760297546666,-0.036285964595341724
2024-01-12,price_prior,True,29,-0.32807881773399006,-0.082238252892393546,-0.036285964595341724
2024-01-15,learner,True,29,0.28866995073891616,0.096042186548248989,-0.041947675859906219
2024-01-15,price_prior,True,29,-0.26256157635467975,-0.054915682609879252,-0.041947675859906219
2024-01-16,learner,True,29,0.23943835629333132,-0.072549942994594191,-0.075972191201124084
2024-01-16,price_prior,True,29,-0.2113300492610837,-0.012368503750167292,-0.075972191201124084
2024-01-17,learner,True,29,0.15945782447591586,-0.038223923042904728,-0.040743506936030779
2024-01-17,price_prior,True,29,-0.093596059113300475,0.010383956271793931,-0.040743506936030779
2024-01-18,learner,True,29,0.19270578979195471,-0.04386005603842303,-0.065888836494877784
2024-01-18,price_prior,True,29,-0.10788177339901475,0.011458626088384516,-0.065888836494877784
2024-01-19,learner,True,29,0.17812269572350264,-0.044913547410886767,-0.028983676523186473
2024-01-19,price_prior,True,29,-0.10394088669950736,-0.017662720487276524,-0.028983676523186473
2024-01-22,learner,True,29,0.18482013087463686,0.13499720394944509,0.028648001136916991
2024-01-22,price_prior,True,29,-0.10344827586206895,0.007481230086458155,0.028648001136916991
2024-01-23,learner,True,29,0.01748983878274334,0.01900151576517857,0.041335775169618658
2024-01-23,price_prior,True,29,-0.043349753694581272,0.092423243345362782,0.041335775169618658
2024-01-24,learner,True,29,0.036211356353003814,0.080032241333698878,0.085506112616297758
2024-01-24,price_prior,True,29,-0.016256157635467977,0.25349484372513897,0.085506112616297758
2024-01-25,learner,True,29,-0.088188201186226972,0.060898361663455552,0.048357408059650081
2024-01-25,price_prior,True,29,0.064039408866995065,0.10880682939262482,0.048357408059650081
2024-01-26,learner,True,29,0.013816946341522434,0.10032350773630908,0.081738304904894837
2024-01-26,price_prior,True,29,0.0068965517241379301,0.13926031682675222,0.081738304904894837
2024-01-29,learner,True,29,-0.053047204704059339,0.1570871919440876,0.1178776170775114
2024-01-29,price_prior,True,29,-0.075862068965517226,0.1647008714920534,0.1178776170775114
2024-01-30,learner,True,29,0.0089110002825075908,0.24244684085475393,0.15426852314978226
2024-01-30,price_prior,True,29,-0.072906403940886683,0.21280347488917975,0.15426852314978226
2024-01-31,learner,True,29,-0.13177190038527259,0.23176426052180979,0.21673470837729933
2024-01-31,price_prior,True,29,-0.14876847290640391,0.17602120165962573,0.21673470837729933
2024-02-01,learner,True,29,0.0086559395090001733,0.18375028415404249,0.16380132211929363
2024-02-01,price_prior,True,29,-0.13103448275862067,0.15972837218862662,0.16380132211929363
2024-02-02,learner,True,29,0.078528766429522237,0.31448799226777735,0.21563978626762767
2024-02-02,price_prior,True,29,-0.16108374384236449,0.18053246317694599,0.21563978626762767
2024-02-05,learner,True,29,0.35694802785637292,0.30894975936125996,0.25194733985583834
2024-02-05,price_prior,True,29,-0.39211822660098516,0.14304251605069201,0.25194733985583834
2024-02-06,learner,True,29,0.46572971962220533,0.21833963808207066,0.15631261490897846
2024-02-06,price_prior,True,29,-0.40837438423645311,0.050813669706275474,0.15631261490897846
2024-02-07,learner,True,29,0.47105199754265153,0.26269982559644411,0.13185200995808555
2024-02-07,price_prior,True,29,-0.44039408866995067,0.028430770071821553,0.13185200995808555
2024-02-08,learner,True,29,0.38014290387463984,0.13498197772071757,0.092232368240748666
2024-02-08,price_prior,True,29,-0.34137931034482749,0.0058496537810621592,0.092232368240748666
2024-02-19,learner,True,29,0.080551792703620714,0.092199748873383655,0.096231715727845141
2024-02-19,price_prior,True,29,-0.16108374384236449,0.18746117114457961,0.096231715727845141
2024-02-20,learner,True,29,-0.01921655638510817,0.094957439587985193,0.096607828419574646
2024-02-20,price_prior,True,29,-0.060098522167487671,0.08784955003005443,0.096607828419574646
2024-02-21,learner,True,29,-0.005419386665075401,0.082249291348456696,0.0740624564971578
2024-02-21,price_prior,True,29,-0.16256157635467974,0.056789973771984879,0.0740624564971578
2024-02-22,learner,True,29,-0.10049261083743841,-0.0026885056994690668,0.029013731151769136
2024-02-22,price_prior,True,29,-0.023152709359605905,0.01962230260868713,0.029013731151769136
2024-02-23,learner,True,29,-0.081783471491137849,-0.016147034256655462,-0.0040413751664326583
2024-02-23,price_prior,True,29,-0.077339901477832484,-0.00085666399771781171,-0.0040413751664326583
2024-02-26,learner,True,29,0,-0.015138163838423679,0.025248181297019962
2024-02-26,price_prior,True,29,-0.028571428571428564,0.038210661139397382,0.025248181297019962
2024-02-27,learner,True,29,0.29014778325123147,-0.013850149017698172,-0.035281636057585608
2024-02-27,price_prior,True,29,-0.071921182266009839,0.021468402504163438,-0.035281636057585608
2024-02-28,learner,True,29,0.17516630243348599,-0.025295788758844025,0.019548020590903211
2024-02-28,price_prior,True,29,-0.049261083743842353,0.054680826409433191,0.019548020590903211
2024-02-29,learner,True,29,0.44882375017124448,-0.0047985104035223013,-0.042793228349596923
2024-02-29,price_prior,True,29,-0.14876847290640391,-0.01511343307056393,-0.042793228349596923
2024-03-01,learner,True,29,0.3655172413793103,-0.036316837511240166,-0.067553495021188292
2024-03-01,price_prior,True,29,-0.24630541871921177,-0.066641805787896413,-0.067553495021188292
2024-03-04,learner,True,29,0.43349753694581272,0.018927621887367539,-0.045795575691456113
2024-03-04,price_prior,True,29,-0.23152709359605908,-0.038196499153918678,-0.045795575691456113
2024-03-05,learner,True,29,0.43201970443349746,0.033581535821512409,-0.032442267622669586
2024-03-05,price_prior,True,29,-0.18472906403940884,-0.032894186988492613,-0.032442267622669586
2024-03-06,learner,True,29,0.41970443349753689,0.042845497740045466,-0.042407702650396721
2024-03-06,price_prior,True,29,-0.21724137931034479,-0.05370967878320157,-0.042407702650396721
2024-03-07,learner,True,29,0.36502463054187184,0.10160819562545637,-0.022401358767084066
2024-03-07,price_prior,True,29,-0.22561576354679799,-0.039662617531528999,-0.022401358767084066
2024-03-08,learner,True,29,0.29753694581280782,0.028702310824797829,-0.037937030764877595
2024-03-08,price_prior,True,29,-0.38916256157635454,-0.086872944713275224,-0.037937030764877595
2024-03-11,learner,True,29,0.066995073891625595,-0.017263882742822742,-0.020244104232915925
2024-03-11,price_prior,True,29,-0.4137931034482758,-0.10106615718459078,-0.020244104232915925
2024-03-12,learner,True,29,0.0093596059113300462,-0.03769883179069182,-0.030392146075813014
2024-03-12,price_prior,True,29,-0.32906403940886692,-0.087200213108948821,-0.030392146075813014
2024-03-13,learner,True,29,0.17292770176740596,0.02150099729360537,0.0066972011228116782
2024-03-13,price_prior,True,29,-0.2551724137931034,-0.0099800660753531605,0.0066972011228116782
2024-03-14,learner,True,29,0.24384236453201966,0.060406845413482679,0.0072903570818022082
2024-03-14,price_prior,True,29,-0.26256157635467975,-0.0092950265729262599,0.0072903570818022082
2024-03-15,learner,True,29,0.22807881773399011,0.02787684477679038,0.010605794131983023
2024-03-15,price_prior,True,29,-0.33251231527093589,0.02787684477679038,0.010605794131983023
2024-03-18,learner,True,29,0.14581280788177337,0.0079986487882130752,-0.0056645364241576608
2024-03-18,price_prior,True,29,-0.31576354679802954,0.0013261872755081019,-0.0056645364241576608
2024-03-19,learner,True,29,0.20049261083743838,0.028108267031502189,0.00054025376132380346
2024-03-19,price_prior,True,29,-0.34926108374384224,0.023413615842977041,0.00054025376132380346
2024-03-20,learner,True,29,0.29014778325123147,0.015533141769188918,-0.015201687659393488
2024-03-20,price_prior,True,29,-0.39507389162561568,0.0024394390992853107,-0.015201687659393488
2024-03-21,learner,True,29,0.30693435384927037,0.038853191754358765,-0.01056487657520476
2024-03-21,price_prior,True,29,-0.30640394088669942,0.038853191754358779,-0.01056487657520476
2024-03-22,learner,True,29,0.38674713928038085,-0.021755939092319002,-0.042607780924228837
2024-03-22,price_prior,True,29,-0.33152709359605903,-0.043910408768416766,-0.042607780924228837
2024-03-25,learner,True,29,0.48078817733990137,0.054894231004068934,-0.052463375850607223
2024-03-25,price_prior,True,29,-0.36108374384236447,-0.0059767885274696134,-0.052463375850607223
2024-03-26,learner,True,29,0.43546798029556638,0.076837802243000769,-0.0018104366601565999
2024-03-26,price_prior,True,29,-0.2029556650246305,0.042447467099908411,-0.0018104366601565999
2024-03-27,learner,True,29,0.32220717081448286,0.093498436871567489,0.022305766263441926
2024-03-27,price_prior,True,29,-0.21379310344827585,0.041838323059913876,0.022305766263441926
2024-03-28,learner,True,29,0.35546249807744562,0.070336500805557922,0.0056695954267263352
2024-03-28,price_prior,True,29,-0.15270935960591131,0.015498232640364599,0.0056695954267263352
2024-03-29,learner,True,29,0.35620150534995582,0.062932543186140291,-0.0075460556811694675
2024-03-29,price_prior,True,29,-0.083743842364532001,0.020254613703176411,-0.0075460556811694675
2024-04-01,learner,True,29,0.33349753694581274,0.02078499758133006,-0.030766046032489135
2024-04-01,price_prior,True,29,-0.13842364532019702,-0.0019761245359836282,-0.030766046032489135
2024-04-02,learner,True,29,0.2073891625615763,0.06492398138855035,0.0062256000622330863
2024-04-02,price_prior,True,29,-0.051724137931034475,0.030516623211340754,0.0062256000622330863
2024-04-03,learner,True,29,0.18325123152709355,0.078959235216171153,0.0048733158642779066
2024-04-03,price_prior,True,29,-0.077339901477832484,0.038299222147419605,0.0048733158642779066
2024-04-08,learner,True,29,0.3351405039860082,0.11475330169351192,0.026506743746882035
2024-04-08,price_prior,True,29,-0.099507389162561549,0.067971682771246586,0.026506743746882035
2024-04-09,learner,True,29,0.23771400599080739,0.075415330500803401,0.0054778068161743321
2024-04-09,price_prior,True,29,-0.033004926108374376,0.066790476452900288,0.0054778068161743321
2024-04-10,learner,True,29,0.1275862068965517,0.147295891104333,0.080425950242752217
2024-04-10,price_prior,True,29,0.061576354679802943,0.12737381453132368,0.080425950242752217
2024-04-11,learner,True,29,0.04088669950738915,0.13013372574894458,0.061388427156205336
2024-04-11,price_prior,True,29,0.11674876847290637,0.11030828211459628,0.061388427156205336
2024-04-12,learner,True,29,0.11674876847290637,0.15448103632775864,0.064340564846876794
2024-04-12,price_prior,True,29,-0.0073891625615763535,0.076223970703948069,0.064340564846876794
2024-04-15,learner,True,29,0.1719211822660098,0.15143183600143104,0.069868655976883576
2024-04-15,price_prior,True,29,-0.038423645320197035,0.076077003864875078,0.069868655976883576
2024-04-16,learner,True,29,0.24781377204844782,0.21139652520792607,0.096445656776827954
2024-04-16,price_prior,True,29,-0.11625615763546797,0.098525471614884591,0.096445656776827954
2024-04-17,learner,True,29,0.34679802955665018,0.15456634691323778,0.086334053560584947
2024-04-17,price_prior,True,29,-0.1320197044334975,0.095615259188735244,0.086334053560584947
2024-04-18,learner,True,29,0.40576497905478404,0.13096998129372844,0.082849370423703897
2024-04-18,price_prior,True,29,-0.12512315270935959,0.067687804342309754,0.082849370423703897
2024-04-19,learner,True,29,0.27589604840383858,0.1682339825815114,0.1436188204133847
2024-04-19,price_prior,True,29,-0.13251231527093593,0.12284742420503168,0.1436188204133847
2024-04-22,learner,True,29,0.30147783251231525,0.17216670301974846,0.1333192174304498
2024-04-22,price_prior,True,29,-0.19261083743842361,0.10180328316484433,0.1333192174304498
2024-04-23,learner,True,29,0.3354679802955664,0.17415535314337854,0.13249265619420969
2024-04-23,price_prior,True,29,-0.15123152709359602,0.14461763825987112,0.13249265619420969
2024-04-24,learner,True,29,0.24975369458128074,0.10594726776640152,0.055372095613062923
2024-04-24,price_prior,True,29,-0.16206896551724134,0.1544399193197481,0.055372095613062923
2024-04-25,learner,True,29,0.31182266009852211,0.077539147757392762,0.020960461220493071
2024-04-25,price_prior,True,29,-0.05418719211822659,0.13923127275868269,0.020960461220493071
2024-04-26,learner,True,29,0.3344827586206896,0.022154197070899002,-0.022765806666478358
2024-04-26,price_prior,True,29,-0.32167487684729051,0.058895314446757781,-0.022765806666478358
2024-04-29,learner,True,29,0.24042369932334501,0.0067257561267579924,-0.040389661810571825
2024-04-29,price_prior,True,29,-0.28128078817733987,0.052077055180155971,-0.040389661810571825
2024-04-30,learner,True,29,0.16847290640394083,-0.17195062662387003,-0.056935861932342187
2024-04-30,price_prior,True,29,-0.31083743842364525,0.026191205847612295,-0.056935861932342187
2024-05-06,learner,True,29,0.1290799369317959,-0.089446014765374338,-0.037381628209201635
2024-05-06,price_prior,True,29,-0.22019704433497533,0.055634199917490815,-0.037381628209201635
2024-05-07,learner,True,29,0.27192118226600975,0.034790947783995337,0.01947179464258026
2024-05-07,price_prior,True,29,-0.22216748768472902,0.13404068377713566,0.01947179464258026
2024-05-08,learner,True,29,0.41576354679802946,0.07939053921928732,0.041621271974328571
2024-05-08,price_prior,True,29,-0.24581280788177334,0.13396183221575883,0.041621271974328571
2024-05-09,learner,True,29,0.24581280788177334,0.042814372179066099,-0.017500153061809371
2024-05-09,price_prior,True,29,-0.1630541871921182,0.075777036306689596,-0.017500153061809371
2024-05-10,learner,True,29,0.21773399014778319,0.084855661574515115,-0.02952994663950316
2024-05-10,price_prior,True,29,-0.18719211822660095,-0.021505128849595184,-0.02952994663950316
2024-05-13,learner,True,29,0.32857142857142846,0.094070289391658984,-0.017877853906447652
2024-05-13,price_prior,True,29,-0.26354679802955661,0.0036229742866682665,-0.017877853906447652
2024-05-14,learner,True,29,0.24630541871921177,0.01221711566924881,-0.0053290961016999603
2024-05-14,price_prior,True,29,-0.30197044334975365,0.006556576719994666,-0.0053290961016999603
2024-05-15,learner,True,29,0.21428571428571425,0.075421583145849042,-0.0067331601885032401
2024-05-15,price_prior,True,29,-0.41133004926108363,-0.014657455456727437,-0.0067331601885032401
2024-05-16,learner,True,29,0.33940886699507378,0.074924661572389528,-0.006060189580912514
2024-05-16,price_prior,True,29,-0.50049261083743835,0.0042983895830729577,-0.006060189580912514
2024-05-17,learner,True,29,0.30541871921182262,0.054408378971647631,-0.039310027360224972
2024-05-17,price_prior,True,29,-0.41527093596059106,-0.035549372120220191,-0.039310027360224972
2024-05-20,learner,True,29,0.22906403940886697,0.036799082519168476,-0.038576673432345804
2024-05-20,price_prior,True,29,-0.36059113300492601,-0.066569114384064154,-0.038576673432345804
2024-05-21,learner,True,29,0.16157635467980291,0.11387726576884888,-0.060659704287264644
2024-05-21,price_prior,True,29,-0.18128078817733986,-0.071873644898540492,-0.060659704287264644
2024-05-22,learner,True,29,0.22857142857142851,0.10971790321171615,-0.055448557333004397
2024-05-22,price_prior,True,29,-0.096551724137931019,-0.032005660930395669,-0.055448557333004397
2024-05-23,learner,True,29,0.23251231527093594,0.12554233109098994,-0.038836249664953533
2024-05-23,price_prior,True,29,-0.045812807881773387,-0.0011698751517080358,-0.038836249664953533
2024-05-24,learner,True,29,0.18746151146010817,0.071494966117943634,-0.009857760332757955
2024-05-24,price_prior,True,29,-0.051231527093596047,0.042453397337509108,-0.009857760332757955
2024-05-27,learner,True,29,0.28423645320197038,0.13726705464543518,-0.06247075862125806
2024-05-27,price_prior,True,29,-0.007881773399014776,0.0023317475812774241,-0.06247075862125806
2024-05-28,learner,True,29,0.33054187192118217,0.13966826772398361,-0.057287794723222416
2024-05-28,price_prior,True,29,-0.014778325123152707,0.045759548365556582,-0.057287794723222416
2024-05-29,learner,True,29,0.35665024630541864,0.15538413549758143,-0.059057893727542547
2024-05-29,price_prior,True,29,-0.039901477832512307,0.050886479571608266,-0.059057893727542547
2024-05-30,learner,True,29,0.44882375017124448,0.099605488661544006,-0.086217498096344464
2024-05-30,price_prior,True,29,-0.028571428571428564,0.027389432323144836,-0.086217498096344464
2024-05-31,learner,True,29,0.42906403940886684,0.096994437674725542,-0.084151528185524613
2024-05-31,price_prior,True,29,0.007881773399014776,0.023184891777423784,-0.084151528185524613
2024-06-03,learner,True,29,0.30028328839667789,-0.042572373755902074,-0.10575330346346085
2024-06-03,price_prior,True,29,-0.12364532019704431,-0.022371912200484276,-0.10575330346346085
2024-06-04,learner,True,29,0.34540528271694426,-0.016700159832806385,-0.10103054402005796
2024-06-04,price_prior,True,29,-0.086206896551724116,-0.033291475060202191,-0.10103054402005796
2024-06-05,learner,True,29,0.25224781568350957,-0.065586198752372593,-0.099887562995692777
2024-06-05,price_prior,True,29,-0.038423645320197035,-0.033293441254662673,-0.099887562995692777
2024-06-06,learner,True,29,0.37172065807267174,0.091953224481333529,-0.05662991235681876
2024-06-06,price_prior,True,29,-0.19408866995073887,-0.11864318845997085,-0.05662991235681876
2024-06-07,learner,True,29,0.32269984232948978,0.049815222427701568,-0.092070532185026199
2024-06-07,price_prior,True,29,-0.066009852216748752,-0.0088547124121645775,-0.092070532185026199
2024-06-11,learner,True,29,0.17245627525097076,-0.011895142335064175,-0.12679666220532299
2024-06-11,price_prior,True,29,-0.094088669950738904,-0.077852171186138658,-0.12679666220532299
2024-06-12,learner,True,29,0.091625615763546775,-0.051066019097442711,-0.14120860256929477
2024-06-12,price_prior,True,29,-0.04088669950738915,-0.093906185448642515,-0.14120860256929477
2024-06-13,learner,True,29,0.18578293741488,-0.010606962396446779,-0.14432892047596399
2024-06-13,price_prior,True,29,-0.085714285714285687,-0.10863513007840314,-0.14432892047596399
2024-06-14,learner,True,29,0.04975982301569231,-0.077507801463995371,-0.16375055493297294
2024-06-14,price_prior,True,29,-0.0088669950738916245,-0.12961005321663782,-0.16375055493297294
2024-06-17,learner,True,29,-0.10963291783811713,-0.20585608475419331,-0.19126817574464985
2024-06-17,price_prior,True,29,-0.095073891625615733,-0.179576927805461,-0.19126817574464985
2024-06-18,learner,True,29,-0.13743842364532016,-0.17716426769025861,-0.18006206649237105
2024-06-18,price_prior,True,29,-0.052709359605911318,-0.16725590298508719,-0.18006206649237105
2024-06-19,learner,True,29,-0.035467980295566498,-0.18473135815431016,-0.17249792583978524
2024-06-19,price_prior,True,29,-0.033004926108374376,-0.16214881197072795,-0.17249792583978524
2024-06-20,learner,True,29,-0.088434536943730394,-0.19991752780212529,-0.17523549128021013
2024-06-20,price_prior,True,29,-0.083743842364532001,-0.1505939595798346,-0.17523549128021013
2024-06-21,learner,True,29,-0.074384236453201955,-0.19609004268794578,-0.18744934462947332
2024-06-21,price_prior,True,29,-0.1719211822660098,-0.18390377449691248,-0.18744934462947332
2024-06-24,learner,True,29,-0.010837438423645318,-0.17499831438440766,-0.15717566520185661
2024-06-24,price_prior,True,29,-0.22660098522167479,-0.15981187748869918,-0.15717566520185661
2024-06-25,learner,True,29,0.20541871921182261,-0.036368580629625571,-0.12521204535068278
2024-06-25,price_prior,True,29,-0.30295566502463045,-0.17605140701988908,-0.12521204535068278
2024-06-26,learner,True,29,0.12807881773399013,-0.081105082225270839,-0.14518635282307585
2024-06-26,price_prior,True,29,-0.30492610837438416,-0.17458505936710256,-0.14518635282307585
2024-06-27,learner,True,29,0.13743842364532016,-0.1354668219309951,-0.14733283956624152
2024-06-27,price_prior,True,29,-0.33349753694581274,-0.17734211867347768,-0.14733283956624152
2024-06-28,learner,True,29,0.1906403940886699,-0.099710425666398123,-0.10168477152574674
2024-06-28,price_prior,True,29,-0.39359605911330037,-0.14806813117036521,-0.10168477152574674
2024-07-01,learner,True,29,0.17290640394088666,-0.065482778287456286,-0.10358857664007645
2024-07-01,price_prior,True,29,-0.4374384236453201,-0.14578061664345965,-0.10358857664007645
2024-07-02,learner,True,29,0.26847290640394078,0.084308761940115606,-0.045992228027905417
2024-07-02,price_prior,True,29,-0.3261083743842364,-0.086220288871744877,-0.045992228027905417
2024-07-03,learner,True,29,0.33300492610837434,0.12698571302904821,0.010237913784840813
2024-07-03,price_prior,True,29,-0.38029556650246293,-0.010520097998426362,0.010237913784840813
2024-07-04,learner,True,29,0.24630541871921177,0.23255268249258643,0.1796856615839493
2024-07-04,price_prior,True,29,-0.4857142857142856,0.10858621450759635,0.1796856615839493
2024-07-05,learner,True,29,0.097044334975369434,0.36000548211023969,0.33316225172296937
2024-07-05,price_prior,True,29,-0.43300492610837432,0.22980510127299225,0.33316225172296937
2024-07-08,learner,True,29,0.18719211822660095,0.46473770152735494,0.31420762608675173
2024-07-08,price_prior,True,29,-0.42906403940886684,0.24523736131180257,0.31420762608675173
2024-07-09,learner,True,29,0.13251231527093593,0.37329970583227573,0.22833763106671032
2024-07-09,price_prior,True,29,-0.51871921182266001,0.04720330605495722,0.22833763106671032
2024-07-10,learner,True,29,0.10197044334975366,0.27928828994702515,0.14881761960627996
2024-07-10,price_prior,True,29,-0.45024630541871907,-0.016834657282285413,0.14881761960627996
2024-07-11,learner,True,29,-0.096059113300492591,0.1596720230533758,0.19743942317640095
2024-07-11,price_prior,True,29,-0.43152709359605901,0.078888573822360211,0.19743942317640095
2024-07-12,learner,True,29,-0.18228846055253617,0.14122520570287103,0.16263877614209962
2024-07-12,price_prior,True,29,-0.4448275862068965,0.075521996935199093,0.16263877614209962
2024-07-15,learner,True,29,-0.18970190277606785,0.12372109262423645,0.1396768207271151
2024-07-15,price_prior,True,29,-0.47487684729064022,0.040841390738210095,0.1396768207271151
2024-07-16,learner,True,29,-0.05221674876847289,0.13430296453518514,0.11704136257805052
2024-07-16,price_prior,True,29,-0.47881773399014765,0.045706242086862338,0.11704136257805052
2024-07-17,learner,True,29,-0.031034482758620686,0.26872919012300822,0.22811765002335202
2024-07-17,price_prior,True,29,-0.36206896551724133,0.1993211472412092,0.22811765002335202
2024-07-18,learner,True,29,-0.033255327262962681,0.31680408170741925,0.23317187895570271
2024-07-18,price_prior,True,29,-0.43004926108374375,0.25469699238508559,0.23317187895570271
2024-07-19,learner,True,29,-0.10420002542394974,0.099014364748530773,0.20045615428635263
2024-07-19,price_prior,True,29,-0.36009852216748761,0.24941546612745477,0.20045615428635263
2024-07-22,learner,True,29,-0.10150283629057136,0.20333763763151175,0.19533020295988004
2024-07-22,price_prior,True,29,-0.35369458128078807,0.22983595649693467,0.19533020295988004
2024-07-23,learner,True,29,0.096059113300492591,0.41549315086872751,0.2543796229047402
2024-07-23,price_prior,True,29,-0.26847290640394078,0.30991072881674792,0.2543796229047402
2024-07-24,learner,True,29,0.055665024630541862,0.46675884099114523,0.29594181370485712
2024-07-24,price_prior,True,29,-0.26551724137931032,0.29612188072039486,0.29594181370485712
2024-07-25,learner,True,29,-0.033990147783251219,0.46594985122556565,0.29234159234891721
2024-07-25,price_prior,True,29,-0.14334975369458125,0.37600361004549276,0.29234159234891721
2024-07-26,learner,True,29,-0.11625615763546797,0.42026558032223016,0.26978464170522198
2024-07-26,price_prior,True,29,-0.10098522167487682,0.36513534683657861,0.26978464170522198
2024-07-29,learner,True,29,0.011330049261083741,0.48609041587393309,0.2884236744951133
2024-07-29,price_prior,True,29,-0.085714285714285687,0.31716751363012868,0.2884236744951133
2024-07-30,learner,True,29,0.14876847290640391,0.4401632950324918,0.30684350893886403
2024-07-30,price_prior,True,29,-0.0817733990147783,0.32722562058317073,0.30684350893886403
2024-07-31,learner,True,29,0.14041138177695359,0.46368339696473232,0.22002074167585134
2024-07-31,price_prior,True,29,0.015763546798029552,0.27169812615474276,0.22002074167585134
2024-08-01,learner,True,29,0.10690971875648746,0.46732201236751908,0.2624987732335507
2024-08-01,price_prior,True,29,-0.047290640394088659,0.32228740930675531,0.2624987732335507
2024-08-02,learner,True,29,-0.0096070945426336655,0.61754194952885855,0.33277533702609552
2024-08-02,price_prior,True,29,-0.090147783251231503,0.37054837993428924,0.33277533702609552
2024-08-05,learner,True,29,0.021680217460122039,0.59774536560363756,0.35844126705087825
2024-08-05,price_prior,True,29,-0.043349753694581272,0.38576660579161831,0.35844126705087825
2024-08-06,learner,True,29,-0.10888040481651486,0.64394086592913202,0.38725789516246251
2024-08-06,price_prior,True,29,0.040394088669950728,0.41411139925764107,0.38725789516246251
2024-08-07,learner,True,29,0.057142857142857127,0.54001897179439495,0.42595400664656552
2024-08-07,price_prior,True,29,-0.033004926108374376,0.47611826443275135,0.42595400664656552
2024-08-08,learner,True,29,-0.063054187192118208,0.61329310191880859,0.47305546284283156
2024-08-08,price_prior,True,29,-0.067980295566502438,0.41442589358423182,0.47305546284283156
2024-08-09,learner,True,28,-0.054734537493158181,0.57923399899238537,0.47390752647941492
2024-08-09,price_prior,True,28,-0.10618500273672687,0.43682983269939435,0.47390752647941492
2024-08-12,learner,True,28,0.0065681444991789817,0.6469544777593097,0.48384413912087637
2024-08-12,price_prior,True,28,-0.05090311986863711,0.43781811882210353,0.48384413912087637
2024-08-13,learner,True,28,-0.18885999903150735,0.58925158456785975,0.43310078212969511
2024-08-13,price_prior,True,28,-0.094690749863163656,0.4047191277263027,0.43310078212969511
2024-08-14,learner,True,28,-0.20142309797482214,0.56800234198663524,0.41396775048507539
2024-08-14,price_prior,True,28,-0.12753147235905857,0.36652575045983132,0.41396775048507539
2024-08-15,learner,True,28,-0.21571312059279379,0.52250342980842879,0.39060843140220464
2024-08-15,price_prior,True,28,-0.13902572523262177,0.37152646678366763,0.39060843140220464
2024-08-16,learner,True,28,-0.41275489643407698,0.5482636399109756,0.42520528121973461
2024-08-16,price_prior,True,28,-0.14395183360700603,0.39181758210597795,0.42520528121973461
2024-08-19,learner,True,28,-0.46038046140723965,0.36593668196943258,0.42547300791208664
2024-08-19,price_prior,True,28,-0.14559386973180075,0.38634571887327462,0.42547300791208664
2024-08-20,learner,True,28,-0.37493158182813352,0.38484093093714333,0.45556226228962193
2024-08-20,price_prior,True,28,-0.15873015873015872,0.43139392665180232,0.45556226228962193
2024-08-21,learner,True,28,-0.27312534209085931,0.26273688600398215,0.41611687659816565
2024-08-21,price_prior,True,28,-0.035030103995621238,0.3891584733779736,0.41611687659816565
2024-08-22,learner,True,28,-0.51340996168582387,0.30488583792794821,0.43762782227645147
2024-08-22,price_prior,True,28,-0.058018609742747675,0.40610801591868273,0.43762782227645147
2024-08-23,learner,True,28,-0.17241379310344829,0.3065956680357545,0.42816853226104151
2024-08-23,price_prior,True,28,-0.083743842364532015,0.36745739458191284,0.42816853226104151
2024-08-26,learner,True,28,-0.04707170224411604,0.34547540455889969,0.45872231814173231
2024-08-26,price_prior,True,28,-0.11275314723590585,0.44072422254616089,0.45872231814173231
2024-08-27,learner,True,28,0.053099767843641212,0.50452847140360457,0.45845306591542945
2024-08-27,price_prior,True,28,0.055281882868089764,0.53569666860806153,0.45845306591542945
2024-08-28,learner,True,28,-0.021896811481913896,0.36769174002122595,0.48274573056439579
2024-08-28,price_prior,True,28,0.04926108374384236,0.52227310518942816,0.48274573056439579
2024-08-29,learner,True,28,-0.17788724685276408,0.34691091522810769,0.46871592158624764
2024-08-29,price_prior,True,28,0.010399562123700055,0.49525806946108364,0.46871592158624764
2024-08-30,learner,True,28,-0.42726153404084494,0.41180794073399851,0.42642060074167459
2024-08-30,price_prior,True,28,-0.021346469622331693,0.46768929331796671,0.42642060074167459
2024-09-02,learner,True,28,-0.1346469622331691,0.51300593103167635,0.45573034910164234
2024-09-02,price_prior,True,28,-0.0082101806239737278,0.61974932888393219,0.45573034910164234
2024-09-03,learner,True,28,0.037766830870279149,0.53204175123664954,0.46316317843300459
2024-09-03,price_prior,True,28,-0.083196496989600438,0.63675576521163835,0.46316317843300459
2024-09-04,learner,True,28,0.0076628352490421452,0.42293625608930263,0.45640206840203978
2024-09-04,price_prior,True,28,-0.053092501368363437,0.52674760264456921,0.45640206840203978
2024-09-05,learner,True,28,0.069512862616310886,0.48919772779499082,0.44321965567126925
2024-09-05,price_prior,True,28,-0.0120415982484948,0.63123629423997096,0.44321965567126925
2024-09-06,learner,True,28,0.032297796935822999,0.5279586863112129,0.47632906394715219
2024-09-06,price_prior,True,28,-0.02079912424740011,0.603747422393619,0.47632906394715219
2024-09-09,learner,True,28,0.02353585112205802,0.43602124386415608,0.47369583474036053
2024-09-09,price_prior,True,28,-0.088122605363984668,0.46223276521217749,0.47369583474036053
2024-09-10,learner,True,28,0.072533188033839791,0.61350099888616261,0.47131890231129192
2024-09-10,price_prior,True,28,-0.055829228243021348,0.6386310367932535,0.47131890231129192
2024-09-11,learner,True,28,0.10866292697899771,0.42953421852020535,0.45198970414835016
2024-09-11,price_prior,True,28,-0.17296113847837985,0.51218515032317669,0.45198970414835016
2024-09-12,learner,True,28,0.050088956264878047,0.51782065677559563,0.45053547429112589
2024-09-12,price_prior,True,28,-0.067870826491516156,0.53958577156873644,0.45053547429112589
2024-09-13,learner,True,28,0.12862616310892172,0.50249478860082253,0.44263536209593857
2024-09-13,price_prior,True,28,0.050355774493705534,0.68365729370307315,0.44263536209593857
2024-09-18,learner,True,28,0.10483098496966278,0.51186133388077837,0.46201621718899449
2024-09-18,price_prior,True,28,0.025177887246852767,0.68490645698802122,0.46201621718899449
2024-09-19,learner,True,28,0.097427476737821567,0.55656155028643095,0.48378041151858159
2024-09-19,price_prior,True,28,0.04926108374384236,0.764378507274031,0.48378041151858159
2024-09-20,learner,True,28,0.1111111111111111,0.60329464313546455,0.52472999726193958
2024-09-20,price_prior,True,28,0.046524356869184456,0.66290460155697306,0.52472999726193958
2024-09-23,learner,True,28,0.0032840722495894909,0.54978626677864795,0.51165629135819779
2024-09-23,price_prior,True,28,0.15270935960591134,0.64616407036219214,0.51165629135819779
2024-09-24,learner,True,28,-0.13191023535851121,0.49271420478979366,0.46913682488332814
2024-09-24,price_prior,True,28,0.23097974822112752,0.70434058166432401,0.46913682488332814
2024-09-25,learner,True,28,-0.11986863711001641,0.48693918540155551,0.47202128812006244
2024-09-25,price_prior,True,28,0.25342090859332239,0.80518851934010549,0.47202128812006244
2024-09-26,learner,True,28,-0.18719211822660098,0.42108701283689498,0.43758806133405781
2024-09-26,price_prior,True,28,0.26382047071702242,0.81148795416318342,0.43758806133405781
2024-09-27,learner,True,28,-0.31143951833607003,0.27559009626685582,0.31954036631791405
2024-09-27,price_prior,True,28,0.12534209085933223,0.64764889603468201,0.31954036631791405
2024-09-30,learner,True,28,-0.070636556264651734,0.11612507131163995,0.058684449595087097
2024-09-30,price_prior,True,28,-0.12151067323481116,0.37152529179558025,0.058684449595087097
2024-10-08,learner,True,28,0.16178484044459535,0.21717551715593367,0.038843647739666878
2024-10-08,price_prior,True,28,-0.12917350848385331,0.16499236979925896,0.038843647739666878
2024-10-09,learner,True,28,-0.1535724119956311,-0.069607853126090871,-0.0027142891603210142
2024-10-09,price_prior,True,28,-0.2950191570881226,0.079664713208198012,-0.0027142891603210142
2024-10-10,learner,True,28,-0.125632955877481,0.051830260945413313,0.052086659168267727
2024-10-10,price_prior,True,28,-0.23097974822112752,0.095877316679416263,0.052086659168267727
2024-10-11,learner,True,28,-0.3697824039008209,0.070967984292610337,0.095101988904320978
2024-10-11,price_prior,True,28,-0.13628899835796388,0.117917283912745,0.095101988904320978
2024-10-14,learner,True,28,-0.34975369458128081,0.10039748464949189,0.10165190937840551
2024-10-14,price_prior,True,28,-0.05090311986863711,0.3676464641031375,0.10165190937840551
2024-10-15,learner,True,28,-0.36398467432950193,0.063988118803636224,0.15118744602875436
2024-10-15,price_prior,True,28,0.033935413245758078,0.43396275777122728,0.15118744602875436
2024-10-16,learner,True,28,-0.41160372194854955,0.033658799997788119,0.123847451483176
2024-10-16,price_prior,True,28,0.027914614121510674,0.35909246757453273,0.123847451483176
2024-10-17,learner,True,28,-0.16370107374935364,0.11166696463624026,0.12387549127790409
2024-10-17,price_prior,True,28,0.071154898741105643,0.35556652145632789,0.12387549127790409
2024-10-18,learner,True,28,-0.20473518735589497,-0.043961586102965508,0.0052798833782609893
2024-10-18,price_prior,True,28,0.018062397372742199,0.17909411348766233,0.0052798833782609893
2024-10-21,learner,True,28,-0.24606541902800744,-0.047020025877280013,0.055529312903993946
2024-10-21,price_prior,True,28,0.026272577996715927,0.16577851233407886,0.055529312903993946
2024-10-22,learner,True,28,-0.21196773419271417,0.14074833579075299,0.069147963319462838
2024-10-22,price_prior,True,28,0.0071154898741105635,0.27985347888464951,0.069147963319462838
2024-10-23,learner,True,28,-0.25838237548658399,0.052566158496006737,0.072891864860819403
2024-10-23,price_prior,True,28,-0.021893814997263273,0.19808653753497546,0.072891864860819403
2024-10-24,learner,True,28,-0.1083892168354738,0.046376910668621943,0.075227583781065435
2024-10-24,price_prior,True,28,-0.042692939244663386,0.17395235816035665,0.075227583781065435
2024-10-25,learner,True,28,-0.070108191154179364,-0.050608986592265384,0.062194549473337433
2024-10-25,price_prior,True,28,-0.14395183360700603,0.12192046693473856,0.062194549473337433
2024-10-28,learner,True,28,-0.085671274922988136,-0.015431217232214816,0.075176445233175127
2024-10-28,price_prior,True,28,-0.11439518336070059,0.1685722305003281,0.075176445233175127
2024-10-29,learner,True,28,0.054261492430266255,0.086827507184951594,0.092680078252529705
2024-10-29,price_prior,True,28,-0.042692939244663386,0.2377371258146341,0.092680078252529705
2024-10-30,learner,True,28,0.29592117177767779,0.12525532614217486,0.070706485920832701
2024-10-30,price_prior,True,28,0.013136288998357963,0.14493130956008335,0.070706485920832701
2024-10-31,learner,True,28,0.17275839923641567,0.00073198321196199772,0.06676422946535579
2024-10-31,price_prior,True,28,-0.1023535851122058,0.13514105971632881,0.06676422946535579
2024-11-01,learner,True,28,0.14782371208135614,0.050595850430845662,0.065691015056900212
2024-11-01,price_prior,True,28,0.0065681444991789817,0.14761316114653561,0.065691015056900212
2024-11-04,learner,True,28,0.29560695500583767,0.0073642386698318085,0.036591878773447939
2024-11-04,price_prior,True,28,-0.088669950738916259,0.12501498444305964,0.036591878773447939
2024-11-05,learner,True,28,0.24904214559386975,-0.018206707531490111,0.0406201962381154
2024-11-05,price_prior,True,28,-0.01477832512315271,0.042742496772359265,0.0406201962381154
2024-11-06,learner,True,28,0.21620142309797483,0.13599569036729753,0.050937040249254883
2024-11-06,price_prior,True,28,0.054734537493158181,0.10419331501468172,0.050937040249254883
2024-11-07,learner,True,28,-0.029560695500583763,-0.12150878991507014,0.0014193980294472019
2024-11-07,price_prior,True,28,0.046524356869184456,0.065354279982839061,0.0014193980294472019
2024-11-08,learner,True,28,0.049000823078819901,-0.064194279593629541,-0.038429246991792738
2024-11-08,price_prior,True,28,-0.022441160372194853,0.11867166095307639,-0.038429246991792738
2024-11-11,learner,True,28,0.05366187995299123,-0.10191673148250938,-0.058100476429857752
2024-11-11,price_prior,True,28,-0.0049261083743842365,0.032357297266620969,-0.058100476429857752
2024-11-12,learner,True,28,-0.19433420190198583,-0.11888843315623362,-0.057814482898234529
2024-11-12,price_prior,True,28,-0.13136288998357964,0.030914676743074822,-0.057814482898234529
2024-11-13,learner,True,28,-0.34323251997900039,-0.12174834231874362,-0.078900520666463581
2024-11-13,price_prior,True,28,-0.18062397372742198,0.091285834762137308,-0.078900520666463581
2024-11-14,learner,True,28,-0.2624800613610685,-0.03086453804761688,-0.020578764313442792
2024-11-14,price_prior,True,28,-0.22495894909688013,0.0035469610482334463,-0.020578764313442792
2024-11-15,learner,True,28,-0.062765591393002945,-0.034917758751760113,0.017883380839682089
2024-11-15,price_prior,True,28,-0.13026819923371646,0.14150554439736507,0.017883380839682089
2024-11-18,learner,True,28,-0.11495826028004796,0.0047166806522874281,0.06521124663778019
2024-11-18,price_prior,True,28,-0.1346469622331691,0.19316067986260169,0.06521124663778019
2024-11-19,learner,True,28,-0.20073946920317762,-0.022148136213330224,0.035072616198414015
2024-11-19,price_prior,True,28,-0.23316912972085385,0.14414127037731475,0.035072616198414015
2024-11-20,learner,True,28,-0.089552259794596301,-0.017940300739269163,0.076169958636143412
2024-11-20,price_prior,True,28,-0.17350848385331144,0.18095821996679387,0.076169958636143412
2024-11-21,learner,True,28,-0.095537917622950552,-0.026914001091578377,0.082624257176531879
2024-11-21,price_prior,True,28,-0.21893814997263272,0.16372209007267921,0.082624257176531879
2024-11-22,learner,True,28,0.11523197042357189,0.089008631333963389,0.1124786433600674
2024-11-22,price_prior,True,28,-0.2463054187192118,0.14845598130210419,0.1124786433600674
2024-11-25,learner,True,28,0.092303509659736369,0.085346308996774312,0.1268595839752375
2024-11-25,price_prior,True,28,-0.26217843459222773,0.07219907947732726,0.1268595839752375
2024-11-26,learner,True,29,0,0.081908600799258977,0.12991835019590622
2024-11-26,price_prior,True,29,-0.28226600985221667,0.19745494400517649,0.12991835019590622
2024-11-27,learner,True,29,0.027346637932653933,0.0025316985359322315,0.046574078890973321
2024-11-27,price_prior,True,29,-0.28226600985221667,0.095260924889571399,0.046574078890973321
2024-11-28,learner,True,29,-0.10497783433679374,-0.014149299701413959,0.038370563316719702
2024-11-28,price_prior,True,29,-0.29211822660098513,0.068380865304976959,0.038370563316719702
2024-11-29,learner,True,29,-0.10397667414627669,-0.013098389878268531,0.029051140949566533
2024-11-29,price_prior,True,29,-0.41773399014778312,0.03043548588027517,0.029051140949566533
2024-12-02,learner,True,29,-0.16623520042616799,-0.023605033360710688,0.013170690245324804
2024-12-02,price_prior,True,29,-0.33743842364532012,0.027600753871010662,0.013170690245324804
2024-12-03,learner,True,28,-0.18665226086740183,0.011491510978656728,0.050811951973376498
2024-12-03,price_prior,True,28,-0.21127531472359057,0.026956917495635946,0.050811951973376498
2024-12-04,learner,True,28,0,0.070072851900724986,0.074257639904197884
2024-12-04,price_prior,True,28,-0.24028461959496444,0.057215272226525477,0.074257639904197884
2024-12-05,learner,True,28,-0.054276389202662298,0.099022475481579053,0.069263610485465699
2024-12-05,price_prior,True,28,-0.21565407772304324,0.056178812825972951,0.069263610485465699
2024-12-06,learner,True,28,-0.077228554318275716,-7.8435437505734729e-05,0.053450249204005526
2024-12-06,price_prior,True,28,-0.22605363984674329,0.060460410484202941,0.053450249204005526
2024-12-09,learner,True,28,-0.11579524113039566,0.020756117807343995,0.01669625284812451
2024-12-09,price_prior,True,28,-0.18007662835249041,0.02882116228534512,0.01669625284812451
2024-12-10,learner,True,28,-0.1750822573430138,-0.0073126121529867149,0.027280664290528576
2024-12-10,price_prior,True,28,-0.28680897646414882,0.036213601825383628,0.027280664290528576
2024-12-11,learner,True,28,-0.19694443852328422,-0.030588840821857997,0.048311452717931483
2024-12-11,price_prior,True,28,-0.24685276409414339,0.058070088859812234,0.048311452717931483
2024-12-12,learner,True,28,-0.1910758352459011,-0.03288484787135304,0.04764925816676148
2024-12-12,price_prior,True,28,-0.25889436234263824,0.056400241000014402,0.04764925816676148
2024-12-13,learner,True,28,-0.17440110984722151,-0.0450323244224278,0.054400480777453929
2024-12-13,price_prior,True,28,-0.27859879584017511,0.036319802357033491,0.054400480777453929
2024-12-16,learner,True,28,-0.11822660098522168,-0.010827107194593576,0.04811244132577551
2024-12-16,price_prior,True,28,-0.15489874110563767,0.014542371244369457,0.04811244132577551
2024-12-17,learner,True,28,-0.10454296661193212,0.048193705285974296,0.040252533923748786
2024-12-17,price_prior,True,28,-0.15106732348111659,0.013399875480180862,0.040252533923748786
2024-12-18,learner,True,28,-0.21893814997263272,-0.036660571642834767,0.017687753700943772
2024-12-18,price_prior,True,28,-0.13574165298303231,-0.047427667520808695,0.017687753700943772
2024-12-19,learner,True,28,-0.20232719023092105,-0.040570510006416843,0.00038867730173040599
2024-12-19,price_prior,True,28,-0.12753147235905857,-0.058203108554569338,0.00038867730173040599
2024-12-20,learner,True,28,-0.13256646491190621,-0.17497901367350324,-0.049063036457361986
2024-12-20,price_prior,True,28,-0.43842364532019701,-0.21006987710140682,-0.049063036457361986
2024-12-23,learner,True,28,-0.036677159232205783,-0.075269585685076704,-0.033708418638552666
2024-12-23,price_prior,True,28,-0.4734537493158183,-0.14634087962596495,-0.033708418638552666
2024-12-24,learner,True,28,-0.0052033423122242505,-0.14095866205356034,-0.023379172530265637
2024-12-24,price_prior,True,28,-0.56704980842911878,-0.14253260818939092,-0.023379172530265637
2024-12-25,learner,True,28,-0.16703178846499223,-0.16165608003666301,-0.037333138579168555
2024-12-25,price_prior,True,28,-0.47181171319102355,-0.17793634666538807,-0.037333138579168555
2024-12-26,learner,True,28,-0.20692486850408634,-0.15276517124502506,-0.054732786704967132
2024-12-26,price_prior,True,28,-0.61740558292282433,-0.21390328866743291,-0.054732786704967132
2024-12-27,learner,True,28,-0.17733990147783252,-0.13404464354250409,-0.031658121741907561
2024-12-27,price_prior,True,28,-0.59551176792556093,-0.19129348009335209,-0.031658121741907561
2024-12-30,learner,True,28,-0.038314176245210732,-0.11700325605991134,-0.034324244482216035
2024-12-30,price_prior,True,28,-0.54898741105637661,-0.20033658307447541,-0.034324244482216035
2024-12-31,learner,True,28,-0.009852216748768473,-0.017012412285151872,0.0098295535488944086
2024-12-31,price_prior,True,28,-0.4548440065681445,-0.14738629023111216,0.0098295535488944086
2025-01-02,learner,True,28,0.13574165298303231,-0.19092107907520925,-0.074760207636358073
2025-01-02,price_prior,True,28,-0.46031746031746029,-0.23514093448421575,-0.074760207636358073
2025-01-03,learner,True,28,0.080459770114942514,-0.016045607579547379,-0.048142535994709877
2025-01-03,price_prior,True,28,-0.30651340996168586,-0.22912208115281371,-0.048142535994709877
2025-01-06,learner,True,28,0.17350848385331144,-0.021450714388790926,-0.0055449916654602086
2025-01-06,price_prior,True,28,-0.27750410509031193,-0.17667544412458536,-0.0055449916654602086
2025-01-07,learner,True,28,0.065681444991789822,0.014686672622135369,-0.01468615644384969
2025-01-07,price_prior,True,28,-0.42802408319649698,-0.21153814011948491,-0.01468615644384969
2025-01-08,learner,True,28,0.032840722495894911,-0.014080003868045587,0.019546388130571513
2025-01-08,price_prior,True,28,-0.63218390804597702,-0.21838074593297974,0.019546388130571513
2025-01-09,learner,True,28,0.3251231527093596,0.051862472992651967,0.018069020825952738
2025-01-09,price_prior,True,28,-0.65188834154351394,-0.16036061737663135,0.018069020825952738
2025-01-10,learner,True,28,0.21406081606085287,0.087379078309503991,0.038154532882899439
2025-01-10,price_prior,True,28,-0.49042145593869729,-0.14584929707841943,0.038154532882899439
2025-01-13,learner,True,28,0.078839313110056611,0.0074633680897333767,0.015496393083882573
2025-01-13,price_prior,True,28,-0.58347016967706622,-0.14274268204814719,0.015496393083882573
2025-01-14,learner,True,28,0.45977011494252873,0.12417213131253366,-0.022875336954175755
2025-01-14,price_prior,True,28,-0.43513957307060752,-0.19222237528896366,-0.022875336954175755
2025-01-15,learner,True,28,0.4546325483932373,-0.060386450079262147,-0.039226383911222337
2025-01-15,price_prior,True,28,-0.5150519978106185,-0.17496902288616836,-0.039226383911222337
2025-01-16,learner,True,28,0.15329866438066564,0.038168562025447654,-0.010102653337262776
2025-01-16,price_prior,True,28,-0.37876299945265463,-0.15317811477535415,-0.010102653337262776
2025-01-17,learner,True,28,0.32462023021937353,0.08379478106284681,-0.035968139450830681
2025-01-17,price_prior,True,28,-0.42911877394636017,-0.20585317067289538,-0.035968139450830681
2025-01-20,learner,True,28,0.34273201393677383,0.086168399392684863,-0.030998860473403788
2025-01-20,price_prior,True,28,-0.37328954570333883,-0.12849849304159416,-0.030998860473403788
2025-01-21,learner,True,28,0.13793103448275862,0.051912945999893365,-0.053126663187313197
2025-01-21,price_prior,True,28,-0.33059660645867539,-0.16201193026395053,-0.053126663187313197
2025-01-22,learner,True,28,0.18094717349217854,-0.0034998775963583136,-0.053768253372941839
2025-01-22,price_prior,True,28,-0.44991789819376027,-0.26652483250201675,-0.053768253372941839
2025-01-23,learner,True,28,0.32074438970990693,0.092258955401765805,-0.036030233518089198
2025-01-23,price_prior,True,28,-0.42090859332238645,-0.20864120274389161,-0.036030233518089198
2025-01-24,learner,True,28,0.29971260715869641,0.0074682647460349097,-0.040830370575338296
2025-01-24,price_prior,True,28,-0.40448823207443896,-0.23827042240318966,-0.040830370575338296
2025-01-27,learner,True,28,0.1992337164750958,0.030955164722025485,-0.010975219503514306
2025-01-27,price_prior,True,28,-0.37657361795292832,-0.12392947705280867,-0.010975219503514306
2025-02-05,learner,True,28,0.15875188324387576,0.10716676783659712,0.034692043118877455
2025-02-05,price_prior,True,28,-0.25889436234263824,-0.05052719473220111,0.034692043118877455
2025-02-06,learner,True,28,0.28137402754259361,0.029922448733129603,-0.018471902709670328
2025-02-06,price_prior,True,28,-0.30541871921182268,-0.20704933768356959,-0.018471902709670328
2025-02-07,learner,True,28,0.1374777810913986,0.066616300034328252,-0.023211526677437533
2025-02-07,price_prior,True,28,-0.30870279146141216,-0.12451522067224406,-0.023211526677437533
2025-02-10,learner,True,28,-0.15489874110563767,-0.056543487170162776,-0.048286427616544052
2025-02-10,price_prior,True,28,-0.36234263820470713,-0.10210200287201607,-0.048286427616544052
2025-02-11,learner,True,28,-0.12041598248494799,-0.11323815075157288,-0.036020187534220809
2025-02-11,price_prior,True,28,-0.37876299945265463,-0.10444904321607267,-0.036020187534220809
2025-02-12,learner,True,28,0.20853858784893267,-0.0073959533075302827,-0.065132728088594966
2025-02-12,price_prior,True,28,-0.41215106732348106,-0.14262304664472836,-0.065132728088594966
2025-02-13,learner,True,28,0.066228790366721385,-0.068496108293408325,-0.029310542573368847
2025-02-13,price_prior,True,28,-0.31034482758620691,-0.1072481357283091,-0.029310542573368847
2025-02-14,learner,True,28,0.2895457033388068,0.029145311104571314,-0.049333391052429461
2025-02-14,price_prior,True,28,-0.24521072796934865,-0.12097406214761335,-0.049333391052429461
2025-02-17,learner,True,28,0.31339811433489262,-0.10879299120864916,-0.06914715513252713
2025-02-17,price_prior,True,28,-0.25779967159277506,-0.19370590832650325,-0.06914715513252713
2025-02-18,learner,True,28,0.1598248494800219,-0.0094938511242638642,-0.051189271192242515
2025-02-18,price_prior,True,28,-0.15270935960591134,-0.12006775839466541,-0.051189271192242515
2025-02-19,learner,True,28,0.23445639248882591,0.017294815522512417,-0.090388884376356102
2025-02-19,price_prior,True,28,-0.15435139573070608,-0.19744713406725206,-0.090388884376356102
2025-02-20,learner,True,28,0.15765704266978009,-0.13301808654644059,-0.097359633214401539
2025-02-20,price_prior,True,28,-0.17733990147783252,-0.19797367648496458,-0.097359633214401539
2025-02-21,learner,True,28,0.22416860754609352,-0.14517877639660098,-0.14594605242465675
2025-02-21,price_prior,True,28,-0.38752052545155991,-0.23111584673982205,-0.14594605242465675
2025-02-24,learner,True,28,0.26139318706534714,-0.16202489221260949,-0.15612906257953865
2025-02-24,price_prior,True,28,-0.44444444444444442,-0.23640314319295816,-0.15612906257953865
2025-02-25,learner,True,27,0.23824072863010781,-0.16723686302935112,-0.16212220024136068
2025-02-25,price_prior,True,27,-0.45848595848595847,-0.25792700625058018,-0.16212220024136068
2025-02-26,learner,True,27,-0.095238095238095233,-0.26096961988117651,-0.17733304292114363
2025-02-26,price_prior,True,27,-0.49084249084249076,-0.29011796864238404,-0.17733304292114363
2025-02-27,learner,True,27,0.040909785242315325,-0.22062678911648426,-0.15827587193827444
2025-02-27,price_prior,True,27,-0.4072039072039072,-0.24379949233252129,-0.15827587193827444
2025-02-28,learner,True,27,0.20088536335405582,-0.066337946274082876,-0.10236000649220427
2025-02-28,price_prior,True,27,-0.57020757020757018,-0.19744877539259847,-0.10236000649220427
2025-03-03,learner,True,27,-0.13675213675213677,-0.1047221985079595,-0.088725479625433257
2025-03-03,price_prior,True,27,-0.31562881562881567,-0.15839317716354923,-0.088725479625433257
2025-03-04,learner,True,27,-0.19661120668694823,-0.16561679394889653,-0.11041936656108023
2025-03-04,price_prior,True,27,-0.33516483516483514,-0.2111739617340308,-0.11041936656108023
2025-03-05,learner,True,27,-0.17190840496047591,-0.15035159906298246,-0.11173062802467039
2025-03-05,price_prior,True,27,-0.29426129426129427,-0.2029110262675633,-0.11173062802467039
2025-03-06,learner,True,27,0.078473286100963255,-0.11503809132654845,-0.099213731530395088
2025-03-06,price_prior,True,27,-0.36263736263736263,-0.18985713138255078,-0.099213731530395088
2025-03-07,learner,True,27,-0.14379484215769042,-0.14150807768470455,-0.085883171018488483
2025-03-07,price_prior,True,27,-0.39316239316239315,-0.20168014558614361,-0.085883171018488483
2025-03-10,learner,True,27,-0.16486032858843486,-0.13730334226251795,-0.072805933127848665
2025-03-10,price_prior,True,27,-0.32967032967032966,-0.15735765070537094,-0.072805933127848665
2025-03-11,learner,True,28,-0.17435336142473942,-0.16273121968955737,-0.09739056584232246
2025-03-11,price_prior,True,28,-0.34865900383141757,-0.15121612598453921,-0.09739056584232246
2025-03-12,learner,True,28,0.008214678121229127,-0.074979973427641469,-0.076491370021736713
2025-03-12,price_prior,True,28,-0.29009304871373837,-0.13927668997594245,-0.076491370021736713
2025-03-13,learner,True,28,0.011494252873563218,-0.11684283415877054,-0.056201480400999926
2025-03-13,price_prior,True,28,-0.22441160372194854,-0.11242670400532594,-0.056201480400999926
2025-03-14,learner,True,28,0.2143150423792323,-0.048442993279043091,-0.085591821706884966
2025-03-14,price_prior,True,28,-0.2348111658456486,-0.14188882064120428,-0.085591821706884966
2025-03-17,learner,True,28,0.23877331072372662,-0.05613105414870502,-0.079319619589604332
2025-03-17,price_prior,True,28,-0.24247400109469072,-0.10925442540105716,-0.079319619589604332
2025-03-18,learner,True,28,0.046021114153308375,-0.086640929271976252,-0.077404552947936869
2025-03-18,price_prior,True,28,-0.19813902572523259,-0.13121068947543829,-0.077404552947936869
2025-03-19,learner,True,28,0.072896752456822339,-0.058966277547106614,-0.039130839197063658
2025-03-19,price_prior,True,28,-0.29830322933771208,-0.068024103998677546,-0.039130839197063658
2025-03-20,learner,True,28,-0.047645133103128935,-0.044103607605157989,-0.021651199685113552
2025-03-20,price_prior,True,28,-0.23590585659551178,-0.050486659573683632,-0.021651199685113552
2025-03-21,learner,True,28,-0.15601478180863654,0.019638610581088373,-0.0077563774877958541
2025-03-21,price_prior,True,28,-0.15599343185550082,-0.027543174654117736,-0.0077563774877958541
2025-03-24,learner,True,28,-0.32142370951434546,-0.041517615847486436,-0.0073495926497911925
2025-03-24,price_prior,True,28,-0.19813902572523259,-0.021374002470749505,-0.0073495926497911925
2025-03-25,learner,True,28,-0.16313124554025854,-0.058449074663622251,0.027295747108155827
2025-03-25,price_prior,True,28,-0.15654077723043239,-0.020189256622589233,0.027295747108155827
2025-03-26,learner,True,28,-0.174055829228243,-0.069914500610827671,0.042431580326702023
2025-03-26,price_prior,True,28,-0.20908593322386423,-0.018789112701032729,0.042431580326702023
2025-03-27,learner,True,28,0.11444217255280782,0.12234649980260363,0.014248960808758914
2025-03-27,price_prior,True,28,-0.28188286808976459,-0.019452642298359014,0.014248960808758914
2025-03-28,learner,True,28,0.05199781061850027,0.17376177617761446,0.051393923221403438
2025-03-28,price_prior,True,28,-0.35686918445539129,0.022114301821456038,0.051393923221403438
2025-03-31,learner,True,28,0.028743499571374807,0.19396702170554483,0.057870204699227754
2025-03-31,price_prior,True,28,-0.32402846195949642,0.02099256108355519,0.057870204699227754
2025-04-01,learner,True,28,-0.042996039106274066,0.21008844860258208,0.05411901634934474
2025-04-01,price_prior,True,28,-0.23043240284619596,0.044455710083483306,0.05411901634934474
2025-04-02,learner,True,28,0.05199781061850027,0.19975216397143064,0.043345338660727595
2025-04-02,price_prior,True,28,-0.11603721948549535,0.0086358388522025323,0.043345338660727595
2025-04-03,learner,True,28,0.26382047071702242,0.33907657460455765,0.10367512843139101
2025-04-03,price_prior,True,28,0.0087575259989053095,0.073758029792556037,0.10367512843139101
2025-04-07,learner,True,28,-0.2149125713883194,0.14344043350183305,0.1461632844702751
2025-04-07,price_prior,True,28,-0.29173508483853311,0.12219068794619965,0.1461632844702751
2025-04-08,learner,True,28,-0.15087625482657496,0.072286788576139627,0.17798490752133941
2025-04-08,price_prior,True,28,-0.29173508483853311,0.12950838334348577,0.17798490752133941
2025-04-09,learner,True,28,-0.16541151350439195,-0.010856552892479578,0.1113715872654378
2025-04-09,price_prior,True,28,-0.43951833607006019,-0.023442763668380984,0.1113715872654378
2025-04-10,learner,True,28,-0.12479474548440067,0.049365685397910003,0.10783196929551085
2025-04-10,price_prior,True,28,-0.38806787082649152,0.074039531502922085,0.10783196929551085
2025-04-11,learner,True,28,0.043835642761136981,0.21668033841413692,0.049704429092440439
2025-04-11,price_prior,True,28,-0.29282977558839629,0.048879340758808412,0.049704429092440439
2025-04-14,learner,True,28,0.089552259794596301,0.27087406967674393,0.066714845264754283
2025-04-14,price_prior,True,28,-0.33990147783251229,0.051439888786542431,0.066714845264754283
2025-04-15,learner,True,28,0.089217296113847822,0.29043596261853627,0.065972940977441843
2025-04-15,price_prior,True,28,-0.41652983032293378,0.026338148445191532,0.065972940977441843
2025-04-16,learner,True,28,0.27206788266278015,0.33210958826898013,0.077634831302454507
2025-04-16,price_prior,True,28,-0.36781609195402298,0.036800948838482714,0.077634831302454507
2025-04-17,learner,True,28,0.44067333107351719,0.32013097877445135,0.075999656152463443
2025-04-17,price_prior,True,28,-0.44499178981937604,0.013705059897441155,0.075999656152463443
2025-04-18,learner,True,28,0.3552271483305966,0.35442499925631005,0.092652725362684582
2025-04-18,price_prior,True,28,-0.46086480569239191,-0.011688750168713897,0.092652725362684582
2025-04-21,learner,True,28,0.34099616858237547,0.31606668051024595,0.085444243554488583
2025-04-21,price_prior,True,28,-0.41488779419813904,-0.011371922818356094,0.085444243554488583
2025-04-22,learner,True,28,0.35467980295566504,0.264186894156551,0.069227955178291195
2025-04-22,price_prior,True,28,-0.4247400109469075,-0.031328043004746342,0.069227955178291195
2025-04-23,learner,True,28,0.40925268437338413,0.27385328601593611,0.077863568271922284
2025-04-23,price_prior,True,28,-0.48111658456486051,0.021701397418553176,0.077863568271922284
2025-04-24,learner,True,28,0.36841385318320136,0.28914042909334325,0.10549726038649483
2025-04-24,price_prior,True,28,-0.3853311439518336,-0.005760645418235559,0.10549726038649483
2025-04-25,learner,True,28,0.45086232184813624,0.274009563094054,0.10803409796596995
2025-04-25,price_prior,True,28,-0.27969348659003829,0.036983607010781377,0.10803409796596995
2025-04-28,learner,True,28,0.26882015789609581,0.29753585358839635,0.12343606393092905
2025-04-28,price_prior,True,28,-0.34975369458128081,0.073949364844177606,0.12343606393092905
2025-04-29,learner,True,28,0.2784775883096674,0.32856247925431881,0.11845236648739757
2025-04-29,price_prior,True,28,-0.41981390257252327,0.025277254142298027,0.11845236648739757
2025-04-30,learner,True,28,0.3612973894515793,0.25751722787695419,0.1250600369290682
2025-04-30,price_prior,True,28,-0.37493158182813352,0.030471409505179521,0.1250600369290682
2025-05-06,learner,True,28,0.12344327472928961,0.060614107517543425,0.082440426608837894
2025-05-06,price_prior,True,28,-0.24411603721948552,-0.018075302605212215,0.082440426608837894
2025-05-07,learner,True,28,0.070362771162850751,0.037657140851474119,0.092959479128717826
2025-05-07,price_prior,True,28,-0.24466338259441706,0.00066790838987911168,0.092959479128717826
2025-05-08,learner,True,28,0.10514787995173282,0.11425905914930103,0.075812745846259771
2025-05-08,price_prior,True,28,-0.01477832512315271,0.13193393993528557,0.075812745846259771
2025-05-09,learner,True,28,0.19485495347564313,0.19336999368640989,0.10041290155058466
2025-05-09,price_prior,True,28,-0.14778325123152708,0.12419906542096944,0.10041290155058466
2025-05-12,learner,True,28,0.15820446295682788,0.14810891205568077,0.099151421140374355
2025-05-12,price_prior,True,28,-0.14012041598248495,0.12171288921758669,0.099151421140374355
2025-05-13,learner,True,28,0.31636562671045426,0.13281797221687508,0.11582424017120321
2025-05-13,price_prior,True,28,-0.17952928297755882,0.013051134219760438,0.11582424017120321
2025-05-14,learner,True,28,0.21543937297782828,0.14057928962650701,0.11926448035205163
2025-05-14,price_prior,True,28,-0.09414340448823208,0.11788702125057941,0.11926448035205163
2025-05-15,learner,True,28,0.30213464696223319,0.26689755525914816,0.13508892813044018
2025-05-15,price_prior,True,28,-0.27038861521620144,0.02505559134774385,0.13508892813044018
2025-05-16,learner,True,28,0.21401204159824849,0.26825149620082955,0.1405905663228981
2025-05-16,price_prior,True,28,-0.16803503010399565,0.061095950125491211,0.1405905663228981
2025-05-19,learner,True,28,0.38110886170695812,0.1784657923372123,0.15667615889937817
2025-05-19,price_prior,True,28,0.021346469622331693,0.24042503255568448,0.15667615889937817
2025-05-20,learner,True,28,0.24633912917153133,0.2439217516644919,0.17938532412582955
2025-05-20,price_prior,True,28,0.0027367268746579091,0.27442407595442087,0.17938532412582955
2025-05-21,learner,True,28,0.33173669395099553,0.17763239587922783,0.1748182219371297
2025-05-21,price_prior,True,28,-0.065134099616858232,0.15256898202871449,0.1748182219371297
2025-05-22,learner,True,28,0.25410737655002097,0.21539084714573375,0.20002088986192823
2025-05-22,price_prior,True,28,-0.01477832512315271,0.16949493738983118,0.20002088986192823
2025-05-23,learner,True,27,0.26068376068376065,0.25633499716908997,0.22827058278246948
2025-05-23,price_prior,True,27,0.065323565323565327,0.18973932862866849,0.22827058278246948
2025-05-26,learner,True,27,0.28937728937728935,0.22711323552062243,0.21477222212040953
2025-05-26,price_prior,True,27,0.07448107448107448,0.21795914053010906,0.21477222212040953
2025-05-27,learner,True,27,0.20085470085470084,0.29203802663341666,0.25858470405186879
2025-05-27,price_prior,True,27,-0.031135531135531136,0.24650505936043893,0.25858470405186879
2025-05-28,learner,True,27,0.19658119658119658,0.24260957501381142,0.25068629628114841
2025-05-28,price_prior,True,27,0.15140415140415139,0.34410513145403554,0.25068629628114841
2025-05-29,learner,True,27,0.19169719169719171,0.42550205187664342,0.30123642840163239
2025-05-29,price_prior,True,27,0.15873015873015872,0.394503658823952,0.30123642840163239
2025-05-30,learner,True,27,0.029304029304029301,0.34139905151642574,0.34014951127930254
2025-05-30,price_prior,True,27,0.14163614163614163,0.46231044625350465,0.34014951127930254
2025-06-03,learner,True,27,0.24603174603174599,0.33861785480566409,0.32113832312385809
2025-06-03,price_prior,True,27,0.26129426129426131,0.45035557012185945,0.32113832312385809
2025-06-04,learner,True,27,0.27655677655677652,0.3319799555678587,0.31884424337979939
2025-06-04,price_prior,True,27,0.32356532356532353,0.46496076622601012,0.31884424337979939
2025-06-05,learner,True,27,0.14654251430083101,0.48954809119311216,0.35619573649188402
2025-06-05,price_prior,True,27,0.31562881562881567,0.52599388699704297,0.35619573649188402
2025-06-06,learner,True,27,0.30219780219780223,0.40968659869143953,0.33802818130696316
2025-06-06,price_prior,True,27,0.28876678876678874,0.39810575600823384,0.33802818130696316
2025-06-09,learner,True,27,-0.091575091575091569,0.42578024524723407,0.36522151307606515
2025-06-09,price_prior,True,27,0.31868131868131866,0.445179205231232,0.36522151307606515
2025-06-10,learner,True,28,0.12917350848385331,0.38877560095208397,0.33206665494384413
2025-06-10,price_prior,True,28,0.43076081007115485,0.37947747031924495,0.33206665494384413
2025-06-11,learner,True,28,0.26221431749591889,0.21674546245304083,0.33005976342804305
2025-06-11,price_prior,True,28,0.26600985221674878,0.51954868942683341,0.33005976342804305
2025-06-12,learner,True,28,0.39135194307608101,0.36093380864814212,0.2664713343787613
2025-06-12,price_prior,True,28,0.33990147783251229,0.43236291481058281,0.2664713343787613
2025-06-13,learner,True,28,0.29118773946360149,0.37636450002683525,0.30369744117671982
2025-06-13,price_prior,True,28,0.40831964969896006,0.48483538894404132,0.30369744117671982
2025-06-16,learner,True,28,0.28024083196496991,0.48704047241234333,0.28545747430904755
2025-06-16,price_prior,True,28,0.42966611932129173,0.40516635130319589,0.28545747430904755
2025-06-17,learner,True,28,0.32402846195949642,0.36398758953105709,0.26887178395564515
2025-06-17,price_prior,True,28,0.37383689107827034,0.38941510639410926,0.26887178395564515
2025-06-18,learner,True,28,0.073344280240831963,0.35032576724785192,0.26025138819675186
2025-06-18,price_prior,True,28,0.32676518883415434,0.53479827573635697,0.26025138819675186
2025-06-19,learner,True,28,0.016967706622879039,0.4203399346909612,0.3074631641883826
2025-06-19,price_prior,True,28,0.20634920634920634,0.58997174230604132,0.3074631641883826
2025-06-20,learner,True,28,0.055281882868089764,0.50562415039100062,0.32799184261924025
2025-06-20,price_prior,True,28,0.12424740010946908,0.5584671755764461,0.32799184261924025
2025-06-23,learner,True,28,0.22392554904175802,0.38401566774310941,0.30101450507397226
2025-06-23,price_prior,True,28,0,0.49322142746589065,0.30101450507397226
2025-06-24,learner,True,28,0.2122415943144102,0.48398131443209941,0.29843405328334599
2025-06-24,price_prior,True,28,0.10071154898741107,0.51744150672918821,0.29843405328334599
2025-06-25,learner,True,28,0.085456068290319723,0.43635185998989134,0.31195035383031305
2025-06-25,price_prior,True,28,0.040503557744937052,0.54279401203973587,0.31195035383031305
2025-06-26,learner,True,28,0.050355774493705534,0.30487483150920158,0.35028317349929627
2025-06-26,price_prior,True,28,0.31089217296113847,0.56828044072977946,0.35028317349929627
2025-06-27,learner,True,28,-0.13826147640949274,0.39175899249570212,0.33977442518654655
2025-06-27,price_prior,True,28,0.20525451559934318,0.58573062457008584,0.33977442518654655
2025-06-30,learner,True,28,-0.20200105177573441,0.22336361503234736,0.34836533039804846
2025-06-30,price_prior,True,28,0.17077175697865354,0.52134870428655533,0.34836533039804846
2025-07-01,learner,True,28,-0.16148898467911499,0.39069573415446601,0.36683043665641984
2025-07-01,price_prior,True,28,0.037219485495347558,0.5422921129725653,0.36683043665641984
2025-07-02,learner,True,28,-0.1647509578544061,0.43879224388688276,0.44813332878301787
2025-07-02,price_prior,True,28,0.11986863711001641,0.5912390389426273,0.44813332878301787
2025-07-03,learner,True,28,-0.18773946360153257,0.45928968481865212,0.45299316521817728
2025-07-03,price_prior,True,28,0.048713738368910783,0.58361247628661939,0.45299316521817728
2025-07-04,learner,True,28,-0.122722971075489,0.51399248406892117,0.44256738696439102
2025-07-04,price_prior,True,28,0.017515051997810619,0.5806191749536771,0.44256738696439102
2025-07-07,learner,True,28,-0.16506981182418101,0.49271169029310391,0.46122151885596274
2025-07-07,price_prior,True,28,-0.00054734537493158185,0.39934202248707518,0.46122151885596274
2025-07-08,learner,True,28,0.0024633912917153139,0.53557190907901453,0.45911305394812529
2025-07-08,price_prior,True,28,0.082649151614668848,0.57936412720754182,0.45911305394812529
2025-07-09,learner,True,28,-0.14317000262694307,0.52810675401789708,0.49135727160393694
2025-07-09,price_prior,True,28,-0.038314176245210732,0.60101543835230786,0.49135727160393694
2025-07-10,learner,True,28,0.064613284025030263,0.51777159436091436,0.4614542262592814
2025-07-10,price_prior,True,28,-0.14121510673234811,0.56168153988907821,0.4614542262592814
2025-07-11,learner,True,28,0.15991240075992702,0.5680617799035832,0.47663004628923838
2025-07-11,price_prior,True,28,-0.11767925561029009,0.52497558911490605,0.47663004628923838
2025-07-14,learner,True,28,0.13986588334072503,0.48364357343013414,0.41327774237497833
2025-07-14,price_prior,True,28,-0.1111111111111111,0.48301432307455039,0.41327774237497833
2025-07-15,learner,True,28,0.13220199932205517,0.49950075042762154,0.41773369260751886
2025-07-15,price_prior,True,28,-0.18226600985221672,0.55830029690871874,0.41773369260751886
2025-07-16,learner,True,28,0.14835089778996666,0.50619462963459827,0.41468849846382555
2025-07-16,price_prior,True,28,-0.13300492610837439,0.55940364622780625,0.41468849846382555
2025-07-17,learner,True,28,0.044882320744389706,0.47842992620271019,0.35293184758738877
2025-07-17,price_prior,True,28,-0.15544608648056923,0.50812051779935707,0.35293184758738877
2025-07-18,learner,True,28,-0.0073901738751459408,0.37685098441606818,0.36828433050014342
2025-07-18,price_prior,True,28,-0.15599343185550082,0.53874993305682217,0.36828433050014342
2025-07-21,learner,True,28,0.072249589490968796,0.45065598530307205,0.40563988043694194
2025-07-21,price_prior,True,28,-0.05090311986863711,0.57741178370917656,0.40563988043694194
2025-07-22,learner,True,28,-0.041598248494800219,0.54106229186194188,0.39540750704246858
2025-07-22,price_prior,True,28,-0.097974822112753129,0.61707552721225978,0.39540750704246858
2025-07-23,learner,True,28,-0.01861228975962681,0.34380963209993376,0.36818928124019773
2025-07-23,price_prior,True,28,-0.033388067870826488,0.49657009373930799,0.36818928124019773
2025-07-24,learner,True,28,-0.023265362199533516,0.34842644891087715,0.40952069346966347
2025-07-24,price_prior,True,28,-0.1691297208538588,0.4645664971896557,0.40952069346966347
2025-07-25,learner,True,28,0.15708812260536401,0.36756239068799523,0.42727880592101775
2025-07-25,price_prior,True,28,-0.086480569239189925,0.47089756426710233,0.42727880592101775
2025-07-28,learner,True,28,0.19065890149227754,0.65990619121076999,0.42300371015620775
2025-07-28,price_prior,True,28,-0.1258894362342638,0.40632859380215713,0.42300371015620775
2025-07-29,learner,True,28,-0.21884422616655594,0.34504564874976812,0.39845290347630435
2025-07-29,price_prior,True,28,0.013136288998357963,0.42380661729803043,0.39845290347630435
2025-07-30,learner,True,28,-0.08075554641481493,0.41175386205633535,0.38198290021497039
2025-07-30,price_prior,True,28,0.022988505747126436,0.37981021718594765,0.38198290021497039
2025-07-31,learner,True,28,-0.31230327376079703,0.36531266420333708,0.34683136215504151
2025-07-31,price_prior,True,28,-0.028461959496442254,0.51783698529335997,0.34683136215504151
2025-08-01,learner,True,28,-0.36288998357963875,0.37123078774553803,0.35716097051211387
2025-08-01,price_prior,True,28,-0.11275314723590585,0.46886510230186113,0.35716097051211387
2025-08-04,learner,True,28,-0.40284619594964427,0.21791125732126565,0.33089234910472465
2025-08-04,price_prior,True,28,-0.090311986863710988,0.36637327206514664,0.33089234910472465
2025-08-05,learner,True,28,-0.19813902572523259,0.2507764786146171,0.32317276496843955
2025-08-05,price_prior,True,28,-0.15161466885604818,0.36915068092787701,0.32317276496843955
2025-08-06,learner,True,28,-0.34245826632180842,0.20581694380433252,0.35917281472283158
2025-08-06,price_prior,True,28,-0.16748768472906403,0.50619969947910304,0.35917281472283158
2025-08-07,learner,True,28,-0.35893226846107912,0.22781107942871115,0.35198366486402016
2025-08-07,price_prior,True,28,-0.24575807334428024,0.46179096781374646,0.35198366486402016
2025-08-08,learner,True,28,-0.35071871540704985,0.30184286707271479,0.3693344894408388
2025-08-08,price_prior,True,28,-0.28680897646414882,0.46137194396353021,0.3693344894408388
2025-08-11,learner,True,28,-0.27507869424154335,0.26257163982751697,0.34301183915210082
2025-08-11,price_prior,True,28,-0.30706075533661736,0.39358173125183693,0.34301183915210082
2025-08-12,learner,True,28,-0.54037779194184632,0.16762572627827832,0.31450797194596963
2025-08-12,price_prior,True,28,-0.21510673234811167,0.38334567861278673,0.31450797194596963
2025-08-13,learner,True,28,-0.47440461673516698,0.13117516500685877,0.29810983329535701
2025-08-13,price_prior,True,28,-0.30377668308702788,0.37569942829598513,0.29810983329535701
2025-08-14,learner,True,28,-0.42649878411620906,0.17917310160017302,0.28032179198814794
2025-08-14,price_prior,True,28,-0.14559386973180075,0.34470537328551437,0.28032179198814794
2025-08-15,learner,True,28,-0.39419656555028304,0.19258970447192805,0.24779239666713496
2025-08-15,price_prior,True,28,-0.18828680897646416,0.3148463264869264,0.24779239666713496
2025-08-18,learner,True,28,-0.3576613189349932,0.20602000581389804,0.23395409249584925
2025-08-18,price_prior,True,28,-0.25451559934318557,0.39105500421654721,0.23395409249584925
2025-08-19,learner,True,28,-0.54799410351372224,0.15828366735560215,0.24459942783450436
2025-08-19,price_prior,True,28,-0.33716475095785442,0.41363224322961151,0.24459942783450436
2025-08-20,learner,True,28,-0.60435199690082364,0.012582612809223882,0.18668388798696392
2025-08-20,price_prior,True,28,-0.28680897646414882,0.38370878542369874,0.18668388798696392
2025-08-21,learner,True,28,-0.44654350103739132,0.06017177826102766,0.15251802797722605
2025-08-21,price_prior,True,28,-0.14668856048166393,0.36285431702656323,0.15251802797722605
2025-08-22,learner,True,28,-0.13725937585386463,-0.04516685401535997,0.070074041031894393
2025-08-22,price_prior,True,28,-0.11275314723590585,0.22156040081586278,0.070074041031894393
2025-08-25,learner,True,28,-0.089613676892409413,-0.0028197665791984891,0.10376743165771511
2025-08-25,price_prior,True,28,-0.09852216748768472,0.2827647600971126,0.10376743165771511
2025-08-26,learner,True,28,-0.14199486278892795,-0.058934885837991856,0.10936429977446012
2025-08-26,price_prior,True,28,-0.042692939244663386,0.31150219186398465,0.10936429977446012
2025-08-27,learner,True,28,-0.4092591937204923,0.01584524678084856,0.099595805422528508
2025-08-27,price_prior,True,28,0.0093048713738368895,0.24898621315145797,0.099595805422528508
2025-08-28,learner,True,28,-0.13417307598007575,0.092785413934691308,0.066282840573162555
2025-08-28,price_prior,True,28,-0.22495894909688013,0.11173110135381026,0.066282840573162555
2025-08-29,learner,True,28,-0.27792274966159386,-0.030411916815695147,0.076039401187527431
2025-08-29,price_prior,True,28,-0.42200328407224957,0.096512533884670543,0.076039401187527431
2025-09-01,learner,True,29,-0.16409651791662672,0.053133341014495405,0.054483482499447178
2025-09-01,price_prior,True,29,-0.25418719211822655,0.053133341014495412,0.054483482499447178
2025-09-02,learner,True,29,-0.21070843170821713,0.12308292131503715,0.10547077596148735
2025-09-02,price_prior,True,29,-0.21280788177339893,0.12308292131503715,0.10547077596148735
2025-09-03,learner,True,29,-0.41871585442137554,0.064977345471747674,0.1269754909385539
2025-09-03,price_prior,True,29,-0.16600985221674872,0.064977345471747674,0.1269754909385539
2025-09-04,learner,True,29,-0.23833133147543237,0.2197833217854227,0.2032482742671439
2025-09-04,price_prior,True,29,-0.16502463054187189,0.20517195485141773,0.2032482742671439
2025-09-05,learner,True,29,-0.15207652469499119,0.25717721436562135,0.20520006999640242
2025-09-05,price_prior,True,29,-0.090147783251231503,0.25717721436562135,0.20520006999640242
2025-09-08,learner,True,29,0.2517676974053526,0.38282974962000393,0.21455798562144868
2025-09-08,price_prior,True,29,-0.0098522167487684695,0.38282974962000399,0.21455798562144868
2025-09-09,learner,True,29,0.10512047613907215,0.35777324555308787,0.23421460907790284
2025-09-09,price_prior,True,29,-0.1635467980295566,0.35777324555308787,0.23421460907790284
2025-09-10,learner,True,29,-0.10891618360690741,0.25838042984132575,0.22294802676545597
2025-09-10,price_prior,True,29,-0.18029556650246301,0.34668781878855004,0.22294802676545597
2025-09-11,learner,True,29,0.26901871886844109,0.3298575235974241,0.20473829983455175
2025-09-11,price_prior,True,29,-0.23940886699507383,0.17821515032397636,0.20473829983455175
2025-09-12,learner,True,29,0.094992369910874036,0.13671936468270238,0.15036828629377416
2025-09-12,price_prior,True,29,-0.31724137931034474,0.13709866130259499,0.15036828629377416
2025-09-15,learner,True,29,0.14326949762525959,0.11106040045481756,0.15148077940204754
2025-09-15,price_prior,True,29,-0.25369458128078815,0.045677051218468337,0.15148077940204754
2025-09-16,learner,True,29,0.18698502441848441,0.22070903892337279,0.1693159001342302
2025-09-16,price_prior,True,29,-0.19753694581280784,0.09390080560034772,0.1693159001342302
2025-09-17,learner,True,29,0.12795595123853643,0.097678370501639064,0.13165967487905411
2025-09-17,price_prior,True,29,-0.06650246305418718,0.19453845975129264,0.13165967487905411
2025-09-18,learner,True,28,0.033511099397718812,0.053120502604243669,0.087408389563542827
2025-09-18,price_prior,True,28,-0.099069512862616296,0.096348116432856443,0.087408389563542827
2025-09-19,learner,True,28,-0.13996737129004452,0.059182955848935043,0.13331988143207157
2025-09-19,price_prior,True,28,-0.0065681444991789817,0.13206993269034689,0.13331988143207157
2025-09-22,learner,True,28,-0.12405863512829395,0.078770368807257157,0.1196134778809357
2025-09-22,price_prior,True,28,-0.065681444991789822,0.14351178872904979,0.1196134778809357
2025-09-23,learner,True,28,-0.09963049224270823,0.10896967267681601,0.14241152727857803
2025-09-23,price_prior,True,28,0.11932129173508485,0.25034397587264695,0.14241152727857803
2025-09-24,learner,True,28,0.0071174379891023329,0.12222459139481312,0.079393961504286473
2025-09-24,price_prior,True,28,0.19978106185002736,0.25342519975248701,0.079393961504286473
2025-09-25,learner,True,28,-0.064586754241926655,0.10661852336170421,0.058039641888159958
2025-09-25,price_prior,True,28,0.21729611384783798,0.23437675786319431,0.058039641888159958
2025-09-26,learner,True,28,-0.02681992337164751,0.066089863237334789,0.058248287397902221
2025-09-26,price_prior,True,28,0.2255062944718117,0.26212435586973837,0.058248287397902221
2025-09-29,learner,True,28,-0.10209388353442356,-0.0069967315050977683,0.021580185668835312
2025-09-29,price_prior,True,28,0.15927750410509031,0.11994789496327332,0.021580185668835312
2025-09-30,learner,True,28,-0.0577528402835479,-0.028976936689383906,-0.016184787304634341
2025-09-30,price_prior,True,28,0.1116584564860427,0.10668416549672417,-0.016184787304634341
