date,symbol,pnl,carry,execution,units_before,units_after
2023-01-19,sh688012,16788.419900688728,0,16788.419900688728,0,8629.8038490533836
2023-01-19,sh688019,-373.61051198904454,-0,-373.61051198904454,0,5623.1177216649376
2023-01-20,sh688012,-3356.9936972818527,-3356.9936972818527,0,8629.8038490533836,8629.8038490533836
2023-01-20,sh688019,-7996.0734002075242,-7996.0734002075242,0,5623.1177216649376,5623.1177216649376
2023-01-30,sh688012,-8396.7991451289327,-8396.7991451289327,0,8629.8038490533836,8629.8038490533836
2023-01-30,sh688019,-3525.6948114839697,-3525.6948114839697,0,5623.1177216649376,5623.1177216649376
2023-01-31,sh688012,-11641.605392372925,-11641.605392372925,0,8629.8038490533836,8629.8038490533836
2023-01-31,sh688019,-1872.4982013144152,-1872.4982013144152,0,5623.1177216649376,5623.1177216649376
2023-02-01,sh688012,5212.4015248282367,5212.4015248282367,0,8629.8038490533836,8629.8038490533836
2023-02-01,sh688019,6736.4950305546372,6736.4950305546372,0,5623.1177216649376,5623.1177216649376
2023-02-02,sh688012,18182.996709955474,18182.996709955474,0,8629.8038490533836,8629.8038490533836
2023-02-02,sh688019,14698.829724432091,14698.829724432091,0,5623.1177216649376,5623.1177216649376
2023-02-03,sh688012,-4228.6038860362369,-4228.6038860362369,0,8629.8038490533836,8629.8038490533836
2023-02-03,sh688019,3109.6165469507291,-1338.3020177562526,4447.9185647069817,5623.1177216649376,15716.056010184662
2023-02-06,sh688012,-5039.8054478470813,-5039.8054478470813,0,8629.8038490533836,8629.8038490533836
2023-02-06,sh688019,-19613.63790071031,-19613.63790071031,0,15716.056010184662,15716.056010184662
2023-02-07,sh688012,-15525.017124447095,-15525.017124447095,0,8629.8038490533836,8629.8038490533836
2023-02-07,sh688019,-19267.884668486382,-19267.884668486382,0,15716.056010184662,15716.056010184662
2023-02-08,sh688012,1743.2203775087678,1743.2203775087678,0,8629.8038490533836,8629.8038490533836
2023-02-08,sh688019,-13201.487048555169,-13201.487048555169,0,15716.056010184662,15716.056010184662
2023-02-09,sh688012,22351.191969048294,22351.191969048294,0,8629.8038490533836,8629.8038490533836
2023-02-09,sh688019,44869.339909077273,44869.339909077273,0,15716.056010184662,15716.056010184662
2023-02-10,sh688012,3132.6187972063744,3132.6187972063744,0,8629.8038490533836,8629.8038490533836
2023-02-10,sh688019,-13500.092112748764,-13500.092112748764,0,15716.056010184662,15716.056010184662
2023-02-13,sh688012,4659.7548632637036,2606.2007624141797,2053.5541008495238,8629.8038490533836,12633.912150006134
2023-02-13,sh688019,19110.724108384678,19110.724108384678,0,15716.056010184662,15716.056010184662
2023-02-14,sh688012,-4156.5570973521153,-4156.5570973521153,0,12633.912150006134,12633.912150006134
2023-02-14,sh688019,-8926.7198137848536,-8926.7198137848536,0,15716.056010184662,15716.056010184662
2023-02-15,sh688012,26796.527670162948,26796.527670162948,0,12633.912150006134,12633.912150006134
2023-02-15,sh688019,12887.165928351316,12887.165928351316,0,15716.056010184662,15716.056010184662
2023-02-16,sh688012,-18407.610002558857,-18407.610002558857,0,12633.912150006134,12633.912150006134
2023-02-16,sh688019,-10671.202030915418,-10671.202030915418,0,15716.056010184662,15716.056010184662
2023-02-17,sh688012,-46454.894975572635,-46454.894975572635,0,12633.912150006134,12633.912150006134
2023-02-17,sh688019,-47415.340982727059,-47415.340982727059,0,15716.056010184662,15716.056010184662
2023-02-20,sh688012,-7834.4508290663689,25937.421643962738,-33771.872473029107,12633.912150006134,0
2023-02-20,sh688019,-10404.029078742344,-10404.029078742344,0,15716.056010184662,15716.056010184662
2023-02-21,sh688019,2844.6502797659377,15700.339954174626,-12855.689674408688,15716.056010184662,1764.7793090423111
2023-02-22,sh688019,-1872.7030799500328,-804.73936492329926,-1067.9637150267336,1764.7793090423111,0
2023-02-23,sh688037,-6465.9181326436801,-0,-6465.9181326436801,0,6171.7090194348057
2023-02-23,sh688256,-9679.7702136969383,-0,-9679.7702136969383,0,8083.0418237364447
2023-02-24,sh688037,-4517.691002226361,-4517.691002226361,0,6171.7090194348057,6171.7090194348057
2023-02-24,sh688256,25550.495204830913,25550.495204830913,0,8083.0418237364447,8083.0418237364447
2023-02-27,sh688037,-10096.915955795315,-10096.915955795315,0,6171.7090194348057,6171.7090194348057
2023-02-27,sh688256,-14977.876499383587,-14977.876499383587,0,8083.0418237364447,8083.0418237364447
2023-02-28,sh688037,8918.1195330833398,8918.1195330833398,0,6171.7090194348057,6171.7090194348057
2023-02-28,sh688256,-6506.848668107893,-6506.848668107893,0,8083.0418237364447,8083.0418237364447
2023-03-01,sh688037,-1240.5135129064429,-1240.5135129064429,0,6171.7090194348057,6171.7090194348057
2023-03-01,sh688256,35969.536115627205,35969.536115627205,0,8083.0418237364447,8083.0418237364447
2023-03-02,sh688037,-2987.1071654064131,-2987.1071654064131,0,6171.7090194348057,6171.7090194348057
2023-03-02,sh688256,4882.1572615368059,4882.1572615368059,0,8083.0418237364447,8083.0418237364447
2023-03-03,sh688037,24075.836884815155,24075.836884815155,0,6171.7090194348057,6171.7090194348057
2023-03-03,sh688256,6669.9097993137666,11987.15102460118,-5317.2412252874137,8083.0418237364447,11385.838909645365
2023-03-06,sh688037,38110.30319500991,38110.30319500991,0,6171.7090194348057,6171.7090194348057
2023-03-06,sh688256,-18946.035945649903,-18946.035945649903,0,11385.838909645365,11385.838909645365
2023-03-07,sh688037,-31926.250757536262,-31926.250757536262,0,6171.7090194348057,6171.7090194348057
2023-03-07,sh688256,-25606.751707792453,-25606.751707792453,0,11385.838909645365,11385.838909645365
2023-03-08,sh688037,-1570.9641907474961,11362.116304779527,-12933.080495527023,6171.7090194348057,0
2023-03-08,sh688256,13686.192692557028,16281.749640792868,-2595.5569482358401,11385.838909645365,0
2023-03-13,sh688037,-3463.5502195514914,-0,-3463.5502195514914,0,2848.5082872928174
2023-03-13,sh688256,19954.00388557704,0,19954.00388557704,0,5622.7084206467616
2023-03-14,sh688037,1062.4935911602342,1062.4935911602342,0,2848.5082872928174,2848.5082872928174
2023-03-14,sh688256,26831.564583326337,26831.564583326337,0,5622.7084206467616,5622.7084206467616
2023-03-15,sh688037,-14233.995911602207,-14233.995911602207,0,2848.5082872928174,2848.5082872928174
2023-03-15,sh688256,4115.8225639134253,4115.8225639134253,0,5622.7084206467616,5622.7084206467616
2023-03-16,sh688037,-11003.787513812153,-11003.787513812153,0,2848.5082872928174,2848.5082872928174
2023-03-16,sh688256,-23306.831332057249,-5813.8805069487053,-17492.950825108543,5622.7084206467616,15381.540386089528
2023-03-17,sh688037,609.58077348065899,609.58077348065899,0,2848.5082872928174,2848.5082872928174
2023-03-17,sh688256,211526.94338950311,211526.94338950311,0,15381.540386089528,15381.540386089528
2023-03-20,sh688037,25.636574585636328,25.636574585636328,0,2848.5082872928174,2848.5082872928174
2023-03-20,sh688256,124590.47712732508,124590.47712732508,0,15381.540386089528,15381.540386089528
2023-03-21,sh688037,-6916.1781215469937,-6916.1781215469937,0,2848.5082872928174,2848.5082872928174
2023-03-21,sh688256,18580.900786396345,18580.900786396345,0,15381.540386089528,15381.540386089528
2023-03-22,sh688037,-6212.5965745856274,-6212.5965745856274,0,2848.5082872928174,2848.5082872928174
2023-03-22,sh688256,241059.50093079504,241059.50093079504,0,15381.540386089528,15381.540386089528
2023-03-23,sh688037,-4010.0574769864133,5204.2246408839719,-9214.2821178703853,2848.5082872928174,0
2023-03-23,sh688256,70708.94115485347,70708.94115485347,0,15381.540386089528,15381.540386089528
2023-03-24,sh688256,165166.98066582935,165166.98066582935,0,15381.540386089528,15381.540386089528
2023-03-27,sh688256,34993.004378353762,34993.004378353762,0,15381.540386089528,15381.540386089528
2023-03-28,sh688256,-148539.53550846651,-148539.53550846651,0,15381.540386089528,15381.540386089528
2023-03-29,sh688256,0,0,0,15381.540386089528,15381.540386089528
2023-03-29,sz300308,17077.414490993346,0,17077.414490993346,0,16003.951592985921
2023-03-30,sh688256,42314.617602132144,42314.617602132144,0,15381.540386089528,15381.540386089528
2023-03-30,sz300308,-6321.5608792294888,-6321.5608792294888,0,16003.951592985921,16003.951592985921
2023-03-31,sh688256,101687.36349243793,101687.36349243793,0,15381.540386089528,15381.540386089528
2023-03-31,sz300308,44843.07236354654,44843.07236354654,0,16003.951592985921,16003.951592985921
2023-04-03,sh688256,258594.45697093732,258594.45697093732,0,15381.540386089528,15381.540386089528
2023-04-03,sz300308,95895.677945171701,95895.677945171701,0,16003.951592985921,16003.951592985921
2023-04-04,sh688256,46559.922748692799,46559.922748692799,0,15381.540386089528,15381.540386089528
2023-04-04,sz300308,-1600.3951592986148,-1600.3951592986148,0,16003.951592985921,16003.951592985921
2023-04-06,sh688256,-77522.963545891093,-77522.963545891093,0,15381.540386089528,15381.540386089528
2023-04-06,sz300308,-1152.2845146950299,-1152.2845146950299,0,16003.951592985921,16003.951592985921
2023-04-07,sh688256,180656.19183462157,180656.19183462157,0,15381.540386089528,15381.540386089528
2023-04-07,sz300308,40249.938256359601,40249.938256359601,0,16003.951592985921,16003.951592985921
2023-04-10,sh688256,-184901.49698118246,-184901.49698118246,0,15381.540386089528,15381.540386089528
2023-04-10,sz300308,-3680.9088663867119,-3680.9088663867119,0,16003.951592985921,16003.951592985921
2023-04-11,sh688256,-62864.355557947732,-62864.355557947732,0,15381.540386089528,15381.540386089528
2023-04-11,sz300308,-21621.338602123964,-21621.338602123964,0,16003.951592985921,16003.951592985921
2023-04-12,sh688256,46452.251965990094,46452.251965990094,0,15381.540386089528,15381.540386089528
2023-04-12,sz300308,3104.7666090391967,3104.7666090391967,0,16003.951592985921,16003.951592985921
2023-04-13,sh688256,-185809.00786396125,-185809.00786396125,0,15381.540386089528,15381.540386089528
2023-04-13,sz300308,-44154.902445048159,-44154.902445048159,0,16003.951592985921,16003.951592985921
2023-04-14,sh688256,47495.490179186832,72262.476733848715,-24766.986554661878,15381.540386089528,8567.6310300346086
2023-04-14,sz300308,14890.163362757003,20469.054087429049,-5578.8907246720464,16003.951592985921,8824.7010399503706
2023-04-17,sh688256,10349.698284281794,10349.698284281794,0,8567.6310300346086,8567.6310300346086
2023-04-17,sz300308,-11604.48186753478,-11604.48186753478,0,8824.7010399503706,8824.7010399503706
2023-04-18,sh688256,-5868.8272555737267,-5868.8272555737267,0,8567.6310300346086,8567.6310300346086
2023-04-18,sz300308,62134.720022290596,62134.720022290596,0,8824.7010399503706,8824.7010399503706
2023-04-19,sh688256,149616.54067749431,149616.54067749431,0,8567.6310300346086,8567.6310300346086
2023-04-19,sz300308,12061.151079458281,7227.4301517193135,4833.7209277389675,8824.7010399503706,15230.956537946657
2023-04-20,sh688256,255075.5110261903,255075.5110261903,0,8567.6310300346086,8567.6310300346086
2023-04-20,sz300308,58882.877975701878,58882.877975701878,0,15230.956537946657,15230.956537946657
2023-04-21,sh688256,-104422.28699406171,-104422.28699406171,0,8567.6310300346086,8567.6310300346086
2023-04-21,sz300308,-30751.301250114382,-30751.301250114382,0,15230.956537946657,15230.956537946657
2023-04-24,sh688256,-28744.402105766269,-28744.402105766269,0,8567.6310300346086,8567.6310300346086
2023-04-24,sz300308,79002.971562329374,79002.971562329374,0,15230.956537946657,15230.956537946657
2023-04-25,sh688256,28744.402105766269,28744.402105766269,0,8567.6310300346086,8567.6310300346086
2023-04-25,sz300308,-49454.915878712789,-49454.915878712789,0,15230.956537946657,15230.956537946657
2023-04-26,sh688256,-57497.371842562367,-57497.371842562367,0,8567.6310300346086,8567.6310300346086
2023-04-26,sz300308,-15764.040016774847,-15764.040016774847,0,15230.956537946657,15230.956537946657
2023-04-27,sh688256,-41690.092592148278,-41690.092592148278,0,8567.6310300346086,8567.6310300346086
2023-04-27,sz300308,-10509.360011183158,-10509.360011183158,0,15230.956537946657,15230.956537946657
2023-04-28,sh688256,107815.06888195554,107815.06888195554,0,8567.6310300346086,8567.6310300346086
2023-04-28,sz300308,125960.01056881879,125960.01056881879,0,15230.956537946657,15230.956537946657
2023-05-04,sh688256,-96026.008584627882,-96026.008584627882,0,8567.6310300346086,8567.6310300346086
2023-05-04,sz300308,-52531.569099377986,-52531.569099377986,0,15230.956537946657,15230.956537946657
2023-05-05,sh688256,-142719.59769831665,-142719.59769831665,0,8567.6310300346086,8567.6310300346086
2023-05-05,sz300308,-74525.070340172999,-74525.070340172999,0,15230.956537946657,15230.956537946657
2023-05-08,sh688256,2356.098533259566,2356.098533259566,0,8567.6310300346086,8567.6310300346086
2023-05-08,sz300308,-10387.512358879652,-10387.512358879652,0,15230.956537946657,15230.956537946657
2023-05-09,sh688256,17315.182311699828,17315.182311699828,0,8567.6310300346086,8567.6310300346086
2023-05-09,sz300308,49241.682487181606,49241.682487181606,0,15230.956537946657,15230.956537946657
2023-05-10,sh688256,-48059.74314828682,-70845.740987355981,22785.997839069161,8567.6310300346086,3335.4185130060014
2023-05-10,sz300308,-17195.102955382572,-67183.749288882726,49988.646333500154,15230.956537946657,5813.4006657141999
2023-05-11,sh688256,4675.0256167056205,-6850.9496257143337,11525.975242419954,3335.4185130060014,0
2023-05-11,sz300308,-13620.797759768349,-13620.797759768349,0,5813.4006657141999,5813.4006657141999
2023-05-12,sz300308,13742.879173748352,13742.879173748352,0,5813.4006657141999,5813.4006657141999
2023-05-15,sz300308,15748.502403419787,15748.502403419787,0,5813.4006657141999,5813.4006657141999
2023-05-16,sz300308,-11615.174530096998,-11615.174530096998,0,5813.4006657141999,5813.4006657141999
2023-05-17,sh688072,-995.37573678269109,-0,-995.37573678269109,0,1790.7269268584619
2023-05-17,sz300308,9150.2926478341396,9150.2926478341396,0,5813.4006657141999,5813.4006657141999
2023-05-18,sh688072,1448.6980838284912,1448.6980838284912,0,1790.7269268584619,1790.7269268584619
2023-05-18,sz300308,65993.724357187617,65993.724357187617,0,5813.4006657141999,5813.4006657141999
2023-05-19,sh688072,-1448.6980838284912,-1448.6980838284912,0,1790.7269268584619,1790.7269268584619
2023-05-19,sz300308,-5261.1276024713579,-5261.1276024713579,0,5813.4006657141999,5813.4006657141999
2023-05-22,sh688072,-8181.8313288163426,-8181.8313288163426,0,1790.7269268584619,1790.7269268584619
2023-05-22,sz300308,-15289.24375082836,-15289.24375082836,0,5813.4006657141999,5813.4006657141999
2023-05-23,sh688072,-11453.489424186699,-11453.489424186699,0,1790.7269268584619,1790.7269268584619
2023-05-23,sz300308,-11237.303486825547,-11237.303486825547,0,5813.4006657141999,5813.4006657141999
2023-05-24,sh688072,3975.4137776257835,3975.4137776257835,0,1790.7269268584619,1790.7269268584619
2023-05-24,sz300308,1964.9294250114051,1964.9294250114051,0,5813.4006657141999,5813.4006657141999
2023-05-25,sh688072,850.59529025775919,850.59529025775919,0,1790.7269268584619,1790.7269268584619
2023-05-25,sz300308,23015.253235562494,23015.253235562494,0,5813.4006657141999,5813.4006657141999
2023-05-26,sh688072,11723.889190142345,11723.889190142345,0,1790.7269268584619,1790.7269268584619
2023-05-26,sz300308,-7226.0570274827214,-7226.0570274827214,0,5813.4006657141999,5813.4006657141999
2023-05-29,sh688072,8656.3739644338111,8656.3739644338111,0,1790.7269268584619,1790.7269268584619
2023-05-29,sz300308,19004.00677621975,19004.00677621975,0,5813.4006657141999,5813.4006657141999
2023-05-30,sh688072,2994.0954217073431,2994.0954217073431,0,1790.7269268584619,1790.7269268584619
2023-05-30,sz300308,132875.72214914754,54297.162217770565,78578.559931376964,5813.4006657141999,16610.785238484015
2023-05-31,sh688072,-7911.4315628606955,-7911.4315628606955,0,1790.7269268584619,1790.7269268584619
2023-05-31,sz300308,-17906.42648708558,-17906.42648708558,0,16610.785238484015,16610.785238484015
2023-06-01,sh688072,614.21933591248421,614.21933591248421,0,1790.7269268584619,1790.7269268584619
2023-06-01,sz300308,6444.9846725316484,6444.9846725316484,0,16610.785238484015,16610.785238484015
2023-06-02,sh688072,4621.8661982216699,4621.8661982216699,0,1790.7269268584619,1790.7269268584619
2023-06-02,sz300308,-15979.575399421441,-15979.575399421441,0,16610.785238484015,16610.785238484015
2023-06-05,sh688072,15765.559864061903,15765.559864061903,0,1790.7269268584619,1790.7269268584619
2023-06-05,sz300308,53702.668676018657,53702.668676018657,0,16610.785238484015,16610.785238484015
2023-06-06,sh688072,-8565.046891164051,-8565.046891164051,0,1790.7269268584619,1790.7269268584619
2023-06-06,sz300308,-44085.024022936515,-44085.024022936515,0,16610.785238484015,16610.785238484015
2023-06-07,sh688072,-9866.9053669901077,-9866.9053669901077,0,1790.7269268584619,1790.7269268584619
2023-06-07,sz300308,9534.5907268897918,9534.5907268897918,0,16610.785238484015,16610.785238484015
2023-06-08,sh688072,293.67921600481583,293.67921600481583,0,1790.7269268584619,1790.7269268584619
2023-06-08,sz300308,-16577.563668007126,-16577.563668007126,0,16610.785238484015,16610.785238484015
2023-06-09,sh688072,12019.359133073976,12019.359133073976,0,1790.7269268584619,1790.7269268584619
2023-06-09,sz300308,101192.90367284484,101192.90367284484,0,16610.785238484015,16610.785238484015
2023-06-12,sh688072,-8991.2398997563123,-8991.2398997563123,0,1790.7269268584619,1790.7269268584619
2023-06-12,sz300308,75197.024774616919,75197.024774616919,0,16610.785238484015,16610.785238484015
2023-06-13,sh688072,6176.2171707348061,6176.2171707348061,0,1790.7269268584619,1790.7269268584619
2023-06-13,sz300308,597.98826858544726,597.98826858544726,0,16610.785238484015,16610.785238484015
2023-06-14,sh688072,8624.1408797503573,8624.1408797503573,0,1790.7269268584619,1790.7269268584619
2023-06-14,sz300308,95478.793550806193,95478.793550806193,0,16610.785238484015,16610.785238484015
2023-06-15,sh688072,-13981.995844910858,-13981.995844910858,0,1790.7269268584619,1790.7269268584619
2023-06-15,sz300308,62539.606422892328,62539.606422892328,0,16610.785238484015,16610.785238484015
2023-06-16,sh688072,6545.1069176676801,6545.1069176676801,0,1790.7269268584619,1790.7269268584619
2023-06-16,sz300308,241188.60166278784,241188.60166278784,0,16610.785238484015,16610.785238484015
2023-06-19,sh688072,-7560.449085196441,-7560.449085196441,0,1790.7269268584619,1790.7269268584619
2023-06-19,sz300308,59798.826858542598,59798.826858542598,0,16610.785238484015,16610.785238484015
2023-06-20,sh688072,-5357.8549651605008,-5357.8549651605008,0,1790.7269268584619,1790.7269268584619
2023-06-20,sz300308,119215.60565659966,119215.60565659966,0,16610.785238484015,16610.785238484015
2023-06-21,sh688072,-7225.5831498738871,-7225.5831498738871,0,1790.7269268584619,1790.7269268584619
2023-06-21,sz300308,-120527.85769044003,-120527.85769044003,0,16610.785238484015,16610.785238484015
2023-06-26,sh688072,-3662.8045530143127,4369.3737015346433,-8032.1782545489559,1790.7269268584619,0
2023-06-26,sz300308,-44003.116258532827,-142022.21378903827,98019.097530505445,16610.785238484015,0
2023-09-04,sh688082,4473.8458286179948,0,4473.8458286179948,0,6683.8289979480469
2023-09-04,sh688361,-7055.1969577593036,-0,-7055.1969577593036,0,6872.3552429365172
2023-09-05,sh688082,-9624.7137570451723,-9624.7137570451723,0,6683.8289979480469,6683.8289979480469
2023-09-05,sh688361,-20617.065728809554,-20617.065728809554,0,6872.3552429365172,6872.3552429365172
2023-09-06,sh688082,14704.423795485722,14704.423795485722,0,6683.8289979480469,6683.8289979480469
2023-09-06,sh688361,34980.288186546895,34980.288186546895,0,6872.3552429365172,6872.3552429365172
2023-09-07,sh688082,-58301.507486248724,-29876.715620827857,-28424.791865420866,6683.8289979480469,14710.537055860108
2023-09-07,sh688361,-26596.014790164354,-26596.014790164354,0,6872.3552429365172,6872.3552429365172
2023-09-08,sh688082,-19712.119654852388,-19712.119654852388,0,14710.537055860108,14710.537055860108
2023-09-08,sh688361,-1237.02394372862,-1237.02394372862,0,6872.3552429365172,6872.3552429365172
2023-09-11,sh688082,25890.545218313655,25890.545218313655,0,14710.537055860108,14710.537055860108
2023-09-11,sh688361,-7903.208529376936,-7903.208529376936,0,6872.3552429365172,6872.3552429365172
2023-09-12,sh688082,-7208.1631573713776,-7208.1631573713776,0,14710.537055860108,14710.537055860108
2023-09-12,sh688361,-10033.638654687369,-10033.638654687369,0,6872.3552429365172,6872.3552429365172
2023-09-13,sh688082,3677.634263965027,3677.634263965027,0,14710.537055860108,14710.537055860108
2023-09-13,sh688361,-1649.365258304729,-1649.365258304729,0,6872.3552429365172,6872.3552429365172
2023-09-14,sh688082,-43837.40042646318,-43837.40042646318,0,14710.537055860108,14710.537055860108
2023-09-14,sh688361,-10033.638654687273,-10033.638654687273,0,6872.3552429365172,6872.3552429365172
2023-09-15,sh688082,42660.557461994395,42660.557461994395,0,14710.537055860108,14710.537055860108
2023-09-15,sh688361,1924.2594680222326,1924.2594680222326,0,6872.3552429365172,6872.3552429365172
2023-09-18,sh688082,-60754.518040702176,-60754.518040702176,0,14710.537055860108,14710.537055860108
2023-09-18,sh688361,-20204.724414233442,-20204.724414233442,0,6872.3552429365172,6872.3552429365172
2023-09-19,sh688082,-6730.3297721804065,-17211.328355356352,10480.998583175946,14710.537055860108,7033.2188961091297
2023-09-19,sh688361,1291.6691025867367,-10789.597731410286,12081.266833997022,6872.3552429365172,0
2023-09-20,sh688082,-4088.9686046761744,-18567.697885728106,14478.729281051932,7033.2188961091297,0
2023-09-21,sh688205,-8577.9907551344586,-0,-8577.9907551344586,0,18066.520829893787
2023-09-22,sh688019,52002.616236484573,0,52002.616236484573,0,17348.764645345156
2023-09-22,sh688205,96113.890815034945,96113.890815034945,0,18066.520829893787,18066.520829893787
2023-09-25,sh688019,-9312.628190426356,-12178.832781032268,2866.2045906059125,17348.764645345156,22401.062176241205
2023-09-25,sh688205,-25130.530474382227,-25130.530474382227,0,18066.520829893787,18066.520829893787
2023-09-26,sh688019,-57929.146787760037,-57929.146787760037,0,22401.062176241205,22401.062176241205
2023-09-26,sh688205,-1734.3859996697408,-1734.3859996697408,0,18066.520829893787,18066.520829893787
2023-09-27,sh688019,-56831.494741123759,-56831.494741123759,0,22401.062176241205,22401.062176241205
2023-09-27,sh688205,578.1286665565375,578.1286665565375,0,18066.520829893787,18066.520829893787
2023-09-28,sh688019,41105.949093402472,41105.949093402472,0,22401.062176241205,22401.062176241205
2023-09-28,sh688205,-17361.926517527903,-17361.926517527903,0,18066.520829893787,18066.520829893787
2023-10-09,sh688019,-403.21911917235695,-403.21911917235695,0,22401.062176241205,22401.062176241205
2023-10-09,sh688205,-19800.906829563657,-19800.906829563657,0,18066.520829893787,18066.520829893787
2023-10-10,sh688019,-10102.879041484635,-10102.879041484635,0,22401.062176241205,22401.062176241205
2023-10-10,sh688205,0,0,0,18066.520829893787,18066.520829893787
2023-10-11,sh688019,22647.473860179762,22647.473860179762,0,22401.062176241205,22401.062176241205
2023-10-11,sh688205,4390.1645616642281,4390.1645616642281,0,18066.520829893787,18066.520829893787
2023-10-12,sh688019,199638.26611466176,199638.26611466176,0,22401.062176241205,22401.062176241205
2023-10-12,sh688205,-33585.662222772582,-33585.662222772582,0,18066.520829893787,18066.520829893787
2023-10-13,sh688019,-31607.89873067637,-31607.89873067637,0,22401.062176241205,22401.062176241205
2023-10-13,sh688205,-14814.54708051291,-14814.54708051291,0,18066.520829893787,18066.520829893787
2023-10-16,sh688019,-63260.599585705117,-63260.599585705117,0,22401.062176241205,22401.062176241205
2023-10-16,sh688205,-5287.4997260624805,-18192.986475703005,12905.486749640524,18066.520829893787,0
2023-10-17,sh688012,98924.957040674897,0,98924.957040674897,0,18821.267651016886
2023-10-17,sh688019,33668.796450890535,33668.796450890535,0,22401.062176241205,22401.062176241205
2023-10-18,sh688012,-41670.286579351363,-41670.286579351363,0,18821.267651016886,18821.267651016886
2023-10-18,sh688019,-37432.1748964992,-37432.1748964992,0,22401.062176241205,22401.062176241205
2023-10-19,sh688012,-11368.045661214184,-11368.045661214184,0,18821.267651016886,18821.267651016886
2023-10-19,sh688019,1008.0477979308924,1008.0477979308924,0,22401.062176241205,22401.062176241205
2023-10-20,sh688012,-31582.087118406282,-31582.087118406282,0,18821.267651016886,18821.267651016886
2023-10-20,sh688019,-58556.376528694607,-58556.376528694607,0,22401.062176241205,22401.062176241205
2023-10-23,sh688012,-28043.688800015065,-28043.688800015065,0,18821.267651016886,18821.267651016886
2023-10-23,sh688019,-7347.5483938068628,-7347.5483938068628,0,22401.062176241205,22401.062176241205
2023-10-24,sh688012,124032.15382020107,124032.15382020107,0,18821.267651016886,18821.267651016886
2023-10-24,sh688019,112520.53531125949,112520.53531125949,0,22401.062176241205,22401.062176241205
2023-10-25,sh688012,-11368.045661214184,-11368.045661214184,0,18821.267651016886,18821.267651016886
2023-10-25,sh688019,-20384.96658037942,-20384.96658037942,0,22401.062176241205,22401.062176241205
2023-10-26,sh688012,-18313.093424439412,-18313.093424439412,0,18821.267651016886,18821.267651016886
2023-10-26,sh688019,20295.362331674347,20295.362331674347,0,22401.062176241205,22401.062176241205
2023-10-27,sh688012,10238.769602153128,10238.769602153128,0,18821.267651016886,18821.267651016886
2023-10-27,sh688019,29367.792513052376,29367.792513052376,0,22401.062176241205,22401.062176241205
2023-10-30,sh688012,52040.805055061697,52040.805055061697,0,18821.267651016886,18821.267651016886
2023-10-30,sh688019,40613.125725525038,40613.125725525038,0,22401.062176241205,22401.062176241205
2023-10-31,sh688012,18576.591171553835,18576.591171553835,0,18821.267651016886,18821.267651016886
2023-10-31,sh688019,52328.88124369974,52328.88124369974,0,22401.062176241205,22401.062176241205
2023-11-01,sh688012,-37266.109949013509,-37266.109949013509,0,18821.267651016886,18821.267651016886
2023-11-01,sh688019,-85482.453264536496,-85482.453264536496,0,22401.062176241205,22401.062176241205
2023-11-02,sh688012,-25521.638934778795,-25521.638934778795,0,18821.267651016886,18821.267651016886
2023-11-02,sh688019,-58153.157409522246,-58153.157409522246,0,22401.062176241205,22401.062176241205
2023-11-03,sh688012,-10107.020728596182,-10107.020728596182,0,18821.267651016886,18821.267651016886
2023-11-03,sh688019,22042.645181421227,22042.645181421227,0,22401.062176241205,22401.062176241205
2023-11-06,sh688012,-30057.564438673857,-30057.564438673857,0,18821.267651016886,18821.267651016886
2023-11-06,sh688019,-13888.65854926933,-13888.65854926933,0,22401.062176241205,22401.062176241205
2023-11-07,sh688012,27780.191052900907,27780.191052900907,0,18821.267651016886,18821.267651016886
2023-11-07,sh688019,-51007.218575301245,-51007.218575301245,0,22401.062176241205,22401.062176241205
2023-11-08,sh688012,85279.163726757353,85279.163726757353,0,18821.267651016886,18821.267651016886
2023-11-08,sh688019,64067.037824049832,64067.037824049832,0,22401.062176241205,22401.062176241205
2023-11-09,sh688012,-47504.879551166639,-47504.879551166639,0,18821.267651016886,18821.267651016886
2023-11-09,sh688019,-24058.740777283012,-24058.740777283012,0,22401.062176241205,22401.062176241205
2023-11-10,sh688012,22980.767801891685,22980.767801891685,0,18821.267651016886,18821.267651016886
2023-11-10,sh688019,0,0,0,22401.062176241205,22401.062176241205
2023-11-13,sh688012,21606.815263367313,21606.815263367313,0,18821.267651016886,18821.267651016886
2023-11-13,sh688019,44667.717979424961,44667.717979424961,0,22401.062176241205,22401.062176241205
2023-11-14,sh688012,22736.091322428369,22736.091322428369,0,18821.267651016886,18821.267651016886
2023-11-14,sh688019,-11222.932150296951,-11222.932150296951,0,22401.062176241205,22401.062176241205
2023-11-15,sh688012,-77430.695116283285,-77430.695116283285,0,18821.267651016886,18821.267651016886
2023-11-15,sh688019,-47535.053937983837,-47535.053937983837,0,22401.062176241205,22401.062176241205
2023-11-16,sh688012,-30189.313312231068,-30189.313312231068,0,18821.267651016886,18821.267651016886
2023-11-16,sh688019,-59564.4243266255,-59564.4243266255,0,22401.062176241205,22401.062176241205
2023-11-17,sh688012,35120.485436797506,35120.485436797506,0,18821.267651016886,18821.267651016886
2023-11-17,sh688019,-10146.60747616423,6921.9282124587944,-17068.535688623026,22401.062176241205,4354.6515544795438
2023-11-20,sh688012,-35496.91078981803,-35496.91078981803,0,18821.267651016886,18821.267651016886
2023-11-20,sh688019,1223.7640633529959,-2952.4537539371809,4176.2178172901768,4354.6515544795438,0
2023-11-21,sh688012,-37510.78642847656,-37510.78642847656,0,18821.267651016886,18821.267651016886
2023-11-21,sz300308,-7504.3004969692274,0,-7504.3004969692274,0,23954.984189232109
2023-11-22,sh688012,-7618.4022484351808,-29191.786126727227,21573.383878292047,18821.267651016886,0
2023-11-22,sz300308,-106887.13945235375,-106887.13945235375,0,23954.984189232109,23954.984189232109
2023-11-23,sh688535,-52450.493434745156,-0,-52450.493434745156,0,11269.901313631055
2023-11-23,sz300308,13414.791145970035,13414.791145970035,0,23954.984189232109,23954.984189232109
2023-11-24,sh688535,-44211.822853374651,-44211.822853374651,0,11269.901313631055,11269.901313631055
2023-11-24,sz300308,-17130.180178485047,-64367.042516466623,47236.862337981576,23954.984189232109,0
2023-11-27,sh688535,11438.949833335528,11438.949833335528,0,11269.901313631055,11269.901313631055
2023-11-28,sh688041,95945.611808572619,0,95945.611808572619,0,29469.927184103111
2023-11-28,sh688535,7393.055261742039,7393.055261742039,0,11269.901313631055,11269.901313631055
2023-11-29,sh688041,-4125.7898057744524,-4125.7898057744524,0,29469.927184103111,29469.927184103111
2023-11-29,sh688535,-19057.403121350144,-19057.403121350144,0,11269.901313631055,11269.901313631055
2023-11-30,sh688041,34479.814805400689,34479.814805400689,0,29469.927184103111,29469.927184103111
2023-11-30,sh688535,-29729.99966535878,-29729.99966535878,0,11269.901313631055,11269.901313631055
2023-12-01,sh688041,3831.0905339332703,3831.0905339332703,0,29469.927184103111,29469.927184103111
2023-12-01,sh688535,20511.220390808605,20511.220390808605,0,11269.901313631055,11269.901313631055
2023-12-04,sh688041,23870.641019123588,23870.641019123588,0,29469.927184103111,29469.927184103111
2023-12-04,sh688535,3121.7626638758138,3121.7626638758138,0,11269.901313631055,11269.901313631055
2023-12-05,sh688041,4125.7898057744524,4125.7898057744524,0,29469.927184103111,29469.927184103111
2023-12-05,sh688535,-43445.469564047758,-43445.469564047758,0,11269.901313631055,11269.901313631055
2023-12-06,sh688041,80747.600484442373,80747.600484442373,0,29469.927184103111,29469.927184103111
2023-12-06,sh688535,-7246.5465446647759,-7246.5465446647759,0,11269.901313631055,11269.901313631055
2023-12-07,sh688041,-71611.923057370339,-71611.923057370339,0,29469.927184103111,29469.927184103111
2023-12-07,sh688535,2524.4578942533185,2524.4578942533185,0,11269.901313631055,11269.901313631055
2023-12-08,sh688041,211594.07718186014,211594.07718186014,0,29469.927184103111,29469.927184103111
2023-12-08,sh688535,64249.707389010648,64249.707389010648,0,11269.901313631055,11269.901313631055
2023-12-11,sh688041,55403.463106113719,55403.463106113719,0,29469.927184103111,29469.927184103111
2023-12-11,sh688535,-12656.099175207728,-12656.099175207728,0,11269.901313631055,11269.901313631055
2023-12-12,sh688041,-45678.387135359742,-45678.387135359742,0,29469.927184103111,29469.927184103111
2023-12-12,sh688535,-4260.0226965525399,-4260.0226965525399,0,11269.901313631055,11269.901313631055
2023-12-13,sh688041,-88999.18009599128,-88999.18009599128,0,29469.927184103111,29469.927184103111
2023-12-13,sh688535,-14943.889141874704,-14943.889141874704,0,11269.901313631055,11269.901313631055
2023-12-14,sh688041,-60413.350727411293,-60413.350727411293,0,29469.927184103111,29469.927184103111
2023-12-14,sh688535,-23937.270390152386,-23937.270390152386,0,11269.901313631055,11269.901313631055
2023-12-15,sh688041,-51867.07184402163,-51867.07184402163,0,29469.927184103111,29469.927184103111
2023-12-15,sh688535,335.85377141282515,991.75131559954377,-655.89754418671862,11269.901313631055,0
2023-12-18,sh688041,40963.19878590334,40963.19878590334,0,29469.927184103111,29469.927184103111
2023-12-18,sz300394,-6944.4377050784824,-0,-6944.4377050784824,0,45590.494907986424
2023-12-19,sh688041,25638.83665016984,25638.83665016984,0,29469.927184103111,29469.927184103111
2023-12-19,sz300394,-5789.9928533143875,-5789.9928533143875,0,45590.494907986424,45590.494907986424
2023-12-20,sh688041,-46562.484950882863,-46562.484950882863,0,29469.927184103111,29469.927184103111
2023-12-20,sz300394,-90223.58942290509,-90223.58942290509,0,45590.494907986424,45590.494907986424
2023-12-21,sh688041,25439.902465905128,78095.30703787299,-52655.404571967862,29469.927184103111,14797.617883779301
2023-12-21,sz300394,25329.057621077718,49511.27747007319,-24182.219848995472,45590.494907986424,22719.429725156533
2023-12-22,sh688041,-27523.569263829493,-27523.569263829493,0,14797.617883779301,14797.617883779301
2023-12-22,sz300394,-6634.0734797457435,-6634.0734797457435,0,22719.429725156533,22719.429725156533
2023-12-25,sh688041,-39953.568286204158,-39953.568286204158,0,14797.617883779301,14797.617883779301
2023-12-25,sz300394,0,0,0,22719.429725156533,22719.429725156533
2023-12-26,sh688041,-23478.503183916702,-23824.164792884665,345.66160896796225,14797.617883779301,14596.182814445268
2023-12-26,sz300394,-21674.335957799267,-21674.335957799267,0,22719.429725156533,22719.429725156533
2023-12-27,sh688041,1832.801741891074,-7590.0150635114815,9422.8168054025555,14596.182814445268,0
2023-12-27,sz300394,-6475.0374716696151,-6475.0374716696151,0,22719.429725156533,22719.429725156533
2023-12-28,sz300394,15994.478526510213,15994.478526510213,0,22719.429725156533,22719.429725156533
2023-12-29,sz300394,-90.877718900656475,-90.877718900656475,0,22719.429725156533,22719.429725156533
2024-01-02,sz300394,-12586.564067736685,-12586.564067736685,0,22719.429725156533,22719.429725156533
2024-01-03,sz300394,-15222.017915854916,-15222.017915854916,0,22719.429725156533,22719.429725156533
2024-01-04,sz300394,-7133.900933699153,-7133.900933699153,0,22719.429725156533,22719.429725156533
2024-01-05,sz300394,-25241.286424648843,-25241.286424648843,0,22719.429725156533,22719.429725156533
2024-01-08,sz300394,1064.6073310559395,-3975.9002019024092,5040.5075329583487,22719.429725156533,0
2024-01-25,sz300502,24533.429057434951,0,24533.429057434951,0,20586.4896524795
2024-01-26,sz300502,-27297.685279187826,-27297.685279187826,0,20586.4896524795,20586.4896524795
2024-01-29,sz300394,-16739.358229294612,-0,-16739.358229294612,0,5494.6313528990695
2024-01-29,sz300502,-76684.673955486098,-76684.673955486098,0,20586.4896524795,20586.4896524795
2024-01-30,sz300394,-1104.2779261302671,258.24767358625957,-1362.5255997165268,5494.6313528990695,0
2024-01-30,sz300502,-6131.9766761028732,-17951.418976962123,11819.442300859249,20586.4896524795,0
2024-02-19,sz300394,102693.97179010714,0,102693.97179010714,0,18887.51238850347
2024-02-20,sz300394,-13145.708622398377,-13145.708622398377,0,18887.51238850347,18887.51238850347
2024-02-21,sz300394,-38889.388007928595,-38889.388007928595,0,18887.51238850347,18887.51238850347
2024-02-22,sz300308,-26663.493960909163,0,-26663.493960909163,0,9936.769685375295
2024-02-22,sz300394,4551.8904856293302,4551.8904856293302,0,18887.51238850347,18887.51238850347
2024-02-23,sz300308,-48402.005137463151,-48402.005137463151,0,9936.769685375295,9936.769685375295
2024-02-23,sz300394,-29181.206640237895,-29181.206640237895,0,18887.51238850347,18887.51238850347
2024-02-26,sz300308,9280.9428861405013,9280.9428861405013,0,9936.769685375295,9936.769685375295
2024-02-26,sz300394,-2965.3394449951124,-2965.3394449951124,0,18887.51238850347,18887.51238850347
2024-02-27,sz300308,92163.538831855913,92163.538831855913,0,9936.769685375295,9936.769685375295
2024-02-27,sz300394,96439.638255698752,96439.638255698752,0,18887.51238850347,18887.51238850347
2024-02-28,sz300308,-86598.947808045734,-86598.947808045734,0,9936.769685375295,9936.769685375295
2024-02-28,sz300394,-57134.724975222969,-57134.724975222969,0,18887.51238850347,18887.51238850347
2024-02-29,sz300308,38196.942670582714,38196.942670582714,0,9936.769685375295,9936.769685375295
2024-02-29,sz300394,77778.776015857322,77778.776015857322,0,18887.51238850347,18887.51238850347
2024-03-01,sz300308,42410.133017181768,42410.133017181768,0,9936.769685375295,9936.769685375295
2024-03-01,sz300394,6062.8914767095748,6062.8914767095748,0,18887.51238850347,18887.51238850347
2024-03-04,sz300308,32552.857489289428,32552.857489289428,0,9936.769685375295,9936.769685375295
2024-03-04,sz300394,33166.4717542121,33166.4717542121,0,18887.51238850347,18887.51238850347
2024-03-05,sz300308,24990.975758718872,24990.975758718872,0,9936.769685375295,9936.769685375295
2024-03-05,sz300394,-41986.940039643196,-41986.940039643196,0,18887.51238850347,18887.51238850347
2024-03-06,sz300308,-13424.575844942014,-13424.575844942014,0,9936.769685375295,9936.769685375295
2024-03-06,sz300394,-472.1878097126941,-472.1878097126941,0,18887.51238850347,18887.51238850347
2024-03-07,sz300308,-22417.352410206669,-22417.352410206669,0,9936.769685375295,9936.769685375295
2024-03-07,sz300394,-16243.260654112973,-16243.260654112973,0,18887.51238850347,18887.51238850347
2024-03-08,sz300308,77467.056467185728,77467.056467185728,0,9936.769685375295,9936.769685375295
2024-03-08,sz300394,66824.018830525354,66824.018830525354,0,18887.51238850347,18887.51238850347
2024-03-11,sz300308,-31350.508357359067,-31350.508357359067,0,9936.769685375295,9936.769685375295
2024-03-11,sz300394,-28085.730921704697,-28085.730921704697,0,18887.51238850347,18887.51238850347
2024-03-12,sz300308,-41048.795570285343,-41048.795570285343,0,9936.769685375295,9936.769685375295
2024-03-12,sz300394,-29728.944499504425,-29728.944499504425,0,18887.51238850347,18887.51238850347
2024-03-13,sz300308,1073.1711260205725,1073.1711260205725,0,9936.769685375295,9936.769685375295
2024-03-13,sz300394,18037.57433102078,18037.57433102078,0,18887.51238850347,18887.51238850347
2024-03-14,sz300308,32344.185325896538,32344.185325896538,0,9936.769685375295,9936.769685375295
2024-03-14,sz300394,66767.35629335983,66767.35629335983,0,18887.51238850347,18887.51238850347
2024-03-15,sz300308,55894.329480236032,55894.329480236032,0,9936.769685375295,9936.769685375295
2024-03-15,sz300394,63386.491575817541,63386.491575817541,0,18887.51238850347,18887.51238850347
2024-03-18,sz300308,18780.494705359313,18780.494705359313,0,9936.769685375295,9936.769685375295
2024-03-18,sz300394,40891.464321109997,40891.464321109997,0,18887.51238850347,18887.51238850347
2024-03-19,sz300308,-44119.257403066287,-44119.257403066287,0,9936.769685375295,9936.769685375295
2024-03-19,sz300394,4136.365213082282,4136.365213082282,0,18887.51238850347,18887.51238850347
2024-03-20,sz300308,-34629.642353532894,-34629.642353532894,0,9936.769685375295,9936.769685375295
2024-03-20,sz300394,-1529.8885034687048,-1529.8885034687048,0,18887.51238850347,18887.51238850347
2024-03-21,sz300308,-9141.8281105452879,-9141.8281105452879,0,9936.769685375295,9936.769685375295
2024-03-21,sz300394,-11143.632309217111,-11143.632309217111,0,18887.51238850347,18887.51238850347
2024-03-22,sz300308,0,0,0,9936.769685375295,9936.769685375295
2024-03-22,sz300394,5156.2908820615085,5156.2908820615085,0,18887.51238850347,18887.51238850347
2024-03-25,sz300308,-8346.8865357151408,-8346.8865357151408,0,9936.769685375295,9936.769685375295
2024-03-25,sz300394,-33449.784440039657,-33449.784440039657,0,18887.51238850347,18887.51238850347
2024-03-26,sz300308,-9184.5716098639095,-57186.109539334917,48001.537929471007,9936.769685375295,0
2024-03-26,sz300394,-11379.020721666528,-19265.262636273597,7886.2419146070697,18887.51238850347,0
2024-04-29,sz300308,-1554.6291528156371,0,-1554.6291528156371,0,4386.6625510995336
2024-04-29,sz300502,14396.980434173582,0,14396.980434173582,0,12847.156621953523
2024-04-30,sz300308,-4377.8892259972927,-4377.8892259972927,0,4386.6625510995336,4386.6625510995336
2024-04-30,sz300502,-5241.6399017570538,-5241.6399017570538,0,12847.156621953523,12847.156621953523
2024-05-06,sz300308,-9738.3908634409599,-9738.3908634409599,0,4386.6625510995336,4386.6625510995336
2024-05-06,sz300502,-4136.7844322690698,-4136.7844322690698,0,12847.156621953523,12847.156621953523
2024-05-07,sz300308,-20266.380986079865,-20266.380986079865,0,4386.6625510995336,4386.6625510995336
2024-05-07,sz300502,-16842.62233138107,-16842.62233138107,0,12847.156621953523,12847.156621953523
2024-05-08,sz300308,-6272.9274480723634,-6272.9274480723634,0,4386.6625510995336,4386.6625510995336
2024-05-08,sz300502,2158.3223124882738,2158.3223124882738,0,12847.156621953523,12847.156621953523
2024-05-09,sz300308,-5106.0752094798636,-5106.0752094798636,0,4386.6625510995336,4386.6625510995336
2024-05-09,sz300502,3674.2867938786339,3674.2867938786339,0,12847.156621953523,12847.156621953523
2024-05-10,sz300308,-6242.2208102145823,-6242.2208102145823,0,4386.6625510995336,4386.6625510995336
2024-05-10,sz300502,-2363.8768184394162,-2363.8768184394162,0,12847.156621953523,12847.156621953523
2024-05-13,sz300308,1105.4389628770621,1105.4389628770621,0,4386.6625510995336,4386.6625510995336
2024-05-13,sz300502,-2286.7938787076923,-2286.7938787076923,0,12847.156621953523,12847.156621953523
2024-05-14,sz300308,-19288.155237184674,-19288.155237184674,0,4386.6625510995336,4386.6625510995336
2024-05-14,sz300502,-21827.319100699104,-21827.319100699104,0,12847.156621953523,12847.156621953523
2024-05-15,sz300308,4224.3560367088867,4224.3560367088867,0,4386.6625510995336,4386.6625510995336
2024-05-15,sz300502,4059.7014925373455,4059.7014925373455,0,12847.156621953523,12847.156621953523
2024-05-16,sz300308,15482.812086476693,11756.255636946718,3726.5564495299755,4386.6625510995336,0
2024-05-16,sz300502,12847.156621953523,12847.156621953523,0,12847.156621953523,12847.156621953523
2024-05-17,sh688256,127755.54350307494,0,127755.54350307494,0,13987.485673048352
2024-05-17,sz300502,14877.007368222196,14877.007368222196,0,12847.156621953523,12847.156621953523
2024-05-20,sh688256,47879.163458844734,47879.163458844734,0,13987.485673048352,13987.485673048352
2024-05-20,sz300502,33569.620253164554,33569.620253164554,0,12847.156621953523,12847.156621953523
2024-05-21,sh688256,-83827.001638578906,-83827.001638578906,0,13987.485673048352,13987.485673048352
2024-05-21,sz300502,-1837.1433969393627,-1837.1433969393627,0,12847.156621953523,12847.156621953523
2024-05-22,sh688256,18673.29337351946,18673.29337351946,0,13987.485673048352,13987.485673048352
2024-05-22,sz300502,-7798.2240695257797,-7798.2240695257797,0,12847.156621953523,12847.156621953523
2024-05-23,sh688256,-49655.574139321609,-49655.574139321609,0,13987.485673048352,13987.485673048352
2024-05-23,sz300502,-10817.305875684851,-10817.305875684851,0,12847.156621953523,12847.156621953523
2024-05-24,sh688256,-110780.88653054296,-110780.88653054296,0,13987.485673048352,13987.485673048352
2024-05-24,sz300502,-11151.331947855686,-11151.331947855686,0,12847.156621953523,12847.156621953523
2024-05-27,sh688256,38395.648172517787,38395.648172517787,0,13987.485673048352,13987.485673048352
2024-05-27,sz300502,23150.576232760242,23150.576232760242,0,12847.156621953523,12847.156621953523
2024-05-28,sh688256,-35108.589039351435,-35108.589039351435,0,13987.485673048352,13987.485673048352
2024-05-28,sz300502,-2428.1126015492168,-2428.1126015492168,0,12847.156621953523,12847.156621953523
2024-05-29,sh688256,-2335.9101073988982,-2335.9101073988982,0,13987.485673048352,13987.485673048352
2024-05-29,sz300502,-3931.2299263177447,-3931.2299263177447,0,12847.156621953523,12847.156621953523
2024-05-30,sh688256,4965.5574139320215,4965.5574139320215,0,13987.485673048352,13987.485673048352
2024-05-30,sz300502,-8260.7217079161237,-8260.7217079161237,0,12847.156621953523,12847.156621953523
2024-05-31,sh688256,21219.015766014491,21219.015766014491,0,13987.485673048352,13987.485673048352
2024-05-31,sz300502,847.91233704887338,847.91233704887338,0,12847.156621953523,12847.156621953523
2024-06-03,sh688256,58201.927885554011,58201.927885554011,0,13987.485673048352,13987.485673048352
2024-06-03,sz300502,56501.794823351636,56501.794823351636,0,12847.156621953523,12847.156621953523
2024-06-04,sh688256,-13330.073846414922,-13330.073846414922,0,13987.485673048352,13987.485673048352
2024-06-04,sz300502,10188.554655579017,4779.1422633667089,5409.4123922123081,12847.156621953523,23859.676117801435
2024-06-05,sh688256,4979.5448996051373,4979.5448996051373,0,13987.485673048352,13987.485673048352
2024-06-05,sz300502,-33594.423973864454,-33594.423973864454,0,23859.676117801435,23859.676117801435
2024-06-06,sh688256,-63181.472785159349,-63181.472785159349,0,13987.485673048352,13987.485673048352
2024-06-06,sz300502,5607.0238876833237,5607.0238876833237,0,23859.676117801435,23859.676117801435
2024-06-07,sh688256,71629.914131680547,71629.914131680547,0,13987.485673048352,13987.485673048352
2024-06-07,sz300502,-32377.58049185653,-32377.58049185653,0,23859.676117801435,23859.676117801435
2024-06-11,sh688256,102920.34805843708,88330.972025300303,14589.376033136781,13987.485673048352,17014.650484396989
2024-06-11,sz300502,7539.657653225313,7539.657653225313,0,23859.676117801435,23859.676117801435
2024-06-12,sh688256,-6958.9920481182289,-6958.9920481182289,0,17014.650484396989,17014.650484396989
2024-06-12,sz300502,119.29838058889867,119.29838058889867,0,23859.676117801435,23859.676117801435
2024-06-13,sh688256,65438.345762990881,65438.345762990881,0,17014.650484396989,17014.650484396989
2024-06-13,sz300502,47838.650616191939,47838.650616191939,0,23859.676117801435,23859.676117801435
2024-06-14,sh688256,51146.039356097353,51146.039356097353,0,17014.650484396989,17014.650484396989
2024-06-14,sz300502,156066.14148653927,156066.14148653927,0,23859.676117801435,23859.676117801435
2024-06-17,sh688256,125380.9594195214,125380.9594195214,0,17014.650484396989,17014.650484396989
2024-06-17,sz300502,24241.430935686214,24241.430935686214,0,23859.676117801435,23859.676117801435
2024-06-18,sh688256,-21574.576814215394,-21574.576814215394,0,17014.650484396989,17014.650484396989
2024-06-18,sz300502,57334.80171107682,57334.80171107682,0,23859.676117801435,23859.676117801435
2024-06-19,sh688256,93750.724169027249,93750.724169027249,0,17014.650484396989,17014.650484396989
2024-06-19,sz300502,-3292.6353042565534,-3292.6353042565534,0,23859.676117801435,23859.676117801435
2024-06-20,sh688256,-29350.272085584707,-29350.272085584707,0,17014.650484396989,17014.650484396989
2024-06-20,sz300502,-22284.93749402665,-22284.93749402665,0,23859.676117801435,23859.676117801435
2024-06-21,sh688256,6278.4060287424854,6278.4060287424854,0,17014.650484396989,17014.650484396989
2024-06-21,sz300502,-4008.4255877906235,-4008.4255877906235,0,23859.676117801435,23859.676117801435
2024-06-24,sh688256,-102547.2984694609,-102547.2984694609,0,17014.650484396989,17014.650484396989
2024-06-24,sz300502,-20328.444052366744,-20328.444052366744,0,23859.676117801435,23859.676117801435
2024-06-25,sh688256,-18704.322785437442,-104027.57306160277,85323.25027616533,17014.650484396989,0
2024-06-25,sz300502,-52162.995675128033,-64779.020659830974,12616.024984702943,23859.676117801435,0
2024-07-12,sz300308,8877.4217080065682,-0,8877.4217080065682,0,4862.3760344709672
2024-07-12,sz300502,9401.0430138454685,-0,9401.0430138454685,0,10762.548262548262
2024-07-15,sz300308,-2625.6830586142837,-2625.6830586142837,0,4862.3760344709672,4862.3760344709672
2024-07-15,sz300502,-5112.2104247104398,-5112.2104247104398,0,10762.548262548262,10762.548262548262
2024-07-16,sz300308,-7099.0690103276511,-7099.0690103276511,0,4862.3760344709672,4862.3760344709672
2024-07-16,sz300502,8620.8011583011794,8620.8011583011794,0,10762.548262548262,10762.548262548262
2024-07-17,sz300308,-31167.830380958883,-31167.830380958883,0,4862.3760344709672,4862.3760344709672
2024-07-17,sz300502,-18888.27220077215,-18888.27220077215,0,10762.548262548262,10762.548262548262
2024-07-18,sz300308,-8314.6630189453917,-8314.6630189453917,0,4862.3760344709672,4862.3760344709672
2024-07-18,sz300502,-9492.5675675676212,-9492.5675675676212,0,10762.548262548262,10762.548262548262
2024-07-19,sz300308,-24409.127693044167,-24409.127693044167,0,4862.3760344709672,4862.3760344709672
2024-07-19,sz300502,-19006.660231660211,-19006.660231660211,0,10762.548262548262,10762.548262548262
2024-07-22,sz300308,-5895.123329187717,-1847.7028930990837,-4047.4204360886333,4862.3760344709672,0
2024-07-22,sz300502,-1366.8436293436555,-1366.8436293436555,0,10762.548262548262,10762.548262548262
2024-07-23,sz002371,-103818.05558847878,-0,-103818.05558847878,0,8555.8260022949326
2024-07-23,sz300502,-16036.196911196856,-16036.196911196856,0,10762.548262548262,10762.548262548262
2024-07-24,sz002371,-7322.3355042455405,-19515.839111234793,12193.503606989252,8555.8260022949326,0
2024-07-24,sz300502,-4751.0546070387172,-6209.990347490404,1458.9357404516863,10762.548262548262,0
2024-09-27,sh688041,62523.734079116839,0,62523.734079116839,0,15681.214839872046
2024-09-27,sz300502,28490.765824110695,0,28490.765824110695,0,11965.735899432641
2024-09-30,sh688041,269560.08309740043,269560.08309740043,0,15681.214839872046,15681.214839872046
2024-09-30,sz300502,107500.17132050286,107500.17132050286,0,11965.735899432641,11965.735899432641
2024-10-08,sh688041,323973.89859175665,323973.89859175665,0,15681.214839872046,15681.214839872046
2024-10-08,sz300502,158677.6237623762,158677.6237623762,0,11965.735899432641,11965.735899432641
2024-10-09,sh688041,110709.37676949668,110709.37676949668,0,15681.214839872046,15681.214839872046
2024-10-09,sz300502,-50215.709983660665,-45553.556569140092,-4662.1534145205705,11965.735899432641,25262.750963966384
2024-10-10,sh688041,470.43644519617919,470.43644519617919,0,15681.214839872046,15681.214839872046
2024-10-10,sz300502,-66870.501801618797,-66870.501801618797,0,25262.750963966384,25262.750963966384
2024-10-11,sh688041,-122195.67555214794,-114943.30477626229,-7252.3707758856544,15681.214839872046,20591.277996415207
2024-10-11,sz300502,8614.5980787123844,8614.5980787123844,0,25262.750963966384,25262.750963966384
2024-10-14,sh688041,10295.638998207603,10295.638998207603,0,20591.277996415207,20591.277996415207
2024-10-14,sz300502,58660.107738330014,58660.107738330014,0,25262.750963966384,25262.750963966384
2024-10-15,sh688041,-148257.20157418956,-148257.20157418956,0,20591.277996415207,20591.277996415207
2024-10-15,sz300502,-85590.200265918247,-85590.200265918247,0,25262.750963966384,25262.750963966384
2024-10-16,sh688041,-70628.083527704002,-70628.083527704002,0,20591.277996415207,20591.277996415207
2024-10-16,sz300502,-108781.40565083918,-108781.40565083918,0,25262.750963966384,25262.750963966384
2024-10-17,sh688041,53743.235570643679,53743.235570643679,0,20591.277996415207,20591.277996415207
2024-10-17,sz300502,16963.628810072059,11721.916447280368,5241.7123627916926,25262.750963966384,0
2024-10-18,sh688041,346139.38311973936,346139.38311973936,0,20591.277996415207,20591.277996415207
2024-10-18,sh688256,192925.14333532282,0,192925.14333532282,0,4150.5544379977055
2024-10-21,sh688041,-34799.259813941651,-34799.259813941651,0,20591.277996415207,20591.277996415207
2024-10-21,sh688256,39807.96761483603,39807.96761483603,0,4150.5544379977055,4150.5544379977055
2024-10-22,sh688041,-65686.176808564458,-65686.176808564458,0,20591.277996415207,20591.277996415207
2024-10-22,sh688256,-64067.958304932727,-64067.958304932727,0,4150.5544379977055,4150.5544379977055
2024-10-23,sh688041,-63627.049008922768,-63627.049008922768,0,20591.277996415207,20591.277996415207
2024-10-23,sh688256,-5574.1946102307566,-5574.1946102307566,0,4150.5544379977055,4150.5544379977055
2024-10-24,sh688041,-25121.359155626527,-25121.359155626527,0,20591.277996415207,20591.277996415207
2024-10-24,sh688256,17270.457016508459,17270.457016508459,0,4150.5544379977055,4150.5544379977055
2024-10-25,sh688041,-37064.300393547608,-37064.300393547608,0,20591.277996415207,20591.277996415207
2024-10-25,sh688256,-9218.3814067929197,-9218.3814067929197,0,4150.5544379977055,4150.5544379977055
2024-10-28,sh688041,11737.02845795682,11737.02845795682,0,20591.277996415207,20591.277996415207
2024-10-28,sh688256,35682.316503466194,35682.316503466194,0,4150.5544379977055,4150.5544379977055
2024-10-29,sh688041,81541.460865804096,81541.460865804096,0,20591.277996415207,20591.277996415207
2024-10-29,sh688256,-1921.7067047930302,-1921.7067047930302,0,4150.5544379977055,4150.5544379977055
2024-10-30,sh688041,-27592.312515196154,-27592.312515196154,0,20591.277996415207,20591.277996415207
2024-10-30,sh688256,31311.782680254855,31311.782680254855,0,4150.5544379977055,4150.5544379977055
2024-10-31,sh688041,66509.827928420913,66509.827928420913,0,20591.277996415207,20591.277996415207
2024-10-31,sh688256,23259.70707053908,23259.70707053908,0,4150.5544379977055,4150.5544379977055
2024-11-01,sh688041,-93484.402103724875,-93484.402103724875,0,20591.277996415207,20591.277996415207
2024-11-01,sh688256,-118639.44805572643,-118639.44805572643,0,4150.5544379977055,4150.5544379977055
2024-11-04,sh688041,11737.028457956527,11737.028457956527,0,20591.277996415207,20591.277996415207
2024-11-04,sh688256,-195.07605858599786,-195.07605858599786,0,4150.5544379977055,4150.5544379977055
2024-11-05,sh688041,99455.872722685701,99455.872722685701,0,20591.277996415207,20591.277996415207
2024-11-05,sh688256,74988.06703130457,74988.06703130457,0,4150.5544379977055,4150.5544379977055
2024-11-06,sh688041,80511.896965983382,80511.896965983382,0,20591.277996415207,20591.277996415207
2024-11-06,sh688256,50533.00028262211,50533.00028262211,0,4150.5544379977055,4150.5544379977055
2024-11-07,sh688041,176261.33964931421,176261.33964931421,0,20591.277996415207,20591.277996415207
2024-11-07,sh688256,55708.741666805312,55708.741666805312,0,4150.5544379977055,4150.5544379977055
2024-11-08,sh688041,-98014.483262936788,-98014.483262936788,0,20591.277996415207,20591.277996415207
2024-11-08,sh688256,-125350.89458196879,-125350.89458196879,0,4150.5544379977055,4150.5544379977055
2024-11-11,sh688041,42418.032672615373,42418.032672615373,0,20591.277996415207,20591.277996415207
2024-11-11,sh688256,-1365.5324101012773,-1365.5324101012773,0,4150.5544379977055,4150.5544379977055
2024-11-12,sh688041,-198499.9198854423,-198499.9198854423,0,20591.277996415207,20591.277996415207
2024-11-12,sh688256,-20947.84824857429,-20947.84824857429,0,4150.5544379977055,4150.5544379977055
2024-11-13,sh688041,43241.68379247182,43241.68379247182,0,20591.277996415207,20591.277996415207
2024-11-13,sh688256,142094.23118485126,142094.23118485126,0,4150.5544379977055,4150.5544379977055
2024-11-14,sh688041,-99044.047162757197,-99044.047162757197,0,20591.277996415207,20591.277996415207
2024-11-14,sh688256,-13929.260693920276,-13929.260693920276,0,4150.5544379977055,4150.5544379977055
2024-11-15,sh688041,-98838.134382792938,-98838.134382792938,0,20591.277996415207,20591.277996415207
2024-11-15,sh688256,-42671.850177054432,-42671.850177054432,0,4150.5544379977055,4150.5544379977055
2024-11-18,sh688041,16154.04153336882,24915.446375662272,-8761.404842293452,20591.277996415207,0
2024-11-18,sh688256,-13987.368456052051,-13987.368456052051,0,4150.5544379977055,4150.5544379977055
2024-11-19,sh600206,-3041.3350475997763,-0,-3041.3350475997763,0,124574.64381581664
2024-11-19,sh688256,34374.89185549692,34374.89185549692,0,4150.5544379977055,4150.5544379977055
2024-11-20,sh600206,244166.30187900073,244166.30187900073,0,124574.64381581664,124574.64381581664
2024-11-20,sh688256,38998.6094994265,38998.6094994265,0,4150.5544379977055,4150.5544379977055
2024-11-21,sh600206,79727.772042122728,79727.772042122728,0,124574.64381581664,124574.64381581664
2024-11-21,sh688256,109533.13161875939,109533.13161875939,0,4150.5544379977055,4150.5544379977055
2024-11-22,sh600206,144506.58682634731,144506.58682634731,0,124574.64381581664,124574.64381581664
2024-11-22,sh688256,-62175.305481205702,-62175.305481205702,0,4150.5544379977055,4150.5544379977055
2024-11-25,sh600206,291504.66652901092,291504.66652901092,0,124574.64381581664,124574.64381581664
2024-11-25,sh688256,-8359.2166381274201,-8359.2166381274201,0,4150.5544379977055,4150.5544379977055
2024-11-26,sh600206,-320156.83460664883,-320156.83460664883,0,124574.64381581664,124574.64381581664
2024-11-26,sh688256,-8633.1532310351613,-8633.1532310351613,0,4150.5544379977055,4150.5544379977055
2024-11-27,sh600206,-287767.4272145367,-287767.4272145367,0,124574.64381581664,124574.64381581664
2024-11-27,sh688256,135519.75295506313,135519.75295506313,0,4150.5544379977055,4150.5544379977055
2024-11-28,sh600206,99945.734488329705,-51075.603964484842,151021.33845281455,124574.64381581664,0
2024-11-28,sh688256,31975.871390334356,31975.871390334356,0,4150.5544379977055,4150.5544379977055
2024-11-29,sh688256,70888.38671717867,41700.620438562815,29187.766278615851,4150.5544379977055,6524.7329401148545
2024-12-02,sh688120,1722.1941050026558,0,1722.1941050026558,0,2103.5553502165012
2024-12-02,sh688256,4384.6205357573481,4384.6205357573481,0,6524.7329401148545,6524.7329401148545
2024-12-03,sh688120,-5292.5452611447281,-5292.5452611447281,0,2103.5553502165012,2103.5553502165012
2024-12-03,sh688256,34985.61802489563,34985.61802489563,0,6524.7329401148545,6524.7329401148545
2024-12-04,sh688120,-2736.725510631672,-2736.725510631672,0,2103.5553502165012,2103.5553502165012
2024-12-04,sh688256,-76150.158144080415,-76150.158144080415,0,6524.7329401148545,6524.7329401148545
2024-12-05,sh688120,-494.3355073008766,-494.3355073008766,0,2103.5553502165012,2103.5553502165012
2024-12-05,sh688256,76717.809909870703,76717.809909870703,0,6524.7329401148545,6524.7329401148545
2024-12-06,sh688120,3523.4552116126338,3523.4552116126338,0,2103.5553502165012,2103.5553502165012
2024-12-06,sh688256,-72339.714107053689,-72339.714107053689,0,6524.7329401148545,6524.7329401148545
2024-12-09,sh688120,-8008.2352182742243,-8008.2352182742243,0,2103.5553502165012,2103.5553502165012
2024-12-09,sh688256,-63935.858080185317,-63935.858080185317,0,6524.7329401148545,6524.7329401148545
2024-12-10,sh688120,7751.0381932501368,2970.2201545057128,4780.8180387444236,2103.5553502165012,0
2024-12-10,sh688256,-2492.4479831239069,-2492.4479831239069,0,6524.7329401148545,6524.7329401148545
2024-12-11,sh688249,-14356.050409117026,-0,-14356.050409117026,0,38394.937367579827
2024-12-11,sh688256,27893.233318990853,27893.233318990853,0,6524.7329401148545,6524.7329401148545
2024-12-12,sh688249,9214.7849682192355,9214.7849682192355,0,38394.937367579827,38394.937367579827
2024-12-12,sh688256,140960.3304382416,140960.3304382416,0,6524.7329401148545,6524.7329401148545
2024-12-13,sh688249,1919.7468683790187,1919.7468683790187,0,38394.937367579827,38394.937367579827
2024-12-13,sh688256,-39370.238560652979,-39370.238560652979,0,6524.7329401148545,6524.7329401148545
2024-12-16,sh688249,-77941.722856187087,-77941.722856187087,0,38394.937367579827,38394.937367579827
2024-12-16,sh688256,31749.350486598789,31749.350486598789,0,6524.7329401148545,6524.7329401148545
2024-12-17,sh688249,-12286.379957625555,-12286.379957625555,0,38394.937367579827,38394.937367579827
2024-12-17,sh688256,-22986.634148024794,-22986.634148024794,0,6524.7329401148545,6524.7329401148545
2024-12-18,sh688249,0,0,0,38394.937367579827,38394.937367579827
2024-12-18,sh688256,208217.27758494546,208217.27758494546,0,6524.7329401148545,6524.7329401148545
2024-12-19,sh688249,-6527.1393524886362,-6527.1393524886362,0,38394.937367579827,38394.937367579827
2024-12-19,sh688256,80880.589525663469,80880.589525663469,0,6524.7329401148545,6524.7329401148545
2024-12-20,sh688249,-877.04678949133813,35707.291751849363,-36584.338541340701,38394.937367579827,0
2024-12-20,sh688256,174856.31806213822,174856.31806213822,0,6524.7329401148545,6524.7329401148545
2024-12-23,sh688205,5787.5916476970115,-0,5787.5916476970115,0,3143.6960063946872
2024-12-23,sh688256,-119108.99982179663,-119108.99982179663,0,6524.7329401148545,6524.7329401148545
2024-12-24,sh688205,-11364.4610631168,-11364.4610631168,0,3143.6960063946872,3143.6960063946872
2024-12-24,sh688256,46201.633948953029,46201.633948953029,0,6524.7329401148545,6524.7329401148545
2024-12-25,sh688205,1232.3288345067044,1232.3288345067044,0,3143.6960063946872,3143.6960063946872
2024-12-25,sh688256,12259.973194475937,12259.973194475937,0,6524.7329401148545,6524.7329401148545
2024-12-26,sh688205,29720.502044455374,29720.502044455374,0,3143.6960063946872,3143.6960063946872
2024-12-26,sh688256,-47558.778400497089,-47558.778400497089,0,6524.7329401148545,6524.7329401148545
2024-12-27,sh688205,-15906.076687051749,-7859.2400159867175,-8046.8366710650316,3143.6960063946872,9573.0713977317027
2024-12-27,sh688256,3764.7709064462592,3764.7709064462592,0,6524.7329401148545,6524.7329401148545
2024-12-30,sh688205,23339.148067669914,23339.148067669914,0,9573.0713977317027,9573.0713977317027
2024-12-30,sh688256,137502.22197998053,137502.22197998053,0,6524.7329401148545,6524.7329401148545
2024-12-31,sh688205,-33285.569249913169,-33285.569249913169,0,9573.0713977317027,9573.0713977317027
2024-12-31,sh688256,-111664.27953712584,-111664.27953712584,0,6524.7329401148545,6524.7329401148545
2025-01-02,sh688205,-23152.647784024266,-41968.345007655786,18815.69722363152,9573.0713977317027,0
2025-01-02,sh688256,-26870.393256691947,-54214.005999414127,27343.61274272218,6524.7329401148545,0
2025-01-16,sh603986,-24411.889310739018,-0,-24411.889310739018,0,6049.9312872194232
2025-01-16,sh688256,-108097.01166764217,-0,-108097.01166764217,0,1697.83260768593
2025-01-17,sh603986,39869.047182775932,39869.047182775932,0,6049.9312872194232,6049.9312872194232
2025-01-17,sh688256,-20524.236533871401,-2278.4913595144917,-18245.745174356907,1697.83260768593,0
2025-01-20,sh603986,-22538.260915974184,-10829.37700412272,-11708.883911851464,6049.9312872194232,11998.027914248069
2025-01-21,sh603986,-10798.225122823329,-10798.225122823329,0,11998.027914248069,11998.027914248069
2025-01-21,sh688205,22019.783438327311,0,22019.783438327311,0,21948.920342423942
2025-01-22,sh603986,49311.894727559724,49311.894727559724,0,11998.027914248069,11998.027914248069
2025-01-22,sh688205,248352.03367452684,248352.03367452684,0,21948.920342423942,21948.920342423942
2025-01-23,sh603986,-68868.680227784018,-68868.680227784018,0,11998.027914248069,11998.027914248069
2025-01-23,sh688205,-64837.110691520495,-64837.110691520495,0,21948.920342423942,21948.920342423942
2025-01-24,sh603986,359.94083742745568,359.94083742745568,0,11998.027914248069,11998.027914248069
2025-01-24,sh688205,96421.607064268392,96421.607064268392,0,21948.920342423942,21948.920342423942
2025-01-27,sh603986,-37193.886534168945,-37193.886534168945,0,11998.027914248069,11998.027914248069
2025-01-27,sh688205,-155837.33443120986,-155837.33443120986,0,21948.920342423942,21948.920342423942
2025-02-05,sh603986,76142.059877415479,95384.321918272006,-19242.262040856524,11998.027914248069,0
2025-02-05,sh688205,-83391.203126781067,-198725.52478030641,115334.32165352535,21948.920342423942,0
2025-02-11,sh601869,-3993.5867369105185,-0,-3993.5867369105185,0,22319.004816236124
2025-02-11,sh688205,35418.34780340203,0,35418.34780340203,0,7412.5099479644923
2025-02-12,sh601869,6918.8914930330902,6918.8914930330902,0,22319.004816236124,22319.004816236124
2025-02-12,sh688205,16248.221805938221,16248.221805938221,0,7412.5099479644923,7412.5099479644923
2025-02-13,sh601869,-37719.118139439001,-37719.118139439001,0,22319.004816236124,22319.004816236124
2025-02-13,sh688205,-30109.615408631751,-30109.615408631751,0,7412.5099479644923,7412.5099479644923
2025-02-14,sh601869,4017.4208669224959,4017.4208669224959,0,22319.004816236124,22319.004816236124
2025-02-14,sh688205,-25595.396850321413,-25595.396850321413,0,7412.5099479644923,7412.5099479644923
2025-02-17,sh601869,-14730.543178715765,-14730.543178715765,0,22319.004816236124,22319.004816236124
2025-02-17,sh688205,7523.6975971839638,7523.6975971839638,0,7412.5099479644923,7412.5099479644923
2025-02-18,sh601869,-15623.303371365349,-15623.303371365349,0,22319.004816236124,22319.004816236124
2025-02-18,sh688205,-14825.019895928985,-14825.019895928985,0,7412.5099479644923,7412.5099479644923
2025-02-19,sh601869,12498.64269709228,12498.64269709228,0,22319.004816236124,22319.004816236124
2025-02-19,sh688205,16707.797422711898,16707.797422711898,0,7412.5099479644923,7412.5099479644923
2025-02-20,sh601869,-7588.4616375203577,-7588.4616375203577,0,22319.004816236124,22319.004816236124
2025-02-20,sh688205,25202.533823079317,25202.533823079317,0,7412.5099479644923,7412.5099479644923
2025-02-21,sh601869,43075.679295335714,43075.679295335714,0,22319.004816236124,22319.004816236124
2025-02-21,sh688205,-3824.8551331497179,-3824.8551331497179,0,7412.5099479644923,7412.5099479644923
2025-02-24,sh601869,86820.928735158537,86820.928735158537,0,22319.004816236124,22319.004816236124
2025-02-24,sh688205,-70589.332234465837,-70589.332234465837,0,7412.5099479644923,7412.5099479644923
2025-02-25,sh601869,7811.6516856826747,7811.6516856826747,0,22319.004816236124,22319.004816236124
2025-02-25,sh688205,-16026.7465267481,-20406.639886746249,4379.8933599981483,7412.5099479644923,0
2025-02-26,sh601869,-32715.945536349835,-19863.914286450163,-12852.031249899672,22319.004816236124,38936.990037096897
2025-02-26,sh688256,26881.048499573437,0,26881.048499573437,0,3108.1462497276593
2025-02-27,sh601869,-64246.033561209828,-64246.033561209828,0,38936.990037096897,38936.990037096897
2025-02-27,sh688256,2088.6742798170662,2088.6742798170662,0,3108.1462497276593,3108.1462497276593
2025-02-28,sh601869,-157694.80965024259,-157694.80965024259,0,38936.990037096897,38936.990037096897
2025-02-28,sh688256,-153616.6380986337,-126330.60432018066,-27286.033778453038,3108.1462497276593,4000.8834296933233
2025-03-03,sh601869,2591.236864925886,-28813.372627451503,31404.609492377389,38936.990037096897,0
2025-03-03,sh688256,-113769.12120675926,-113769.12120675926,0,4000.8834296933233,4000.8834296933233
2025-03-04,sh600206,85707.952535215343,-0,85707.952535215343,0,121444.52524413049
2025-03-04,sh688256,-20164.45248565443,-20164.45248565443,0,4000.8834296933233,4000.8834296933233
2025-03-05,sh600206,-83796.722418449761,-83796.722418449761,0,121444.52524413049,121444.52524413049
2025-03-05,sh688256,69383.320437741553,69383.320437741553,0,4000.8834296933233,4000.8834296933233
2025-03-06,sh600206,86225.612923332315,86225.612923332315,0,121444.52524413049,121444.52524413049
2025-03-06,sh688256,170777.70919645973,170777.70919645973,0,4000.8834296933233,4000.8834296933233
2025-03-07,sh600206,-93512.28443798043,-93512.28443798043,0,121444.52524413049,121444.52524413049
2025-03-07,sh688256,-67130.82306682448,-67130.82306682448,0,4000.8834296933233,4000.8834296933233
2025-03-10,sh600206,35218.912320797739,35218.912320797739,0,121444.52524413049,121444.52524413049
2025-03-10,sh688256,77869.194192121242,77869.194192121242,0,4000.8834296933233,4000.8834296933233
2025-03-11,sh600206,-35218.912320797739,-35218.912320797739,0,121444.52524413049,121444.52524413049
2025-03-11,sh688256,34907.707924074333,34907.707924074333,0,4000.8834296933233,4000.8834296933233
2025-03-12,sh600206,8501.1167670891682,8501.1167670891682,0,121444.52524413049,121444.52524413049
2025-03-12,sh688256,-48334.67271412511,-48334.67271412511,0,4000.8834296933233,4000.8834296933233
2025-03-13,sh600206,-149376.76605028057,-149376.76605028057,0,121444.52524413049,121444.52524413049
2025-03-13,sh688256,-85950.978720101673,-85950.978720101673,0,4000.8834296933233,4000.8834296933233
2025-03-14,sh600206,8501.1167670891682,8501.1167670891682,0,121444.52524413049,121444.52524413049
2025-03-14,sh688256,42989.492452054779,42989.492452054779,0,4000.8834296933233,4000.8834296933233
2025-03-17,sh600206,23074.459796384948,23074.459796384948,0,121444.52524413049,121444.52524413049
2025-03-17,sh688256,-16915.735140743403,-16915.735140743403,0,4000.8834296933233,4000.8834296933233
2025-03-18,sh600206,6072.226262206611,6072.226262206611,0,121444.52524413049,121444.52524413049
2025-03-18,sh688256,-4565.00799328016,-4565.00799328016,0,4000.8834296933233,4000.8834296933233
2025-03-19,sh600206,-71652.269894036974,-71652.269894036974,0,121444.52524413049,121444.52524413049
2025-03-19,sh688256,-123787.33331471142,-123787.33331471142,0,4000.8834296933233,4000.8834296933233
2025-03-20,sh600206,-24288.905048826444,-24288.905048826444,0,121444.52524413049,121444.52524413049
2025-03-20,sh688256,-724.15990077442416,-724.15990077442416,0,4000.8834296933233,4000.8834296933233
2025-03-21,sh600206,-8607.7669785610924,-82582.277166008702,73974.510187447609,121444.52524413049,0
2025-03-21,sh688256,-49891.01636827585,-49891.01636827585,0,4000.8834296933233,4000.8834296933233
2025-03-24,sh688256,-19443.985038285577,-2332.5150395110873,-17111.46999877449,4000.8834296933233,0
2025-03-25,sh688019,-20875.91570237351,-0,-20875.91570237351,0,16762.016750905528
2025-03-25,sh688037,-43111.652814865032,-0,-43111.652814865032,0,16520.421844915105
2025-03-26,sh688019,34714.136691125314,34714.136691125314,0,16762.016750905528,16762.016750905528
2025-03-26,sh688037,-53526.166777524857,-53526.166777524857,0,16520.421844915105,16520.421844915105
2025-03-27,sh688019,75734.560589231391,44938.966909177674,30795.593680053713,16762.016750905528,27549.510050150919
2025-03-27,sh688037,10903.478417643913,10903.478417643913,0,16520.421844915105,16520.421844915105
2025-03-28,sh688019,-87552.342939379538,-87552.342939379538,0,27549.510050150919,27549.510050150919
2025-03-28,sh688037,-17511.647155610048,-17511.647155610048,0,16520.421844915105,16520.421844915105
2025-03-31,sh688019,54300.084308847559,54300.084308847559,0,27549.510050150919,27549.510050150919
2025-03-31,sh688037,24119.815893576186,24119.815893576186,0,16520.421844915105,16520.421844915105
2025-04-01,sh688019,-4573.2186683249647,-4573.2186683249647,0,27549.510050150919,27549.510050150919
2025-04-01,sh688037,1156.4295291439446,1156.4295291439446,0,16520.421844915105,16520.421844915105
2025-04-02,sh688019,-43693.522939539318,-43693.522939539318,0,27549.510050150919,27549.510050150919
2025-04-02,sh688037,-66742.504253457126,-66742.504253457126,0,16520.421844915105,16520.421844915105
2025-04-03,sh688019,-48895.676170283266,-57550.926494765234,8655.2503244819673,27549.510050150919,15699.634017093065
2025-04-03,sh688037,6181.6632175030645,24615.428548923657,-18433.765331420593,16520.421844915105,9414.3149869634835
2025-04-07,sh688019,-88279.042078114377,-88279.042078114377,0,15699.634017093065,15699.634017093065
2025-04-07,sh688037,-71360.507601183184,-71360.507601183184,0,9414.3149869634835,9414.3149869634835
2025-04-08,sh688019,15994.942419810526,-18572.667042221205,34567.609462031731,15699.634017093065,0
2025-04-08,sh688037,6434.7649275738695,21088.065570798153,-14653.300643224284,9414.3149869634835,0
2025-04-16,sh688268,6088.9798812047102,-0,6088.9798812047102,0,13748.25352112676
2025-04-16,sz002371,55829.194973162295,0,55829.194973162295,0,4204.5344823424339
2025-04-17,sh688268,-9761.2600000000111,-9761.2600000000111,0,13748.25352112676,13748.25352112676
2025-04-17,sz002371,-14514.053033046073,-14514.053033046073,0,4204.5344823424339,4204.5344823424339
2025-04-18,sh688268,-25296.786478873189,-25296.786478873189,0,13748.25352112676,13748.25352112676
2025-04-18,sz002371,-30550.147548700206,-30550.147548700206,0,4204.5344823424339,4204.5344823424339
2025-04-21,sh688268,9761.2600000000111,9761.2600000000111,0,13748.25352112676,13748.25352112676
2025-04-21,sz002371,8905.2040336012542,8905.2040336012542,0,4204.5344823424339,4204.5344823424339
2025-04-22,sh688268,27359.024507042184,27359.024507042184,0,13748.25352112676,13748.25352112676
2025-04-22,sz002371,17036.773722451631,17036.773722451631,0,4204.5344823424339,4204.5344823424339
2025-04-23,sh688268,-18010.212112675988,-18010.212112675988,0,13748.25352112676,13748.25352112676
2025-04-23,sz002371,-18874.155291235322,-18874.155291235322,0,4204.5344823424339,4204.5344823424339
2025-04-24,sh688268,-36020.424225352173,-36020.424225352173,0,13748.25352112676,13748.25352112676
2025-04-24,sz002371,1215.1104653969098,1215.1104653969098,0,4204.5344823424339,4204.5344823424339
2025-04-25,sh688268,1099.8602816902151,1099.8602816902151,0,13748.25352112676,13748.25352112676
2025-04-25,sz002371,-9031.340068071413,-9031.340068071413,0,4204.5344823424339,4204.5344823424339
2025-04-28,sh688268,3574.5459154929304,3574.5459154929304,0,13748.25352112676,13748.25352112676
2025-04-28,sz002371,3548.6271030969892,3548.6271030969892,0,4204.5344823424339,4204.5344823424339
2025-04-29,sh688268,6049.2315492957432,6049.2315492957432,0,13748.25352112676,13748.25352112676
2025-04-29,sz002371,0,0,0,4204.5344823424339,4204.5344823424339
2025-04-30,sh688268,4811.8887323943854,4811.8887323943854,0,13748.25352112676,13748.25352112676
2025-04-30,sz002371,-10776.221878243608,-10776.221878243608,0,4204.5344823424339,4204.5344823424339
2025-05-06,sh688268,29696.227605633852,29696.227605633852,0,13748.25352112676,13748.25352112676
2025-05-06,sz002371,20589.605360030862,20589.605360030862,0,4204.5344823424339,4204.5344823424339
2025-05-07,sh688268,-3712.0284507042684,-3712.0284507042684,0,13748.25352112676,13748.25352112676
2025-05-07,sz002371,-28872.538290245571,-28872.538290245571,0,4204.5344823424339,4204.5344823424339
2025-05-08,sh688268,-824.89521126763691,-824.89521126763691,0,13748.25352112676,13748.25352112676
2025-05-08,sz002371,1837.3815687836934,1837.3815687836934,0,4204.5344823424339,4204.5344823424339
2025-05-09,sh688268,-21172.3104225352,-21172.3104225352,0,13748.25352112676,13748.25352112676
2025-05-09,sz002371,-25038.002842349128,-25038.002842349128,0,4204.5344823424339,4204.5344823424339
2025-05-12,sh688268,2062.2380281689943,2062.2380281689943,0,13748.25352112676,13748.25352112676
2025-05-12,sz002371,4030.1903147037046,-12987.807015955772,17017.997330659477,4204.5344823424339,0
2025-05-13,sh688019,-62910.431998741587,-0,-62910.431998741587,0,23458.330646275739
2025-05-13,sh688268,-11686.015492957667,-11686.015492957667,0,13748.25352112676,13748.25352112676
2025-05-14,sh688019,11799.5403150767,11799.5403150767,0,23458.330646275739,23458.330646275739
2025-05-14,sh688268,6324.1966197182237,6324.1966197182237,0,13748.25352112676,13748.25352112676
2025-05-15,sh688019,-35398.620945230097,-35398.620945230097,0,23458.330646275739,23458.330646275739
2025-05-15,sh688268,-37532.732112676014,-37532.732112676014,0,13748.25352112676,13748.25352112676
2025-05-16,sh688019,11119.248726334788,11119.248726334788,0,23458.330646275739,23458.330646275739
2025-05-16,sh688268,2122.424983952742,-8936.364788732375,11058.789772685117,13748.25352112676,0
2025-05-19,sh688019,-13066.290169975637,-13066.290169975637,0,23458.330646275739,23458.330646275739
2025-05-19,sh688498,11874.131126517947,0,11874.131126517947,0,17062.03245089667
2025-05-20,sh688019,-26226.413662536161,-26226.413662536161,0,23458.330646275739,23458.330646275739
2025-05-20,sh688498,-4828.5551836037785,-4828.5551836037785,0,17062.03245089667,17062.03245089667
2025-05-21,sh688019,0,0,0,23458.330646275739,23458.330646275739
2025-05-21,sh688498,-58181.530657557589,-58181.530657557589,0,17062.03245089667,17062.03245089667
2025-05-22,sh688019,-44007.828292413396,-44007.828292413396,0,23458.330646275739,23458.330646275739
2025-05-22,sh688498,-5528.0985140904877,-5528.0985140904877,0,17062.03245089667,17062.03245089667
2025-05-23,sh688019,9711.7488875581912,9711.7488875581912,0,23458.330646275739,23458.330646275739
2025-05-23,sh688498,-48541.482322801006,-48541.482322801006,0,17062.03245089667,17062.03245089667
2025-05-26,sh688019,-15834.373186236056,-15834.373186236056,0,23458.330646275739,23458.330646275739
2025-05-26,sh688498,56663.009769427808,56663.009769427808,0,17062.03245089667,17062.03245089667
2025-05-27,sh688019,-12221.790266709679,-12221.790266709679,0,23458.330646275739,23458.330646275739
2025-05-27,sh688498,-15304.643108454407,-15304.643108454407,0,17062.03245089667,17062.03245089667
2025-05-28,sh688019,4814.4815421402673,-4152.1245243909634,8966.6060665312307,23458.330646275739,3185.5669844952536
2025-05-28,sh688498,85736.713065755859,85736.713065755859,0,17062.03245089667,17062.03245089667
2025-05-29,sh688019,-565.78648761401882,3921.4329579136397,-4487.2194455276585,3185.5669844952536,0
2025-05-29,sh688498,-29909.742886421864,-29909.742886421864,0,17062.03245089667,17062.03245089667
2025-05-30,sh688205,-43026.112781285614,-0,-43026.112781285614,0,25578.624257252712
2025-05-30,sh688498,-25917.227292912135,-25917.227292912135,0,17062.03245089667,17062.03245089667
2025-06-03,sh688205,-58063.477063963554,-58063.477063963554,0,25578.624257252712,25578.624257252712
2025-06-03,sh688498,-64426.234534585761,-64426.234534585761,0,17062.03245089667,17062.03245089667
2025-06-04,sh688205,158075.89790982174,158075.89790982174,0,25578.624257252712,25578.624257252712
2025-06-04,sh688498,51817.392553373051,51817.392553373051,0,17062.03245089667,17062.03245089667
2025-06-05,sh688205,122010.03770709551,122010.03770709551,0,25578.624257252712,25578.624257252712
2025-06-05,sh688498,144754.2833134075,144754.2833134075,0,17062.03245089667,17062.03245089667
2025-06-06,sh688205,-84665.246291506715,-84665.246291506715,0,25578.624257252712,25578.624257252712
2025-06-06,sh688498,23443.232587531944,23443.232587531944,0,17062.03245089667,17062.03245089667
2025-06-09,sh688205,10998.808430618659,10998.808430618659,0,25578.624257252712,25578.624257252712
2025-06-09,sh688498,18256.374722459561,18256.374722459561,0,17062.03245089667,17062.03245089667
2025-06-10,sh688205,70341.216707444953,70341.216707444953,0,25578.624257252712,25578.624257252712
2025-06-10,sh688498,-72428.327754056445,-72428.327754056445,0,17062.03245089667,17062.03245089667
2025-06-11,sh688205,-31717.494078993233,-31717.494078993233,0,25578.624257252712,25578.624257252712
2025-06-11,sh688498,36512.749444918882,36512.749444918882,0,17062.03245089667,17062.03245089667
2025-06-12,sh688205,58319.26330653621,58319.26330653621,0,25578.624257252712,25578.624257252712
2025-06-12,sh688498,56645.947736976828,56645.947736976828,0,17062.03245089667,17062.03245089667
2025-06-13,sh688205,-12277.739643481404,-12277.739643481404,0,25578.624257252712,25578.624257252712
2025-06-13,sh688498,-20730.369427839269,-20730.369427839269,0,17062.03245089667,17062.03245089667
2025-06-16,sh688205,104360.78696959102,104360.78696959102,0,25578.624257252712,25578.624257252712
2025-06-16,sh688498,84218.192177625839,84218.192177625839,0,17062.03245089667,17062.03245089667
2025-06-17,sh688205,36577.432687871551,36577.432687871551,0,25578.624257252712,25578.624257252712
2025-06-17,sh688498,-12011.670845431145,-12011.670845431145,0,17062.03245089667,17062.03245089667
2025-06-18,sh688205,125335.25886053807,125335.25886053807,0,25578.624257252712,25578.624257252712
2025-06-18,sh688498,179850.88406490174,179850.88406490174,0,17062.03245089667,17062.03245089667
2025-06-19,sh688205,-19951.326920657146,-19951.326920657146,0,25578.624257252712,25578.624257252712
2025-06-19,sh688498,-58659.267566182789,-58659.267566182789,0,17062.03245089667,17062.03245089667
2025-06-20,sh688205,-220743.52734009078,-220743.52734009078,0,25578.624257252712,25578.624257252712
2025-06-20,sh688498,18017.506268146837,18017.506268146837,0,17062.03245089667,17062.03245089667
2025-06-23,sh688205,-2957.3302670270932,-109220.72557846898,106263.39531144188,25578.624257252712,0
2025-06-23,sh688498,-3531.8407173355022,-3531.8407173355022,0,17062.03245089667,17062.03245089667
2025-06-24,sh601869,-7617.0776106617213,0,-7617.0776106617213,0,25573.682408407301
2025-06-24,sh688498,-15901.814244235733,-15901.814244235733,0,17062.03245089667,17062.03245089667
2025-06-25,sh601869,6393.4206021018254,6393.4206021018254,0,25573.682408407301,25573.682408407301
2025-06-25,sh688498,-1518.5208881297804,-1518.5208881297804,0,17062.03245089667,17062.03245089667
2025-06-26,sh601869,9462.2624911108178,9462.2624911108178,0,25573.682408407301,25573.682408407301
2025-06-26,sh688498,23204.36413321946,23204.36413321946,0,17062.03245089667,17062.03245089667
2025-06-27,sh601869,39382.823951373663,22504.840519398309,16877.983431975354,25573.682408407301,45867.393444742949
2025-06-27,sh688498,134380.56758326225,134380.56758326225,0,17062.03245089667,17062.03245089667
2025-06-30,sh601869,43115.349838058268,43115.349838058268,0,45867.393444742949,45867.393444742949
2025-06-30,sh688498,195513.82985482475,195513.82985482475,0,17062.03245089667,17062.03245089667
2025-07-01,sh601869,-30731.153607977529,-30731.153607977529,0,45867.393444742949,45867.393444742949
2025-07-01,sh688498,0,0,0,17062.03245089667,17062.03245089667
2025-07-02,sh601869,-43574.023772505934,-43574.023772505934,0,45867.393444742949,45867.393444742949
2025-07-02,sh688498,15680.007822374229,15680.007822374229,0,17062.03245089667,17062.03245089667
2025-07-03,sh601869,13301.544098975417,13301.544098975417,0,45867.393444742949,45867.393444742949
2025-07-03,sh688498,19553.089188727354,19553.089188727354,0,17062.03245089667,17062.03245089667
2025-07-04,sh601869,-56875.56787148102,-56875.56787148102,0,45867.393444742949,45867.393444742949
2025-07-04,sh688498,-100000.57219470521,-100000.57219470521,0,17062.03245089667,17062.03245089667
2025-07-07,sh601869,-25685.740329056156,-25685.740329056156,0,45867.393444742949,45867.393444742949
2025-07-07,sh688498,6705.3787532024025,6705.3787532024025,0,17062.03245089667,17062.03245089667
2025-07-08,sh601869,81185.286397194839,81185.286397194839,0,45867.393444742949,45867.393444742949
2025-07-08,sh688498,186453.89062339877,186453.89062339877,0,17062.03245089667,17062.03245089667
2025-07-09,sh601869,-32107.175411319869,-32107.175411319869,0,45867.393444742949,45867.393444742949
2025-07-09,sh688498,-70670.938411613941,-70670.938411613941,0,17062.03245089667,17062.03245089667
2025-07-10,sh601869,17429.609509002112,17429.609509002112,0,45867.393444742949,45867.393444742949
2025-07-10,sh688498,-62071.674056362172,-62071.674056362172,0,17062.03245089667,17062.03245089667
2025-07-11,sh601869,-19722.979181239454,-19722.979181239454,0,45867.393444742949,45867.393444742949
2025-07-11,sh688498,-24739.947053799977,-24739.947053799977,0,17062.03245089667,17062.03245089667
2025-07-14,sh601869,33941.871149109873,33941.871149109873,0,45867.393444742949,45867.393444742949
2025-07-14,sh688498,75499.493595217471,75499.493595217471,0,17062.03245089667,17062.03245089667
2025-07-15,sh601869,2752.0436066846814,2752.0436066846814,0,45867.393444742949,45867.393444742949
2025-07-15,sh688498,145232.02022203247,145232.02022203247,0,17062.03245089667,17062.03245089667
2025-07-16,sh601869,-458.67393444733824,-458.67393444733824,0,45867.393444742949,45867.393444742949
2025-07-16,sh688498,-9077.0012638767257,-9077.0012638767257,0,17062.03245089667,17062.03245089667
2025-07-17,sh601869,180717.53017228711,180717.53017228711,0,45867.393444742949,45867.393444742949
2025-07-17,sh688498,147347.71224594358,147347.71224594358,0,17062.03245089667,17062.03245089667
2025-07-18,sh601869,-39904.632296926575,-39904.632296926575,0,45867.393444742949,45867.393444742949
2025-07-18,sh688498,-176779.7182237407,-176779.7182237407,0,17062.03245089667,17062.03245089667
2025-07-21,sh601869,-23392.370656818814,-23392.370656818814,0,45867.393444742949,45867.393444742949
2025-07-21,sh688498,-126037.23371477371,-126037.23371477371,0,17062.03245089667,17062.03245089667
2025-07-22,sh601869,-24309.718525713815,-24309.718525713815,0,45867.393444742949,45867.393444742949
2025-07-22,sh688498,91281.873612297568,91281.873612297568,0,17062.03245089667,17062.03245089667
2025-07-23,sh601869,-4586.7393444740346,-4586.7393444740346,0,45867.393444742949,45867.393444742949
2025-07-23,sh688498,-12830.648403074458,-12830.648403074458,0,17062.03245089667,17062.03245089667
2025-07-24,sh601869,-33483.197214662534,-33483.197214662534,0,45867.393444742949,45867.393444742949
2025-07-24,sh688498,-104829.12737830923,-104829.12737830923,0,17062.03245089667,17062.03245089667
2025-07-25,sh601869,-13301.544098975417,-13301.544098975417,0,45867.393444742949,45867.393444742949
2025-07-25,sh688498,26975.073304867929,26975.073304867929,0,17062.03245089667,17062.03245089667
2025-07-28,sh601869,4128.0654100270222,4128.0654100270222,0,45867.393444742949,45867.393444742949
2025-07-28,sh688498,92459.153851408759,92459.153851408759,0,17062.03245089667,17062.03245089667
2025-07-29,sh601869,174296.09509002307,174296.09509002307,0,45867.393444742949,45867.393444742949
2025-07-29,sh688498,172190.03149444942,172190.03149444942,0,17062.03245089667,17062.03245089667
2025-07-30,sh601869,202733.87902576392,202733.87902576392,0,45867.393444742949,45867.393444742949
2025-07-30,sh688498,78911.900085397094,78911.900085397094,0,17062.03245089667,17062.03245089667
2025-07-31,sh601869,102284.28738177664,102284.28738177664,0,45867.393444742949,45867.393444742949
2025-07-31,sh688498,157482.5595217761,157482.5595217761,0,17062.03245089667,17062.03245089667
2025-08-01,sh601869,-5504.0872133690364,-5504.0872133690364,0,45867.393444742949,45867.393444742949
2025-08-01,sh688498,-197766.01813834344,-197766.01813834344,0,17062.03245089667,17062.03245089667
2025-08-04,sh601869,49995.458854769648,49995.458854769648,0,45867.393444742949,45867.393444742949
2025-08-04,sh688498,-70670.938411613941,-70670.938411613941,0,17062.03245089667,17062.03245089667
2025-08-05,sh601869,237593.09804376846,237593.09804376846,0,45867.393444742949,45867.393444742949
2025-08-05,sh688498,7421.98411614009,7421.98411614009,0,17062.03245089667,17062.03245089667
2025-08-06,sh601869,-179800.18230339212,-179800.18230339212,0,45867.393444742949,45867.393444742949
2025-08-06,sh688498,12608.841981212712,12608.841981212712,0,17062.03245089667,17062.03245089667
2025-08-07,sh601869,33024.523280214875,33024.523280214875,0,45867.393444742949,45867.393444742949
2025-08-07,sh688498,68777.052809564571,68777.052809564571,0,17062.03245089667,17062.03245089667
2025-08-08,sh601869,88065.395413906212,88065.395413906212,0,45867.393444742949,45867.393444742949
2025-08-08,sh688498,123204.93632792491,123204.93632792491,0,17062.03245089667,17062.03245089667
2025-08-11,sh601869,-37611.262624688905,-37611.262624688905,0,45867.393444742949,45867.393444742949
2025-08-11,sh688498,104829.12737830875,104829.12737830875,0,17062.03245089667,17062.03245089667
2025-08-12,sh601869,48160.763116979964,48160.763116979964,0,45867.393444742949,45867.393444742949
2025-08-12,sh688498,307764.9413492743,307764.9413492743,0,17062.03245089667,17062.03245089667
2025-08-13,sh601869,58710.263609271024,58710.263609271024,0,45867.393444742949,45867.393444742949
2025-08-13,sh688498,128033.49151152845,128033.49151152845,0,17062.03245089667,17062.03245089667
2025-08-14,sh601869,-205485.92263244861,-205485.92263244861,0,45867.393444742949,45867.393444742949
2025-08-14,sh688498,-194455.9838428692,-194455.9838428692,0,17062.03245089667,17062.03245089667
2025-08-15,sh601869,22475.022787924136,22475.022787924136,0,45867.393444742949,45867.393444742949
2025-08-15,sh688498,17659.203586677995,17659.203586677995,0,17062.03245089667,17062.03245089667
2025-08-18,sh601869,97697.548037302593,97697.548037302593,0,45867.393444742949,45867.393444742949
2025-08-18,sh688498,130865.78889837772,130865.78889837772,0,17062.03245089667,17062.03245089667
2025-08-19,sh601869,177048.13869670776,177048.13869670776,0,45867.393444742949,45867.393444742949
2025-08-19,sh688498,-23562.666814688306,-23562.666814688306,0,17062.03245089667,17062.03245089667
2025-08-20,sh601869,107788.374595146,107788.374595146,0,45867.393444742949,45867.393444742949
2025-08-20,sh688498,-70551.504184458056,-70551.504184458056,0,17062.03245089667,17062.03245089667
2025-08-21,sh601869,-238051.77197821613,-238051.77197821613,0,45867.393444742949,45867.393444742949
2025-08-21,sh688498,-82802.043484201204,-82802.043484201204,0,17062.03245089667,17062.03245089667
2025-08-22,sh601869,118796.54902188439,118796.54902188439,0,45867.393444742949,45867.393444742949
2025-08-22,sh688498,25678.358838599412,25678.358838599412,0,17062.03245089667,17062.03245089667
2025-08-25,sh601869,270617.62132398301,270617.62132398301,0,45867.393444742949,45867.393444742949
2025-08-25,sh688498,299523.97967549117,299523.97967549117,0,17062.03245089667,17062.03245089667
2025-08-26,sh601869,295611.48676951055,296211.62686615053,-600.14009663999855,45867.393444742949,41047.386380101481
2025-08-26,sh688498,-196429.37150918852,-215544.6559521778,19115.284442989268,17062.03245089667,15294.407546976609
2025-08-27,sh601869,178145.65688964,178145.65688964,0,41047.386380101481,41047.386380101481
2025-08-27,sh688498,251636.45218525064,256563.6866005327,-4927.2344152820715,15294.407546976609,15003.621518671236
2025-08-28,sh601869,309497.29330596543,309497.29330596543,0,41047.386380101481,41047.386380101481
2025-08-28,sh688498,207139.99868677484,207139.99868677484,0,15003.621518671236,15003.621518671236
2025-08-29,sh601869,340693.30695484218,340693.30695484218,0,41047.386380101481,41047.386380101481
2025-08-29,sh688498,-171821.47363182297,-171821.47363182297,0,15003.621518671236,15003.621518671236
2025-09-01,sh601869,29964.592057474245,29964.592057474245,0,41047.386380101481,41047.386380101481
2025-09-01,sh688498,619364.49991226743,619364.49991226743,0,15003.621518671236,15003.621518671236
2025-09-02,sh601869,-377635.95469693374,-377635.95469693374,0,41047.386380101481,41047.386380101481
2025-09-02,sh688498,-70426.999408642601,-70426.999408642601,0,15003.621518671236,15003.621518671236
2025-09-03,sh601869,339872.35922724032,339872.35922724032,0,41047.386380101481,41047.386380101481
2025-09-03,sh688498,474354.49793431,474354.49793431,0,15003.621518671236,15003.621518671236
2025-09-04,sh601869,-207699.77508331358,-207699.77508331358,0,41047.386380101481,41047.386380101481
2025-09-04,sh688498,-359801.84763925528,-359801.84763925528,0,15003.621518671236,15003.621518671236
2025-09-05,sh601869,-88139.295297306177,158032.43756339105,-246171.73286069723,41047.386380101481,0
2025-09-05,sh688498,-84358.945711713997,106570.7236471215,-190929.6693588355,15003.621518671236,0
2025-09-16,sh688041,54346.095259630558,0,54346.095259630558,0,4670.7891203010722
2025-09-16,sz300308,1668.2339084681091,0,1668.2339084681091,0,1906.5095563223454
2025-09-17,sh688041,-15460.311988196559,-15460.311988196559,0,4670.7891203010722,4670.7891203010722
2025-09-17,sz300308,-9951.9798840025869,-9951.9798840025869,0,1906.5095563223454,1906.5095563223454
2025-09-18,sh688041,5231.2838147372222,5231.2838147372222,0,4670.7891203010722,4670.7891203010722
2025-09-18,sz300308,6100.8305802314835,6100.8305802314835,0,1906.5095563223454,1906.5095563223454
2025-09-19,sh688041,-36665.694594363391,-36665.694594363391,0,4670.7891203010722,4670.7891203010722
2025-09-19,sz300308,23068.765631500421,23068.765631500421,0,1906.5095563223454,1906.5095563223454
2025-09-22,sh688041,117937.42528760221,117937.42528760221,0,4670.7891203010722,4670.7891203010722
2025-09-22,sz300308,-6672.7834471282085,-6672.7834471282085,0,1906.5095563223454,1906.5095563223454
2025-09-23,sh688041,-69515.839824227776,-30593.66873797221,-38922.17108625557,4670.7891203010722,13232.726639632961
2025-09-23,sz300308,31057.040672490937,31057.040672490937,0,1906.5095563223454,1906.5095563223454
2025-09-24,sh688041,69207.16032528026,69207.16032528026,0,13232.726639632961,13232.726639632961
2025-09-24,sz300308,-20571.238112718038,-20571.238112718038,0,1906.5095563223454,1906.5095563223454
2025-09-25,sh688041,106258.79491625307,106258.79491625307,0,13232.726639632961,13232.726639632961
2025-09-25,sz300308,21162.256075177967,21162.256075177967,0,1906.5095563223454,1906.5095563223454
2025-09-26,sh688041,-116712.64896156263,-116712.64896156263,0,13232.726639632961,13232.726639632961
2025-09-26,sz300308,-39846.049727136975,-39846.049727136975,0,1906.5095563223454,1906.5095563223454
2025-09-29,sh688041,-43138.688845203709,-43138.688845203709,0,13232.726639632961,13232.726639632961
2025-09-29,sz300308,5814.8541467831747,5814.8541467831747,0,1906.5095563223454,1906.5095563223454
2025-09-30,sh688041,-42874.034312410542,-42874.034312410542,0,13232.726639632961,13232.726639632961
2025-09-30,sz300308,-24918.079901133151,-24918.079901133151,0,1906.5095563223454,1906.5095563223454
2025-10-09,sh688041,138281.99338416429,138281.99338416429,0,13232.726639632961,13232.726639632961
2025-10-09,sz300308,-9284.7015392897229,-9284.7015392897229,0,1906.5095563223454,1906.5095563223454
2025-10-10,sh688041,-285297.58635048667,-285297.58635048667,0,13232.726639632961,13232.726639632961
2025-10-10,sz300308,-16796.349191199868,-16796.349191199868,0,1906.5095563223454,1906.5095563223454
2025-10-13,sh688041,33214.143865478611,33214.143865478611,0,13232.726639632961,13232.726639632961
2025-10-13,sz300308,-24041.085505224801,-24041.085505224801,0,1906.5095563223454,1906.5095563223454
2025-10-14,sh688041,-217016.71688998028,-217016.71688998028,0,13232.726639632961,13232.726639632961
2025-10-14,sz300308,-58892.080194797221,-58892.080194797221,0,1906.5095563223454,1906.5095563223454
2025-10-15,sh688041,2368.6426444279205,177980.17330306317,-175611.53065863525,13232.726639632961,0
2025-10-15,sz300308,-3250.9392198760142,15290.206641705176,-18541.14586158119,1906.5095563223454,0
2025-10-29,sz300308,-39600.504407102664,0,-39600.504407102664,0,2204.0967579747121
2025-10-29,sz300502,-56227.199511475148,-0,-56227.199511475148,0,3508.1967213114754
2025-10-30,sz300308,-13180.498612688818,-13180.498612688818,0,2204.0967579747121,2204.0967579747121
2025-10-30,sz300502,-80435.934426229695,-80435.934426229695,0,3508.1967213114754,3508.1967213114754
2025-10-31,sz300308,-91976.957710284769,-91976.957710284769,0,2204.0967579747121,2204.0967579747121
2025-10-31,sz300502,-74398.327868852342,-74398.327868852342,0,3508.1967213114754,3508.1967213114754
2025-11-03,sz300308,15406.636338243257,15406.636338243257,0,2204.0967579747121,2204.0967579747121
2025-11-03,sz300502,6139.3442622950815,6139.3442622950815,0,3508.1967213114754,3508.1967213114754
2025-11-04,sz300308,-4849.0128675443411,-4849.0128675443411,0,2204.0967579747121,2204.0967579747121
2025-11-04,sz300502,3206.4918032786436,3206.4918032786436,0,3508.1967213114754,3508.1967213114754
2025-11-05,sz300308,-1741.2364388000676,-1741.2364388000676,0,2204.0967579747121,2204.0967579747121
2025-11-05,sz300502,-33899.109616761911,-4862.3606557376897,-29036.748961024223,3508.1967213114754,0
2025-11-06,sh688498,147155.47228762295,0,147155.47228762295,0,3504.2219068750051
2025-11-06,sz300308,43795.40258095754,43795.40258095754,0,2204.0967579747121,2204.0967579747121
2025-11-07,sh688498,-63864.444252796849,-63864.444252796849,0,3504.2219068750051,3504.2219068750051
2025-11-07,sz300308,-15053.980856967248,-15053.980856967248,0,2204.0967579747121,2204.0967579747121
2025-11-10,sh688498,28713.594304933653,28713.594304933653,0,3504.2219068750051,3504.2219068750051
2025-11-10,sz300308,-110.20483789876066,-110.20483789876066,0,2204.0967579747121,2204.0967579747121
2025-11-11,sh688498,-9675.1566848817747,-9675.1566848817747,0,3504.2219068750051,3504.2219068750051
2025-11-11,sz300308,-48379.923837544906,-48379.923837544906,0,2204.0967579747121,2204.0967579747121
2025-11-12,sh688498,-43809.782279751344,-43809.782279751344,0,3504.2219068750051,3504.2219068750051
2025-11-12,sz300308,52237.093164000653,52237.093164000653,0,2204.0967579747121,2204.0967579747121
2025-11-13,sh688498,-25132.279516107625,-25132.279516107625,0,3504.2219068750051,3504.2219068750051
2025-11-13,sz300308,-23694.040148228156,-23694.040148228156,0,2204.0967579747121,2204.0967579747121
2025-11-14,sh688498,-86820.601964735164,-86820.601964735164,0,3504.2219068750051,3504.2219068750051
2025-11-14,sz300308,-40070.47905998028,-40070.47905998028,0,2204.0967579747121,2204.0967579747121
2025-11-17,sh688498,-15965.235007722464,-15965.235007722464,0,3504.2219068750051,3504.2219068750051
2025-11-17,sz300308,44919.491927524621,44919.491927524621,0,2204.0967579747121,2204.0967579747121
2025-11-18,sh688498,64659.902625657589,64659.902625657589,0,3504.2219068750051,3504.2219068750051
2025-11-18,sz300308,-22680.155639559707,-22680.155639559707,0,2204.0967579747121,2204.0967579747121
2025-11-19,sh688498,47632.888380152006,47632.888380152006,0,3504.2219068750051,3504.2219068750051
2025-11-19,sz300308,34582.278132623229,34582.278132623229,0,2204.0967579747121,2204.0967579747121
2025-11-20,sh688498,57258.985958337493,57258.985958337493,0,3504.2219068750051,3504.2219068750051
2025-11-20,sz300308,7493.9289771139711,7493.9289771139711,0,2204.0967579747121,2204.0967579747121
2025-11-21,sh688498,-140887.24176590954,-140887.24176590954,0,3504.2219068750051,3504.2219068750051
2025-11-21,sz300308,-61692.668255712211,-61692.668255712211,0,2204.0967579747121,2204.0967579747121
2025-11-24,sh688498,5293.5459850808547,-43203.551889861963,48497.097874942818,3504.2219068750051,0
2025-11-24,sz300308,11383.975580614278,-15891.537624997629,27275.513205611907,2204.0967579747121,0
2025-12-03,sh688205,-35874.195384383929,-0,-35874.195384383929,0,6762
2025-12-03,sz300308,-42053.705065129667,-0,-42053.705065129667,0,2404.4482336805427
2025-12-04,sh688205,-6559.1399999999921,-6559.1399999999921,0,6762,6762
2025-12-04,sz300308,28300.355710419943,28300.355710419943,0,2404.4482336805427,2404.4482336805427
2025-12-05,sh688205,29888.040000000012,29888.040000000012,0,6762,6762
2025-12-05,sz300308,3726.8947622047317,3726.8947622047317,0,2404.4482336805427,2404.4482336805427
2025-12-08,sh688205,108327.24000000006,108327.24000000006,0,6762,6762
2025-12-08,sz300308,79226.569299773997,79226.569299773997,0,2404.4482336805427,2404.4482336805427
2025-12-09,sh688205,185955,185955,0,6762,6762
2025-12-09,sz300308,217002.3011430967,86560.136412499531,130442.16473059717,2404.4482336805427,6110.9498415105863
2025-12-10,sh688205,53284.559999999969,53284.559999999969,0,6762,6762
2025-12-10,sz300308,61109.49841510586,61109.49841510586,0,6110.9498415105863,6110.9498415105863
2025-12-11,sh688205,-62480.880000000063,-62480.880000000063,0,6762,6762
2025-12-11,sz300308,-178378.62587369434,-178378.62587369434,0,6110.9498415105863,6110.9498415105863
2025-12-12,sh688205,73638.180000000095,73638.180000000095,0,6762,6762
2025-12-12,sz300308,-29393.668737665586,-29393.668737665586,0,6110.9498415105863,6110.9498415105863
2025-12-15,sh688205,-76975.569109344127,-71474.340000000142,-5501.2291093439808,6762,12115
2025-12-15,sz300308,-68075.981234427847,-68075.981234427847,0,6110.9498415105863,6110.9498415105863
2025-12-16,sh688205,-127692.0999999999,-127692.0999999999,0,12115,12115
2025-12-16,sz300308,-116535.81347760718,-116535.81347760718,0,6110.9498415105863,6110.9498415105863
2025-12-17,sh688205,79474.400000000023,79474.400000000023,0,12115,12115
2025-12-17,sz300308,233377.17444728964,233377.17444728964,0,6110.9498415105863,6110.9498415105863
2025-12-18,sh688205,25804.949999999946,25804.949999999946,0,12115,12115
2025-12-18,sz300308,-114763.63802356864,-114763.63802356864,0,6110.9498415105863,6110.9498415105863
2025-12-19,sh688205,-134839.94999999995,-134839.94999999995,0,12115,12115
2025-12-19,sz300308,3055.4749207552932,3055.4749207552932,0,6110.9498415105863,6110.9498415105863
2025-12-22,sh688205,37677.650000000169,37677.650000000169,0,12115,12115
2025-12-22,sz300308,279881.50274118455,279881.50274118455,0,6110.9498415105863,6110.9498415105863
2025-12-23,sh688205,47127.349999999831,47127.349999999831,0,12115,12115
2025-12-23,sz300308,21388.324445287053,21388.324445287053,0,6110.9498415105863,6110.9498415105863
2025-12-24,sh688205,-28833.699999999946,-28833.699999999946,0,12115,12115
2025-12-24,sz300308,81886.727876241712,81886.727876241712,0,6110.9498415105863,6110.9498415105863
2025-12-25,sh688205,-34164.299999999916,-34164.299999999916,0,12115,12115
2025-12-25,sz300308,32999.129144157028,32999.129144157028,0,6110.9498415105863,6110.9498415105863
2025-12-26,sh688205,-88318.350000000253,-88318.350000000253,0,12115,12115
2025-12-26,sz300308,-80942.219822499377,-78220.157971335226,-2722.0618511641537,6110.9498415105863,7413.0222151754997
2025-12-29,sh688205,-21201.25,-21201.25,0,12115,12115
2025-12-29,sz300308,-66717.199936579491,-66717.199936579491,0,7413.0222151754997,7413.0222151754997
2025-12-30,sh688205,-10661.199999999944,-10661.199999999944,0,12115,12115
2025-12-30,sz300308,103782.31101245699,103782.31101245699,0,7413.0222151754997,7413.0222151754997
2025-12-31,sh688205,-65421.000000000065,-65421.000000000065,0,12115,12115
2025-12-31,sz300308,-163086.48873386098,-163086.48873386098,0,7413.0222151754997,7413.0222151754997
