date,method,model_fitted,count,rank_correlation,top4_logreturn,universe_logreturn
2023-02-06,learner,False,28,0.57690202517788736,0.5218838690467128,0.25655441113959315
2023-02-06,price_prior,False,28,0.57690202517788736,0.5218838690467128,0.25655441113959315
2023-02-07,learner,False,28,0.50082101806239732,0.64552366921861681,0.24492741028560119
2023-02-07,price_prior,False,28,0.50082101806239732,0.64552366921861681,0.24492741028560119
2023-02-08,learner,False,28,0.6655719759168035,0.71477032839832599,0.25275058510727944
2023-02-08,price_prior,False,28,0.6655719759168035,0.71477032839832599,0.25275058510727944
2023-02-09,learner,False,28,0.62014230979748231,0.59742912872338738,0.15300630982708233
2023-02-09,price_prior,False,28,0.62014230979748231,0.59742912872338738,0.15300630982708233
2023-02-10,learner,False,28,0.59934318555008204,0.47129370632894807,0.15230080965243101
2023-02-10,price_prior,False,28,0.59934318555008204,0.47129370632894807,0.15230080965243101
2023-02-13,learner,False,28,0.62123700054734543,0.44738822326165395,0.12180297336515708
2023-02-13,price_prior,False,28,0.62123700054734543,0.44738822326165395,0.12180297336515708
2023-02-14,learner,False,28,0.56486042692939242,0.46351070718678444,0.14862008771477281
2023-02-14,price_prior,False,28,0.56486042692939242,0.46351070718678444,0.14862008771477281
2023-02-15,learner,False,28,0.4964422550629447,0.41161109661324191,0.12674433864976106
2023-02-15,price_prior,False,28,0.4964422550629447,0.41161109661324191,0.12674433864976106
2023-02-16,learner,False,28,0.52052545155993424,0.38187453671306265,0.17977766671163176
2023-02-16,price_prior,False,28,0.52052545155993424,0.38187453671306265,0.17977766671163176
2023-02-17,learner,False,28,0.46031746031746029,0.49479679639652485,0.26200582058283556
2023-02-17,price_prior,False,28,0.46031746031746029,0.49479679639652485,0.26200582058283556
2023-02-20,learner,False,28,0.44006568144499175,0.43368741949379097,0.24443312780201268
2023-02-20,price_prior,False,28,0.44006568144499175,0.43368741949379097,0.24443312780201268
2023-02-21,learner,False,28,0.45539135194307606,0.5408529825565499,0.24254853655507103
2023-02-21,price_prior,False,28,0.45539135194307606,0.5408529825565499,0.24254853655507103
2023-02-22,learner,False,28,0.52107279693486586,0.3793053586767331,0.21969682820189476
2023-02-22,price_prior,False,28,0.52107279693486586,0.3793053586767331,0.21969682820189476
2023-02-23,learner,False,28,0.50465243568691842,0.53060811067271174,0.23651859271230294
2023-02-23,price_prior,False,28,0.50465243568691842,0.53060811067271174,0.23651859271230294
2023-02-24,learner,False,28,0.48111658456486051,0.60475617411371041,0.26933956433936462
2023-02-24,price_prior,False,28,0.48111658456486051,0.60475617411371041,0.26933956433936462
2023-02-27,learner,False,28,0.46579091406677609,0.64470281526471152,0.290694135208036
2023-02-27,price_prior,False,28,0.46579091406677609,0.64470281526471152,0.290694135208036
2023-02-28,learner,False,28,0.51067323481116589,0.6847455071018852,0.30745054416130774
2023-02-28,price_prior,False,28,0.51067323481116589,0.6847455071018852,0.30745054416130774
2023-03-01,learner,False,28,0.52599890530925009,0.69896630780583813,0.31330133945319222
2023-03-01,price_prior,False,28,0.52599890530925009,0.69896630780583813,0.31330133945319222
2023-03-02,learner,False,28,0.5752599890530925,0.70288393295390283,0.29579366805456003
2023-03-02,price_prior,False,28,0.5752599890530925,0.70288393295390283,0.29579366805456003
2023-03-03,learner,False,28,0.69841269841269848,0.71100697874500307,0.27776460718422047
2023-03-03,price_prior,False,28,0.69841269841269848,0.71100697874500307,0.27776460718422047
2023-03-06,learner,False,28,0.66119321291735078,0.48553328872076768,0.25036668950114488
2023-03-06,price_prior,False,28,0.66119321291735078,0.48553328872076768,0.25036668950114488
2023-03-07,learner,False,28,0.59989053092501354,0.54127524522474613,0.29666465615639537
2023-03-07,price_prior,False,28,0.59989053092501354,0.54127524522474613,0.29666465615639537
2023-03-08,learner,False,28,0.61412151067323473,0.51109554709682514,0.26119429711540137
2023-03-08,price_prior,False,28,0.61412151067323473,0.51109554709682514,0.26119429711540137
2023-03-09,learner,False,28,0.49096880131362891,0.55007965707441131,0.25216670077423281
2023-03-09,price_prior,False,28,0.49096880131362891,0.55007965707441131,0.25216670077423281
2023-03-10,learner,False,28,0.53256704980842917,0.52885848255406254,0.23145841422439881
2023-03-10,price_prior,False,28,0.53256704980842917,0.52885848255406254,0.23145841422439881
2023-03-13,learner,False,28,0.52380952380952384,0.53797746685229952,0.25921978473255297
2023-03-13,price_prior,False,28,0.52380952380952384,0.53797746685229952,0.25921978473255297
2023-03-14,learner,False,28,0.32621784345922272,0.31710833121028148,0.24290110582893637
2023-03-14,price_prior,False,28,0.32621784345922272,0.31710833121028148,0.24290110582893637
2023-03-15,learner,False,28,0.22441160372194854,0.37673110691822198,0.29870916365687439
2023-03-15,price_prior,False,28,0.22441160372194854,0.37673110691822198,0.29870916365687439
2023-03-16,learner,False,28,0.33497536945812806,0.60410784139157347,0.32675096917747659
2023-03-16,price_prior,False,28,0.33497536945812806,0.60410784139157347,0.32675096917747659
2023-03-17,learner,False,28,0.50191570881226055,0.54981288530490668,0.28994490626391028
2023-03-17,price_prior,False,28,0.50191570881226055,0.54981288530490668,0.28994490626391028
2023-03-20,learner,False,28,0.43130815544608647,0.55517577431101528,0.30126369835459033
2023-03-20,price_prior,False,28,0.43130815544608647,0.55517577431101528,0.30126369835459033
2023-03-21,learner,False,28,0.48494800218938144,0.50764784877041702,0.32358899418033443
2023-03-21,price_prior,False,28,0.48494800218938144,0.50764784877041702,0.32358899418033443
2023-03-22,learner,False,28,0.64094143404488224,0.77025309591993019,0.2959186579122895
2023-03-22,price_prior,False,28,0.64094143404488224,0.77025309591993019,0.2959186579122895
2023-03-23,learner,False,28,0.56102900930487143,0.83515787319270884,0.20421522113209525
2023-03-23,price_prior,False,28,0.56102900930487143,0.83515787319270884,0.20421522113209525
2023-03-24,learner,False,28,0.39354132457580737,0.72459501404583904,0.18997831147848987
2023-03-24,price_prior,False,28,0.39354132457580737,0.72459501404583904,0.18997831147848987
2023-03-27,learner,False,28,0.40284619594964427,0.67283567343460782,0.18430843885730966
2023-03-27,price_prior,False,28,0.40284619594964427,0.67283567343460782,0.18430843885730966
2023-03-28,learner,False,28,0.40722495894909688,0.65794971056056895,0.20468759837772485
2023-03-28,price_prior,False,28,0.40722495894909688,0.65794971056056895,0.20468759837772485
2023-03-29,learner,False,28,0.53256704980842917,0.66412097991823882,0.15405764321796012
2023-03-29,price_prior,False,28,0.53256704980842917,0.66412097991823882,0.15405764321796012
2023-03-30,learner,False,28,0.29064039408866993,0.4558651134173855,0.18644051641258086
2023-03-30,price_prior,False,28,0.29064039408866993,0.4558651134173855,0.18644051641258086
2023-03-31,learner,False,28,0.31417624521072801,0.58201225162572512,0.12982115252498991
2023-03-31,price_prior,False,28,0.31417624521072801,0.58201225162572512,0.12982115252498991
2023-04-03,learner,False,28,0.33223864258347019,0.48312773602650039,0.0938141604316962
2023-04-03,price_prior,False,28,0.33223864258347019,0.48312773602650039,0.0938141604316962
2023-04-04,learner,False,28,0.22441160372194854,0.42924914363023575,0.054933887275146094
2023-04-04,price_prior,False,28,0.22441160372194854,0.42924914363023575,0.054933887275146094
2023-04-06,learner,False,28,0.37547892720306514,0.38946666886584413,-0.010423819597463664
2023-04-06,price_prior,False,28,0.37547892720306514,0.38946666886584413,-0.010423819597463664
2023-04-07,learner,False,28,0.32567049808429116,0.32944315397974416,-0.039648358772966893
2023-04-07,price_prior,False,28,0.32567049808429116,0.32944315397974416,-0.039648358772966893
2023-04-10,learner,False,28,0.48330596606458676,0.30536174665873395,-0.010609721408484886
2023-04-10,price_prior,False,28,0.48330596606458676,0.30536174665873395,-0.010609721408484886
2023-04-11,learner,False,28,0.59222769567597144,0.35717885460994647,0.020591896066041126
2023-04-11,price_prior,False,28,0.59222769567597144,0.35717885460994647,0.020591896066041126
2023-04-12,learner,False,28,0.4772851669403394,0.3128385753461741,-0.029994907042326348
2023-04-12,price_prior,False,28,0.4772851669403394,0.3128385753461741,-0.029994907042326348
2023-04-13,learner,False,28,0.56650246305418717,0.43818281251076918,0.020479487916725853
2023-04-13,price_prior,False,28,0.56650246305418717,0.43818281251076918,0.020479487916725853
2023-04-14,learner,False,28,0.46031746031746029,0.46751330541116409,-0.017781772307951027
2023-04-14,price_prior,False,28,0.46031746031746029,0.46751330541116409,-0.017781772307951027
2023-04-17,learner,False,28,0.32183908045977005,0.23194662068685015,-0.010105179334350062
2023-04-17,price_prior,False,28,0.32183908045977005,0.23194662068685015,-0.010105179334350062
2023-04-18,learner,False,28,0.31527093596059114,0.32696996267970757,-0.046705629484719832
2023-04-18,price_prior,False,28,0.31527093596059114,0.32696996267970757,-0.046705629484719832
2023-04-19,learner,False,28,0.13574165298303231,0.28069639402093161,-0.073221373431710729
2023-04-19,price_prior,False,28,0.13574165298303231,0.28069639402093161,-0.073221373431710729
2023-04-20,learner,False,28,0.01477832512315271,0.10611521482623865,-0.15985736834623551
2023-04-20,price_prior,False,28,0.01477832512315271,0.10611521482623865,-0.15985736834623551
2023-04-21,learner,False,28,-0.0016420361247947454,0.13851265551195935,-0.12183116687076677
2023-04-21,price_prior,False,28,-0.0016420361247947454,0.13851265551195935,-0.12183116687076677
2023-04-24,learner,False,28,-0.11001642036124794,0.13585830366824464,-0.1211391481590116
2023-04-24,price_prior,False,28,-0.11001642036124794,0.13585830366824464,-0.1211391481590116
2023-04-25,learner,False,28,-0.18445539135194308,-0.076171273791447475,-0.073416412211700699
2023-04-25,price_prior,False,28,-0.18445539135194308,-0.076171273791447475,-0.073416412211700699
2023-04-26,learner,False,28,-0.15818281335522713,0.22608004829501382,-0.035183841240889177
2023-04-26,price_prior,False,28,-0.15818281335522713,0.22608004829501382,-0.035183841240889177
2023-04-27,learner,False,28,-0.10016420361247948,0.21267139753478254,-0.055660529315592462
2023-04-27,price_prior,False,28,-0.10016420361247948,0.21267139753478254,-0.055660529315592462
2023-04-28,learner,False,28,-0.15654077723043239,0.13620673703058842,-0.08775389115062264
2023-04-28,price_prior,False,28,-0.15654077723043239,0.13620673703058842,-0.08775389115062264
2023-05-04,learner,False,28,-0.17679255610290093,-0.067830805099407587,-0.042352291893607223
2023-05-04,price_prior,False,28,-0.17679255610290093,-0.067830805099407587,-0.042352291893607223
2023-05-05,learner,False,29,-0.17044334975369455,0.036303120123755681,0.0070880925571356231
2023-05-05,price_prior,False,29,-0.17044334975369455,0.036303120123755681,0.0070880925571356231
2023-05-08,learner,False,29,-0.15270935960591131,0.11257152586776439,0.020494900613439771
2023-05-08,price_prior,False,29,-0.15270935960591131,0.11257152586776439,0.020494900613439771
2023-05-09,learner,False,29,-0.11034482758620688,0.020542396754920436,0.032979234403954241
2023-05-09,price_prior,False,29,-0.11034482758620688,0.020542396754920436,0.032979234403954241
2023-05-10,learner,False,29,-0.17142857142857137,0.14602826340091921,0.061245336603628686
2023-05-10,price_prior,False,29,-0.17142857142857137,0.14602826340091921,0.061245336603628686
2023-05-11,learner,False,29,-0.17290640394088666,0.17811681144405739,0.076113893972319255
2023-05-11,price_prior,False,29,-0.17290640394088666,0.17811681144405739,0.076113893972319255
2023-05-12,learner,False,29,-0.13694581280788173,0.12469301402798977,0.075725653833430495
2023-05-12,price_prior,False,29,-0.13694581280788173,0.12469301402798977,0.075725653833430495
2023-05-15,learner,False,29,-0.11970443349753691,0.088804263214431384,0.032670120726501758
2023-05-15,price_prior,False,29,-0.11970443349753691,0.088804263214431384,0.032670120726501758
2023-05-16,learner,False,29,-0.10738916256157634,0.094177581020759127,0.027761672552677821
2023-05-16,price_prior,False,29,-0.10738916256157634,0.094177581020759127,0.027761672552677821
2023-05-17,learner,False,29,-0.035467980295566498,0.17977631640642561,-0.030403620985953041
2023-05-17,price_prior,False,29,-0.035467980295566498,0.17977631640642561,-0.030403620985953041
2023-05-18,learner,False,29,0.007881773399014776,0.13653185233727216,-0.064677055669345729
2023-05-18,price_prior,False,29,0.007881773399014776,0.13653185233727216,-0.064677055669345729
2023-05-19,learner,False,29,0.064039408866995065,0.20137084189051591,-0.093520758321488734
2023-05-19,price_prior,False,29,0.064039408866995065,0.20137084189051591,-0.093520758321488734
2023-05-22,learner,False,29,0.06650246305418718,0.19886791927213893,-0.092412134320786432
2023-05-22,price_prior,False,29,0.06650246305418718,0.19886791927213893,-0.092412134320786432
2023-05-23,learner,False,29,0.1906403940886699,0.23869641941131792,-0.068614355993922543
2023-05-23,price_prior,False,29,0.1906403940886699,0.23869641941131792,-0.068614355993922543
2023-05-24,learner,False,29,0.11822660098522166,0.049721798084306636,-0.12951822504128971
2023-05-24,price_prior,False,29,0.11822660098522166,0.049721798084306636,-0.12951822504128971
2023-05-25,learner,False,29,0.10591133004926105,0.052215079171433747,-0.14533400858249293
2023-05-25,price_prior,False,29,0.10591133004926105,0.052215079171433747,-0.14533400858249293
2023-05-26,learner,False,29,0.022167487684729058,0.043024968507079861,-0.15931112786458093
2023-05-26,price_prior,False,29,0.022167487684729058,0.043024968507079861,-0.15931112786458093
2023-05-29,learner,False,29,-0.042364532019704422,-0.031262419702559718,-0.19502070700127969
2023-05-29,price_prior,False,29,-0.042364532019704422,-0.031262419702559718,-0.19502070700127969
2023-05-30,learner,False,29,-0.063546798029556636,-0.070406437619298851,-0.20274342185829949
2023-05-30,price_prior,False,29,-0.063546798029556636,-0.070406437619298851,-0.20274342185829949
2023-05-31,learner,False,29,-0.089655172413793088,-0.18265569191178088,-0.23699653655109112
2023-05-31,price_prior,False,29,-0.089655172413793088,-0.18265569191178088,-0.23699653655109112
2023-06-01,learner,False,30,-0.12302558398220245,-0.18089571095281209,-0.23384254820565881
2023-06-01,price_prior,False,30,-0.12302558398220245,-0.18089571095281209,-0.23384254820565881
2023-06-02,learner,False,30,-0.082536151279199096,-0.089344805848054654,-0.17790322106904294
2023-06-02,price_prior,False,30,-0.082536151279199096,-0.089344805848054654,-0.17790322106904294
2023-06-05,learner,False,30,-0.067408231368186883,-0.10098516156213083,-0.14667739308706229
2023-06-05,price_prior,False,30,-0.067408231368186883,-0.10098516156213083,-0.14667739308706229
2023-06-06,learner,False,30,0.026918798665183537,-0.096465070631070973,-0.1151917310321513
2023-06-06,price_prior,False,30,0.026918798665183537,-0.096465070631070973,-0.1151917310321513
2023-06-07,learner,False,30,0.0082313681868743035,-0.12834849760957856,-0.11680425290326847
2023-06-07,price_prior,False,30,0.0082313681868743035,-0.12834849760957856,-0.11680425290326847
2023-06-08,learner,False,30,-0.10077864293659622,-0.10941033755790255,-0.097161857630910162
2023-06-08,price_prior,False,30,-0.10077864293659622,-0.10941033755790255,-0.097161857630910162
2023-06-09,learner,False,30,-0.2992213570634038,-0.19815569075777845,-0.12124022198845717
2023-06-09,price_prior,False,30,-0.2992213570634038,-0.19815569075777845,-0.12124022198845717
2023-06-12,learner,False,30,-0.45939933259176863,-0.21407086168119169,-0.094056462237172997
2023-06-12,price_prior,False,30,-0.45939933259176863,-0.21407086168119169,-0.094056462237172997
2023-06-13,learner,False,30,-0.48253615127919908,-0.30377161999659164,-0.1692013534701273
2023-06-13,price_prior,False,30,-0.48253615127919908,-0.30377161999659164,-0.1692013534701273
2023-06-14,learner,False,30,-0.7228031145717464,-0.42195609146857699,-0.18670078002154292
2023-06-14,price_prior,False,30,-0.7228031145717464,-0.42195609146857699,-0.18670078002154292
2023-06-15,learner,False,31,-0.64677419354838717,-0.341532586796925,-0.15402611857376972
2023-06-15,price_prior,False,31,-0.64677419354838717,-0.341532586796925,-0.15402611857376972
2023-06-16,learner,False,31,-0.66048387096774197,-0.41578393693928906,-0.18648687098685693
2023-06-16,price_prior,False,31,-0.66048387096774197,-0.41578393693928906,-0.18648687098685693
2023-06-19,learner,True,31,-0.52379032258064517,-0.53064993434924257,-0.21504102463346325
2023-06-19,price_prior,True,31,-0.71048387096774201,-0.53064993434924257,-0.21504102463346325
2023-06-20,learner,True,31,-0.6411290322580645,-0.56460526905432318,-0.2164844572538934
2023-06-20,price_prior,True,31,-0.74596774193548387,-0.56460526905432329,-0.2164844572538934
2023-06-21,learner,True,31,-0.63387096774193552,-0.41794557777623098,-0.15593469075921798
2023-06-21,price_prior,True,31,-0.72782258064516137,-0.51525857141492959,-0.15593469075921798
2023-06-26,learner,True,31,-0.67983870967741944,-0.4203119512605682,-0.16693250352533462
2023-06-26,price_prior,True,31,-0.70645161290322589,-0.50518748491325971,-0.16693250352533462
2023-06-27,learner,True,31,-0.65846774193548385,-0.36467538868341043,-0.16967255452385799
2023-06-27,price_prior,True,31,-0.67056451612903223,-0.41816611582829033,-0.16967255452385799
2023-06-28,learner,True,31,-0.67150636574023492,-0.3610089198918881,-0.18180338024690479
2023-06-28,price_prior,True,31,-0.69677419354838721,-0.41297652571964111,-0.18180338024690479
2023-06-29,learner,True,31,-0.63870967741935492,-0.33197698349648469,-0.18090480380169105
2023-06-29,price_prior,True,31,-0.62016129032258072,-0.42177923504475806,-0.18090480380169105
2023-06-30,learner,True,31,-0.55241935483870963,-0.3363472538907617,-0.16789638112766234
2023-06-30,price_prior,True,31,-0.62177419354838714,-0.3363472538907617,-0.16789638112766234
2023-07-03,learner,True,31,-0.24717741935483872,-0.21128209268352885,-0.16082185324362516
2023-07-03,price_prior,True,31,-0.41895161290322586,-0.31378176294423399,-0.16082185324362516
2023-07-04,learner,True,31,-0.13911290322580647,-0.23228637957061302,-0.1687939955705576
2023-07-04,price_prior,True,31,-0.26008064516129037,-0.27629353318930666,-0.1687939955705576
2023-07-05,learner,True,31,-0.14112903225806453,-0.20220313119619629,-0.14086259204665849
2023-07-05,price_prior,True,31,-0.10322580645161292,-0.20220313119619626,-0.14086259204665849
2023-07-06,learner,True,31,-0.16612903225806452,-0.2262391779945111,-0.12371526501087698
2023-07-06,price_prior,True,31,-0.342741935483871,-0.19909342566707813,-0.12371526501087698
2023-07-07,learner,True,31,-0.080645161290322592,-0.25685628528629634,-0.12577797814108388
2023-07-07,price_prior,True,31,-0.25806451612903231,-0.26149833215609497,-0.12577797814108388
2023-07-10,learner,True,31,-0.060691602284440052,-0.24082999884020398,-0.11686322973257582
2023-07-10,price_prior,True,31,-0.35282258064516137,-0.25975574091244563,-0.11686322973257582
2023-07-11,learner,True,31,-0.016130658414469118,-0.17550727922296555,-0.13199410752660001
2023-07-11,price_prior,True,31,-0.39193548387096777,-0.2572804649370059,-0.13199410752660001
2023-07-12,learner,True,31,-0.23588709677419356,-0.17659604579682642,-0.096517051608314752
2023-07-12,price_prior,True,31,-0.39637096774193553,-0.21932593038955023,-0.096517051608314752
2023-07-13,learner,True,31,-0.55846774193548387,-0.36216598273403677,-0.14480031579170752
2023-07-13,price_prior,True,31,-0.61612903225806448,-0.36216598273403677,-0.14480031579170752
2023-07-14,learner,True,31,-0.39637096774193553,-0.36877789246529663,-0.16683438476346449
2023-07-14,price_prior,True,31,-0.6157258064516129,-0.36731882884467559,-0.16683438476346449
2023-07-17,learner,True,31,-0.46169354838709675,-0.36124148009321921,-0.15008606742025504
2023-07-17,price_prior,True,31,-0.69516129032258078,-0.38685283442372742,-0.15008606742025504
2023-07-18,learner,True,31,-0.57217741935483879,-0.42514776697463308,-0.14772205246954465
2023-07-18,price_prior,True,31,-0.63387096774193552,-0.39041813084662796,-0.14772205246954465
2023-07-19,learner,True,31,-0.52943548387096784,-0.40173685534565939,-0.13760693626772014
2023-07-19,price_prior,True,31,-0.62137096774193556,-0.3989470445279279,-0.13760693626772014
2023-07-20,learner,True,31,-0.51733870967741946,-0.23903719013514241,-0.12676476074531834
2023-07-20,price_prior,True,31,-0.46008064516129032,-0.32506423152115183,-0.12676476074531834
2023-07-21,learner,True,31,-0.32056451612903225,-0.2339301209289357,-0.14374128891537608
2023-07-21,price_prior,True,31,-0.42701612903225805,-0.30933459942249958,-0.14374128891537608
2023-07-24,learner,True,31,-0.45604838709677431,-0.2946167061972913,-0.12439558944069486
2023-07-24,price_prior,True,31,-0.52217741935483875,-0.31976248167224114,-0.12439558944069486
2023-07-25,learner,True,31,-0.43109184612668722,-0.29955848319113371,-0.13699980287596886
2023-07-25,price_prior,True,31,-0.61169354838709677,-0.38236865401098552,-0.13699980287596886
2023-07-26,learner,True,31,-0.34959677419354845,-0.23123467658569491,-0.11616693394140211
2023-07-26,price_prior,True,31,-0.53064516129032269,-0.35211631504072205,-0.11616693394140211
2023-07-27,learner,True,31,-0.45266660175603957,-0.23070239101861836,-0.084813488199743797
2023-07-27,price_prior,True,31,-0.62620967741935485,-0.34065937935684454,-0.084813488199743797
2023-07-28,learner,True,31,-0.54596774193548392,-0.16855770084727095,-0.043116054183081488
2023-07-28,price_prior,True,31,-0.66129032258064524,-0.2768827613497386,-0.043116054183081488
2023-07-31,learner,True,31,-0.49516129032258066,-0.21447966225083376,-0.062423691393772504
2023-07-31,price_prior,True,31,-0.57016129032258067,-0.31710672711487509,-0.062423691393772504
2023-08-01,learner,True,31,-0.57540322580645165,-0.37993833935490162,-0.075914893282350696
2023-08-01,price_prior,True,31,-0.57217741935483879,-0.37993833935490162,-0.075914893282350696
2023-08-02,learner,True,31,-0.27341466012525156,-0.35923535531056261,-0.10678306986103876
2023-08-02,price_prior,True,31,-0.4907258064516129,-0.37775502793458771,-0.10678306986103876
2023-08-03,learner,True,31,-0.31740270861115016,-0.25147532632324354,-0.078758549185686769
2023-08-03,price_prior,True,31,-0.39556451612903237,-0.31732473169904574,-0.078758549185686769
2023-08-04,learner,True,31,-0.27173698742884816,-0.13125775935644302,-0.069867602513067978
2023-08-04,price_prior,True,31,-0.47258064516129034,-0.35990142355498644,-0.069867602513067978
2023-08-07,learner,True,31,-0.23580436684643241,-0.1120341603692141,-0.046372758362310765
2023-08-07,price_prior,True,31,-0.45080645161290328,-0.27369752901039984,-0.046372758362310765
2023-08-08,learner,True,31,-0.2975890987079759,-0.2530380913215815,-0.017368961020526194
2023-08-08,price_prior,True,31,-0.3415322580645162,-0.22105840829516368,-0.017368961020526194
2023-08-09,learner,True,31,-0.047787075552864759,-0.038524820219330444,-0.0020800028729936553
2023-08-09,price_prior,True,31,-0.4467741935483871,-0.14776211876694539,-0.0020800028729936553
2023-08-10,learner,True,31,0.020971970581677008,-0.10868499725708017,-0.0053298928393559208
2023-08-10,price_prior,True,31,-0.49233870967741944,-0.17449643326571371,-0.0053298928393559208
2023-08-11,learner,True,31,-0.14277072280603195,-0.05172285019692266,0.034556778281558356
2023-08-11,price_prior,True,31,-0.4375,-0.11989913189996865,0.034556778281558356
2023-08-14,learner,True,31,-0.047787075552864759,-0.082722609770851496,0.030347875567022779
2023-08-14,price_prior,True,31,-0.42701612903225805,-0.14383891110903851,0.030347875567022779
2023-08-15,learner,True,31,0.032899404669428894,-0.031514870172283882,0.06668298893687101
2023-08-15,price_prior,True,31,-0.48225806451612907,-0.10830313257809472,0.06668298893687101
2023-08-16,learner,True,31,-0.061498135205163514,-0.052052694479164704,0.067100207900171668
2023-08-16,price_prior,True,31,-0.49677419354838714,-0.13658018066505551,0.067100207900171668
2023-08-17,learner,True,31,-0.14448598430260548,-0.039236200645765267,0.078012519035126071
2023-08-17,price_prior,True,31,-0.4838709677419355,-0.09203255460863792,0.078012519035126071
2023-08-18,learner,True,31,-0.25557239760002559,0.0036252369913674469,0.10714995834960427
2023-08-18,price_prior,True,31,-0.41169354838709682,-0.037022293846756045,0.10714995834960427
2023-08-21,learner,True,31,-0.22713529649195241,0.026370414647130774,0.078793335249543683
2023-08-21,price_prior,True,31,-0.45725806451612905,-3.4741428307505373e-05,0.078793335249543683
2023-08-22,learner,True,31,-0.1009286166162594,-0.0086858572582735188,0.057203169483518314
2023-08-22,price_prior,True,31,-0.44475806451612904,-0.14982771522716473,0.057203169483518314
2023-08-23,learner,True,31,0.034886066448366559,-0.029404154871497758,0.081567953806484086
2023-08-23,price_prior,True,31,-0.49032258064516138,-0.13543399225233252,0.081567953806484086
2023-08-24,learner,True,31,-0.0078676633331292347,-0.017628316803173748,0.065146835488976457
2023-08-24,price_prior,True,31,-0.38145161290322582,-0.022984727481677666,0.065146835488976457
2023-08-25,learner,True,31,-0.17525462130933106,-0.11435974111833565,0.047408768604236644
2023-08-25,price_prior,True,31,-0.3842741935483871,-0.07120490584760264,0.047408768604236644
2023-08-28,learner,True,31,-0.031464302680987745,0.14049512803991446,0.11786192768359036
2023-08-28,price_prior,True,31,-0.467741935483871,-0.042367156621294193,0.11786192768359036
2023-08-29,learner,True,31,0.1363639146292292,0.037528386990855256,0.049616231473533903
2023-08-29,price_prior,True,31,-0.39798387096774196,-0.037037841287782897,0.049616231473533903
2023-08-30,learner,True,31,0.26750055332639394,0.069616375148551554,0.03729926196471945
2023-08-30,price_prior,True,31,-0.31854838709677424,-0.032075433074411658,0.03729926196471945
2023-08-31,learner,True,31,0.11393426325622606,0.023260873187069132,0.026312259052124223
2023-08-31,price_prior,True,31,-0.31209677419354842,-0.031825552541648802,0.026312259052124223
2023-09-01,learner,True,32,-0.0098973607038123149,0.025951441216305288,0.025491116563023157
2023-09-01,price_prior,True,32,-0.22030791788856302,-0.012229827405826437,0.025491116563023157
2023-09-04,learner,True,32,0.0073320502553380542,-0.034861068763365081,0.00051452461610313957
2023-09-04,price_prior,True,32,-0.14956011730205276,-0.032718654440228589,0.00051452461610313957
2023-09-05,learner,True,32,-0.18293465387068444,-0.01998226203680779,0.00052747705232893995
2023-09-05,price_prior,True,32,-0.098240469208211126,-0.014178378980831153,0.00052747705232893995
2023-09-06,learner,True,32,-0.29713133659757462,-0.1092148010755353,-0.036721312762906681
2023-09-06,price_prior,True,32,-0.047287390029325513,-0.039619147309845532,-0.036721312762906681
2023-09-07,learner,True,32,-0.55571847507331362,-0.07246106667314231,0.045188083406425349
2023-09-07,price_prior,True,32,0.10960410557184749,0.10475946559865197,0.045188083406425349
2023-09-08,learner,True,32,-0.48666483569806335,-0.056223696367332675,0.050344359692071475
2023-09-08,price_prior,True,32,0.03115835777126099,0.10307096048775814,0.050344359692071475
2023-09-11,learner,True,32,-0.31928152492668621,-0.034475404956717172,0.0309282983356838
2023-09-11,price_prior,True,32,0.065615835777126097,0.08118779735582525,0.0309282983356838
2023-09-12,learner,True,32,-0.30571847507331379,-0.020538680634077634,0.020594423578063417
2023-09-12,price_prior,True,32,-0.0098973607038123149,0.038497751795007515,0.020594423578063417
2023-09-13,learner,True,32,-0.16443629973823495,-0.0050656277959980189,0.024126685480295437
2023-09-13,price_prior,True,32,-0.18328445747800584,0.010536465311867865,0.024126685480295437
2023-09-14,learner,True,32,-0.31837805930704832,-0.040403027070881642,0.016993061494636152
2023-09-14,price_prior,True,32,-0.37060117302052781,0.028096643806830496,0.016993061494636152
2023-09-15,learner,True,32,-0.33409795929064212,-0.073106329544574702,0.012511389944692849
2023-09-15,price_prior,True,32,-0.32368035190615835,-0.073504171462932366,0.012511389944692849
2023-09-18,learner,True,32,-0.46661278530833517,-0.073736876689272354,0.033853131682174138
2023-09-18,price_prior,True,32,-0.43328445747800581,-0.057189142859619749,0.033853131682174138
2023-09-19,learner,True,32,-0.262289138824357,-0.016877930444914487,0.025973882084271212
2023-09-19,price_prior,True,32,-0.30168621700879761,-0.023382811330639186,0.025973882084271212
2023-09-20,learner,True,32,-0.15517245555622802,-0.0003136396533234137,0.05105237219773389
2023-09-20,price_prior,True,32,-0.28519061583577709,-0.014483853544223192,0.05105237219773389
2023-09-21,learner,True,32,0.038151147465361024,0.020277657915767987,0.033451677716220068
2023-09-21,price_prior,True,32,-0.25623167155425219,-0.021229473801566201,0.033451677716220068
2023-09-22,learner,True,32,-0.23022637801761489,-0.074397737161150473,-0.026511258741425219
2023-09-22,price_prior,True,32,-0.30095307917888564,-0.090006486727036733,-0.026511258741425219
2023-09-25,learner,True,32,-0.27901008718126374,-0.12347026005706348,-0.046990038907331576
2023-09-25,price_prior,True,32,-0.39552785923753658,-0.16451356476939005,-0.046990038907331576
2023-09-26,learner,True,32,-0.054832210755436997,-0.12913254618685938,-0.022747835936618145
2023-09-26,price_prior,True,32,-0.42778592375366564,-0.10653155423913975,-0.022747835936618145
2023-09-27,learner,True,32,-0.040261238634251219,-0.068101105188033723,-0.015606281116805596
2023-09-27,price_prior,True,32,-0.47873900293255128,-0.16719838053206537,-0.015606281116805596
2023-09-28,learner,True,32,-0.21573022508171896,-0.092703966659647807,-0.017028023047954054
2023-09-28,price_prior,True,32,-0.5,-0.12915297772585202,-0.017028023047954054
2023-10-09,learner,True,32,-0.3143198377082837,-0.13947329065986394,-0.041232822950815956
2023-10-09,price_prior,True,32,-0.47983870967741932,-0.12608481965543111,-0.041232822950815956
2023-10-10,learner,True,32,-0.48813982077200002,-0.13638856230060109,-0.060342109733786842
2023-10-10,price_prior,True,32,-0.40652492668621698,-0.12951033430314748,-0.060342109733786842
2023-10-11,learner,True,32,-0.51621335697496917,-0.16801584203543132,-0.08213568637615537
2023-10-11,price_prior,True,32,-0.42082111436950143,-0.13882082342469146,-0.08213568637615537
2023-10-12,learner,True,32,-0.48527682719590787,-0.21965403947687323,-0.10462541596704193
2023-10-12,price_prior,True,32,-0.42082111436950143,-0.20327573860749384,-0.10462541596704193
2023-10-13,learner,True,32,-0.33232374554681515,-0.25049737647760245,-0.13377629030600102
2023-10-13,price_prior,True,32,-0.38819648093841641,-0.23349735144453249,-0.13377629030600102
2023-10-16,learner,True,32,-0.55424339053415528,-0.20151762317878502,-0.11103054821875932
2023-10-16,price_prior,True,32,-0.44831378299120234,-0.24970227469561423,-0.11103054821875932
2023-10-17,learner,True,32,-0.52491561156291533,-0.24200456927241135,-0.13144988185178141
2023-10-17,price_prior,True,32,-0.38782991202346034,-0.18314193286951191,-0.13144988185178141
2023-10-18,learner,True,32,-0.34877551928144457,-0.10058002951747227,-0.089714729993665115
2023-10-18,price_prior,True,32,-0.4490469208211143,-0.20979578142147115,-0.089714729993665115
2023-10-19,learner,True,32,-0.35948671548124717,-0.14143882487063969,-0.11422272968335707
2023-10-19,price_prior,True,32,-0.23093841642228732,-0.20411155650836554,-0.11422272968335707
2023-10-20,learner,True,32,-0.20871164318271015,-0.17108142261100903,-0.082010622966567873
2023-10-20,price_prior,True,32,-0.20491202346041054,-0.11422799610151169,-0.082010622966567873
2023-10-23,learner,True,32,-0.26698453341692852,-0.048414212706292474,-0.061443449307295311
2023-10-23,price_prior,True,32,-0.32917888563049852,-0.12811473026697862,-0.061443449307295311
2023-10-24,learner,True,32,-0.21520972336514177,-0.1338815327514748,-0.11455655605620529
2023-10-24,price_prior,True,32,-0.30681818181818177,-0.20009092642180443,-0.11455655605620529
2023-10-25,learner,True,32,-0.24981671574027395,-0.072757116731840196,-0.06374276496876019
2023-10-25,price_prior,True,32,-0.26466275659824046,-0.19530284852915097,-0.06374276496876019
2023-10-26,learner,True,32,-0.22189620402410329,-0.091144903968396002,-0.080476474391428202
2023-10-26,price_prior,True,32,-0.29288856304985333,-0.20859624715123043,-0.080476474391428202
2023-10-27,learner,True,32,-0.24805207648018482,-0.14201925954247985,-0.13752476013143636
2023-10-27,price_prior,True,32,-0.36326979472140758,-0.27940490839452181,-0.13752476013143636
2023-10-30,learner,True,32,-0.16853110931186155,-0.10376964423445945,-0.15393803987698804
2023-10-30,price_prior,True,32,-0.43878299120234598,-0.27120601218218332,-0.15393803987698804
2023-10-31,learner,True,32,-0.2137684561536552,-0.15757518138600618,-0.14705000355741926
2023-10-31,price_prior,True,32,-0.49156891495601163,-0.30262238961036575,-0.14705000355741926
2023-11-01,learner,True,32,-0.18535155160492744,-0.10093188128420662,-0.11799313137410157
2023-11-01,price_prior,True,32,-0.43438416422287385,-0.25431824658256397,-0.11799313137410157
2023-11-02,learner,True,32,-0.16649859638912851,-0.057892108315869689,-0.13052888172677729
2023-11-02,price_prior,True,32,-0.38453079178885624,-0.28297749078952295,-0.13052888172677729
2023-11-03,learner,True,32,-0.18116807624720149,-0.21784850240037579,-0.20869780109207589
2023-11-03,price_prior,True,32,-0.3991935483870967,-0.25745984539209044,-0.20869780109207589
2023-11-06,learner,True,32,-0.10065084256291314,-0.1868692814778381,-0.26985785255571321
2023-11-06,price_prior,True,32,-0.3574046920821114,-0.35584993132489356,-0.26985785255571321
2023-11-07,learner,True,32,0.057750483437737032,-0.16746369101193628,-0.32827141110538627
2023-11-07,price_prior,True,32,-0.14149560117302051,-0.33517869454560817,-0.32827141110538627
2023-11-08,learner,True,32,-0.18675480246894394,-0.28362448045706884,-0.32164749356866007
2023-11-08,price_prior,True,32,-0.34824046920821111,-0.43775878632056398,-0.32164749356866007
2023-11-09,learner,True,32,-0.21999857259312122,-0.43015474002490428,-0.35785116126731265
2023-11-09,price_prior,True,32,-0.22434017595307917,-0.4762220008315331,-0.35785116126731265
2023-11-10,learner,True,32,-0.035747021682224989,-0.41030926901708142,-0.4114052237166379
2023-11-10,price_prior,True,32,-0.10960410557184749,-0.59400510390084238,-0.4114052237166379
2023-11-13,learner,True,32,-0.017048579571522688,-0.34176652757442244,-0.32205790181076122
2023-11-13,price_prior,True,32,0.013196480938416419,-0.24200599475147211,-0.32205790181076122
2023-11-14,learner,True,32,0.014852848356298907,-0.37078108598438086,-0.32630568458064835
2023-11-14,price_prior,True,32,-0.027859237536656891,-0.46625863638007431,-0.32630568458064835
2023-11-15,learner,True,32,0.008990831136604982,-0.33498001542621142,-0.26002437703957088
2023-11-15,price_prior,True,32,-0.13599706744868034,-0.37147454514424777,-0.26002437703957088
2023-11-16,learner,True,32,-0.097717484674012187,-0.28617505879404409,-0.19428977956262294
2023-11-16,price_prior,True,32,-0.086143695014662749,-0.13938682367273278,-0.19428977956262294
2023-11-17,learner,True,32,-0.18056828901021341,-0.29714966918737434,-0.22397405803791109
2023-11-17,price_prior,True,32,-0.028592375366568914,-0.18146148322276229,-0.22397405803791109
2023-11-20,learner,True,32,-0.33027859237536655,-0.28567710026422188,-0.22648366391200803
2023-11-20,price_prior,True,32,-0.2005131964809384,-0.28598642226496862,-0.22648366391200803
2023-11-21,learner,True,32,-0.067491990062598706,-0.24424316849512631,-0.17959903462127236
2023-11-21,price_prior,True,32,-0.064882697947214074,-0.37301133811294196,-0.17959903462127236
2023-11-22,learner,True,32,0.2142333665362581,-0.22257384392021298,-0.14784313959959233
2023-11-22,price_prior,True,32,-0.24193548387096772,-0.34916476816095277,-0.14784313959959233
2023-11-23,learner,True,32,0.24802933505666874,-0.18960748936752114,-0.14005574581813168
2023-11-23,price_prior,True,32,-0.19684750733137826,-0.31500362891780015,-0.14005574581813168
2023-11-24,learner,True,32,0.10987805265983892,-0.16395892243190635,-0.062154938555351369
2023-11-24,price_prior,True,32,-0.39076246334310843,-0.22754257130271319,-0.062154938555351369
2023-11-27,learner,True,32,-0.12625020449754998,-0.14602409530808955,-0.15295236700276832
2023-11-27,price_prior,True,32,-0.29912023460410553,-0.35102950746329697,-0.15295236700276832
2023-11-28,learner,True,32,-0.046208861552929935,-0.020509044428445596,-0.088986039659754212
2023-11-28,price_prior,True,32,-0.30351906158357767,-0.20765288309126964,-0.088986039659754212
2023-11-29,learner,True,32,-0.087658183080598265,0.049321306895647017,-0.0619093768016966
2023-11-29,price_prior,True,32,-0.2884897360703812,-0.17740002336657046,-0.0619093768016966
2023-11-30,learner,True,32,0.050050418979372104,0.015314543252235857,-0.040390362722455594
2023-11-30,price_prior,True,32,-0.10153958944281524,-0.011860854212100633,-0.040390362722455594
2023-12-01,learner,True,32,0.17018157719413221,-0.095370824564290496,-0.07903085391101089
2023-12-01,price_prior,True,32,0.16642228739002932,0.032418753626158835,-0.07903085391101089
2023-12-04,learner,True,32,0.041242782686276555,-0.043294194510571128,-0.078826537090366119
2023-12-04,price_prior,True,32,0.27089442815249265,0.054065598595952641,-0.078826537090366119
2023-12-05,learner,True,32,-0.088901109345973908,-0.041715493258697084,-0.07573921413778828
2023-12-05,price_prior,True,32,0.20454545454545453,0.10320967507418241,-0.07573921413778828
2023-12-06,learner,True,32,0.084142989498160362,-0.0085958632371197028,-0.044256937893450442
2023-12-06,price_prior,True,32,0.24816715542521994,0.14156796692573292,-0.044256937893450442
2023-12-07,learner,True,32,0.10356520985665002,0.079495514232346895,-0.02763216675766534
2023-12-07,price_prior,True,32,0.34530791788856302,0.076619074045136057,-0.02763216675766534
2023-12-08,learner,True,32,0.2551319648093841,0.1121428998664892,-0.055861721974863651
2023-12-08,price_prior,True,32,0.35813782991202342,0.041089674815266777,-0.055861721974863651
2023-12-11,learner,True,32,0.32939235772106207,-0.025715864390418355,-0.0870421263773975
2023-12-11,price_prior,True,32,0.42741935483870963,0.014988537012924887,-0.0870421263773975
2023-12-12,learner,True,32,0.27039413836554793,0.11483088347064821,-0.083621826730086252
2023-12-12,price_prior,True,32,0.35263929618768325,0.02574082893000023,-0.083621826730086252
2023-12-13,learner,True,32,0.33590027927681648,0.1703430971801233,-0.061853472877810206
2023-12-13,price_prior,True,32,0.059017595307917885,0.053279011610484955,-0.061853472877810206
2023-12-14,learner,True,32,0.20243882204140731,0.027275812767618465,-0.029969555412719933
2023-12-14,price_prior,True,32,0.094941348973607037,0.10617705224555041,-0.029969555412719933
2023-12-15,learner,True,32,0.10632447474713075,0.031660898433295157,-0.019730732995355799
2023-12-15,price_prior,True,32,-0.25073313782991197,0.099589017791771983,-0.019730732995355799
2023-12-18,learner,True,32,0.23875163504107469,0.22580267435267973,-0.0042950548399591643
2023-12-18,price_prior,True,32,-0.1033724340175953,0.095791751487899521,-0.0042950548399591643
2023-12-19,learner,True,32,0.13625529294745714,0.21750908359037946,-0.0079973198000475136
2023-12-19,price_prior,True,32,-0.046187683284457479,0.093983128580457737,-0.0079973198000475136
2023-12-20,learner,True,32,0.14924826819395667,0.26189673644447914,0.019208193327048307
2023-12-20,price_prior,True,32,-0.021260997067448679,0.12868524219062188,0.019208193327048307
2023-12-21,learner,True,32,0.15525616415678328,0.28114594942976251,-0.031295328888581241
2023-12-21,price_prior,True,32,0.09567448680351906,0.052546226515283442,-0.031295328888581241
2023-12-22,learner,True,32,0.18075160707012225,0.17176875199307781,-0.037883512294573082
2023-12-22,price_prior,True,32,0.098240469208211126,0.065639510381221344,-0.037883512294573082
2023-12-25,learner,True,32,0.25185592627086217,0.050188879212998777,-0.073193680455401963
2023-12-25,price_prior,True,32,-0.0058651026392961877,0.032011977234904454,-0.073193680455401963
2023-12-26,learner,True,32,0.25630214554271868,0.11402934077176291,-0.035434484006854755
2023-12-26,price_prior,True,32,-0.021627565982404687,0.068417669336203663,-0.035434484006854755
2023-12-27,learner,True,32,-0.038859866353291687,0.044987725229452928,-0.045698282076267742
2023-12-27,price_prior,True,32,-0.12023460410557184,-0.10105333575247839,-0.045698282076267742
2023-12-28,learner,True,32,0.1006323897545148,-0.038725057388755951,-0.041575287983038743
2023-12-28,price_prior,True,32,-0.12170087976539588,-0.086487482640562829,-0.041575287983038743
2023-12-29,learner,True,32,0.018328445747800584,-0.10971393614692271,-0.074276442699182529
2023-12-29,price_prior,True,32,-0.095307917888563035,-0.12197940225826763,-0.074276442699182529
2024-01-02,learner,True,32,0.1581889842589185,-0.056670689127394633,-0.066653221866280934
2024-01-02,price_prior,True,32,-0.059017595307917885,-0.12094885732063136,-0.066653221866280934
2024-01-03,learner,True,32,0.11620234604105568,-0.059749508278914065,-0.066970047622881085
2024-01-03,price_prior,True,32,-0.16752199413489735,-0.16968510692503475,-0.066970047622881085
2024-01-04,learner,True,32,-0.0082485565372553103,-0.066161242709255219,-0.04795305469340206
2024-01-04,price_prior,True,32,-0.064882697947214074,-0.10423296739709866,-0.04795305469340206
2024-01-05,learner,True,32,0.048024929172464252,-0.028920465522493947,-0.058920035524668866
2024-01-05,price_prior,True,32,-0.17595307917888561,-0.16747352394773923,-0.058920035524668866
2024-01-08,learner,True,32,0.11529649026519088,0.019081998949567837,-0.033961247198849791
2024-01-08,price_prior,True,32,-0.12939882697947214,-0.16036055265459867,-0.033961247198849791
2024-01-09,learner,True,32,0.080315402222949653,0.010434417113609616,-0.0087796664666083997
2024-01-09,price_prior,True,32,-0.15689149560117299,-0.14838914643536572,-0.0087796664666083997
2024-01-10,learner,True,32,0.13929618768328444,-0.048881813003825735,0.012761942350271584
2024-01-10,price_prior,True,32,-0.11510263929618768,-0.12776210463607826,0.012761942350271584
2024-01-11,learner,True,32,-0.014678907978130583,-0.11051352659071044,-0.047407303611931323
2024-01-11,price_prior,True,32,-0.039222873900293248,-0.13306946029245226,-0.047407303611931323
2024-01-12,learner,True,32,-0.019433496013968654,0.080674760297546666,0.025215595472071757
2024-01-12,price_prior,True,32,-0.2162756598240469,-0.082238252892393546,0.025215595472071757
2024-01-15,learner,True,32,0.049674640479915315,-0.0033111545460083377,0.015884550064991107
2024-01-15,price_prior,True,32,0.00073313782991202346,0.075948013644981119,0.015884550064991107
2024-01-16,learner,True,32,0.00018338532025229763,-0.069075930260745738,-0.019048008306462381
2024-01-16,price_prior,True,32,-0.11253665689149558,0.12062598169032679,-0.019048008306462381
2024-01-17,learner,True,32,-0.093198932522206221,0.0056926673165958123,0.0091821884877237477
2024-01-17,price_prior,True,32,0.098607038123167151,0.11790326889030164,0.0091821884877237477
2024-01-18,learner,True,32,-0.079574629479333164,-0.021030355232809453,-0.022864809688624324
2024-01-18,price_prior,True,32,0.16239002932551316,0.25879105161719379,-0.022864809688624324
2024-01-19,learner,True,32,-0.08072657994941379,-0.051123232755134806,0.01331938642209428
2024-01-19,price_prior,True,32,0.1722873900293255,0.33313118034723932,0.01331938642209428
2024-01-22,learner,True,32,-0.13291738356514896,-0.015813296322242931,0.065834896863337294
2024-01-22,price_prior,True,32,0.17118768328445746,0.33711416451051335,0.065834896863337294
2024-01-23,learner,True,32,-0.20023934487641154,0.023193790075727593,0.082133186261947738
2024-01-23,price_prior,True,32,0.21774193548387094,0.38086207616363543,0.082133186261947738
2024-01-24,learner,True,32,-0.14542808211231437,0.098167975463260893,0.12766254093924484
2024-01-24,price_prior,True,32,0.23826979472140761,0.42452279320099962,0.12766254093924484
2024-01-25,learner,True,32,-0.14094340864660468,0.08175618831484803,0.090703473108107183
2024-01-25,price_prior,True,32,0.29912023460410553,0.3974105433202238,0.090703473108107183
2024-01-26,learner,True,32,-0.17636814307016835,0.13993872419514763,0.12236104805220943
2024-01-26,price_prior,True,32,0.26099706744868034,0.4098811775460412,0.12236104805220943
2024-01-29,learner,True,32,-0.14043450893113199,0.20565803252823311,0.16245718212928853
2024-01-29,price_prior,True,32,0.18218475073313781,0.39728110107948766,0.16245718212928853
2024-01-30,learner,True,32,-0.16681973757781726,0.20685970399092143,0.198241957960332
2024-01-30,price_prior,True,32,0.18255131964809382,0.5092218275406305,0.198241957960332
2024-01-31,learner,True,32,-0.17976361899600951,0.29909863361024613,0.252309497860354
2024-01-31,price_prior,True,32,0.11986803519061583,0.38657110959037377,0.252309497860354
2024-02-01,learner,True,32,-0.19468364702813534,0.22083818173446415,0.19335154846424002
2024-02-01,price_prior,True,32,0.13159824046920821,0.37346500878606265,0.19335154846424002
2024-02-02,learner,True,32,-0.11839565688231517,0.31111875850001036,0.24067782400039084
2024-02-02,price_prior,True,32,0.059017595307917885,0.37458139772927995,0.24067782400039084
2024-02-05,learner,True,32,0.12735504188034619,0.28640205554742909,0.2700064274122761
2024-02-05,price_prior,True,32,-0.17412023460410556,0.34113698603202036,0.2700064274122761
2024-02-06,learner,True,32,0.1312918447297533,0.20950169338529995,0.1718978609275725
2024-02-06,price_prior,True,32,-0.18731671554252199,0.22344023730542018,0.1718978609275725
2024-02-07,learner,True,32,0.20769936187672261,0.23590234154987691,0.14758208823324076
2024-02-07,price_prior,True,32,-0.20967741935483866,0.20970848346600485,0.14758208823324076
2024-02-08,learner,True,32,0.18035051838698579,0.12757039012292676,0.10893413849950781
2024-02-08,price_prior,True,32,-0.075146627565982393,0.18084281708056996,0.10893413849950781
2024-02-19,learner,True,32,0.053717116340498257,0.080218000811363557,0.10745025727160763
2024-02-19,price_prior,True,32,-0.0073313782991202342,0.12895329237822023,0.10745025727160763
2024-02-20,learner,True,32,0.16060134441732588,0.11298394619089885,0.10905840009133404
2024-02-20,price_prior,True,32,0.07954545454545453,0.14491777040056764,0.10905840009133404
2024-02-21,learner,True,32,0.2234442315314272,0.049285323249741865,0.08376754084611257
2024-02-21,price_prior,True,32,-0.047287390029325513,0.10070091669050954,0.08376754084611257
2024-02-22,learner,True,32,0.20989917859562879,0.11649856827594027,0.04272212243895214
2024-02-22,price_prior,True,32,0.10263929618768328,0.08362125077815119,0.04272212243895214
2024-02-23,learner,True,32,0.17286893049404184,0.054153111411423469,0.017729688393048802
2024-02-23,price_prior,True,32,0.1539589442815249,0.1284656248228781,0.017729688393048802
2024-02-26,learner,True,32,0.12013254754285062,0.1438100943943264,0.043254814269893499
2024-02-26,price_prior,True,32,0.14039589442815245,0.12768062786821172,0.043254814269893499
2024-02-27,learner,True,32,0.21168492949825396,-0.031598320234116503,-0.021875465147790263
2024-02-27,price_prior,True,32,0.047287390029325513,0.027144930650304738,-0.021875465147790263
2024-02-28,learner,True,32,0.27193548286902813,0.12514792118473519,0.032854652684200174
2024-02-28,price_prior,True,32,0.03115835777126099,-0.0062426921380425923,0.032854652684200174
2024-02-29,learner,True,32,0.42698690770314146,-0.025630375492460177,-0.028564039820039751
2024-02-29,price_prior,True,32,-0.042888563049853369,-0.060580300259257189,-0.028564039820039751
2024-03-01,learner,True,32,0.37323556997441065,-0.064395968102061191,-0.05729273837679337
2024-03-01,price_prior,True,32,-0.14809384164222872,-0.024660764250497666,-0.05729273837679337
2024-03-04,learner,True,32,0.25916422287390029,-0.051855789805229667,-0.032608488397572438
2024-03-04,price_prior,True,32,-0.08724340175953077,0.052327816596535806,-0.032608488397572438
2024-03-05,learner,True,32,0.33577712609970672,0.017020624559947205,-0.019170812489791089
2024-03-05,price_prior,True,32,-0.049120234604105563,0.065847395885292856,-0.019170812489791089
2024-03-06,learner,True,32,0.30645161290322576,0.0074909094789284494,-0.031584181054526025
2024-03-06,price_prior,True,32,-0.12426686217008798,0.017967356430570104,-0.031584181054526025
2024-03-07,learner,True,32,0.2994868035190616,-0.024162669455815355,-0.01005354716851499
2024-03-07,price_prior,True,32,-0.11290322580645161,0.053412275457910559,-0.01005354716851499
2024-03-08,learner,True,32,0.27052785923753664,0.073855721999707968,-0.027126315201739779
2024-03-08,price_prior,True,32,-0.2789589442815249,0.013570060900818692,-0.027126315201739779
2024-03-11,learner,True,32,0.14699413489736068,0.069555677214271194,-0.012246457921127404
2024-03-11,price_prior,True,32,-0.33541055718475071,-0.02217991760818866,-0.012246457921127404
2024-03-12,learner,True,32,0.020161290322580645,0.10542176524433967,-0.023149777220914321
2024-03-12,price_prior,True,32,-0.25916422287390029,-0.025609925608695405,-0.023149777220914321
2024-03-13,learner,True,32,0.17448680351906154,0.050495626541540266,0.018439662060395823
2024-03-13,price_prior,True,32,-0.15945747800586507,0.063526695147730697,0.018439662060395823
2024-03-14,learner,True,32,0.25439882697947214,0.070232165045934464,0.024819630900406679
2024-03-14,price_prior,True,32,-0.11950146627565982,0.11282983561150683,0.024819630900406679
2024-03-15,learner,True,32,0.28299120234604103,0.078137657986885198,0.019666862612471653
2024-03-15,price_prior,True,32,-0.2162756598240469,0.045546933145953684,0.019666862612471653
2024-03-18,learner,True,32,0.13123167155425219,-0.0097598751793591051,0.0084358187415195726
2024-03-18,price_prior,True,32,-0.15762463343108502,0.13136113256096899,0.0084358187415195726
2024-03-19,learner,True,32,0.27091925693474112,0.0090270284505856793,0.014751550200076085
2024-03-19,price_prior,True,32,-0.1755865102639296,0.15328191841806327,0.014751550200076085
2024-03-20,learner,True,32,0.2917888563049853,-0.0039481688342813473,0.0011368082913652162
2024-03-20,price_prior,True,32,-0.19684750733137826,0.15278889117245792,0.0011368082913652162
2024-03-21,learner,True,32,0.3222140762463343,0.025938814396029151,0.0049896316427604642
2024-03-21,price_prior,True,32,-0.12609970674486801,0.16259545257703395,0.0049896316427604642
2024-03-22,learner,True,32,0.30975073313782986,-0.0099695312283935439,-0.027770018341106057
2024-03-22,price_prior,True,32,-0.14956011730205276,0.11905471691019356,-0.027770018341106057
2024-03-25,learner,True,32,0.26429618768328444,-0.026761739622184279,-0.039294900851323332
2024-03-25,price_prior,True,32,-0.18108504398826977,0.063717934506107785,-0.039294900851323332
2024-03-26,learner,True,32,0.19904692082111436,0.0707822423422311,0.011829412535292082
2024-03-26,price_prior,True,32,-0.088343108504398818,0.11344582182475917,0.011829412535292082
2024-03-27,learner,True,32,0.38416422287390023,0.1410192927514104,0.03272012436828689
2024-03-27,price_prior,True,32,-0.11803519061583577,0.10898510023270667,0.03272012436828689
2024-03-28,learner,True,32,0.33635780546363325,0.070336500805557922,0.021339640522875708
2024-03-28,price_prior,True,32,-0.02419354838709677,0.096348246654729131,0.021339640522875708
2024-03-29,learner,True,32,0.32810924892637788,0.10966069368711029,0.012825789478463502
2024-03-29,price_prior,True,32,0.0344574780058651,0.15377742462962588,0.012825789478463502
2024-04-01,learner,True,32,0.2628299120234604,-0.10160786283354251,-0.011603588044942711
2024-04-01,price_prior,True,32,-0.030791788856304979,0.11048322718706605,-0.011603588044942711
2024-04-02,learner,True,32,0.12721107193011524,-0.0068097210432862057,0.020109594960373504
2024-04-02,price_prior,True,32,0.037756598240469202,0.10839273842507245,0.020109594960373504
2024-04-03,learner,True,32,0.06634897360703812,-0.0015503848351621349,0.02257915534406979
2024-04-03,price_prior,True,32,0.026392961876832838,0.15798666266866587,0.02257915534406979
2024-04-08,learner,True,32,0.028594995995818408,-0.016233455005471378,0.037512945999550407
2024-04-08,price_prior,True,32,-0.013196480938416419,0.12159580922524856,0.037512945999550407
2024-04-09,learner,True,32,0.03079743406468614,0.058441016277976668,0.02306632185281416
2024-04-09,price_prior,True,32,0.064516129032258063,0.16058087605391164,0.02306632185281416
2024-04-10,learner,True,32,0.062511458428916519,0.14180842331920884,0.097101333677598753
2024-04-10,price_prior,True,32,0.13269794721407624,0.22369504133879867,0.097101333677598753
2024-04-11,learner,True,32,-0.0010999083594530766,0.17406353413270059,0.080193920291305912
2024-04-11,price_prior,True,32,0.18878299120234604,0.22163070231346654,0.080193920291305912
2024-04-12,learner,True,32,-0.20821114369501464,0.04432515076491915,0.077008608524965327
2024-04-12,price_prior,True,32,0.067448680351906154,0.13456136370843014,0.077008608524965327
2024-04-15,learner,True,32,-0.1635496992985373,0.11469677206049961,0.079706783439815618
2024-04-15,price_prior,True,32,0.030425219941348971,0.14637278574957124,0.079706783439815618
2024-04-16,learner,True,32,-0.071847507331378291,0.16255995735480994,0.10203366614624344
2024-04-16,price_prior,True,32,-0.050586510263929609,0.13763777736157171,0.10203366614624344
2024-04-17,learner,True,32,0.034460636200088851,0.07683692632062844,0.092429791868240782
2024-04-17,price_prior,True,32,-0.08101173020527859,0.14456566447628638,0.092429791868240782
2024-04-18,learner,True,32,0.052052785923753661,-0.037665701393512024,0.084858806151871011
2024-04-18,price_prior,True,32,-0.097140762463343105,0.078844802865924671,0.084858806151871011
2024-04-19,learner,True,32,0.13196480938416422,0.14497964606895095,0.15318764211090305
2024-04-19,price_prior,True,32,-0.042155425219941346,0.20038963507006605,0.15318764211090305
2024-04-22,learner,True,32,0.10593841642228738,0.15994736186564701,0.13355344611534309
2024-04-22,price_prior,True,32,-0.13123167155425219,0.1380800389879358,0.13355344611534309
2024-04-23,learner,True,32,0.10888094629177009,0.19143425132710415,0.13378871534003028
2024-04-23,price_prior,True,32,-0.086510263929618747,0.14115032185129611,0.13378871534003028
2024-04-24,learner,True,32,0.11400293255131963,0.10677955490015871,0.057581466816228701
2024-04-24,price_prior,True,32,-0.074780058651026382,0.068528152428753791,0.057581466816228701
2024-04-25,learner,True,32,0.094208211143695014,0.077539147757392762,0.022814675925894985
2024-04-25,price_prior,True,32,-0.0087976539589442806,0.024551220887257204,0.022814675925894985
2024-04-26,learner,True,32,0.18476766643451895,-0.12726392931591762,-0.029196098665027058
2024-04-26,price_prior,True,32,-0.30681818181818177,-0.10698809189232236,-0.029196098665027058
2024-04-29,learner,True,32,0.20931085043988265,0.0067257561267579889,-0.043233037116725347
2024-04-29,price_prior,True,32,-0.24266862170087974,0.046310005908914875,-0.043233037116725347
2024-04-30,learner,True,32,0.11620234604105568,-0.084260255350065455,-0.055752038954047033
2024-04-30,price_prior,True,32,-0.23753665689149558,0.051622733928867411,-0.055752038954047033
2024-05-06,learner,True,32,-0.1063049853372434,-0.095452697065090589,-0.036254750788068564
2024-05-06,price_prior,True,32,-0.15689149560117299,0.077411558725748578,-0.036254750788068564
2024-05-07,learner,True,32,-0.1000733137829912,0.0020867667414603552,0.023489353759180084
2024-05-07,price_prior,True,32,-0.1191348973607038,0.17450748015600137,0.023489353759180084
2024-05-08,learner,True,32,-0.019061583577712607,-0.055058738824141862,0.045041468515588379
2024-05-08,price_prior,True,32,-0.14296187683284456,0.17575450388013225,0.045041468515588379
2024-05-09,learner,True,32,-0.068181818181818177,-0.11438656221682852,-0.016301091324119076
2024-05-09,price_prior,True,32,-0.12316715542521992,0.082764767151205204,-0.016301091324119076
2024-05-10,learner,True,32,-0.021627565982404687,-0.026825634529840298,-0.035663657334166397
2024-05-10,price_prior,True,32,-0.24486803519061581,0.00870704590126338,-0.035663657334166397
2024-05-13,learner,True,32,-0.062689029683140357,-0.065809397720933707,-0.020023807601587704
2024-05-13,price_prior,True,32,-0.2412023460410557,0.05081985386064182,-0.020023807601587704
2024-05-14,learner,True,32,-0.053162237373565374,-0.029207507089164218,-0.0057778424274020426
2024-05-14,price_prior,True,32,-0.22507331378299117,0.072461192822359854,-0.0057778424274020426
2024-05-15,learner,True,32,-0.13196480938416422,-0.012894366145539706,-0.012909815220142822
2024-05-15,price_prior,True,32,-0.39956011730205282,0.03310982502122764,-0.012909815220142822
2024-05-16,learner,True,32,-0.087976539589442806,-0.01873854143800668,-0.0065790152584308727
2024-05-16,price_prior,True,32,-0.38929618768328439,0.067429603739736638,-0.0065790152584308727
2024-05-17,learner,True,32,-0.078812316715542508,-0.048695961288056255,-0.038525584260716769
2024-05-17,price_prior,True,32,-0.30498533724340171,0.038172141339225751,-0.038525584260716769
2024-05-20,learner,True,32,0.072403996271463295,0.040983271942815154,-0.041233744379011228
2024-05-20,price_prior,True,32,-0.31304985337243396,-0.0021200681667742013,-0.041233744379011228
2024-05-21,learner,True,32,-0.089084410602357361,-0.1029212415578903,-0.061605889248210019
2024-05-21,price_prior,True,32,-0.12903225806451613,0.0050515029818447195,-0.061605889248210019
2024-05-22,learner,True,32,-0.07697947214076245,-0.057553291447944022,-0.057198646356978015
2024-05-22,price_prior,True,32,-0.1063049853372434,-0.012349740083806501,-0.057198646356978015
2024-05-23,learner,True,32,-0.030425219941348971,-0.010206205326791867,-0.034414264261745278
2024-05-23,price_prior,True,32,0.035190615835777123,0.038930302593246972,-0.034414264261745278
2024-05-24,learner,True,32,-0.13052245865509843,0.07779776394237739,-0.0054957979666002271
2024-05-24,price_prior,True,32,0.038489736070381225,0.10976997301234322,-0.0054957979666002271
2024-05-27,learner,True,32,-0.053519061583577707,-0.0093583116575417652,-0.053606340121791295
2024-05-27,price_prior,True,32,0.12023460410557184,0.03009309158713842,-0.053606340121791295
2024-05-28,learner,True,32,-0.050219941348973597,-0.002004721421903867,-0.049062308976203978
2024-05-28,price_prior,True,32,0.11693548387096771,0.14777118594743832,-0.049062308976203978
2024-05-29,learner,True,32,-0.057923197017170629,-0.028365806514369402,-0.048898539500227392
2024-05-29,price_prior,True,32,0.10447214076246333,0.046250910849871145,-0.048898539500227392
2024-05-30,learner,True,32,0.0098973607038123149,-0.043964917615423496,-0.073340927043071283
2024-05-30,price_prior,True,32,0.1411290322580645,0.15359039961635895,-0.073340927043071283
2024-05-31,learner,True,32,-0.011732355834166149,-0.13258509591176459,-0.077018247681796145
2024-05-31,price_prior,True,32,0.11656891495601172,0.12326411071289889,-0.077018247681796145
2024-06-03,learner,True,32,0.33760997067448678,0.07469648721234716,-0.10208215771365761
2024-06-03,price_prior,True,32,-0.037390029325513191,0.060829012891776703,-0.10208215771365761
2024-06-04,learner,True,32,0.28445747800586507,0.063933099701053944,-0.09891165332485527
2024-06-04,price_prior,True,32,-0.044721407624633426,-0.066433184721064339,-0.09891165332485527
2024-06-05,learner,True,32,0.09310850439882698,-0.055523604444253125,-0.10343580896236877
2024-06-05,price_prior,True,32,-0.076246334310850428,0.0070656291555137515,-0.10343580896236877
2024-06-06,learner,True,32,0.24159105591338889,0.087736498378188338,-0.060407782464563034
2024-06-06,price_prior,True,32,-0.20747800586510262,-0.073469122295572745,-0.060407782464563034
2024-06-07,learner,True,32,0.10632447474713075,-0.0027683450045802235,-0.094355017583052092
2024-06-07,price_prior,True,32,-0.05425219941348973,0.029157472855814208,-0.094355017583052092
2024-06-11,learner,True,32,0.050586510263929609,-0.0093777647352537366,-0.12567720249742542
2024-06-11,price_prior,True,32,-0.029325513196480937,0.0052910982508894491,-0.12567720249742542
2024-06-12,learner,True,32,0.11693548387096771,-0.072539314881423358,-0.14186100859520243
2024-06-12,price_prior,True,32,-0.012096774193548385,-0.045171176556581615,-0.14186100859520243
2024-06-13,learner,True,32,0.27825130719007918,-0.094735356108055765,-0.14634674377250265
2024-06-13,price_prior,True,32,-0.082478005865102635,-0.069120752510794886,-0.14634674377250265
2024-06-14,learner,True,32,0.18073503879408301,-0.074476743161085046,-0.17745225847469195
2024-06-14,price_prior,True,32,-0.16495601173020527,-0.1459403219187827,-0.17745225847469195
2024-06-17,learner,True,32,-0.07387040632253089,-0.22706617898731729,-0.19882223041654934
2024-06-17,price_prior,True,32,-0.16825513196480937,-0.16320762713879747,-0.19882223041654934
2024-06-18,learner,True,32,-0.044721407624633426,-0.26930815287674076,-0.19096994546650603
2024-06-18,price_prior,True,32,-0.17008797653958943,-0.16782546415061605,-0.19096994546650603
2024-06-19,learner,True,32,-0.0021994134897360702,-0.21994872289794237,-0.18300486406520428
2024-06-19,price_prior,True,32,-0.1627565982404692,-0.15814057176946703,-0.18300486406520428
2024-06-20,learner,True,32,-0.1755865102639296,-0.18821706802260027,-0.18145222296185065
2024-06-20,price_prior,True,32,-0.14589442815249265,-0.12081974852081659,-0.18145222296185065
2024-06-21,learner,True,32,-0.12683284457478003,-0.188635093193741,-0.18857255715625137
2024-06-21,price_prior,True,32,-0.16422287390029325,-0.10689818994081327,-0.18857255715625137
2024-06-24,learner,True,32,0.0086151590500222128,-0.087764354028549568,-0.15645580464477943
2024-06-24,price_prior,True,32,-0.20087976539589439,-0.078908343049648402,-0.15645580464477943
2024-06-25,learner,True,32,0.042888563049853369,-0.1144701671535049,-0.13069284909165288
2024-06-25,price_prior,True,32,-0.31488269794721402,-0.15756948645863514,-0.13069284909165288
2024-06-26,learner,True,32,0.14683776598698572,-0.011527176051875756,-0.1481056086613422
2024-06-26,price_prior,True,32,-0.31011730205278587,-0.15432449924450486,-0.1481056086613422
2024-06-27,learner,True,32,0.12023460410557184,-0.14939479122603894,-0.1477445399464519
2024-06-27,price_prior,True,32,-0.31854838709677413,-0.15266286642330101,-0.1477445399464519
2024-06-28,learner,True,32,0.20784457478005863,-0.10489409889304836,-0.098922141030821281
2024-06-28,price_prior,True,32,-0.31231671554252194,-0.084394788942549759,-0.098922141030821281
2024-07-01,learner,True,32,0.13709677419354838,-0.1271555665817275,-0.10701919275769745
2024-07-01,price_prior,True,32,-0.41935483870967732,-0.109643724313242,-0.10701919275769745
2024-07-02,learner,True,32,0.14480799254292659,0.05476519310300626,-0.04971817920280662
2024-07-02,price_prior,True,32,-0.33541055718475071,-0.046576639349732461,-0.04971817920280662
2024-07-03,learner,True,32,0.11070381231671556,0.053833844419277306,0.0047690347570979227
2024-07-03,price_prior,True,32,-0.40175953079178878,-0.013673297690540109,0.0047690347570979227
2024-07-04,learner,True,32,0.16458944281524926,0.23395359481479044,0.17401816057161884
2024-07-04,price_prior,True,32,-0.50513196480938416,0.14315039216937075,0.17401816057161884
2024-07-05,learner,True,32,0.11033724340175952,0.37101645554897811,0.33041531551087744
2024-07-05,price_prior,True,32,-0.439149560117302,0.30450011875703992,0.33041531551087744
2024-07-08,learner,True,32,0.19538123167155422,0.34318297634475148,0.30487885826072764
2024-07-08,price_prior,True,32,-0.47177419354838707,0.34386032073446732,0.30487885826072764
2024-07-09,learner,True,32,-0.032624633431085043,0.13195268073224642,0.21865307829311925
2024-07-09,price_prior,True,32,-0.56231671554252194,0.17280997795197381,0.21865307829311925
2024-07-10,learner,True,32,0.066715542521994131,0.044125400616844696,0.14056465022800557
2024-07-10,price_prior,True,32,-0.49083577712609971,0.099298249743191805,0.14056465022800557
2024-07-11,learner,True,32,-0.16642228739002932,0.11265988466413426,0.19257974943917056
2024-07-11,price_prior,True,32,-0.40432551319648091,0.23054546548106647,0.19257974943917056
2024-07-12,learner,True,32,-0.12353372434017595,0.089888184549819491,0.15890720152167531
2024-07-12,price_prior,True,32,-0.39406158357771259,0.18210565510363808,0.15890720152167531
2024-07-15,learner,True,32,-0.22808949094997799,0.06445163995941873,0.13165550939715151
2024-07-15,price_prior,True,32,-0.49596774193548376,0.11821327104936796,0.13165550939715151
2024-07-16,learner,True,32,-0.044542205301178681,-0.0502465931859815,0.11386232934874491
2024-07-16,price_prior,True,32,-0.41568914956011727,0.098841010099146059,0.11386232934874491
2024-07-17,learner,True,32,0.074780058651026382,0.24371736882853379,0.22851125068406108
2024-07-17,price_prior,True,32,-0.24633431085043983,0.31206164811960724,0.22851125068406108
2024-07-18,learner,True,32,0.028961598508585314,0.086589137286689932,0.23158740810776152
2024-07-18,price_prior,True,32,-0.34970674486803516,0.29702605323239994,0.23158740810776152
2024-07-19,learner,True,32,-0.031530706304321525,0.11882683080009503,0.20862992214719328
2024-07-19,price_prior,True,32,-0.25403225806451613,0.27335026703289844,0.20862992214719328
2024-07-22,learner,True,32,0.044546288557849603,0.096742265065257571,0.19581279801119833
2024-07-22,price_prior,True,32,-0.30388563049853373,0.2271690658337327,0.19581279801119833
2024-07-23,learner,True,32,0.2663367255251548,0.33105631459411355,0.25852506664889313
2024-07-23,price_prior,True,32,-0.1755865102639296,0.33677366690621002,0.25852506664889313
2024-07-24,learner,True,32,0.11656891495601172,0.36722197670453621,0.29850647646517919
2024-07-24,price_prior,True,32,-0.15615835777126097,0.35075639667632785,0.29850647646517919
2024-07-25,learner,True,32,-0.020896343227713454,0.46594985122556565,0.29749029303319613
2024-07-25,price_prior,True,32,-0.096041055718475057,0.43012477430742219,0.29749029303319613
2024-07-26,learner,True,32,-0.0098973607038123149,0.42026558032223016,0.27093063453630639
2024-07-26,price_prior,True,32,-0.035923753665689145,0.3330607096157861,0.27093063453630639
2024-07-29,learner,True,32,0.0344574780058651,0.44358669040908139,0.28404885338032926
2024-07-29,price_prior,True,32,-0.091642228739002921,0.34392118999594362,0.28404885338032926
2024-07-30,learner,True,32,0.11841261162370957,0.4401632950324918,0.30065868480431512
2024-07-30,price_prior,True,32,-0.078812316715542508,0.36033873886188955,0.30065868480431512
2024-07-31,learner,True,32,0.22252772524950995,0.46368339696473232,0.21326679911249891
2024-07-31,price_prior,True,32,0.0029325513196480938,0.2749205637649913,0.21326679911249891
2024-08-01,learner,True,32,0.21774193548387094,0.57246189757056143,0.26188670632652467
2024-08-01,price_prior,True,32,0.037390029325513191,0.35371892556001894,0.26188670632652467
2024-08-02,learner,True,32,0.096608617571961888,0.56234306041435334,0.3381646896634159
2024-08-02,price_prior,True,32,-0.00036656891495601173,0.40718050108444975,0.3381646896634159
2024-08-05,learner,True,32,0.061628776674813965,0.53797480348047189,0.35630630410048969
2024-08-05,price_prior,True,32,-0.044721407624633426,0.38576660579161831,0.35630630410048969
2024-08-06,learner,True,32,0.024940403554312478,0.54747214660616661,0.38636696621125888
2024-08-06,price_prior,True,32,0.034090909090909088,0.41411139925764107,0.38636696621125888
2024-08-07,learner,True,32,0.10835090702127805,0.54641197996986368,0.42236346815429077
2024-08-07,price_prior,True,32,-0.064149560117302037,0.43566648507866068,0.42236346815429077
2024-08-08,learner,True,32,-0.021994134897360702,0.5548184956163501,0.4618743318418429
2024-08-08,price_prior,True,32,-0.05168621700879765,0.41442589358423182,0.4618743318418429
2024-08-09,learner,True,31,0.12803710116484865,0.66957873873291329,0.46319584663758423
2024-08-09,price_prior,True,31,-0.081854838709677427,0.40478717438171363,0.46319584663758423
2024-08-12,learner,True,31,0.026010686693331453,0.65671317214962166,0.47493627961613522
2024-08-12,price_prior,True,31,-0.061290322580645172,0.43887929834482003,0.47493627961613522
2024-08-13,learner,True,31,-0.0028228652225320955,0.49224834880749763,0.42144682337447537
2024-08-13,price_prior,True,31,-0.069758064516129037,0.40143059957624622,0.42144682337447537
2024-08-14,learner,True,31,0.040935673346927243,0.45112241634748462,0.40098391744446371
2024-08-14,price_prior,True,31,-0.11209677419354838,0.35022228465049399,0.40098391744446371
2024-08-15,learner,True,31,0.096823007772701086,0.52458640046403748,0.37278236378526103
2024-08-15,price_prior,True,31,-0.14758064516129032,0.33335764135548157,0.37278236378526103
2024-08-16,learner,True,31,-0.01775088475832853,0.51140595796789889,0.40397927641916648
2024-08-16,price_prior,True,31,-0.20000000000000001,0.35649891858191657,0.40397927641916648
2024-08-19,learner,True,31,-0.10646234553549619,0.48899287820558235,0.40446058603457741
2024-08-19,price_prior,True,31,-0.24314516129032263,0.34637323870973319,0.40446058603457741
2024-08-20,learner,True,31,0.061296501974982653,0.38560051229170206,0.43180530315086735
2024-08-20,price_prior,True,31,-0.28427419354838712,0.38865944161925192,0.43180530315086735
2024-08-21,learner,True,31,-0.010484927969404928,0.53668878959742816,0.39148026417617937
2024-08-21,price_prior,True,31,-0.17903225806451614,0.33174019016918699,0.39148026417617937
2024-08-22,learner,True,31,-0.0032264570125656936,0.41004410126803292,0.4076282418396347
2024-08-22,price_prior,True,31,-0.22862903225806452,0.25995162130834926,0.4076282418396347
2024-08-23,learner,True,31,0.13870967741935486,0.41965510694656594,0.4002757010425752
2024-08-23,price_prior,True,31,-0.21008064516129035,0.26433369733746304,0.4002757010425752
2024-08-26,learner,True,31,0.17426383023316289,0.64550725850271051,0.43448862571559238
2024-08-26,price_prior,True,31,-0.16088709677419355,0.40772073873222592,0.43448862571559238
2024-08-27,learner,True,31,0.22381288550075903,0.57717262170006034,0.43084618846819978
2024-08-27,price_prior,True,31,-0.0092741935483870962,0.42757673123307072,0.43084618846819978
2024-08-28,learner,True,31,0.14920859033383935,0.53282264841806914,0.45954803816990381
2024-08-28,price_prior,True,31,0.01088709677419355,0.46548938993842026,0.45954803816990381
2024-08-29,learner,True,31,0.034882548821289466,0.56912749208059665,0.45332995519170383
2024-08-29,price_prior,True,31,0.01693548387096774,0.46338050728523617,0.45332995519170383
2024-08-30,learner,True,31,-0.27946365703067749,0.46866413932672296,0.41070966815900495
2024-08-30,price_prior,True,31,-0.004435483870967742,0.42507747612017105,0.41070966815900495
2024-09-02,learner,True,31,0.10444601323368753,0.51300593103167635,0.44036906960094763
2024-09-02,price_prior,True,31,-0.0036290322580645167,0.58605706915840128,0.44036906960094763
2024-09-03,learner,True,31,0.16008064516129034,0.60994285604689646,0.45515805672941451
2024-09-03,price_prior,True,31,-0.12580645161290324,0.51659255742223054,0.45515805672941451
2024-09-04,learner,True,31,0.16048387096774194,0.51511066720521159,0.44496722862536203
2024-09-04,price_prior,True,31,-0.061693548387096779,0.5002314071236954,0.44496722862536203
2024-09-05,learner,True,31,0.11451612903225807,0.49009685022422661,0.42881560961485671
2024-09-05,price_prior,True,31,-0.071370967741935493,0.53463709168639495,0.42881560961485671
2024-09-06,learner,True,31,0.093145161290322603,0.46609820752912468,0.46040742004676788
2024-09-06,price_prior,True,31,-0.010080645161290324,0.51295655271014473,0.46040742004676788
2024-09-09,learner,True,31,0.020566589478448125,0.47525731621309675,0.45692746672616608
2024-09-09,price_prior,True,31,-0.062096774193548393,0.38440731863689004,0.45692746672616608
2024-09-10,learner,True,31,0.033272837942083716,0.46122946742625026,0.45519688223836974
2024-09-10,price_prior,True,31,-0.039919354838709682,0.55962549448748322,0.45519688223836974
2024-09-11,learner,True,31,0.10810811690390661,0.43391038210492755,0.43289023604121885
2024-09-11,price_prior,True,31,-0.13104838709677422,0.34686234303494351,0.43289023604121885
2024-09-12,learner,True,31,0.040528279266353662,0.45271183689107813,0.43227610372192909
2024-09-12,price_prior,True,31,-0.052016129032258072,0.52581543553213328,0.43227610372192909
2024-09-13,learner,True,31,0.14398064418574411,0.46475784263729469,0.42172983010680321
2024-09-13,price_prior,True,31,-0.049596774193548389,0.66566302224917118,0.42172983010680321
2024-09-18,learner,True,31,0.057874572662897132,0.45997785536447466,0.43710453423895429
2024-09-18,price_prior,True,31,-0.030645161290322586,0.51198052838236852,0.43710453423895429
2024-09-19,learner,True,31,0.1741935483870968,0.50186445990815631,0.45942079339797753
2024-09-19,price_prior,True,31,0.031854838709677424,0.72263594000721998,0.45942079339797753
2024-09-20,learner,True,31,0.13750000000000004,0.54825735441274526,0.49937586567190434
2024-09-20,price_prior,True,31,0.03387096774193548,0.65580165087885756,0.49937586567190434
2024-09-23,learner,True,31,0.12620967741935485,0.63865364684706949,0.48688118935276764
2024-09-23,price_prior,True,31,0.089112903225806464,0.63606307321739508,0.48688118935276764
2024-09-24,learner,True,31,-0.1159391073539968,0.49271420478979366,0.43593914963645869
2024-09-24,price_prior,True,31,0.079032258064516137,0.66221609659291658,0.43593914963645869
2024-09-25,learner,True,31,-0.14395161290322583,0.43861207746363351,0.44243651319988403
2024-09-25,price_prior,True,31,0.11129032258064517,0.71451466673279851,0.44243651319988403
2024-09-26,learner,True,31,-0.048996874933949941,0.40403724667370505,0.41358813826669544
2024-09-26,price_prior,True,31,0.096774193548387108,0.50411012947291578,0.41358813826669544
2024-09-27,learner,True,31,0.03528937357493727,0.37882163849672656,0.29917053219377765
2024-09-27,price_prior,True,31,0.036290322580645164,0.45235859932934885,0.29917053219377765
2024-09-30,learner,True,31,0.30061542852534517,0.22423464836163362,0.029463757779630652
2024-09-30,price_prior,True,31,-0.15766129032258067,0.16437340008004492,0.029463757779630652
2024-10-08,learner,True,31,0.10624133893606674,0.21717551715593367,0.0080326327322523781
2024-10-08,price_prior,True,31,-0.17661290322580647,0.129147190266898,0.0080326327322523781
2024-10-09,learner,True,31,0.055465918187638644,0.13763374207046025,-0.028658857746581588
2024-10-09,price_prior,True,31,-0.24112903225806454,0.036507772449871474,-0.028658857746581588
2024-10-10,learner,True,31,0.043956044179428347,0.12449259450538985,0.026733680723896994
2024-10-10,price_prior,True,31,-0.18709677419354842,0.10319088015771632,0.026733680723896994
2024-10-11,learner,True,31,0.064938996618647396,0.11032598262346602,0.067988575564236528
2024-10-11,price_prior,True,31,-0.18669354838709681,0.11895790279873519,0.067988575564236528
2024-10-14,learner,True,31,-0.12298387096774195,0.0030356792993968124,0.075596790356136381
2024-10-14,price_prior,True,31,-0.089112903225806464,0.32341135579474267,0.075596790356136381
2024-10-15,learner,True,31,-0.16733870967741937,0.056330069584158468,0.12455811513325886
2024-10-15,price_prior,True,31,-0.001209677419354839,0.39232356150615572,0.12455811513325886
2024-10-16,learner,True,31,-0.11129032258064517,0.035199471256574924,0.09807398664781368
2024-10-16,price_prior,True,31,0.011290322580645162,0.33196440396018023,0.09807398664781368
2024-10-17,learner,True,31,0.0032264570125656936,0.25873306606505209,0.09283215243107551
2024-10-17,price_prior,True,31,0.052419354838709679,0.30513681951152427,0.09283215243107551
2024-10-18,learner,True,31,-0.078466979215793167,-0.13071579511132897,-0.024775435273144041
2024-10-18,price_prior,True,31,-0.0076612903225806465,0.15235054949976795,-0.024775435273144041
2024-10-21,learner,True,31,-0.052026619327621808,-0.063530892188141133,0.020987229821183184
2024-10-21,price_prior,True,31,0.022580645161290325,0.16577851233407886,0.020987229821183184
2024-10-22,learner,True,31,-0.084501365165258593,-0.012493108638896577,0.035053114798966695
2024-10-22,price_prior,True,31,-0.099596774193548399,0.22311962698615961,0.035053114798966695
2024-10-23,learner,True,31,-0.046980542632141305,0.015545318552716875,0.049077441212708045
2024-10-23,price_prior,True,31,-0.061693548387096779,0.19808653753497546,0.049077441212708045
2024-10-24,learner,True,31,0.0072587962865111027,0.07367348749419568,0.045246237359435074
2024-10-24,price_prior,True,31,-0.081451612903225806,0.17395235816035665,0.045246237359435074
2024-10-25,learner,True,31,0.11878592859746373,0.033487684919626365,0.039395891783667286
2024-10-25,price_prior,True,31,-0.17661290322580647,0.12994421956316993,0.039395891783667286
2024-10-28,learner,True,31,0.095814434775068791,0.17058729291813732,0.055565774058936167
2024-10-28,price_prior,True,31,-0.11895161290322583,0.10945649065286261,0.055565774058936167
2024-10-29,learner,True,31,0.074402661936738806,0.25270890678642755,0.079246581765345298
2024-10-29,price_prior,True,31,-0.025000000000000001,0.2377371258146341,0.079246581765345298
2024-10-30,learner,True,31,0.14238177519492259,0.22689508618913656,0.0592599502666315
2024-10-30,price_prior,True,31,0.014516129032258067,0.14493130956008335,0.0592599502666315
2024-10-31,learner,True,31,0.095977417566091267,0.2271345064069725,0.055439358298538674
2024-10-31,price_prior,True,31,-0.051209677419354845,0.13514105971632881,0.055439358298538674
2024-11-01,learner,True,31,0.22522431811202506,0.16599160596728896,0.044339273334561759
2024-11-01,price_prior,True,31,-0.004435483870967742,0.14761316114653561,0.044339273334561759
2024-11-04,learner,True,31,0.31129032258064521,0.15531099569787876,-0.0010305409428377156
2024-11-04,price_prior,True,31,-0.056048387096774191,0.12501498444305964,-0.0010305409428377156
2024-11-05,learner,True,31,0.31374130616142437,0.17155368151877079,0.0022463087053749913
2024-11-05,price_prior,True,31,-0.028629032258064516,0.042742496772359265,0.0022463087053749913
2024-11-06,learner,True,31,0.14095584073646375,0.1844510310980858,0.022363087564945136
2024-11-06,price_prior,True,31,0.079435483870967757,0.10419331501468172,0.022363087564945136
2024-11-07,learner,True,31,0.03737381363912208,0.092096919772606187,-0.026426259946251838
2024-11-07,price_prior,True,31,0.074193548387096769,0.065354279982839061,-0.026426259946251838
2024-11-08,learner,True,31,0.17631635264499873,0.14715217776605666,-0.058109479913535954
2024-11-08,price_prior,True,31,0.037500000000000006,0.11867166095307639,-0.058109479913535954
2024-11-11,learner,True,31,0.1098641181066662,-0.035849588035951716,-0.076517862498988329
2024-11-11,price_prior,True,31,0.12056451612903227,0.032357297266620969,-0.076517862498988329
2024-11-12,learner,True,31,0.10748134923109466,-0.049413370250156852,-0.079708989252757226
2024-11-12,price_prior,True,31,0.039919354838709682,0.030914676743074822,-0.079708989252757226
2024-11-13,learner,True,31,0.11877394877507461,0.0073342167512214559,-0.10397963827438178
2024-11-13,price_prior,True,31,-0.06935483870967743,0.091285834762137308,-0.10397963827438178
2024-11-14,learner,True,31,0.15055507160565676,0.015756266754046813,-0.038397484129648322
2024-11-14,price_prior,True,31,-0.081854838709677427,0.0035469610482334463,-0.038397484129648322
2024-11-15,learner,True,31,-0.1024503424915307,0.058938290140905653,0.0036206837690151527
2024-11-15,price_prior,True,31,-0.00846774193548387,0.14150554439736507,0.0036206837690151527
2024-11-18,learner,True,31,-0.087535303612491538,0.071330209974749925,0.047849345357486452
2024-11-18,price_prior,True,31,-0.00040322580645161296,0.19316067986260169,0.047849345357486452
2024-11-19,learner,True,31,0.11819282930165906,0.021772502260003931,0.019780035182873454
2024-11-19,price_prior,True,31,-0.053629032258064528,0.14414127037731475,0.019780035182873454
2024-11-20,learner,True,31,0.13536415632127477,0.12947037368501924,0.059392631606937356
2024-11-20,price_prior,True,31,-0.035080645161290322,0.18095821996679387,0.059392631606937356
2024-11-21,learner,True,31,-0.15769308648914826,0.010717158583482687,0.062898276434278824
2024-11-21,price_prior,True,31,-0.0076612903225806465,0.16372209007267921,0.062898276434278824
2024-11-22,learner,True,31,-0.29012415182513174,0.021204901224466374,0.090744261714216914
2024-11-22,price_prior,True,31,-0.032258064516129038,0.14845598130210419,0.090744261714216914
2024-11-25,learner,True,31,-0.027234219230062737,0.10135486911905348,0.11150300413674573
2024-11-25,price_prior,True,31,-0.072580645161290328,0.07219907947732726,0.11150300413674573
2024-11-26,learner,True,32,-0.2107771260997067,0.11359476195569904,0.10912860799965597
2024-11-26,price_prior,True,32,-0.042155425219941346,0.19745494400517649,0.10912860799965597
2024-11-27,learner,True,32,-0.26452796044846488,-0.11860630782215703,0.023603189347272312
2024-11-27,price_prior,True,32,0.021994134897360702,0.095260924889571399,0.023603189347272312
2024-11-28,learner,True,32,-0.18465207771349385,-0.042446291704280839,0.016995240171559865
2024-11-28,price_prior,True,32,0.037390029325513191,0.068380865304976959,0.016995240171559865
2024-11-29,learner,True,32,-0.23604025014153374,-0.0432987846444534,0.006196173417890834
2024-11-29,price_prior,True,32,-0.056085043988269793,0.03043548588027517,0.006196173417890834
2024-12-02,learner,True,32,-0.33394515650247075,-0.067416141789277878,-0.0099080860246459658
2024-12-02,price_prior,True,32,-0.082111436950146624,0.027600753871010662,-0.0099080860246459658
2024-12-03,learner,True,31,-0.36130730845216558,-0.038975007731484768,0.026592095879633657
2024-12-03,price_prior,True,31,0.046370967741935491,0.026956917495635946,0.026592095879633657
2024-12-04,learner,True,31,-0.29785099557352751,0.020071843343660974,0.044845656796519862
2024-12-04,price_prior,True,31,0.0036290322580645167,0.057215272226525477,0.044845656796519862
2024-12-05,learner,True,31,-0.31914470238488329,0.015871365344859271,0.040168716268655327
2024-12-05,price_prior,True,31,-0.062500000000000014,0.056178812825972951,0.040168716268655327
2024-12-06,learner,True,31,-0.26517443572024296,-0.021413602627113962,0.025531455742192229
2024-12-06,price_prior,True,31,-0.087903225806451615,0.060460410484202941,0.025531455742192229
2024-12-09,learner,True,31,-0.058870967741935488,-0.0091783693046919163,-0.0060308960091373888
2024-12-09,price_prior,True,31,-0.00846774193548387,0.02882116228534512,-0.0060308960091373888
2024-12-10,learner,True,31,-0.1523389628599609,-0.045090560133448636,0.0076805403012988605
2024-12-10,price_prior,True,31,-0.033064516129032266,0.036213601825383628,0.0076805403012988605
2024-12-11,learner,True,31,-0.11793230252084563,0.038294758943851842,0.024881851180626365
2024-12-11,price_prior,True,31,-0.017741935483870968,0.058070088859812234,0.024881851180626365
2024-12-12,learner,True,31,-0.14181967495358597,-0.015227084994567926,0.021457042234513744
2024-12-12,price_prior,True,31,-0.07459677419354839,0.056400241000014402,0.021457042234513744
2024-12-13,learner,True,31,-0.24417784174902629,0.0084759104867176242,0.033443697668258839
2024-12-13,price_prior,True,31,-0.086290322580645173,0.036319802357033491,0.033443697668258839
2024-12-16,learner,True,31,-0.20528332742449223,-0.0037641259217138789,0.025889018909664465
2024-12-16,price_prior,True,31,-0.019354838709677424,0.014542371244369457,0.025889018909664465
2024-12-17,learner,True,31,-0.14840205741311588,-0.011667150050880429,0.017132572064551651
2024-12-17,price_prior,True,31,-0.022580645161290325,0.013399875480180862,0.017132572064551651
2024-12-18,learner,True,31,-0.26981246767580613,-0.015902655003255571,-0.0025983037615314218
2024-12-18,price_prior,True,31,0.062096774193548393,-0.047427667520808695,-0.0025983037615314218
2024-12-19,learner,True,31,-0.31087356913723463,-0.077027924628631492,-0.01768708915876574
2024-12-19,price_prior,True,31,0.064112903225806456,-0.058203108554569338,-0.01768708915876574
2024-12-20,learner,True,31,-0.14729625459370257,-0.12270690381078136,-0.062856452362507906
2024-12-20,price_prior,True,31,-0.21169354838709678,-0.21006987710140682,-0.062856452362507906
2024-12-23,learner,True,31,-0.23991935483870971,-0.1079210609766095,-0.05175680326347689
2024-12-23,price_prior,True,31,-0.21209677419354839,-0.14634087962596495,-0.05175680326347689
2024-12-24,learner,True,31,-0.21664147989141866,-0.071131454851970116,-0.043532590016493608
2024-12-24,price_prior,True,31,-0.23669354838709677,-0.14253260818939092,-0.043532590016493608
2024-12-25,learner,True,31,-0.19687344913782553,-0.087684835526191371,-0.059008723087639173
2024-12-25,price_prior,True,31,-0.17620967741935484,-0.17793634666538807,-0.059008723087639173
2024-12-26,learner,True,31,-0.1342741935483871,-0.19692655407820031,-0.078478579897120995
2024-12-26,price_prior,True,31,-0.34435483870967742,-0.21390328866743291,-0.078478579897120995
2024-12-27,learner,True,31,-0.066935483870967746,-0.16480436920937269,-0.05572988793984289
2024-12-27,price_prior,True,31,-0.36854838709677418,-0.19129348009335209,-0.05572988793984289
2024-12-30,learner,True,31,-0.036693548387096778,-0.088030622984167584,-0.04978866247824397
2024-12-30,price_prior,True,31,-0.24637096774193551,-0.20033658307447541,-0.04978866247824397
2024-12-31,learner,True,31,0.046980542632141305,0.038986415099669401,-0.01148920931811339
2024-12-31,price_prior,True,31,-0.13467741935483871,-0.14738629023111216,-0.01148920931811339
2025-01-02,learner,True,31,0.024609181142228192,-0.091077173763665323,-0.10926146941744276
2025-01-02,price_prior,True,31,-0.14919354838709678,-0.23514093448421575,-0.10926146941744276
2025-01-03,learner,True,31,0.054642605379014136,-0.0099632197638353445,-0.089772550768057818
2025-01-03,price_prior,True,31,-0.012903225806451615,-0.22912208115281371,-0.089772550768057818
2025-01-06,learner,True,31,-0.077419354838709695,-0.071648928339552609,-0.052456627415090266
2025-01-06,price_prior,True,31,0.020161290322580648,-0.17667544412458536,-0.052456627415090266
2025-01-07,learner,True,31,-0.23210325134144458,-0.25058399986484137,-0.053874371795502189
2025-01-07,price_prior,True,31,-0.14879032258064517,-0.21153814011948491,-0.053874371795502189
2025-01-08,learner,True,31,-0.21451612903225811,-0.12511687653556622,-0.021468859896703489
2025-01-08,price_prior,True,31,-0.28629032258064518,-0.21838074593297974,-0.021468859896703489
2025-01-09,learner,True,31,0.077225527159270904,-0.14956663225335412,-0.018992263281298983
2025-01-09,price_prior,True,31,-0.3044354838709678,-0.16036061737663135,-0.018992263281298983
2025-01-10,learner,True,31,0.16542266495297364,-0.030870235672994052,0.0047290869104045698
2025-01-10,price_prior,True,31,-0.15887096774193551,-0.14584929707841943,0.0047290869104045698
2025-01-13,learner,True,31,-0.0022179655319895038,-0.099837854459661174,-0.019196635863752531
2025-01-13,price_prior,True,31,-0.22943548387096774,-0.14274268204814719,-0.019196635863752531
2025-01-14,learner,True,31,0.15935453362590388,0.020879867721943175,-0.056399272185975458
2025-01-14,price_prior,True,31,-0.11935483870967743,-0.19222237528896366,-0.056399272185975458
2025-01-15,learner,True,31,0.20252145792456644,-0.13952328590381111,-0.068068588626217785
2025-01-15,price_prior,True,31,-0.16774193548387098,-0.17496902288616836,-0.068068588626217785
2025-01-16,learner,True,31,-0.23454674865679176,-0.32891051154022566,-0.048494120886799087
2025-01-16,price_prior,True,31,-0.16129032258064518,-0.15317811477535415,-0.048494120886799087
2025-01-17,learner,True,31,0.15043355821087548,-0.23999572319240231,-0.07459819259974361
2025-01-17,price_prior,True,31,-0.19758064516129031,-0.20585317067289538,-0.07459819259974361
2025-01-20,learner,True,31,-0.062909567816429562,-0.26417657185089316,-0.068981661336070421
2025-01-20,price_prior,True,31,-0.26733870967741941,-0.12849849304159416,-0.068981661336070421
2025-01-21,learner,True,31,0.11370967741935485,-0.10461256207341667,-0.092071018548169015
2025-01-21,price_prior,True,31,-0.2697580645161291,-0.16201193026395053,-0.092071018548169015
2025-01-22,learner,True,31,-0.036092348202374655,-0.26885594197298124,-0.092821933278771557
2025-01-22,price_prior,True,31,-0.43669354838709684,-0.26652483250201675,-0.092821933278771557
2025-01-23,learner,True,31,0.036290322580645164,-0.037424527034353866,-0.076362523184107425
2025-01-23,price_prior,True,31,-0.29233870967741937,-0.20864120274389161,-0.076362523184107425
2025-01-24,learner,True,31,-0.15643935575520207,0.012458671488743859,-0.076010783112484492
2025-01-24,price_prior,True,31,-0.27016129032258063,-0.23827042240318966,-0.076010783112484492
2025-01-27,learner,True,31,0.081451612903225806,0.067321470601494696,-0.037415455645200865
2025-01-27,price_prior,True,31,-0.14475806451612905,-0.12392947705280867,-0.037415455645200865
2025-02-05,learner,True,31,0.34838709677419361,0.050663766989511486,0.01662702890988995
2025-02-05,price_prior,True,31,-0.0016129032258064518,-0.05052719473220111,0.01662702890988995
2025-02-06,learner,True,31,0.15443548387096775,0.050050759957168629,-0.033047694810135683
2025-02-06,price_prior,True,31,-0.047177419354838712,-0.20704933768356959,-0.033047694810135683
2025-02-07,learner,True,31,0.086912685775988388,-0.036847391496138852,-0.033306930966083524
2025-02-07,price_prior,True,31,-0.11491935483870967,-0.12451522067224406,-0.033306930966083524
2025-02-10,learner,True,31,0.27687034239079361,-0.007876955251297408,-0.057929777821499516
2025-02-10,price_prior,True,31,-0.15685483870967742,-0.10210200287201607,-0.057929777821499516
2025-02-11,learner,True,31,0.025809053463150589,-0.020110959331168701,-0.043600381637401028
2025-02-11,price_prior,True,31,-0.18588709677419357,-0.10444904321607267,-0.043600381637401028
2025-02-12,learner,True,31,0.21455939133561863,-0.081154072456202847,-0.069587100605555938
2025-02-12,price_prior,True,31,-0.23991935483870971,-0.14262304664472836,-0.069587100605555938
2025-02-13,learner,True,31,0.091532258064516134,-0.056622016500321767,-0.034150046601173385
2025-02-13,price_prior,True,31,-0.16370967741935485,-0.1072481357283091,-0.034150046601173385
2025-02-14,learner,True,31,0.085904417959561594,-0.0010310489718888503,-0.05466794686199828
2025-02-14,price_prior,True,31,-0.11411290322580646,-0.12097406214761335,-0.05466794686199828
2025-02-17,learner,True,31,0.44020972865193181,-0.031606739167683237,-0.077043310390683031
2025-02-17,price_prior,True,31,-0.11532258064516131,-0.19370590832650325,-0.077043310390683031
2025-02-18,learner,True,31,0.040322580645161296,-0.067117302099665307,-0.063726723894345763
2025-02-18,price_prior,True,31,-0.0060483870967741942,-0.12006775839466541,-0.063726723894345763
2025-02-19,learner,True,31,0.43790322580645169,0.037011388384937512,-0.097099581840464189
2025-02-19,price_prior,True,31,-0.014516129032258067,-0.19744713406725206,-0.097099581840464189
2025-02-20,learner,True,31,0.17943548387096778,-0.084354808965720063,-0.10331712264054647
2025-02-20,price_prior,True,31,-0.072177419354838721,-0.19797367648496458,-0.10331712264054647
2025-02-21,learner,True,31,0.027424884606808395,-0.13277616898785763,-0.14905332091688231
2025-02-21,price_prior,True,31,-0.25806451612903231,-0.23111584673982205,-0.14905332091688231
2025-02-24,learner,True,31,-0.083677790525058554,-0.129177354494034,-0.15456396458014482
2025-02-24,price_prior,True,31,-0.35766129032258065,-0.23640314319295816,-0.15456396458014482
2025-02-25,learner,True,30,-0.040711902113459396,-0.11661000408193836,-0.16038458657462082
2025-02-25,price_prior,True,30,-0.36863181312569521,-0.25792700625058018,-0.16038458657462082
2025-02-26,learner,True,30,-0.26565802812068529,-0.14641024175402445,-0.17972813606571839
2025-02-26,price_prior,True,30,-0.36507230255839818,-0.29011796864238404,-0.17972813606571839
2025-02-27,learner,True,30,-0.21070197037712646,-0.11707119013584327,-0.14744437822295201
2025-02-27,price_prior,True,30,-0.39176863181312571,-0.24379949233252129,-0.14744437822295201
2025-02-28,learner,True,30,-0.01268075639599555,-0.066337946274082876,-0.089139266613249196
2025-02-28,price_prior,True,30,-0.56484983314794213,-0.19744877539259847,-0.089139266613249196
2025-03-03,learner,True,30,0.066073414905450489,-0.065763222529304055,-0.069945220012975345
2025-03-03,price_prior,True,30,-0.41535038932146828,-0.15839317716354923,-0.069945220012975345
2025-03-04,learner,True,30,0.048737067364391269,-0.11184985167036049,-0.096583507775145711
2025-03-04,price_prior,True,30,-0.39176863181312571,-0.2111739617340308,-0.096583507775145711
2025-03-05,learner,True,30,0.13334820427108299,0.044635630607822246,-0.094135388858518756
2025-03-05,price_prior,True,30,-0.3775305895439377,-0.2029110262675633,-0.094135388858518756
2025-03-06,learner,True,30,0.45693305216954433,0.076218366235243057,-0.077559542874391818
2025-03-06,price_prior,True,30,-0.48921023359288102,-0.18985713138255078,-0.077559542874391818
2025-03-07,learner,True,30,0.30000018601115513,0.059778165886977166,-0.062421933607954186
2025-03-07,price_prior,True,30,-0.51546162402669637,-0.20168014558614361,-0.062421933607954186
2025-03-10,learner,True,30,0.42933456290065813,0.14365667449338418,-0.04390509979348596
2025-03-10,price_prior,True,30,-0.49855394883203563,-0.15735765070537094,-0.04390509979348596
2025-03-11,learner,True,31,0.52652823844787955,0.097647508258454058,-0.071756208566227997
2025-03-11,price_prior,True,31,-0.49758064516129036,-0.15121612598453921,-0.071756208566227997
2025-03-12,learner,True,31,0.30133120644484412,0.10699112125980913,-0.054834028900781318
2025-03-12,price_prior,True,31,-0.43669354838709684,-0.13927668997594245,-0.054834028900781318
2025-03-13,learner,True,31,0.29216655053207191,0.12759638336253568,-0.027889403413438818
2025-03-13,price_prior,True,31,-0.38709677419354843,-0.11242670400532594,-0.027889403413438818
2025-03-14,learner,True,31,0.51194677142921363,0.10610701744512477,-0.057985418027512628
2025-03-14,price_prior,True,31,-0.39395161290322583,-0.14188882064120428,-0.057985418027512628
2025-03-17,learner,True,31,0.34957140097935618,0.17691667309747641,-0.04880632761298246
2025-03-17,price_prior,True,31,-0.41693548387096785,-0.10925442540105716,-0.04880632761298246
2025-03-18,learner,True,31,0.42554156438086926,0.18965693994936914,-0.049920080257315182
2025-03-18,price_prior,True,31,-0.37096774193548393,-0.13121068947543829,-0.049920080257315182
2025-03-19,learner,True,31,0.1730013114951813,-0.01738366340568398,-0.0087509015614361946
2025-03-19,price_prior,True,31,-0.47701612903225804,-0.068024103998677546,-0.0087509015614361946
2025-03-20,learner,True,31,0.10142151478097458,0.061790358279694702,0.0091559163196490573
2025-03-20,price_prior,True,31,-0.43104838709677423,-0.050486659573683632,0.0091559163196490573
2025-03-21,learner,True,31,0.063924179561457795,0.1021467675294557,0.02280723015217891
2025-03-21,price_prior,True,31,-0.37096774193548393,-0.027543174654117736,0.02280723015217891
2025-03-24,learner,True,31,0.032066150504238937,0.020892235168007162,0.016864639679853136
2025-03-24,price_prior,True,31,-0.40322580645161299,-0.021374002470749505,0.016864639679853136
2025-03-25,learner,True,31,-0.0030244984527129596,0.086892964888923951,0.049222106117538827
2025-03-25,price_prior,True,31,-0.35564516129032264,-0.020189256622589233,0.049222106117538827
2025-03-26,learner,True,31,0.18750000000000003,0.10811433401777537,0.068119226286766851
2025-03-26,price_prior,True,31,-0.41411290322580652,-0.018789112701032729,0.068119226286766851
2025-03-27,learner,True,31,0.2094008856355935,0.089066463016658465,0.046380387514877164
2025-03-27,price_prior,True,31,-0.46935483870967742,-0.019452642298359014,0.046380387514877164
2025-03-28,learner,True,31,0.20645161290322583,0.45452736142646416,0.085992489858864721
2025-03-28,price_prior,True,31,-0.52419354838709686,0.022114301821456038,0.085992489858864721
2025-03-31,learner,True,31,0.27822580645161293,0.46991385475146563,0.093785738876663527
2025-03-31,price_prior,True,31,-0.50000000000000011,0.02099256108355519,0.093785738876663527
2025-04-01,learner,True,31,0.14032258064516129,0.4660856016705357,0.090279720178347539
2025-04-01,price_prior,True,31,-0.43145161290322581,0.044455710083483306,0.090279720178347539
2025-04-02,learner,True,31,0.039919354838709682,0.12503960488005264,0.078959369567610349
2025-04-02,price_prior,True,31,-0.34677419354838718,0.0086358388522025323,0.078959369567610349
2025-04-03,learner,True,31,-0.017338709677419357,0.25553244564528949,0.15457300980123778
2025-04-03,price_prior,True,31,-0.25403225806451613,0.073758029792556037,0.15457300980123778
2025-04-07,learner,True,31,-0.066437889605065442,0.52550192584119093,0.19771518192534882
2025-04-07,price_prior,True,31,-0.47540322580645161,0.12219068794619965,0.19771518192534882
2025-04-08,learner,True,31,0.21130182301759062,0.20486925729583821,0.2319823857945888
2025-04-08,price_prior,True,31,-0.47540322580645161,0.12950838334348577,0.2319823857945888
2025-04-09,learner,True,31,0.083998077137032973,0.032380577925951622,0.16567068578393881
2025-04-09,price_prior,True,31,-0.58508064516129032,-0.023442763668380984,0.16567068578393881
2025-04-10,learner,True,31,0.0070614362405282422,0.016407453559133173,0.16806674234129282
2025-04-10,price_prior,True,31,-0.54717741935483877,0.074039531502922085,0.16806674234129282
2025-04-11,learner,True,31,0.28329468840411387,0.60598887356811471,0.11041282805141385
2025-04-11,price_prior,True,31,-0.47822580645161294,0.048879340758808412,0.11041282805141385
2025-04-14,learner,True,31,0.24458110820938797,0.60784742818575377,0.12618772263557701
2025-04-14,price_prior,True,31,-0.51290322580645165,0.051439888786542431,0.12618772263557701
2025-04-15,learner,True,31,0.27580645161290329,0.64778457144317914,0.12963180354078141
2025-04-15,price_prior,True,31,-0.5693548387096774,0.026338148445191532,0.12963180354078141
2025-04-16,learner,True,31,0.42210347802120818,0.78019496172855918,0.15600902207349862
2025-04-16,price_prior,True,31,-0.53387096774193554,0.036800948838482714,0.15600902207349862
2025-04-17,learner,True,31,0.49042146590998537,0.77131272859196698,0.15381242708117673
2025-04-17,price_prior,True,31,-0.5903225806451613,0.013705059897441155,0.15381242708117673
2025-04-18,learner,True,31,0.56961387526094076,0.79615282578829794,0.16950404735703495
2025-04-18,price_prior,True,31,-0.60080645161290325,-0.011688750168713897,0.16950404735703495
2025-04-21,learner,True,31,0.54336430399090374,0.77576217701064065,0.1627436166410513
2025-04-21,price_prior,True,31,-0.56612903225806455,-0.011371922818356094,0.1627436166410513
2025-04-22,learner,True,31,0.49314516129032265,0.72889620650956943,0.14403547466640682
2025-04-22,price_prior,True,31,-0.57459677419354838,-0.031328043004746342,0.14403547466640682
2025-04-23,learner,True,31,0.54829603857288256,0.59976214793225779,0.14876976715326359
2025-04-23,price_prior,True,31,-0.61411290322580647,0.021701397418553176,0.14876976715326359
2025-04-24,learner,True,31,0.44395161290322593,0.47744627985830274,0.17336429294923683
2025-04-24,price_prior,True,31,-0.54354838709677422,-0.0057606454182355608,0.17336429294923683
2025-04-25,learner,True,31,0.67869745278878824,0.5592803852503454,0.17190077077379384
2025-04-25,price_prior,True,31,-0.45564516129032262,0.036983607010781377,0.17190077077379384
2025-04-28,learner,True,31,0.60603007713986179,0.58243499669829579,0.18894841513996838
2025-04-28,price_prior,True,31,-0.51774193548387104,0.073949364844177606,0.18894841513996838
2025-04-29,learner,True,31,0.58669354838709686,0.60714034094051728,0.18776929207496815
2025-04-29,price_prior,True,31,-0.5693548387096774,0.025277254142298027,0.18776929207496815
2025-04-30,learner,True,31,0.59717741935483881,0.72282293079363735,0.20101723628465928
2025-04-30,price_prior,True,31,-0.53790322580645167,0.030471409505179521,0.20101723628465928
2025-05-06,learner,True,31,0.50846774193548394,0.42912150281862738,0.15830787696276941
2025-05-06,price_prior,True,31,-0.44153225806451618,-0.018075302605212215,0.15830787696276941
2025-05-07,learner,True,31,0.32987196457589346,0.6837823092329709,0.17039796372284749
2025-05-07,price_prior,True,31,-0.43629032258064515,0.00066790838987911168,0.17039796372284749
2025-05-08,learner,True,31,0.34798387096774192,0.31304674935907933,0.14667714593669262
2025-05-08,price_prior,True,31,-0.11975806451612905,0.13193393993528557,0.14667714593669262
2025-05-09,learner,True,31,0.27182900330865972,0.45502231782131042,0.16351455061788309
2025-05-09,price_prior,True,31,-0.1737903225806452,0.12419906542096944,0.16351455061788309
2025-05-12,learner,True,31,0.27258064516129032,0.43810999308020904,0.16028232636308951
2025-05-12,price_prior,True,31,-0.12338709677419356,0.30962096931412592,0.16028232636308951
2025-05-13,learner,True,31,0.33185483870967747,0.44919991885393484,0.17620237495267799
2025-05-13,price_prior,True,31,-0.12903225806451615,0.22624025904625772,0.17620237495267799
2025-05-14,learner,True,31,0.20566589478448125,0.4580492113916923,0.1782685457976001
2025-05-14,price_prior,True,31,-0.052016129032258072,0.20357412557212212,0.1782685457976001
2025-05-15,learner,True,31,0.29919354838709677,0.50109874891319817,0.19615528473292915
2025-05-15,price_prior,True,31,-0.27903225806451615,0.21517359946854175,0.19615528473292915
2025-05-16,learner,True,31,0.23346774193548389,0.50446100530584637,0.20260889980823926
2025-05-16,price_prior,True,31,-0.16774193548387098,0.22879254989310985,0.20260889980823926
2025-05-19,learner,True,31,0.24435483870967747,0.35988470245839577,0.22313696254308094
2025-05-19,price_prior,True,31,-0.071370967741935493,0.29810832846120949,0.22313696254308094
2025-05-20,learner,True,31,0.27753128518614828,0.38605231423895647,0.25359264732815334
2025-05-20,price_prior,True,31,-0.025403225806451615,0.49819606675939876,0.25359264732815334
2025-05-21,learner,True,31,0.14233870967741935,0.35042672188523771,0.24456317589871693
2025-05-21,price_prior,True,31,-0.056854838709677426,0.39172834066864215,0.24456317589871693
2025-05-22,learner,True,31,-0.017338709677419357,0.30402342481996736,0.26670749918723302
2025-05-22,price_prior,True,31,-0.041532258064516131,0.40301929999525515,0.26670749918723302
2025-05-23,learner,True,30,0.15906562847608455,0.4048136837372619,0.30215896967210665
2025-05-23,price_prior,True,30,0.018020022246941044,0.36913945388713987,0.30215896967210665
2025-05-26,learner,True,30,0.17730812013348163,0.33020606732279578,0.29787045453072919
2025-05-26,price_prior,True,30,0.015350389321468297,0.49068379121896522,0.29787045453072919
2025-05-27,learner,True,30,-0.059399332591768619,0.41219959345293089,0.33681320234687634
2025-05-27,price_prior,True,30,-0.078531701890989986,0.50666361706117224,0.33681320234687634
2025-05-28,learner,True,30,0.24048943270300333,0.40922517840320344,0.32355159016221829
2025-05-28,price_prior,True,30,0.15239154616240266,0.57450721768920132,0.32355159016221829
2025-05-29,learner,True,30,0.23826473859844269,0.40467156602468185,0.37291849797150339
2025-05-29,price_prior,True,30,0.23692992213570632,0.52247781925300041,0.37291849797150339
2025-05-30,learner,True,30,0.19199110122358176,0.68820790602606063,0.41651078600172459
2025-05-30,price_prior,True,30,0.25250278086763073,0.71991621478997736,0.41651078600172459
2025-06-03,learner,True,30,0.18912003676933209,0.33861785480566409,0.39914692966816168
2025-06-03,price_prior,True,30,0.33348164627363736,0.54932032810948206,0.39914692966816168
2025-06-04,learner,True,30,0.036262513904338149,0.31179382849387016,0.39833668655329124
2025-06-04,price_prior,True,30,0.40600667408231367,0.56172307828075918,0.39833668655329124
2025-06-05,learner,True,30,-0.009346834837006544,0.37598705249801956,0.44281663653123565
2025-06-05,price_prior,True,30,0.44160177975528364,0.63568175774144497,0.44281663653123565
2025-06-06,learner,True,30,0.066303259949718779,0.52272734440192337,0.42361231240973651
2025-06-06,price_prior,True,30,0.38331479421579534,0.65070345337274416,0.42361231240973651
2025-06-09,learner,True,30,-0.19021134593993325,0.3098607796352254,0.45843082619255454
2025-06-09,price_prior,True,30,0.47497219132369295,0.91673046690481885,0.45843082619255454
2025-06-10,learner,True,31,-0.010284331727553149,0.28243468390017823,0.41670981455088263
2025-06-10,price_prior,True,31,0.5604838709677421,0.78470041662775936,0.41670981455088263
2025-06-11,learner,True,31,0.038310313734364151,0.42953990234443329,0.42238012338455505
2025-06-11,price_prior,True,31,0.42701612903225805,0.8017857741170612,0.42238012338455505
2025-06-12,learner,True,31,0.42927714705505943,0.40536078329562186,0.34372991843516693
2025-06-12,price_prior,True,31,0.4955645161290323,0.64633705575199896,0.34372991843516693
2025-06-13,learner,True,31,0.15870135430557508,0.22874011642856271,0.38637374108245942
2025-06-13,price_prior,True,31,0.54758064516129035,0.7313385416470557,0.38637374108245942
2025-06-16,learner,True,31,0.093154552343559155,0.40277697659381484,0.356257293118175
2025-06-16,price_prior,True,31,0.56854838709677424,0.75328925552272019,0.356257293118175
2025-06-17,learner,True,31,0.12521423594231651,0.41339035049801176,0.34116075765214943
2025-06-17,price_prior,True,31,0.52580645161290329,0.75170076952255271,0.34116075765214943
2025-06-18,learner,True,31,-0.075821739795293802,0.35032576724785192,0.33502887525194869
2025-06-18,price_prior,True,31,0.48749999999999999,0.73546256732804816,0.33502887525194869
2025-06-19,learner,True,31,-0.17338709677419359,0.39946880840185334,0.38758091080285229
2025-06-19,price_prior,True,31,0.3971774193548388,0.9004865304872427,0.38758091080285229
2025-06-20,learner,True,31,-0.015322580645161293,0.50562415039100062,0.40436231803641354
2025-06-20,price_prior,True,31,0.33750000000000002,1.0274495351564819,0.40436231803641354
2025-06-23,learner,True,31,0.042956541241527632,0.38401566774310941,0.37755553846233464
2025-06-23,price_prior,True,31,0.25000000000000006,0.98842178303507744,0.37755553846233464
2025-06-24,learner,True,31,0.16417911783541039,0.48398131443209941,0.37380005705130409
2025-06-24,price_prior,True,31,0.31048387096774199,1.0154798391043331,0.37380005705130409
2025-06-25,learner,True,31,-0.054462941872144364,0.54185097593455656,0.38577971048486526
2025-06-25,price_prior,True,31,0.24193548387096775,0.7622568619833674,0.38577971048486526
2025-06-26,learner,True,31,0.13690896329280663,0.43485448402937221,0.41896798322962259
2025-06-26,price_prior,True,31,0.47862903225806447,1.0406657097278125,0.41896798322962259
2025-06-27,learner,True,31,-0.12002018671824403,0.22109403091592203,0.40542475212581541
2025-06-27,price_prior,True,31,0.40846774193548391,1.0042699833019175,0.40542475212581541
2025-06-30,learner,True,31,0.022832951934965918,0.38366953039221774,0.41024975477746917
2025-06-30,price_prior,True,31,0.38266129032258067,0.92499851149189527,0.41024975477746917
2025-07-01,learner,True,31,-0.15744864192136465,0.39069573415446601,0.43065955511808701
2025-07-01,price_prior,True,31,0.27701612903225808,0.77103293631929049,0.43065955511808701
2025-07-02,learner,True,31,-0.027435954187322458,0.60096895226347713,0.50244189503264103
2025-07-02,price_prior,True,31,0.32580645161290323,0.78741979371840187,0.50244189503264103
2025-07-03,learner,True,31,-0.063174930438841967,0.66126247609028477,0.50741472764921602
2025-07-03,price_prior,True,31,0.28145161290322579,0.92912885378442456,0.50741472764921602
2025-07-04,learner,True,31,-0.15417294094140704,0.59104065310699494,0.49841189085593379
2025-07-04,price_prior,True,31,0.25362903225806455,0.81032662002081923,0.49841189085593379
2025-07-07,learner,True,31,-0.20393763920289251,0.58841141730271751,0.51859859884851633
2025-07-07,price_prior,True,31,0.25201612903225812,0.86477607578964233,0.51859859884851633
2025-07-08,learner,True,31,0.084248860249895877,0.6263448932344865,0.50362034403535016
2025-07-08,price_prior,True,31,0.30201612903225805,0.87917601585463223,0.50362034403535016
2025-07-09,learner,True,31,0.023622070835163048,0.69058601965857491,0.52775752763596373
2025-07-09,price_prior,True,31,0.18306451612903227,0.82972134236153838,0.52775752763596373
2025-07-10,learner,True,31,0.33777542313869902,0.68305630666004169,0.49918823089331554
2025-07-10,price_prior,True,31,0.13387096774193549,0.81119389331935698,0.49918823089331554
2025-07-11,learner,True,31,0.14494045912122028,0.60003236119168712,0.5135274210928098
2025-07-11,price_prior,True,31,0.1463709677419355,0.81135912479139205,0.5135274210928098
2025-07-14,learner,True,31,0.14154652758696651,0.48862092897169429,0.44063612452388057
2025-07-14,price_prior,True,31,0.14798387096774193,0.66150618386131443,0.44063612452388057
2025-07-15,learner,True,31,-0.057275388322036859,0.49950075042762154,0.43645980784859123
2025-07-15,price_prior,True,31,0.040725806451612903,0.5972011433455291,0.43645980784859123
2025-07-16,learner,True,31,0.15322580645161291,0.54094148873898729,0.43796164112843128
2025-07-16,price_prior,True,31,0.088709677419354843,0.62575287661759071,0.43796164112843128
2025-07-17,learner,True,31,0.040738128313561418,0.45684907089306187,0.37416671440760996
2025-07-17,price_prior,True,31,0.048387096774193554,0.54944442658024373,0.37416671440760996
2025-07-18,learner,True,31,0.18612623891238345,0.54259744663667941,0.39631379336292549
2025-07-18,price_prior,True,31,0.10040322580645164,0.66653042005662866,0.39631379336292549
2025-07-21,learner,True,31,0.3572005131283929,0.59790987300253085,0.43822652325773931
2025-07-21,price_prior,True,31,0.19556451612903231,0.78778342355260111,0.43822652325773931
2025-07-22,learner,True,31,0.39507680341708168,0.69810166942016916,0.43422544254606465
2025-07-22,price_prior,True,31,0.16612903225806452,0.81668518183582994,0.43422544254606465
2025-07-23,learner,True,31,0.46344662804239667,0.74355601552257622,0.40135081475802159
2025-07-23,price_prior,True,31,0.19475806451612906,0.74355601552257622,0.40135081475802159
2025-07-24,learner,True,31,0.28378380687275484,0.76694965454307962,0.45004905451117905
2025-07-24,price_prior,True,31,0.099193548387096778,0.69508152774167731,0.45004905451117905
2025-07-25,learner,True,31,0.30553596235171065,0.60147804273097394,0.47184983343556602
2025-07-25,price_prior,True,31,0.17862903225806454,0.72679626281904464,0.47184983343556602
2025-07-28,learner,True,31,0.25970360047295277,0.70493726060975015,0.46466065926458555
2025-07-28,price_prior,True,31,0.15927419354838712,0.87231747628118739,0.46466065926458555
2025-07-29,learner,True,31,0.066767532443258448,0.56753085170153961,0.43712737029561233
2025-07-29,price_prior,True,31,0.25806451612903231,0.80906014851490615,0.43712737029561233
2025-07-30,learner,True,31,0.16938899315969891,0.58130117734215303,0.40934137845228397
2025-07-30,price_prior,True,31,0.21330645161290326,0.70246729475891523,0.40934137845228397
2025-07-31,learner,True,31,-0.068145161290322581,0.55783040137284856,0.37272697172922387
2025-07-31,price_prior,True,31,0.17782258064516132,0.6532256038279064,0.37272697172922387
2025-08-01,learner,True,31,-0.01895161290322581,0.57465127930324267,0.38383156082767228
2025-08-01,price_prior,True,31,0.11169354838709677,0.69471313589699524,0.38383156082767228
2025-08-04,learner,True,31,-0.029435483870967744,0.43873209123984502,0.35646135824655228
2025-08-04,price_prior,True,31,0.11290322580645162,0.55754696631807821,0.35646135824655228
2025-08-05,learner,True,31,0.061094868744801786,0.45829289843426907,0.35323360274905446
2025-08-05,price_prior,True,31,0.096774193548387108,0.5753677519697824,0.35323360274905446
2025-08-06,learner,True,31,-0.023591087931161086,0.48107549192606808,0.38676866859401371
2025-08-06,price_prior,True,31,0.064516129032258077,0.60069350978446256,0.38676866859401371
2025-08-07,learner,True,31,-0.15145710080932984,0.47298604696768692,0.38500534313511525
2025-08-07,price_prior,True,31,0.035483870967741936,0.62866997574262651,0.38500534313511525
2025-08-08,learner,True,31,-0.17749093820044368,0.47241233332823762,0.40039130507286186
2025-08-08,price_prior,True,31,-0.014919354838709679,0.70428984642790193,0.40039130507286186
2025-08-11,learner,True,31,0.055235551092301785,0.55339984812294696,0.36683374338702929
2025-08-11,price_prior,True,31,-0.037903225806451619,0.66982068912701498,0.36683374338702929
2025-08-12,learner,True,31,-0.030341563269624349,0.50122023017686723,0.33810687289526153
2025-08-12,price_prior,True,31,0.023387096774193553,0.61049992941380493,0.33810687289526153
2025-08-13,learner,True,31,-0.11140862705974774,0.31424539693080739,0.31349392602578263
2025-08-13,price_prior,True,31,-0.11169354838709677,0.52537904441261174,0.31349392602578263
2025-08-14,learner,True,31,-0.1867877191615025,0.28885069477352981,0.2956294221119839
2025-08-14,price_prior,True,31,0.024193548387096777,0.50881046422953513,0.2956294221119839
2025-08-15,learner,True,31,-0.14638287539073702,0.18417386985277029,0.26710051379123889
2025-08-15,price_prior,True,31,0.00080645161290322591,0.50796454361730181,0.26710051379123889
2025-08-18,learner,True,31,-0.048291541299304193,0.23759444719364178,0.24931183861552522
2025-08-18,price_prior,True,31,-0.080645161290322592,0.4677991269172333,0.24931183861552522
2025-08-19,learner,True,31,-0.33801149309469514,0.15600947620567907,0.25836950650245505
2025-08-19,price_prior,True,31,-0.17782258064516132,0.48568270075015335,0.25836950650245505
2025-08-20,learner,True,31,-0.18658514232025225,0.084405226678716513,0.20391187636808011
2025-08-20,price_prior,True,31,-0.092741935483870983,0.4714549081876851,0.20391187636808011
2025-08-21,learner,True,31,-0.26732960795366123,0.16443507725572998,0.16971536657363284
2025-08-21,price_prior,True,31,0,0.43165753614701508,0.16971536657363284
2025-08-22,learner,True,31,-0.17947923755501438,0.03958014643608105,0.084112481939860831
2025-08-22,price_prior,True,31,0.039112903225806454,0.14991330842743181,0.084112481939860831
2025-08-25,learner,True,31,-0.086759124292655115,-0.010406376880652506,0.1078444871757593
2025-08-25,price_prior,True,31,-0.076209677419354846,0.099682541975749134,0.1078444871757593
2025-08-26,learner,True,31,-0.26959380113434156,0.078114909938380245,0.12222492881970184
2025-08-26,price_prior,True,31,0.076209677419354846,0.16975633080566657,0.12222492881970184
2025-08-27,learner,True,31,-0.20886488915012422,0.074434794166327187,0.10971100564904993
2025-08-27,price_prior,True,31,0.061693548387096779,0.13431252089751422,0.10971100564904993
2025-08-28,learner,True,31,-0.39381274187415838,-0.09486817615804656,0.066446747593465208
2025-08-28,price_prior,True,31,-0.19758064516129031,0.024426131095910811,0.066446747593465208
2025-08-29,learner,True,31,-0.3282530331863584,0.028760151096881584,0.072843630333484496
2025-08-29,price_prior,True,31,-0.37540322580645163,0.012729069091219677,0.072843630333484496
2025-09-01,learner,True,32,-0.076153829747795429,0.053133341014495405,0.047603818321260774
2025-09-01,price_prior,True,32,-0.26356304985337242,-0.034571715445872925,0.047603818321260774
2025-09-02,learner,True,32,-0.32345151812103407,0.12308292131503715,0.10193889090890822
2025-09-02,price_prior,True,32,-0.19978005865102641,0.16472331192738865,0.10193889090890822
2025-09-03,learner,True,32,-0.32067524038871714,0.025040635022047727,0.11802752465587653
2025-09-03,price_prior,True,32,-0.22214076246334308,0.11859364901709363,0.11802752465587653
2025-09-04,learner,True,32,-0.24653773418167529,0.18602563385071869,0.20406793946083138
2025-09-04,price_prior,True,32,-0.11876832844574779,0.2897680692113378,0.20406793946083138
2025-09-05,learner,True,32,0.040045222063831154,0.26101594213438878,0.21135554336229689
2025-09-05,price_prior,True,32,0.020161290322580645,0.35125307984281079,0.21135554336229689
2025-09-08,learner,True,32,-0.11440095766713623,0.17515019890644992,0.23030150966804702
2025-09-08,price_prior,True,32,0.15689149560117299,0.30272021937450305,0.23030150966804702
2025-09-09,learner,True,32,0.069148954780966859,0.25898469834702148,0.2442182429028173
2025-09-09,price_prior,True,32,-0.0029325513196480938,0.27315032452427224,0.2442182429028173
2025-09-10,learner,True,32,0.013019163374039784,0.29585021349974772,0.22605282517730085
2025-09-10,price_prior,True,32,-0.095307917888563035,0.22585173504412781,0.22605282517730085
2025-09-11,learner,True,32,0.025699893607800662,-0.00067323893286186376,0.2057494223256347
2025-09-11,price_prior,True,32,-0.17925219941348972,0.20212252886263626,0.2057494223256347
2025-09-12,learner,True,32,-0.0058688687010955394,0.13671936468270238,0.15838048946394542
2025-09-12,price_prior,True,32,-0.14149560117302051,0.14629494751934002,0.15838048946394542
2025-09-15,learner,True,32,0.03008347351621633,0.11445610196514883,0.15476911069149596
2025-09-15,price_prior,True,32,-0.1473607038123167,0.10442773482571933,0.15476911069149596
2025-09-16,learner,True,32,0.038729850860542113,0.18374247328757068,0.17989461779373289
2025-09-16,price_prior,True,32,-0.030425219941348971,0.21482809682773177,0.17989461779373289
2025-09-17,learner,True,32,0.052795601253747673,0.065268771475811713,0.14464127246331882
2025-09-17,price_prior,True,32,0.12170087976539588,0.30018190029133496,0.14464127246331882
2025-09-18,learner,True,31,-0.1575550016198444,0.010036991329676488,0.1014129079214659
2025-09-18,price_prior,True,31,0.087903225806451615,0.14487325473934648,0.1014129079214659
2025-09-19,learner,True,31,-0.25736797237146147,0.054027883480600725,0.14787514680391642
2025-09-19,price_prior,True,31,0.13387096774193549,0.1835025821401125,0.14787514680391642
2025-09-22,learner,True,31,-0.27652281394637307,0.078770368807257171,0.13072113658179529
2025-09-22,price_prior,True,31,0.065322580645161304,0.18187808348146772,0.13072113658179529
2025-09-23,learner,True,31,-0.20127055473729852,0.067029702943502953,0.15813728845600719
2025-09-23,price_prior,True,31,0.27298387096774196,0.25888853996150812,0.15813728845600719
2025-09-24,learner,True,31,-0.06817265580880677,0.064661548701204066,0.099528543375837511
2025-09-24,price_prior,True,31,0.33427419354838711,0.2302693914277161,0.099528543375837511
2025-09-25,learner,True,31,-0.27741935483870972,0.019741524045369968,0.075670159512504054
2025-09-25,price_prior,True,31,0.36451612903225811,0.19887514603641815,0.075670159512504054
2025-09-26,learner,True,31,-0.21879411616461109,-0.0059732460411786592,0.079085101679230399
2025-09-26,price_prior,True,31,0.37661290322580648,0.21700943687445062,0.079085101679230399
2025-09-29,learner,True,31,-0.38415003805860293,-0.027062360147746704,0.043110573142960011
2025-09-29,price_prior,True,31,0.32379032258064522,0.26018015533564359,0.043110573142960011
2025-09-30,learner,True,31,-0.37624760751749214,-0.04669944711244494,0.0082883778228979906
2025-09-30,price_prior,True,31,0.27258064516129032,0.23157527567967992,0.0082883778228979906
